AXCT FlyLog example
HFDTEDATE:100526,01
HFPLTPILOTINCHARGE:Pilote Demo
HFGTYGLIDERTYPE:Voile EN-B
HFGIDGLIDERID:
B1235004518390N00553220EA0097800990
B1235014518390N00553220EA0097800990
B1235024518390N00553220EA0097800990
B1235034518390N00553220EA0097800990
B1235044518390N00553220EA0097800990
B1235054518390N00553220EA0097800990
B1235064518390N00553220EA0097800990
B1235074518390N00553220EA0097800990
B1235084518390N00553220EA0097800990
B1235094518390N00553220EA0097800990
B1235104518390N00553220EA0097800990
B1235114518390N00553220EA0097800990
B1235124518390N00553220EA0097800990
B1235134518390N00553220EA0097800990
B1235144518390N00553220EA0097800990
B1235154518390N00553220EA0097800990
B1235164518390N00553220EA0097800990
B1235174518390N00553220EA0097800990
B1235184518390N00553220EA0097800990
B1235194518390N00553220EA0097800990
B1235204518390N00553220EA0097700989
B1235214518390N00553220EA0097800990
B1235224518390N00553220EA0097800990
B1235234518390N00553220EA0097800990
B1235244518390N00553220EA0097800990
B1235254518390N00553220EA0097900991
B1235264518390N00553220EA0097800990
B1235274518390N00553220EA0097800990
B1235284518390N00553220EA0097800990
B1235294518390N00553220EA0097800990
B1235304518386N00553213EA0097800990
B1235314518382N00553207EA0097700989
B1235324518378N00553200EA0097600988
B1235334518373N00553193EA0097500987
B1235344518369N00553187EA0097400986
B1235354518365N00553180EA0097300985
B1235364518361N00553174EA0097100983
B1235374518356N00553167EA0097100983
B1235384518352N00553161EA0097100983
B1235394518347N00553155EA0096900981
B1235404518343N00553148EA0096800980
B1235414518339N00553142EA0096700979
B1235424518335N00553135EA0096700979
B1235434518330N00553129EA0096500977
B1235444518326N00553122EA0096400976
B1235454518321N00553116EA0096200974
B1235464518317N00553110EA0096100973
B1235474518312N00553104EA0096000972
B1235484518308N00553097EA0095900971
B1235494518303N00553092EA0095800970
B1235504518298N00553086EA0095700969
B1235514518294N00553080EA0095600968
B1235524518289N00553074EA0095400966
B1235534518284N00553068EA0095300965
B1235544518280N00553062EA0095200964
B1235554518275N00553056EA0095100963
B1235564518270N00553051EA0094900961
B1235574518265N00553045EA0094800960
B1235584518261N00553039EA0094800960
B1235594518256N00553032EA0094600958
B1236004518252N00553026EA0094500957
B1236014518247N00553020EA0094400956
B1236024518243N00553014EA0094300955
B1236034518238N00553008EA0094100953
B1236044518234N00553001EA0094000952
B1236054518229N00552995EA0093800950
B1236064518225N00552989EA0093800950
B1236074518220N00552983EA0093600948
B1236084518215N00552977EA0093500947
B1236094518211N00552972EA0093400946
B1236104518206N00552966EA0093200944
B1236114518201N00552960EA0093100943
B1236124518197N00552954EA0093000942
B1236134518192N00552948EA0092900941
B1236144518187N00552942EA0092700939
B1236154518182N00552936EA0092600938
B1236164518178N00552930EA0092500937
B1236174518173N00552924EA0092400936
B1236184518168N00552918EA0092300935
B1236194518164N00552912EA0092100933
B1236204518159N00552906EA0092000932
B1236214518155N00552900EA0091900931
B1236224518150N00552894EA0091700929
B1236234518145N00552888EA0091600928
B1236244518141N00552883EA0091500927
B1236254518136N00552877EA0091300925
B1236264518131N00552871EA0091300925
B1236274518126N00552865EA0091100923
B1236284518122N00552859EA0091000922
B1236294518117N00552853EA0090900921
B1236304518113N00552847EA0090800920
B1236314518108N00552841EA0090800920
B1236324518103N00552835EA0090700919
B1236334518099N00552829EA0090600918
B1236344518094N00552823EA0090500917
B1236354518089N00552817EA0090400916
B1236364518085N00552811EA0090300915
B1236374518080N00552805EA0090200914
B1236384518075N00552799EA0090100913
B1236394518071N00552793EA0089900911
B1236404518066N00552788EA0089800910
B1236414518061N00552782EA0089700909
B1236424518057N00552776EA0089700909
B1236434518052N00552769EA0089600908
B1236444518048N00552763EA0089400906
B1236454518043N00552757EA0089200904
B1236464518039N00552750EA0089100903
B1236474518035N00552744EA0089000902
B1236484518031N00552737EA0089000902
B1236494518027N00552730EA0088900901
B1236504518023N00552723EA0088800900
B1236514518019N00552716EA0088600898
B1236524518015N00552709EA0088500897
B1236534518011N00552702EA0088400896
B1236544518007N00552696EA0088200894
B1236554518003N00552689EA0088100893
B1236564517999N00552682EA0088000892
B1236574517995N00552675EA0087900891
B1236584517991N00552668EA0087800890
B1236594517987N00552661EA0087700889
B1237004517983N00552654EA0087600888
B1237014517979N00552647EA0087500887
B1237024517975N00552640EA0087400886
B1237034517972N00552633EA0087200884
B1237044517968N00552626EA0087200884
B1237054517964N00552619EA0087000882
B1237064517960N00552612EA0086900881
B1237074517956N00552605EA0086800880
B1237084517952N00552598EA0086700879
B1237094517948N00552592EA0086600878
B1237104517944N00552585EA0086500877
B1237114517940N00552578EA0086400876
B1237124517935N00552571EA0086300875
B1237134517931N00552565EA0086100873
B1237144517927N00552558EA0085900871
B1237154517925N00552551EA0086200874
B1237164517923N00552543EA0086200874
B1237174517924N00552535EA0086300875
B1237184517925N00552528EA0086400876
B1237194517928N00552522EA0086600878
B1237204517932N00552518EA0086700879
B1237214517936N00552516EA0086900881
B1237224517940N00552516EA0086900881
B1237234517944N00552518EA0087100883
B1237244517947N00552521EA0087300885
B1237254517949N00552526EA0087500887
B1237264517950N00552532EA0087700889
B1237274517949N00552538EA0087800890
B1237284517947N00552543EA0087800890
B1237294517943N00552548EA0088000892
B1237304517939N00552551EA0088100893
B1237314517934N00552553EA0088300895
B1237324517928N00552552EA0088300895
B1237334517923N00552549EA0088400896
B1237344517918N00552545EA0088500897
B1237354517914N00552539EA0088600898
B1237364517912N00552531EA0088700899
B1237374517911N00552524EA0088900901
B1237384517911N00552516EA0088900901
B1237394517913N00552509EA0089100903
B1237404517916N00552503EA0089100903
B1237414517919N00552499EA0089300905
B1237424517923N00552497EA0089400906
B1237434517928N00552497EA0089500907
B1237444517931N00552499EA0089600908
B1237454517934N00552502EA0089800910
B1237464517936N00552507EA0089800910
B1237474517937N00552513EA0089900911
B1237484517936N00552519EA0089900911
B1237494517934N00552525EA0090000912
B1237504517930N00552529EA0090100913
B1237514517926N00552532EA0090300915
B1237524517921N00552534EA0090400916
B1237534517915N00552533EA0090500917
B1237544517910N00552530EA0090600918
B1237554517905N00552525EA0090700919
B1237564517902N00552519EA0090800920
B1237574517899N00552512EA0090900921
B1237584517898N00552504EA0091000922
B1237594517898N00552496EA0091100923
B1238004517900N00552490EA0091200924
B1238014517903N00552484EA0091200924
B1238024517907N00552480EA0091200924
B1238034517911N00552478EA0091300925
B1238044517915N00552478EA0091500927
B1238054517919N00552480EA0091500927
B1238064517922N00552484EA0091500927
B1238074517924N00552489EA0091600928
B1238084517924N00552494EA0091700929
B1238094517924N00552500EA0091800930
B1238104517921N00552506EA0092000932
B1238114517918N00552510EA0092100933
B1238124517913N00552513EA0092100933
B1238134517908N00552515EA0092200934
B1238144517902N00552514EA0092300935
B1238154517897N00552511EA0092500937
B1238164517892N00552506EA0092600938
B1238174517889N00552500EA0092600938
B1238184517886N00552492EA0092900941
B1238194517885N00552485EA0093000942
B1238204517886N00552477EA0093100943
B1238214517888N00552470EA0093200944
B1238224517891N00552465EA0093400946
B1238234517894N00552461EA0093400946
B1238244517899N00552459EA0093600948
B1238254517903N00552459EA0093700949
B1238264517907N00552461EA0093700949
B1238274517910N00552465EA0093900951
B1238284517911N00552470EA0094000952
B1238294517912N00552476EA0094100953
B1238304517911N00552482EA0094200954
B1238314517908N00552487EA0094300955
B1238324517905N00552492EA0094300955
B1238334517900N00552494EA0094400956
B1238344517895N00552496EA0094500957
B1238354517889N00552495EA0094600958
B1238364517884N00552492EA0094700959
B1238374517880N00552487EA0094900961
B1238384517876N00552480EA0094900961
B1238394517874N00552473EA0095100963
B1238404517873N00552465EA0095200964
B1238414517873N00552458EA0095300965
B1238424517875N00552451EA0095600968
B1238434517878N00552445EA0095600968
B1238444517882N00552441EA0095700969
B1238454517886N00552440EA0095800970
B1238464517890N00552440EA0095900971
B1238474517894N00552442EA0096000972
B1238484517897N00552446EA0096000972
B1238494517899N00552451EA0096300975
B1238504517899N00552457EA0096400976
B1238514517898N00552463EA0096400976
B1238524517896N00552468EA0096600978
B1238534517892N00552473EA0096800980
B1238544517887N00552476EA0096900981
B1238554517882N00552477EA0097000982
B1238564517876N00552475EA0097200984
B1238574517871N00552472EA0097300985
B1238584517867N00552467EA0097500987
B1238594517863N00552461EA0097700989
B1239004517861N00552454EA0097800990
B1239014517860N00552446EA0097900991
B1239024517861N00552438EA0098000992
B1239034517863N00552431EA0098100993
B1239044517866N00552426EA0098200994
B1239054517870N00552422EA0098200994
B1239064517874N00552421EA0098400996
B1239074517878N00552421EA0098400996
B1239084517882N00552423EA0098500997
B1239094517885N00552427EA0098500997
B1239104517886N00552432EA0098500997
B1239114517886N00552438EA0098600998
B1239124517885N00552444EA0098700999
B1239134517883N00552450EA0098700999
B1239144517879N00552454EA0098901001
B1239154517874N00552457EA0098901001
B1239164517869N00552458EA0099001002
B1239174517864N00552456EA0099001002
B1239184517858N00552453EA0099101003
B1239194517854N00552448EA0099301005
B1239204517850N00552442EA0099301005
B1239214517848N00552434EA0099301005
B1239224517848N00552426EA0099401006
B1239234517848N00552419EA0099501007
B1239244517850N00552412EA0099601008
B1239254517853N00552407EA0099701009
B1239264517857N00552403EA0099901011
B1239274517861N00552402EA0100001012
B1239284517866N00552402EA0100101013
B1239294517869N00552404EA0100201014
B1239304517872N00552408EA0100401016
B1239314517874N00552414EA0100501017
B1239324517874N00552420EA0100501017
B1239334517873N00552426EA0100701019
B1239344517870N00552431EA0100801020
B1239354517866N00552435EA0100701019
B1239364517861N00552438EA0100901021
B1239374517856N00552438EA0101001022
B1239384517851N00552437EA0101101023
B1239394517845N00552434EA0101001022
B1239404517841N00552429EA0101101023
B1239414517838N00552422EA0101101023
B1239424517836N00552415EA0101201024
B1239434517835N00552407EA0101301025
B1239444517836N00552399EA0101201024
B1239454517838N00552393EA0101301025
B1239464517841N00552387EA0101501027
B1239474517845N00552384EA0101601028
B1239484517849N00552382EA0101801030
B1239494517853N00552383EA0101701029
B1239504517857N00552386EA0101901031
B1239514517860N00552390EA0102101033
B1239524517861N00552395EA0102101033
B1239534517861N00552401EA0102201034
B1239544517860N00552407EA0102201034
B1239554517857N00552412EA0102301035
B1239564517853N00552416EA0102401036
B1239574517848N00552419EA0102501037
B1239584517843N00552419EA0102601038
B1239594517838N00552418EA0102701039
B1240004517833N00552415EA0102801040
B1240014517828N00552409EA0103001042
B1240024517825N00552403EA0103201044
B1240034517823N00552395EA0103301045
B1240044517822N00552387EA0103301045
B1240054517823N00552380EA0103501047
B1240064517825N00552373EA0103501047
B1240074517828N00552368EA0103501047
B1240084517832N00552365EA0103701049
B1240094517837N00552363EA0103801050
B1240104517841N00552364EA0103801050
B1240114517844N00552367EA0103901051
B1240124517847N00552371EA0104001052
B1240134517848N00552376EA0104201054
B1240144517848N00552382EA0104301055
B1240154517847N00552388EA0104501057
B1240164517844N00552393EA0104501057
B1240174517840N00552397EA0104601058
B1240184517836N00552400EA0104801060
B1240194517830N00552400EA0104901061
B1240204517825N00552399EA0105101063
B1240214517820N00552395EA0105201064
B1240224517815N00552390EA0105301065
B1240234517812N00552383EA0105401066
B1240244517810N00552376EA0105601068
B1240254517810N00552368EA0105701069
B1240264517811N00552360EA0105801070
B1240274517813N00552354EA0105901071
B1240284517816N00552349EA0106101073
B1240294517820N00552346EA0106101073
B1240304517824N00552344EA0106201074
B1240314517828N00552345EA0106401076
B1240324517832N00552348EA0106401076
B1240334517834N00552352EA0106601078
B1240344517836N00552358EA0106601078
B1240354517836N00552364EA0106801080
B1240364517834N00552369EA0106901081
B1240374517832N00552375EA0107101083
B1240384517827N00552379EA0107201084
B1240394517823N00552381EA0107101083
B1240404517817N00552381EA0107201084
B1240414517812N00552380EA0107301085
B1240424517807N00552376EA0107301085
B1240434517802N00552371EA0107301085
B1240444517799N00552364EA0107501087
B1240454517797N00552356EA0107701089
B1240464517797N00552348EA0107801090
B1240474517798N00552341EA0107901091
B1240484517800N00552335EA0107901091
B1240494517804N00552330EA0108001092
B1240504517808N00552327EA0108101093
B1240514517812N00552325EA0108201094
B1240524517816N00552326EA0108301095
B1240534517819N00552329EA0108301095
B1240544517822N00552333EA0108501097
B1240554517823N00552339EA0108401096
B1240564517823N00552345EA0108501097
B1240574517822N00552351EA0108601098
B1240584517819N00552356EA0108701099
B1240594517815N00552360EA0108901101
B1241004517810N00552362EA0109101103
B1241014517804N00552362EA0109201104
B1241024517799N00552361EA0109301105
B1241034517794N00552357EA0109401106
B1241044517790N00552351EA0109501107
B1241054517787N00552344EA0109701109
B1241064517785N00552337EA0109801110
B1241074517784N00552329EA0109801110
B1241084517786N00552322EA0109901111
B1241094517788N00552315EA0109901111
B1241104517791N00552310EA0110001112
B1241114517795N00552307EA0110101113
B1241124517799N00552306EA0110201114
B1241134517804N00552307EA0110401116
B1241144517807N00552310EA0110501117
B1241154517809N00552315EA0110701119
B1241164517811N00552320EA0110801120
B1241174517810N00552326EA0110901121
B1241184517809N00552332EA0111101123
B1241194517806N00552337EA0111201124
B1241204517802N00552341EA0111301125
B1241214517797N00552343EA0111501127
B1241224517791N00552343EA0111601128
B1241234517786N00552341EA0111701129
B1241244517781N00552337EA0111901131
B1241254517777N00552332EA0112101133
B1241264517774N00552325EA0112301135
B1241274517772N00552317EA0112401136
B1241284517772N00552310EA0112501137
B1241294517773N00552302EA0112601138
B1241304517775N00552296EA0112701139
B1241314517779N00552291EA0112701139
B1241324517783N00552288EA0112901141
B1241334517787N00552287EA0113001142
B1241344517791N00552288EA0113101143
B1241354517795N00552291EA0113201144
B1241364517797N00552296EA0113301145
B1241374517798N00552302EA0113301145
B1241384517798N00552307EA0113401146
B1241394517796N00552313EA0113401146
B1241404517793N00552318EA0113601148
B1241414517789N00552322EA0113601148
B1241424517784N00552324EA0113701149
B1241434517778N00552324EA0113801150
B1241444517773N00552322EA0113901151
B1241454517768N00552318EA0114001152
B1241464517764N00552312EA0114101153
B1241474517761N00552306EA0114201154
B1241484517759N00552298EA0114301155
B1241494517759N00552290EA0114301155
B1241504517760N00552283EA0114401156
B1241514517763N00552277EA0114401156
B1241524517766N00552272EA0114401156
B1241534517770N00552269EA0114501157
B1241544517775N00552268EA0114701159
B1241554517779N00552267EA0114601158
B1241564517784N00552266EA0114501157
B1241574517789N00552265EA0114301155
B1241584517794N00552264EA0114301155
B1241594517799N00552263EA0114201154
B1242004517803N00552262EA0114001152
B1242014517808N00552260EA0114001152
B1242024517813N00552259EA0113801150
B1242034517818N00552259EA0113701149
B1242044517823N00552258EA0113701149
B1242054517827N00552257EA0113701149
B1242064517832N00552256EA0113601148
B1242074517837N00552255EA0113501147
B1242084517842N00552253EA0113401146
B1242094517846N00552252EA0113401146
B1242104517851N00552251EA0113301145
B1242114517856N00552250EA0113101143
B1242124517861N00552250EA0113001142
B1242134517866N00552249EA0112801140
B1242144517870N00552248EA0112801140
B1242154517875N00552248EA0112601138
B1242164517880N00552247EA0112401136
B1242174517885N00552246EA0112401136
B1242184517890N00552245EA0112301135
B1242194517894N00552244EA0112201134
B1242204517899N00552243EA0112001132
B1242214517904N00552242EA0111901131
B1242224517909N00552242EA0111801130
B1242234517913N00552241EA0111601128
B1242244517918N00552240EA0111501127
B1242254517923N00552240EA0111301125
B1242264517928N00552239EA0111201124
B1242274517933N00552239EA0111101123
B1242284517937N00552238EA0111001122
B1242294517942N00552238EA0110901121
B1242304517947N00552237EA0110701119
B1242314517952N00552237EA0110501117
B1242324517956N00552236EA0110401116
B1242334517961N00552236EA0110301115
B1242344517966N00552235EA0110201114
B1242354517971N00552234EA0110101113
B1242364517976N00552233EA0110001112
B1242374517980N00552233EA0109901111
B1242384517985N00552232EA0109801110
B1242394517990N00552231EA0109701109
B1242404517995N00552231EA0109601108
B1242414518000N00552230EA0109501107
B1242424518004N00552230EA0109501107
B1242434518009N00552229EA0109401106
B1242444518014N00552230EA0109301105
B1242454518019N00552230EA0109101103
B1242464518023N00552230EA0109101103
B1242474518028N00552230EA0109001102
B1242484518033N00552231EA0108801100
B1242494518037N00552231EA0108601098
B1242504518042N00552232EA0108501097
B1242514518047N00552233EA0108501097
B1242524518051N00552234EA0108301095
B1242534518056N00552235EA0108201094
B1242544518060N00552236EA0108001092
B1242554518065N00552238EA0107901091
B1242564518069N00552240EA0107901091
B1242574518074N00552241EA0107701089
B1242584518078N00552243EA0107501087
B1242594518083N00552245EA0107401086
B1243004518087N00552246EA0107301085
B1243014518092N00552248EA0107201084
B1243024518096N00552249EA0107101083
B1243034518101N00552251EA0107001082
B1243044518105N00552253EA0106901081
B1243054518110N00552255EA0106801080
B1243064518114N00552257EA0106701079
B1243074518118N00552259EA0106601078
B1243084518123N00552262EA0106501077
B1243094518127N00552264EA0106401076
B1243104518131N00552267EA0106301075
B1243114518135N00552269EA0106201074
B1243124518139N00552272EA0106201074
B1243134518143N00552275EA0106101073
B1243144518148N00552277EA0106001072
B1243154518152N00552279EA0105801070
B1243164518156N00552281EA0105701069
B1243174518161N00552284EA0105601068
B1243184518165N00552286EA0105501067
B1243194518169N00552289EA0105401066
B1243204518173N00552291EA0105201064
B1243214518178N00552294EA0105201064
B1243224518182N00552296EA0105001062
B1243234518186N00552298EA0104901061
B1243244518190N00552301EA0104801060
B1243254518195N00552303EA0104801060
B1243264518199N00552306EA0104801060
B1243274518203N00552309EA0104701059
B1243284518207N00552311EA0104601058
B1243294518211N00552313EA0104501057
B1243304518216N00552316EA0104501057
B1243314518220N00552318EA0104401056
B1243324518224N00552320EA0104301055
B1243334518229N00552322EA0104101053
B1243344518233N00552324EA0104101053
B1243354518237N00552326EA0104001052
B1243364518242N00552329EA0103901051
B1243374518246N00552331EA0103801050
B1243384518250N00552333EA0103601048
B1243394518255N00552335EA0103601048
B1243404518259N00552337EA0103401046
B1243414518263N00552340EA0103401046
B1243424518268N00552342EA0103301045
B1243434518272N00552343EA0103201044
B1243444518277N00552345EA0103001042
B1243454518281N00552347EA0102901041
B1243464518286N00552349EA0102801040
B1243474518290N00552351EA0102701039
B1243484518294N00552352EA0102601038
B1243494518299N00552354EA0102501037
B1243504518303N00552356EA0102401036
B1243514518308N00552358EA0102201034
B1243524518312N00552361EA0102101033
B1243534518316N00552363EA0101901031
B1243544518321N00552365EA0101901031
B1243554518325N00552366EA0101801030
B1243564518329N00552368EA0101701029
B1243574518334N00552370EA0101501027
B1243584518338N00552372EA0101401026
B1243594518343N00552374EA0101301025
B1244004518347N00552376EA0101201024
B1244014518351N00552378EA0101001022
B1244024518356N00552380EA0100901021
B1244034518360N00552382EA0100801020
B1244044518365N00552383EA0100801020
B1244054518369N00552385EA0100701019
B1244064518374N00552387EA0100601018
B1244074518378N00552389EA0100601018
B1244084518382N00552391EA0100601018
B1244094518387N00552393EA0100501017
B1244104518391N00552395EA0100401016
B1244114518396N00552397EA0100301015
B1244124518400N00552399EA0100201014
B1244134518404N00552401EA0100101013
B1244144518409N00552403EA0100001012
B1244154518413N00552405EA0099801010
B1244164518417N00552408EA0099701009
B1244174518421N00552410EA0099601008
B1244184518426N00552412EA0099501007
B1244194518430N00552415EA0099301005
B1244204518435N00552417EA0099301005
B1244214518439N00552419EA0099201004
B1244224518443N00552421EA0099101003
B1244234518448N00552423EA0099001002
B1244244518452N00552425EA0098801000
B1244254518456N00552427EA0098700999
B1244264518461N00552429EA0098600998
B1244274518465N00552431EA0098500997
B1244284518469N00552433EA0098400996
B1244294518474N00552435EA0098300995
B1244304518478N00552437EA0098100993
B1244314518483N00552439EA0098000992
B1244324518487N00552441EA0098000992
B1244334518491N00552443EA0097900991
B1244344518496N00552445EA0097800990
B1244354518500N00552446EA0097700989
B1244364518505N00552448EA0097600988
B1244374518509N00552449EA0097500987
B1244384518514N00552451EA0097400986
B1244394518518N00552452EA0097200984
B1244404518523N00552454EA0097100983
B1244414518528N00552455EA0097000982
B1244424518532N00552456EA0096900981
B1244434518537N00552457EA0096800980
B1244444518541N00552458EA0096700979
B1244454518546N00552459EA0096600978
B1244464518551N00552460EA0096500977
B1244474518555N00552461EA0096400976
B1244484518560N00552463EA0096300975
B1244494518564N00552464EA0096300975
B1244504518569N00552465EA0096100973
B1244514518573N00552467EA0096000972
B1244524518578N00552468EA0095800970
B1244534518582N00552470EA0095700969
B1244544518587N00552471EA0095700969
B1244554518592N00552472EA0095500967
B1244564518596N00552473EA0095400966
B1244574518601N00552475EA0095300965
B1244584518605N00552476EA0095200964
B1244594518610N00552478EA0095100963
B1245004518614N00552480EA0095000962
B1245014518619N00552481EA0094900961
B1245024518623N00552483EA0094800960
B1245034518627N00552485EA0094700959
B1245044518632N00552487EA0094600958
B1245054518636N00552489EA0094500957
B1245064518641N00552490EA0094500957
B1245074518645N00552492EA0094400956
B1245084518650N00552493EA0094200954
B1245094518654N00552494EA0094200954
B1245104518659N00552496EA0094100953
B1245114518663N00552497EA0093900951
B1245124518668N00552498EA0093900951
B1245134518673N00552500EA0093800950
B1245144518677N00552501EA0093700949
B1245154518682N00552502EA0093600948
B1245164518686N00552503EA0093500947
B1245174518691N00552505EA0093400946
B1245184518695N00552506EA0093300945
B1245194518700N00552507EA0093100943
B1245204518705N00552508EA0092900941
B1245214518709N00552510EA0092800940
B1245224518714N00552511EA0092700939
B1245234518718N00552512EA0092600938
B1245244518723N00552513EA0092400936
B1245254518728N00552514EA0092300935
B1245264518732N00552515EA0092100933
B1245274518737N00552516EA0092000932
B1245284518741N00552517EA0091900931
B1245294518746N00552517EA0091800930
B1245304518751N00552518EA0091700929
B1245314518755N00552518EA0091700929
B1245324518760N00552519EA0091500927
B1245334518765N00552519EA0091500927
B1245344518770N00552520EA0091300925
B1245354518774N00552521EA0091200924
B1245364518779N00552522EA0091100923
B1245374518783N00552523EA0091000922
B1245384518788N00552524EA0090900921
B1245394518793N00552525EA0090700919
B1245404518797N00552526EA0090600918
B1245414518802N00552527EA0090500917
B1245424518805N00552530EA0090700919
B1245434518808N00552534EA0090900921
B1245444518809N00552539EA0091100923
B1245454518809N00552545EA0091500927
B1245464518808N00552551EA0091700929
B1245474518805N00552556EA0092000932
B1245484518801N00552560EA0092200934
B1245494518796N00552563EA0092500937
B1245504518791N00552563EA0092800940
B1245514518785N00552561EA0093000942
B1245524518780N00552558EA0093300945
B1245534518776N00552552EA0093600948
B1245544518773N00552546EA0094000952
B1245554518771N00552538EA0094200954
B1245564518771N00552530EA0094500957
B1245574518772N00552523EA0094700959
B1245584518774N00552516EA0095000962
B1245594518777N00552511EA0095300965
B1246004518781N00552508EA0095600968
B1246014518785N00552507EA0095900971
B1246024518789N00552508EA0096100973
B1246034518793N00552511EA0096400976
B1246044518795N00552515EA0096800980
B1246054518797N00552521EA0096900981
B1246064518797N00552527EA0097100983
B1246074518795N00552533EA0097300985
B1246084518792N00552538EA0097300985
B1246094518788N00552542EA0097700989
B1246104518783N00552544EA0097900991
B1246114518778N00552544EA0098200994
B1246124518772N00552542EA0098600998
B1246134518767N00552538EA0098801000
B1246144518763N00552533EA0099201004
B1246154518760N00552526EA0099501007
B1246164518758N00552519EA0099901011
B1246174518758N00552511EA0100101013
B1246184518759N00552503EA0100401016
B1246194518761N00552497EA0100701019
B1246204518765N00552492EA0100901021
B1246214518769N00552489EA0101101023
B1246224518773N00552488EA0101401026
B1246234518777N00552489EA0101701029
B1246244518781N00552492EA0102001032
B1246254518783N00552497EA0102301035
B1246264518784N00552502EA0102501037
B1246274518784N00552508EA0102801040
B1246284518782N00552514EA0103001042
B1246294518779N00552519EA0103201044
B1246304518775N00552523EA0103501047
B1246314518770N00552525EA0103901051
B1246324518765N00552525EA0104101053
B1246334518759N00552523EA0104401056
B1246344518754N00552519EA0104701059
B1246354518750N00552514EA0105001062
B1246364518747N00552507EA0105201064
B1246374518746N00552499EA0105501067
B1246384518745N00552491EA0105701069
B1246394518746N00552484EA0106001072
B1246404518749N00552478EA0106301075
B1246414518752N00552473EA0106501077
B1246424518756N00552470EA0106801080
B1246434518761N00552469EA0107101083
B1246444518765N00552470EA0107401086
B1246454518768N00552473EA0107701089
B1246464518770N00552478EA0107901091
B1246474518772N00552483EA0108301095
B1246484518771N00552489EA0108401096
B1246494518770N00552495EA0108801100
B1246504518766N00552500EA0109001102
B1246514518762N00552504EA0109201104
B1246524518757N00552506EA0109301105
B1246534518752N00552506EA0109701109
B1246544518747N00552504EA0109801110
B1246554518742N00552500EA0110101113
B1246564518737N00552494EA0110301115
B1246574518734N00552487EA0110501117
B1246584518733N00552480EA0110601118
B1246594518733N00552472EA0110901121
B1247004518734N00552465EA0111201124
B1247014518736N00552458EA0111501127
B1247024518740N00552454EA0111801130
B1247034518744N00552451EA0112101133
B1247044518748N00552450EA0112301135
B1247054518752N00552451EA0112701139
B1247064518756N00552454EA0112901141
B1247074518758N00552459EA0113201144
B1247084518759N00552465EA0113301145
B1247094518759N00552471EA0113701149
B1247104518757N00552476EA0114101153
B1247114518754N00552481EA0114401156
B1247124518749N00552485EA0114801160
B1247134518744N00552487EA0115001162
B1247144518739N00552487EA0115201164
B1247154518734N00552485EA0115601168
B1247164518729N00552481EA0115801170
B1247174518725N00552475EA0116201174
B1247184518722N00552468EA0116501177
B1247194518720N00552460EA0116701179
B1247204518720N00552452EA0117001182
B1247214518721N00552445EA0117201184
B1247224518724N00552439EA0117501187
B1247234518728N00552434EA0117801190
B1247244518732N00552432EA0118001192
B1247254518736N00552431EA0118201194
B1247264518740N00552432EA0118301195
B1247274518743N00552436EA0118701199
B1247284518745N00552440EA0119101203
B1247294518746N00552446EA0119401206
B1247304518746N00552452EA0119701209
B1247314518744N00552458EA0120001212
B1247324518741N00552463EA0120301215
B1247334518737N00552466EA0120501217
B1247344518731N00552468EA0120801220
B1247354518726N00552468EA0121001222
B1247364518721N00552466EA0121301225
B1247374518716N00552461EA0121501227
B1247384518712N00552455EA0121901231
B1247394518709N00552448EA0122101233
B1247404518708N00552441EA0122401236
B1247414518708N00552433EA0122601238
B1247424518709N00552426EA0122901241
B1247434518712N00552420EA0123201244
B1247444518715N00552415EA0123301245
B1247454518719N00552413EA0123501247
B1247464518723N00552412EA0123701249
B1247474518727N00552414EA0124001252
B1247484518731N00552417EA0124301255
B1247494518733N00552422EA0124501257
B1247504518734N00552427EA0124701259
B1247514518733N00552433EA0125001262
B1247524518731N00552439EA0125301265
B1247534518728N00552444EA0125501267
B1247544518724N00552447EA0125801270
B1247554518719N00552449EA0126101273
B1247564518713N00552449EA0126301275
B1247574518708N00552446EA0126601278
B1247584518703N00552442EA0126801280
B1247594518699N00552436EA0127101283
B1248004518696N00552429EA0127301285
B1248014518695N00552421EA0127501287
B1248024518695N00552414EA0127801290
B1248034518696N00552406EA0128001292
B1248044518699N00552400EA0128301295
B1248054518703N00552396EA0128601298
B1248064518707N00552394EA0128801300
B1248074518711N00552393EA0129001302
B1248084518715N00552395EA0129301305
B1248094518718N00552398EA0129501307
B1248104518720N00552403EA0129801310
B1248114518721N00552409EA0130101313
B1248124518721N00552415EA0130401316
B1248134518718N00552420EA0130701319
B1248144518715N00552425EA0130901321
B1248154518711N00552428EA0131201324
B1248164518706N00552430EA0131501327
B1248174518700N00552430EA0131801330
B1248184518695N00552427EA0132101333
B1248194518690N00552423EA0132301335
B1248204518686N00552417EA0132601338
B1248214518683N00552410EA0132901341
B1248224518682N00552402EA0133201344
B1248234518682N00552394EA0133501347
B1248244518684N00552387EA0133801350
B1248254518687N00552381EA0134101353
B1248264518690N00552377EA0134401356
B1248274518694N00552374EA0134701359
B1248284518699N00552374EA0134901361
B1248294518703N00552376EA0135201364
B1248304518706N00552379EA0135501367
B1248314518709N00552383EA0135401366
B1248324518713N00552387EA0135301365
B1248334518716N00552391EA0135201364
B1248344518720N00552395EA0135001362
B1248354518723N00552399EA0134901361
B1248364518727N00552403EA0134801360
B1248374518731N00552407EA0134701359
B1248384518734N00552411EA0134501357
B1248394518738N00552415EA0134401356
B1248404518741N00552419EA0134301355
B1248414518745N00552423EA0134201354
B1248424518748N00552427EA0134101353
B1248434518752N00552431EA0134001352
B1248444518755N00552435EA0133901351
B1248454518759N00552439EA0133701349
B1248464518762N00552443EA0133601348
B1248474518766N00552448EA0133501347
B1248484518769N00552452EA0133501347
B1248494518772N00552456EA0133201344
B1248504518776N00552460EA0133101343
B1248514518779N00552465EA0133001342
B1248524518782N00552469EA0132701339
B1248534518786N00552474EA0132501337
B1248544518789N00552478EA0132401336
B1248554518792N00552482EA0132301335
B1248564518796N00552487EA0132201334
B1248574518799N00552491EA0132101333
B1248584518802N00552495EA0131901331
B1248594518806N00552499EA0131801330
B1249004518810N00552503EA0131801330
B1249014518813N00552507EA0131601328
B1249024518817N00552511EA0131601328
B1249034518820N00552514EA0131401326
B1249044518824N00552518EA0131401326
B1249054518828N00552522EA0131301325
B1249064518832N00552525EA0131201324
B1249074518836N00552528EA0131101323
B1249084518840N00552531EA0130901321
B1249094518844N00552535EA0130801320
B1249104518848N00552537EA0130701319
B1249114518852N00552540EA0130601318
B1249124518856N00552543EA0130601318
B1249134518860N00552546EA0130501317
B1249144518864N00552549EA0130301315
B1249154518868N00552552EA0130201314
B1249164518872N00552555EA0130201314
B1249174518876N00552558EA0130101313
B1249184518880N00552561EA0129901311
B1249194518884N00552564EA0129801310
B1249204518888N00552568EA0129601308
B1249214518892N00552571EA0129601308
B1249224518896N00552574EA0129401306
B1249234518900N00552577EA0129301305
B1249244518904N00552580EA0129201304
B1249254518908N00552583EA0129101303
B1249264518912N00552585EA0129101303
B1249274518917N00552588EA0128901301
B1249284518921N00552590EA0128801300
B1249294518925N00552593EA0128801300
B1249304518929N00552595EA0128701299
B1249314518933N00552598EA0128601298
B1249324518938N00552600EA0128601298
B1249334518942N00552603EA0128501297
B1249344518946N00552605EA0128301295
B1249354518950N00552607EA0128201294
B1249364518955N00552610EA0128001292
B1249374518959N00552612EA0127901291
B1249384518963N00552614EA0127801290
B1249394518968N00552616EA0127601288
B1249404518972N00552619EA0127501287
B1249414518976N00552622EA0127401286
B1249424518980N00552624EA0127301285
B1249434518984N00552627EA0127201284
B1249444518989N00552630EA0127201284
B1249454518993N00552632EA0127101283
B1249464518997N00552635EA0127001282
B1249474519001N00552638EA0126901281
B1249484519005N00552640EA0126901281
B1249494519009N00552643EA0126801280
B1249504519013N00552646EA0126601278
B1249514519018N00552649EA0126601278
B1249524519022N00552651EA0126401276
B1249534519026N00552654EA0126401276
B1249544519030N00552657EA0126201274
B1249554519034N00552660EA0126101273
B1249564519038N00552663EA0125901271
B1249574519042N00552666EA0125801270
B1249584519046N00552669EA0125701269
B1249594519050N00552672EA0125701269
B1250004519054N00552675EA0125501267
B1250014519058N00552678EA0125301265
B1250024519062N00552682EA0125301265
B1250034519066N00552685EA0125201264
B1250044519070N00552688EA0125001262
B1250054519073N00552692EA0125001262
B1250064519077N00552695EA0124901261
B1250074519081N00552699EA0124701259
B1250084519085N00552703EA0124601258
B1250094519089N00552706EA0124601258
B1250104519092N00552709EA0124401256
B1250114519096N00552713EA0124401256
B1250124519100N00552716EA0124301255
B1250134519104N00552720EA0124201254
B1250144519108N00552723EA0124101253
B1250154519112N00552727EA0124001252
B1250164519115N00552730EA0123901251
B1250174519119N00552734EA0123801250
B1250184519123N00552738EA0123801250
B1250194519127N00552741EA0123701249
B1250204519130N00552744EA0123601248
B1250214519134N00552748EA0123501247
B1250224519138N00552751EA0123401246
B1250234519142N00552754EA0123201244
B1250244519146N00552757EA0123101243
B1250254519150N00552760EA0123001242
B1250264519154N00552763EA0122901241
B1250274519159N00552766EA0122801240
B1250284519163N00552768EA0122701239
B1250294519167N00552772EA0122601238
B1250304519171N00552775EA0122401236
B1250314519175N00552778EA0122301235
B1250324519179N00552781EA0122201234
B1250334519183N00552784EA0122101233
B1250344519187N00552787EA0122001232
B1250354519191N00552790EA0122001232
B1250364519195N00552793EA0121901231
B1250374519199N00552796EA0121701229
B1250384519203N00552799EA0121701229
B1250394519207N00552802EA0121601228
B1250404519211N00552804EA0121401226
B1250414519215N00552807EA0121401226
B1250424519219N00552810EA0121201224
B1250434519223N00552813EA0121201224
B1250444519227N00552817EA0121101223
B1250454519231N00552820EA0121001222
B1250464519235N00552823EA0120801220
B1250474519239N00552827EA0120701219
B1250484519243N00552830EA0120601218
B1250494519246N00552834EA0120601218
B1250504519250N00552837EA0120401216
B1250514519254N00552841EA0120301215
B1250524519258N00552844EA0120201214
B1250534519262N00552848EA0120101213
B1250544519265N00552851EA0120001212
B1250554519269N00552854EA0120001212
B1250564519273N00552857EA0119901211
B1250574519277N00552860EA0119801210
B1250584519281N00552864EA0119701209
B1250594519285N00552867EA0119501207
B1251004519289N00552870EA0119401206
B1251014519293N00552874EA0119301205
B1251024519297N00552877EA0119201204
B1251034519301N00552880EA0119101203
B1251044519305N00552883EA0119001202
B1251054519309N00552887EA0118801200
B1251064519312N00552890EA0118701199
B1251074519316N00552894EA0118701199
B1251084519320N00552897EA0118601198
B1251094519324N00552901EA0118501197
B1251104519326N00552906EA0118601198
B1251114519327N00552911EA0118701199
B1251124519327N00552917EA0118701199
B1251134519325N00552923EA0118901201
B1251144519322N00552928EA0119101203
B1251154519317N00552932EA0119201204
B1251164519312N00552933EA0119301205
B1251174519307N00552933EA0119501207
B1251184519301N00552931EA0119601208
B1251194519297N00552927EA0119601208
B1251204519293N00552921EA0119501207
B1251214519290N00552914EA0119701209
B1251224519288N00552906EA0119801210
B1251234519288N00552899EA0119901211
B1251244519290N00552891EA0119901211
B1251254519292N00552885EA0120001212
B1251264519296N00552881EA0120101213
B1251274519300N00552878EA0120201214
B1251284519304N00552878EA0120301215
B1251294519308N00552879EA0120401216
B1251304519311N00552882EA0120501217
B1251314519313N00552887EA0120601218
B1251324519314N00552893EA0120701219
B1251334519314N00552899EA0120701219
B1251344519312N00552904EA0120801220
B1251354519309N00552909EA0120901221
B1251364519304N00552913EA0121001222
B1251374519299N00552914EA0121201224
B1251384519294N00552914EA0121301225
B1251394519288N00552912EA0121601228
B1251404519284N00552908EA0121701229
B1251414519280N00552902EA0121801230
B1251424519277N00552895EA0121901231
B1251434519276N00552887EA0121901231
B1251444519276N00552879EA0122101233
B1251454519277N00552872EA0122201234
B1251464519280N00552866EA0122201234
B1251474519283N00552862EA0122401236
B1251484519287N00552859EA0122401236
B1251494519292N00552859EA0122501237
B1251504519296N00552860EA0122701239
B1251514519299N00552863EA0122801240
B1251524519301N00552868EA0123001242
B1251534519302N00552874EA0123001242
B1251544519301N00552880EA0123201244
B1251554519299N00552886EA0123201244
B1251564519296N00552890EA0123401246
B1251574519291N00552894EA0123501247
B1251584519286N00552895EA0123501247
B1251594519281N00552895EA0123601248
B1252004519276N00552893EA0123701249
B1252014519271N00552888EA0123801250
B1252024519267N00552882EA0123801250
B1252034519264N00552875EA0123801250
B1252044519263N00552867EA0123901251
B1252054519263N00552860EA0124001252
B1252064519265N00552853EA0124001252
B1252074519267N00552847EA0124101253
B1252084519271N00552842EA0124101253
B1252094519275N00552840EA0124301255
B1252104519279N00552840EA0124501257
B1252114519283N00552841EA0124501257
B1252124519286N00552845EA0124601258
B1252134519288N00552850EA0124601258
B1252144519289N00552855EA0124701259
B1252154519288N00552861EA0124701259
B1252164519286N00552867EA0124801260
B1252174519283N00552872EA0124901261
B1252184519279N00552875EA0125101263
B1252194519273N00552876EA0125201264
B1252204519268N00552876EA0125301265
B1252214519263N00552873EA0125301265
B1252224519258N00552869EA0125401266
B1252234519254N00552863EA0125401266
B1252244519251N00552856EA0125601268
B1252254519250N00552848EA0125601268
B1252264519250N00552840EA0125701269
B1252274519252N00552833EA0125801270
B1252284519255N00552827EA0126101273
B1252294519258N00552823EA0126201274
B1252304519263N00552821EA0126301275
B1252314519267N00552821EA0126401276
B1252324519271N00552822EA0126401276
B1252334519274N00552826EA0126601278
B1252344519276N00552831EA0126701279
B1252354519277N00552837EA0126801280
B1252364519276N00552843EA0126901281
B1252374519274N00552848EA0127001282
B1252384519270N00552853EA0127001282
B1252394519266N00552856EA0127101283
B1252404519260N00552857EA0127201284
B1252414519255N00552857EA0127301285
B1252424519250N00552854EA0127401286
B1252434519245N00552850EA0127401286
B1252444519241N00552843EA0127501287
B1252454519239N00552836EA0127601288
B1252464519238N00552828EA0127701289
B1252474519238N00552821EA0127801290
B1252484519240N00552814EA0127901291
B1252494519242N00552808EA0128101293
B1252504519246N00552804EA0128201294
B1252514519250N00552802EA0128101293
B1252524519254N00552802EA0128401296
B1252534519258N00552804EA0128501297
B1252544519261N00552807EA0128501297
B1252554519263N00552812EA0128601298
B1252564519266N00552818EA0128501297
B1252574519268N00552823EA0128401296
B1252584519270N00552829EA0128301295
B1252594519272N00552834EA0128201294
B1253004519275N00552840EA0128101293
B1253014519277N00552845EA0128001292
B1253024519280N00552851EA0128001292
B1253034519282N00552856EA0127901291
B1253044519284N00552862EA0127801290
B1253054519287N00552867EA0127701289
B1253064519289N00552873EA0127601288
B1253074519291N00552879EA0127401286
B1253084519293N00552884EA0127301285
B1253094519295N00552890EA0127201284
B1253104519297N00552896EA0127201284
B1253114519300N00552901EA0127101283
B1253124519302N00552907EA0127001282
B1253134519304N00552912EA0126901281
B1253144519306N00552918EA0126801280
B1253154519308N00552924EA0126601278
B1253164519311N00552929EA0126501277
B1253174519313N00552935EA0126401276
B1253184519315N00552940EA0126301275
B1253194519318N00552946EA0126201274
B1253204519320N00552951EA0126001272
B1253214519323N00552957EA0125901271
B1253224519325N00552962EA0125801270
B1253234519327N00552968EA0125701269
B1253244519330N00552973EA0125501267
B1253254519332N00552979EA0125401266
B1253264519334N00552984EA0125301265
B1253274519337N00552990EA0125201264
B1253284519339N00552995EA0125101263
B1253294519341N00553001EA0125001262
B1253304519343N00553007EA0124901261
B1253314519346N00553012EA0124801260
B1253324519348N00553018EA0124601258
B1253334519350N00553023EA0124501257
B1253344519352N00553029EA0124301255
B1253354519355N00553034EA0124201254
B1253364519357N00553040EA0124101253
B1253374519360N00553045EA0123901251
B1253384519362N00553051EA0123701249
B1253394519365N00553056EA0123601248
B1253404519367N00553062EA0123601248
B1253414519369N00553067EA0123401246
B1253424519371N00553073EA0123301245
B1253434519374N00553078EA0123201244
B1253444519376N00553084EA0123001242
B1253454519379N00553089EA0122901241
B1253464519381N00553095EA0122801240
B1253474519384N00553100EA0122601238
B1253484519386N00553105EA0122501237
B1253494519389N00553110EA0122401236
B1253504519391N00553116EA0122301235
B1253514519394N00553121EA0122101233
B1253524519396N00553126EA0122001232
B1253534519399N00553132EA0121901231
B1253544519402N00553137EA0121701229
B1253554519404N00553142EA0121601228
B1253564519407N00553147EA0121401226
B1253574519410N00553152EA0121301225
B1253584519413N00553157EA0121301225
B1253594519415N00553162EA0121201224
B1254004519418N00553167EA0121101223
B1254014519421N00553173EA0121101223
B1254024519423N00553178EA0121001222
B1254034519426N00553183EA0120801220
B1254044519429N00553188EA0120701219
B1254054519431N00553194EA0120701219
B1254064519434N00553199EA0120501217
B1254074519437N00553204EA0120401216
B1254084519439N00553209EA0120301215
B1254094519442N00553214EA0120201214
B1254104519445N00553219EA0120101213
B1254114519447N00553225EA0120101213
B1254124519450N00553230EA0120001212
B1254134519452N00553235EA0119801210
B1254144519455N00553241EA0119801210
B1254154519457N00553246EA0119601208
B1254164519460N00553251EA0119501207
B1254174519462N00553257EA0119501207
B1254184519465N00553262EA0119401206
B1254194519467N00553267EA0119301205
B1254204519470N00553273EA0119201204
B1254214519472N00553279EA0119001202
B1254224519474N00553284EA0118901201
B1254234519477N00553289EA0118701199
B1254244519479N00553295EA0118601198
B1254254519482N00553300EA0118501197
B1254264519485N00553305EA0118401196
B1254274519487N00553310EA0118301195
B1254284519490N00553316EA0118201194
B1254294519492N00553321EA0118101193
B1254304519495N00553326EA0118001192
B1254314519498N00553331EA0117901191
B1254324519500N00553336EA0117801190
B1254334519503N00553342EA0117701189
B1254344519506N00553347EA0117601188
B1254354519509N00553352EA0117601188
B1254364519512N00553357EA0117501187
B1254374519514N00553362EA0117301185
B1254384519517N00553367EA0117201184
B1254394519519N00553372EA0117101183
B1254404519522N00553378EA0116901181
B1254414519525N00553383EA0116801180
B1254424519527N00553388EA0116701179
B1254434519530N00553394EA0116601178
B1254444519532N00553399EA0116401176
B1254454519535N00553404EA0116301175
B1254464519537N00553409EA0116201174
B1254474519540N00553415EA0116101173
B1254484519543N00553420EA0116001172
B1254494519545N00553425EA0115901171
B1254504519548N00553430EA0115801170
B1254514519550N00553436EA0115701169
B1254524519553N00553441EA0115701169
B1254534519555N00553446EA0115501167
B1254544519558N00553452EA0115401166
B1254554519561N00553457EA0115301165
B1254564519563N00553462EA0115201164
B1254574519566N00553467EA0115101163
B1254584519568N00553473EA0115001162
B1254594519571N00553478EA0114901161
B1255004519574N00553483EA0114701159
B1255014519577N00553488EA0114601158
B1255024519580N00553493EA0114401156
B1255034519583N00553498EA0114301155
B1255044519585N00553502EA0114201154
B1255054519589N00553507EA0114201154
B1255064519592N00553512EA0114001152
B1255074519595N00553516EA0113901151
B1255084519598N00553521EA0113801150
B1255094519601N00553526EA0113701149
B1255104519604N00553530EA0113601148
B1255114519608N00553535EA0113501147
B1255124519611N00553539EA0113401146
B1255134519614N00553544EA0113301145
B1255144519617N00553549EA0113101143
B1255154519620N00553553EA0113001142
B1255164519623N00553558EA0113001142
B1255174519626N00553563EA0112901141
B1255184519629N00553568EA0112801140
B1255194519632N00553572EA0112701139
B1255204519635N00553577EA0112501137
B1255214519638N00553582EA0112401136
B1255224519640N00553588EA0112301135
B1255234519643N00553593EA0112201134
B1255244519646N00553598EA0112001132
B1255254519648N00553603EA0112001132
B1255264519651N00553608EA0111801130
B1255274519654N00553614EA0111601128
B1255284519656N00553619EA0111501127
B1255294519658N00553624EA0111301125
B1255304519661N00553630EA0111201124
B1255314519663N00553635EA0111101123
B1255324519666N00553641EA0111101123
B1255334519668N00553646EA0111001122
B1255344519670N00553652EA0110901121
B1255354519672N00553658EA0110701119
B1255364519674N00553663EA0110501117
B1255374519676N00553669EA0110401116
B1255384519678N00553675EA0110401116
B1255394519680N00553681EA0110201114
B1255404519682N00553687EA0110201114
B1255414519684N00553693EA0110101113
B1255424519686N00553699EA0110001112
B1255434519687N00553705EA0109801110
B1255444519689N00553710EA0109701109
B1255454519691N00553716EA0109601108
B1255464519693N00553722EA0109501107
B1255474519696N00553728EA0109401106
B1255484519698N00553734EA0109201104
B1255494519700N00553739EA0109101103
B1255504519702N00553745EA0109101103
B1255514519704N00553751EA0109001102
B1255524519706N00553756EA0108901101
B1255534519708N00553762EA0108801100
B1255544519711N00553768EA0108701099
B1255554519713N00553773EA0108601098
B1255564519715N00553779EA0108501097
B1255574519718N00553784EA0108301095
B1255584519718N00553790EA0108501097
B1255594519718N00553796EA0108601098
B1256004519716N00553801EA0108901101
B1256014519713N00553806EA0109001102
B1256024519708N00553810EA0109101103
B1256034519703N00553811EA0109401106
B1256044519698N00553811EA0109501107
B1256054519692N00553808EA0109701109
B1256064519687N00553804EA0109901111
B1256074519684N00553798EA0110001112
B1256084519681N00553791EA0110201114
B1256094519680N00553783EA0110401116
B1256104519680N00553775EA0110701119
B1256114519681N00553768EA0110801120
B1256124519684N00553762EA0111101123
B1256134519688N00553758EA0111301125
B1256144519692N00553756EA0111401126
B1256154519696N00553755EA0111501127
B1256164519700N00553757EA0111701129
B1256174519703N00553760EA0111701129
B1256184519705N00553765EA0112001132
B1256194519706N00553771EA0112201134
B1256204519705N00553777EA0112501137
B1256214519703N00553783EA0112701139
B1256224519700N00553787EA0112901141
B1256234519695N00553791EA0113201144
B1256244519690N00553792EA0113301145
B1256254519685N00553792EA0113401146
B1256264519679N00553789EA0113601148
B1256274519675N00553785EA0113701149
B1256284519671N00553778EA0113901151
B1256294519668N00553771EA0114101153
B1256304519667N00553764EA0114301155
B1256314519667N00553756EA0114501157
B1256324519669N00553749EA0114801160
B1256334519672N00553743EA0115001162
B1256344519675N00553739EA0115201164
B1256354519679N00553737EA0115501167
B1256364519684N00553736EA0115701169
B1256374519687N00553738EA0115801170
B1256384519691N00553742EA0115901171
B1256394519693N00553747EA0116101173
B1256404519693N00553752EA0116201174
B1256414519692N00553758EA0116301175
B1256424519690N00553764EA0116601178
B1256434519687N00553769EA0116701179
B1256444519682N00553772EA0116801180
B1256454519677N00553773EA0117001182
B1256464519672N00553773EA0117001182
B1256474519666N00553770EA0117201184
B1256484519662N00553765EA0117301185
B1256494519658N00553759EA0117401186
B1256504519655N00553752EA0117601188
B1256514519654N00553744EA0117801190
B1256524519655N00553736EA0117901191
B1256534519656N00553729EA0118201194
B1256544519659N00553724EA0118301195
B1256554519663N00553720EA0118501197
B1256564519667N00553717EA0118701199
B1256574519671N00553717EA0118701199
B1256584519675N00553719EA0118801200
B1256594519678N00553723EA0119001202
B1257004519680N00553728EA0119101203
B1257014519681N00553734EA0119301205
B1257024519680N00553740EA0119501207
B1257034519677N00553745EA0119701209
B1257044519674N00553750EA0119901211
B1257054519669N00553753EA0120101213
B1257064519664N00553754EA0120301215
B1257074519659N00553753EA0120501217
B1257084519653N00553751EA0120801220
B1257094519649N00553746EA0121001222
B1257104519645N00553740EA0121101223
B1257114519643N00553732EA0121201224
B1257124519642N00553725EA0121501227
B1257134519642N00553717EA0121601228
B1257144519644N00553710EA0121801230
B1257154519647N00553704EA0121901231
B1257164519650N00553700EA0122201234
B1257174519655N00553698EA0122401236
B1257184519659N00553698EA0122601238
B1257194519663N00553700EA0122701239
B1257204519666N00553704EA0122901241
B1257214519667N00553709EA0123001242
B1257224519668N00553715EA0123301245
B1257234519667N00553721EA0123301245
B1257244519665N00553726EA0123501247
B1257254519661N00553731EA0123801250
B1257264519656N00553734EA0124101253
B1257274519651N00553735EA0124201254
B1257284519646N00553734EA0124301255
B1257294519641N00553731EA0124501257
B1257304519636N00553727EA0124601258
B1257314519632N00553720EA0124701259
B1257324519630N00553713EA0124901261
B1257334519629N00553705EA0125101263
B1257344519629N00553698EA0125401266
B1257354519631N00553691EA0125501267
B1257364519634N00553685EA0125501267
B1257374519638N00553681EA0125601268
B1257384519642N00553679EA0125901271
B1257394519646N00553679EA0126101273
B1257404519650N00553682EA0126201274
B1257414519653N00553685EA0126401276
B1257424519655N00553690EA0126501277
B1257434519655N00553696EA0126701279
B1257444519654N00553702EA0126901281
B1257454519652N00553708EA0127001282
B1257464519648N00553712EA0127201284
B1257474519644N00553715EA0127301285
B1257484519638N00553716EA0127301285
B1257494519633N00553715EA0127401286
B1257504519628N00553712EA0127401286
B1257514519623N00553707EA0127501287
B1257524519620N00553701EA0127601288
B1257534519617N00553693EA0127801290
B1257544519616N00553686EA0128001292
B1257554519617N00553678EA0128201294
B1257564519619N00553671EA0128401296
B1257574519622N00553666EA0128501297
B1257584519626N00553662EA0128701299
B1257594519630N00553660EA0128901301
B1258004519634N00553660EA0129101303
B1258014519638N00553663EA0129401306
B1258024519641N00553667EA0129601308
B1258034519642N00553672EA0129801310
B1258044519643N00553678EA0130001312
B1258054519642N00553684EA0130201314
B1258064519639N00553689EA0130301315
B1258074519635N00553693EA0130601318
B1258084519631N00553696EA0130701319
B1258094519625N00553697EA0130801320
B1258104519620N00553696EA0130901321
B1258114519614N00553695EA0130801320
B1258124519608N00553694EA0130701319
B1258134519602N00553692EA0130601318
B1258144519596N00553691EA0130501317
B1258154519590N00553690EA0130501317
B1258164519584N00553688EA0130301315
B1258174519578N00553687EA0130301315
B1258184519572N00553685EA0130301315
B1258194519566N00553684EA0130201314
B1258204519560N00553682EA0130101313
B1258214519554N00553681EA0129901311
B1258224519548N00553679EA0129801310
B1258234519542N00553678EA0129601308
B1258244519536N00553676EA0129601308
B1258254519530N00553674EA0129401306
B1258264519524N00553673EA0129301305
B1258274519518N00553671EA0129201304
B1258284519512N00553670EA0129001302
B1258294519506N00553668EA0128901301
B1258304519500N00553667EA0128701299
B1258314519494N00553665EA0128701299
B1258324519488N00553664EA0128601298
B1258334519482N00553662EA0128501297
B1258344519476N00553661EA0128401296
B1258354519471N00553659EA0128301295
B1258364519465N00553657EA0128201294
B1258374519459N00553656EA0128101293
B1258384519453N00553654EA0128001292
B1258394519447N00553653EA0127901291
B1258404519441N00553651EA0127801290
B1258414519435N00553649EA0127701289
B1258424519429N00553648EA0127601288
B1258434519423N00553646EA0127501287
B1258444519417N00553644EA0127401286
B1258454519411N00553643EA0127301285
B1258464519405N00553641EA0127201284
B1258474519399N00553639EA0127001282
B1258484519393N00553637EA0126901281
B1258494519387N00553635EA0126701279
B1258504519381N00553633EA0126601278
B1258514519375N00553631EA0126501277
B1258524519369N00553629EA0126401276
B1258534519363N00553627EA0126301275
B1258544519357N00553626EA0126201274
B1258554519351N00553624EA0126001272
B1258564519345N00553622EA0126001272
B1258574519339N00553621EA0125901271
B1258584519333N00553619EA0125801270
B1258594519327N00553618EA0125701269
B1259004519321N00553617EA0125601268
B1259014519315N00553615EA0125501267
B1259024519309N00553614EA0125301265
B1259034519303N00553613EA0125201264
B1259044519297N00553612EA0125101263
B1259054519291N00553611EA0125001262
B1259064519286N00553610EA0124901261
B1259074519280N00553608EA0124801260
B1259084519274N00553607EA0124701259
B1259094519268N00553606EA0124701259
B1259104519262N00553605EA0124501257
B1259114519256N00553604EA0124401256
B1259124519250N00553604EA0124301255
B1259134519244N00553603EA0124201254
B1259144519238N00553602EA0124101253
B1259154519232N00553602EA0124101253
B1259164519226N00553601EA0124001252
B1259174519220N00553600EA0123901251
B1259184519214N00553599EA0123801250
B1259194519208N00553598EA0123701249
B1259204519202N00553597EA0123601248
B1259214519196N00553596EA0123501247
B1259224519190N00553596EA0123401246
B1259234519184N00553595EA0123301245
B1259244519178N00553594EA0123201244
B1259254519172N00553594EA0123101243
B1259264519166N00553593EA0122901241
B1259274519160N00553592EA0122801240
B1259284519154N00553591EA0122601238
B1259294519148N00553590EA0122601238
B1259304519142N00553589EA0122501237
B1259314519136N00553587EA0122401236
B1259324519130N00553586EA0122301235
B1259334519124N00553585EA0122201234
B1259344519118N00553584EA0122101233
B1259354519112N00553583EA0121901231
B1259364519106N00553582EA0121801230
B1259374519100N00553581EA0121701229
B1259384519094N00553581EA0121601228
B1259394519088N00553580EA0121501227
B1259404519082N00553579EA0121501227
B1259414519076N00553578EA0121401226
B1259424519070N00553578EA0121201224
B1259434519064N00553577EA0121101223
B1259444519058N00553577EA0121001222
B1259454519052N00553576EA0120801220
B1259464519046N00553576EA0120701219
B1259474519040N00553576EA0120601218
B1259484519034N00553575EA0120401216
B1259494519028N00553575EA0120401216
B1259504519022N00553575EA0120101213
B1259514519016N00553574EA0120001212
B1259524519010N00553574EA0119901211
B1259534519004N00553574EA0119701209
B1259544518998N00553574EA0119601208
B1259554518992N00553574EA0119501207
B1259564518986N00553574EA0119401206
B1259574518980N00553574EA0119201204
B1259584518974N00553574EA0119101203
B1259594518968N00553574EA0119001202
B1300004518962N00553574EA0119001202
B1300014518956N00553574EA0118801200
B1300024518951N00553574EA0118701199
B1300034518945N00553574EA0118701199
B1300044518939N00553574EA0118601198
B1300054518933N00553575EA0118501197
B1300064518927N00553575EA0118301195
B1300074518921N00553575EA0118101193
B1300084518915N00553575EA0118001192
B1300094518909N00553575EA0117901191
B1300104518903N00553575EA0117801190
B1300114518897N00553575EA0117701189
B1300124518891N00553575EA0117601188
B1300134518885N00553575EA0117401186
B1300144518879N00553575EA0117301185
B1300154518873N00553575EA0117201184
B1300164518867N00553575EA0117101183
B1300174518861N00553575EA0117001182
B1300184518855N00553575EA0116801180
B1300194518849N00553575EA0116801180
B1300204518843N00553575EA0116701179
B1300214518837N00553575EA0116401176
B1300224518831N00553575EA0116301175
B1300234518826N00553575EA0116201174
B1300244518820N00553576EA0116101173
B1300254518814N00553576EA0116001172
B1300264518808N00553577EA0115801170
B1300274518802N00553577EA0115701169
B1300284518796N00553578EA0115701169
B1300294518790N00553579EA0115601168
B1300304518784N00553579EA0115401166
B1300314518778N00553580EA0115201164
B1300324518773N00553581EA0115201164
B1300334518767N00553581EA0115101163
B1300344518761N00553582EA0115001162
B1300354518755N00553583EA0114901161
B1300364518749N00553583EA0114701159
B1300374518743N00553583EA0114701159
B1300384518737N00553584EA0114501157
B1300394518731N00553584EA0114401156
B1300404518725N00553585EA0114301155
B1300414518719N00553585EA0114201154
B1300424518714N00553585EA0114001152
B1300434518708N00553585EA0113901151
B1300444518702N00553585EA0113901151
B1300454518696N00553585EA0113701149
B1300464518690N00553585EA0113601148
B1300474518684N00553583EA0113701149
B1300484518679N00553579EA0113801150
B1300494518675N00553573EA0113901151
B1300504518672N00553567EA0114101153
B1300514518671N00553559EA0114201154
B1300524518671N00553551EA0114201154
B1300534518672N00553544EA0114401156
B1300544518674N00553538EA0114601158
B1300554518678N00553533EA0114801160
B1300564518682N00553530EA0114901161
B1300574518686N00553529EA0115101163
B1300584518690N00553531EA0115201164
B1300594518694N00553534EA0115301165
B1301004518696N00553539EA0115401166
B1301014518697N00553544EA0115501167
B1301024518697N00553550EA0115601168
B1301034518695N00553556EA0115801170
B1301044518692N00553561EA0115901171
B1301054518687N00553564EA0116101173
B1301064518682N00553566EA0116201174
B1301074518677N00553566EA0116301175
B1301084518671N00553564EA0116401176
B1301094518667N00553560EA0116601178
B1301104518662N00553554EA0116601178
B1301114518660N00553547EA0116701179
B1301124518658N00553539EA0116801180
B1301134518658N00553532EA0116901181
B1301144518659N00553524EA0117001182
B1301154518662N00553518EA0117201184
B1301164518666N00553514EA0117401186
B1301174518670N00553511EA0117601188
B1301184518674N00553510EA0117701189
B1301194518678N00553512EA0117901191
B1301204518681N00553515EA0118001192
B1301214518683N00553520EA0118101193
B1301224518684N00553525EA0118301195
B1301234518684N00553531EA0118401196
B1301244518682N00553537EA0118601198
B1301254518679N00553542EA0118901201
B1301264518674N00553546EA0119101203
B1301274518669N00553547EA0119201204
B1301284518664N00553547EA0119401206
B1301294518658N00553545EA0119501207
B1301304518654N00553541EA0119701209
B1301314518650N00553535EA0119801210
B1301324518647N00553528EA0120001212
B1301334518645N00553520EA0120001212
B1301344518645N00553512EA0120201214
B1301354518647N00553505EA0120301215
B1301364518650N00553499EA0120401216
B1301374518653N00553495EA0120501217
B1301384518657N00553492EA0120501217
B1301394518661N00553492EA0120501217
B1301404518665N00553493EA0120801220
B1301414518669N00553496EA0120801220
B1301424518671N00553501EA0121001222
B1301434518672N00553507EA0121101223
B1301444518671N00553513EA0121201224
B1301454518669N00553518EA0121301225
B1301464518666N00553523EA0121501227
B1301474518661N00553527EA0121601228
B1301484518656N00553528EA0121801230
B1301494518651N00553528EA0121901231
B1301504518646N00553526EA0122001232
B1301514518641N00553521EA0122101233
B1301524518637N00553515EA0122101233
B1301534518634N00553508EA0122201234
B1301544518633N00553500EA0122301235
B1301554518633N00553493EA0122601238
B1301564518634N00553486EA0122701239
B1301574518637N00553480EA0122801240
B1301584518641N00553475EA0122901241
B1301594518645N00553473EA0122901241
B1302004518649N00553473EA0123001242
B1302014518653N00553474EA0123201244
B1302024518656N00553478EA0123301245
B1302034518658N00553482EA0123501247
B1302044518659N00553488EA0123601248
B1302054518658N00553494EA0123701249
B1302064518656N00553500EA0123801250
B1302074518653N00553504EA0123901251
B1302084518649N00553508EA0124101253
B1302094518643N00553509EA0124201254
B1302104518638N00553509EA0124401256
B1302114518633N00553506EA0124401256
B1302124518628N00553502EA0124501257
B1302134518624N00553496EA0124701259
B1302144518621N00553489EA0124901261
B1302154518620N00553481EA0125001262
B1302164518620N00553473EA0125201264
B1302174518622N00553466EA0125401266
B1302184518625N00553460EA0125501267
B1302194518628N00553456EA0125501267
B1302204518632N00553454EA0125501267
B1302214518637N00553454EA0125601268
B1302224518641N00553455EA0125701269
B1302234518644N00553459EA0125701269
B1302244518646N00553464EA0125801270
B1302254518646N00553469EA0125901271
B1302264518646N00553475EA0126001272
B1302274518644N00553481EA0126101273
B1302284518640N00553486EA0126301275
B1302294518636N00553489EA0126301275
B1302304518630N00553490EA0126401276
B1302314518625N00553490EA0126501277
B1302324518620N00553487EA0126601278
B1302334518615N00553483EA0126701279
B1302344518611N00553477EA0126701279
B1302354518609N00553469EA0126801280
B1302364518607N00553462EA0126901281
B1302374518608N00553454EA0126901281
B1302384518609N00553447EA0127001282
B1302394518612N00553441EA0127101283
B1302404518616N00553437EA0127201284
B1302414518620N00553435EA0127301285
B1302424518624N00553435EA0127501287
B1302434518628N00553436EA0127501287
B1302444518631N00553440EA0127701289
B1302454518633N00553445EA0127701289
B1302464518634N00553451EA0127801290
B1302474518633N00553457EA0127901291
B1302484518631N00553462EA0128001292
B1302494518627N00553467EA0128201294
B1302504518623N00553470EA0128301295
B1302514518618N00553471EA0128501297
B1302524518612N00553471EA0128501297
B1302534518607N00553468EA0128601298
B1302544518602N00553463EA0128801300
B1302554518598N00553457EA0128801300
B1302564518596N00553450EA0128901301
B1302574518595N00553442EA0129001302
B1302584518595N00553434EA0129101303
B1302594518597N00553427EA0129201304
B1303004518600N00553422EA0129401306
B1303014518603N00553418EA0129501307
B1303024518608N00553416EA0129501307
B1303034518612N00553416EA0129601308
B1303044518616N00553418EA0129701309
B1303054518619N00553421EA0129801310
B1303064518621N00553426EA0130001312
B1303074518621N00553432EA0130101313
B1303084518620N00553438EA0130201314
B1303094518618N00553444EA0130401316
B1303104518614N00553448EA0130601318
B1303114518610N00553451EA0130601318
B1303124518605N00553452EA0130701319
B1303134518599N00553452EA0130901321
B1303144518594N00553449EA0130901321
B1303154518589N00553444EA0131101323
B1303164518586N00553438EA0131101323
B1303174518583N00553430EA0131101323
B1303184518582N00553423EA0131201324
B1303194518583N00553415EA0131401326
B1303204518584N00553408EA0131401326
B1303214518587N00553402EA0131701329
B1303224518591N00553399EA0131701329
B1303234518595N00553397EA0131801330
B1303244518599N00553397EA0131901331
B1303254518603N00553399EA0131901331
B1303264518606N00553402EA0132101333
B1303274518608N00553408EA0132301335
B1303284518609N00553413EA0132401336
B1303294518608N00553419EA0132701339
B1303304518605N00553425EA0132701339
B1303314518602N00553429EA0132801340
B1303324518597N00553432EA0132901341
B1303334518592N00553433EA0133101343
B1303344518586N00553432EA0133201344
B1303354518581N00553429EA0133301345
B1303364518576N00553425EA0133401346
B1303374518573N00553418EA0133501347
B1303384518570N00553411EA0133701349
B1303394518570N00553403EA0133801350
B1303404518570N00553396EA0134001352
B1303414518572N00553389EA0134101353
B1303424518575N00553383EA0134201354
B1303434518579N00553379EA0134301355
B1303444518583N00553377EA0134501357
B1303454518587N00553378EA0134701359
B1303464518591N00553380EA0134701359
B1303474518594N00553384EA0134801360
B1303484518595N00553389EA0134901361
B1303494518596N00553395EA0135101363
B1303504518595N00553401EA0135101363
B1303514518594N00553407EA0135001362
B1303524518593N00553414EA0134901361
B1303534518592N00553421EA0134801360
B1303544518591N00553428EA0134701359
B1303554518591N00553434EA0134601358
B1303564518590N00553441EA0134401356
B1303574518589N00553448EA0134401356
B1303584518589N00553455EA0134201354
B1303594518588N00553461EA0134101353
B1304004518588N00553468EA0133901351
B1304014518587N00553475EA0133801350
B1304024518587N00553482EA0133701349
B1304034518586N00553488EA0133601348
B1304044518586N00553495EA0133401346
B1304054518585N00553502EA0133201344
B1304064518584N00553509EA0133101343
B1304074518584N00553515EA0133001342
B1304084518583N00553522EA0132901341
B1304094518583N00553529EA0132701339
B1304104518582N00553536EA0132701339
B1304114518582N00553542EA0132601338
B1304124518582N00553549EA0132501337
B1304134518581N00553556EA0132401336
B1304144518581N00553563EA0132201334
B1304154518581N00553569EA0132101333
B1304164518580N00553576EA0132101333
B1304174518580N00553583EA0131901331
B1304184518580N00553590EA0131901331
B1304194518579N00553596EA0131701329
B1304204518579N00553603EA0131601328
B1304214518579N00553610EA0131501327
B1304224518579N00553617EA0131401326
B1304234518579N00553623EA0131301325
B1304244518579N00553630EA0131201324
B1304254518579N00553637EA0131101323
B1304264518579N00553643EA0131101323
B1304274518579N00553650EA0131001322
B1304284518579N00553657EA0130801320
B1304294518579N00553664EA0130701319
B1304304518579N00553670EA0130601318
B1304314518578N00553677EA0130501317
B1304324518578N00553684EA0130301315
B1304334518578N00553690EA0130201314
B1304344518578N00553697EA0130001312
B1304354518578N00553704EA0129901311
B1304364518578N00553711EA0129801310
B1304374518578N00553717EA0129701309
B1304384518578N00553724EA0129501307
B1304394518578N00553731EA0129301305
B1304404518578N00553737EA0129201304
B1304414518578N00553744EA0129001302
B1304424518578N00553751EA0128901301
B1304434518578N00553758EA0128701299
B1304444518578N00553764EA0128701299
B1304454518577N00553771EA0128501297
B1304464518577N00553778EA0128401296
B1304474518577N00553784EA0128301295
B1304484518577N00553791EA0128201294
B1304494518577N00553798EA0128101293
B1304504518577N00553805EA0128001292
B1304514518577N00553811EA0127901291
B1304524518577N00553818EA0127701289
B1304534518577N00553825EA0127701289
B1304544518577N00553831EA0127501287
B1304554518577N00553838EA0127401286
B1304564518577N00553845EA0127301285
B1304574518578N00553851EA0127201284
B1304584518578N00553858EA0127101283
B1304594518578N00553865EA0126901281
B1305004518578N00553871EA0126901281
B1305014518578N00553878EA0126801280
B1305024518579N00553885EA0126701279
B1305034518579N00553891EA0126701279
B1305044518579N00553898EA0126501277
B1305054518579N00553905EA0126401276
B1305064518579N00553912EA0126301275
B1305074518578N00553918EA0126201274
B1305084518578N00553925EA0126001272
B1305094518579N00553932EA0125901271
B1305104518579N00553938EA0125801270
B1305114518579N00553945EA0125701269
B1305124518579N00553952EA0125601268
B1305134518580N00553958EA0125501267
B1305144518580N00553965EA0125401266
B1305154518580N00553972EA0125301265
B1305164518581N00553978EA0125201264
B1305174518581N00553985EA0125101263
B1305184518581N00553991EA0124901261
B1305194518582N00553998EA0124901261
B1305204518582N00554005EA0124801260
B1305214518583N00554011EA0124701259
B1305224518584N00554018EA0124601258
B1305234518584N00554024EA0124501257
B1305244518585N00554031EA0124401256
B1305254518585N00554037EA0124401256
B1305264518586N00554044EA0124301255
B1305274518587N00554051EA0124301255
B1305284518587N00554057EA0124301255
B1305294518588N00554064EA0124101253
B1305304518589N00554070EA0124001252
B1305314518589N00554077EA0124001252
B1305324518590N00554083EA0123801250
B1305334518590N00554090EA0123601248
B1305344518591N00554096EA0123401246
B1305354518592N00554103EA0123301245
B1305364518592N00554110EA0123301245
B1305374518593N00554116EA0123201244
B1305384518593N00554123EA0123101243
B1305394518594N00554129EA0122901241
B1305404518594N00554136EA0122801240
B1305414518595N00554142EA0122701239
B1305424518595N00554149EA0122601238
B1305434518596N00554156EA0122501237
B1305444518596N00554162EA0122401236
B1305454518597N00554169EA0122301235
B1305464518597N00554175EA0122201234
B1305474518596N00554181EA0122301235
B1305484518594N00554187EA0122501237
B1305494518590N00554191EA0122601238
B1305504518585N00554194EA0122801240
B1305514518580N00554195EA0122901241
B1305524518575N00554194EA0123001242
B1305534518569N00554191EA0123201244
B1305544518565N00554186EA0123301245
B1305554518561N00554179EA0123501247
B1305564518559N00554172EA0123601248
B1305574518558N00554164EA0123601248
B1305584518559N00554156EA0123801250
B1305594518561N00554150EA0123901251
B1306004518564N00554144EA0124101253
B1306014518568N00554141EA0124201254
B1306024518572N00554139EA0124301255
B1306034518576N00554139EA0124501257
B1306044518580N00554142EA0124601258
B1306054518583N00554146EA0124601258
B1306064518584N00554151EA0124701259
B1306074518585N00554157EA0124801260
B1306084518584N00554163EA0124801260
B1306094518581N00554168EA0124801260
B1306104518577N00554172EA0125001262
B1306114518572N00554175EA0125101263
B1306124518567N00554176EA0125101263
B1306134518562N00554175EA0125301265
B1306144518556N00554171EA0125301265
B1306154518552N00554166EA0125301265
B1306164518549N00554160EA0125501267
B1306174518546N00554152EA0125501267
B1306184518546N00554145EA0125701269
B1306194518546N00554137EA0125901271
B1306204518549N00554130EA0126001272
B1306214518552N00554125EA0126101273
B1306224518556N00554121EA0126201274
B1306234518560N00554120EA0126501277
B1306244518564N00554120EA0126401276
B1306254518568N00554123EA0126401276
B1306264518570N00554127EA0126501277
B1306274518572N00554132EA0126601278
B1306284518572N00554138EA0126601278
B1306294518571N00554144EA0126701279
B1306304518568N00554149EA0126701279
B1306314518564N00554154EA0126801280
B1306324518559N00554156EA0126801280
B1306334518554N00554157EA0127001282
B1306344518549N00554155EA0126901281
B1306354518544N00554152EA0127001282
B1306364518539N00554147EA0127001282
B1306374518536N00554140EA0127001282
B1306384518534N00554133EA0127001282
B1306394518533N00554125EA0127101283
B1306404518534N00554118EA0127201284
B1306414518536N00554111EA0127201284
B1306424518539N00554106EA0127201284
B1306434518543N00554102EA0127201284
B1306444518547N00554101EA0127301285
B1306454518551N00554101EA0127301285
B1306464518555N00554104EA0127401286
B1306474518558N00554108EA0127501287
B1306484518559N00554113EA0127701289
B1306494518559N00554119EA0127901291
B1306504518558N00554125EA0127901291
B1306514518555N00554131EA0128001292
B1306524518551N00554135EA0128201294
B1306534518547N00554137EA0128401296
B1306544518541N00554138EA0128501297
B1306554518536N00554136EA0128601298
B1306564518531N00554133EA0128801300
B1306574518526N00554128EA0128801300
B1306584518523N00554121EA0128901301
B1306594518521N00554113EA0129001302
B1307004518520N00554106EA0129101303
B1307014518521N00554098EA0129301305
B1307024518524N00554092EA0129401306
B1307034518527N00554086EA0129501307
B1307044518531N00554083EA0129601308
B1307054518535N00554082EA0129701309
B1307064518539N00554083EA0129801310
B1307074518543N00554085EA0129801310
B1307084518545N00554089EA0129901311
B1307094518547N00554095EA0130001312
B1307104518547N00554101EA0130101313
B1307114518545N00554107EA0130201314
B1307124518542N00554112EA0130301315
B1307134518538N00554116EA0130401316
B1307144518534N00554118EA0130501317
B1307154518528N00554119EA0130601318
B1307164518523N00554117EA0130601318
B1307174518518N00554114EA0130501317
B1307184518513N00554108EA0130601318
B1307194518510N00554101EA0130801320
B1307204518508N00554094EA0130801320
B1307214518508N00554086EA0130901321
B1307224518509N00554079EA0131101323
B1307234518511N00554072EA0131201324
B1307244518514N00554067EA0131301325
B1307254518518N00554064EA0131301325
B1307264518523N00554063EA0131401326
B1307274518527N00554062EA0131301325
B1307284518532N00554061EA0131201324
B1307294518537N00554060EA0131001322
B1307304518542N00554059EA0130901321
B1307314518547N00554058EA0130801320
B1307324518551N00554057EA0130701319
B1307334518556N00554056EA0130501317
B1307344518561N00554055EA0130401316
B1307354518566N00554054EA0130301315
B1307364518570N00554053EA0130201314
B1307374518575N00554052EA0130101313
B1307384518580N00554051EA0130001312
B1307394518585N00554050EA0129901311
B1307404518590N00554049EA0129801310
B1307414518594N00554048EA0129601308
B1307424518599N00554047EA0129601308
B1307434518604N00554047EA0129401306
B1307444518609N00554046EA0129301305
B1307454518613N00554046EA0129101303
B1307464518618N00554045EA0129001302
B1307474518623N00554045EA0129001302
B1307484518628N00554045EA0128901301
B1307494518633N00554045EA0128701299
B1307504518637N00554044EA0128601298
B1307514518642N00554044EA0128601298
B1307524518647N00554044EA0128401296
B1307534518652N00554044EA0128301295
B1307544518656N00554043EA0128201294
B1307554518661N00554043EA0128101293
B1307564518666N00554042EA0128101293
B1307574518671N00554042EA0127901291
B1307584518676N00554041EA0127801290
B1307594518680N00554041EA0127701289
B1308004518685N00554040EA0127501287
B1308014518690N00554040EA0127401286
B1308024518695N00554040EA0127301285
B1308034518699N00554039EA0127201284
B1308044518704N00554039EA0127001282
B1308054518709N00554039EA0127001282
B1308064518714N00554039EA0126801280
B1308074518718N00554039EA0126701279
B1308084518723N00554039EA0126601278
B1308094518728N00554039EA0126501277
B1308104518733N00554039EA0126401276
B1308114518737N00554039EA0126301275
B1308124518742N00554039EA0126201274
B1308134518747N00554039EA0126001272
B1308144518752N00554038EA0125901271
B1308154518756N00554038EA0125801270
B1308164518761N00554038EA0125701269
B1308174518766N00554038EA0125601268
B1308184518771N00554037EA0125501267
B1308194518776N00554037EA0125401266
B1308204518780N00554037EA0125201264
B1308214518785N00554037EA0125201264
B1308224518790N00554037EA0125101263
B1308234518795N00554037EA0125001262
B1308244518799N00554037EA0124901261
B1308254518804N00554036EA0124801260
B1308264518809N00554036EA0124701259
B1308274518814N00554035EA0124601258
B1308284518818N00554035EA0124501257
B1308294518823N00554035EA0124501257
B1308304518828N00554034EA0124301255
B1308314518833N00554034EA0124201254
B1308324518837N00554034EA0124001252
B1308334518842N00554034EA0123901251
B1308344518847N00554034EA0123701249
B1308354518852N00554033EA0123601248
B1308364518857N00554033EA0123501247
B1308374518861N00554033EA0123501247
B1308384518866N00554033EA0123301245
B1308394518871N00554033EA0123201244
B1308404518876N00554032EA0123001242
B1308414518880N00554032EA0122801240
B1308424518885N00554032EA0122701239
B1308434518890N00554032EA0122601238
B1308444518895N00554031EA0122501237
B1308454518899N00554031EA0122401236
B1308464518904N00554030EA0122301235
B1308474518909N00554030EA0122101233
B1308484518914N00554029EA0122001232
B1308494518919N00554028EA0121801230
B1308504518923N00554027EA0121701229
B1308514518928N00554027EA0121601228
B1308524518933N00554026EA0121601228
B1308534518938N00554025EA0121401226
B1308544518942N00554024EA0121401226
B1308554518947N00554024EA0121301225
B1308564518952N00554023EA0121201224
B1308574518957N00554023EA0121101223
B1308584518962N00554022EA0121001222
B1308594518966N00554021EA0120801220
B1309004518971N00554021EA0120701219
B1309014518976N00554020EA0120701219
B1309024518981N00554019EA0120601218
B1309034518986N00554018EA0120401216
B1309044518990N00554017EA0120301215
B1309054518995N00554016EA0120101213
B1309064519000N00554015EA0120101213
B1309074519005N00554014EA0120001212
B1309084519009N00554014EA0119901211
B1309094519014N00554013EA0119901211
B1309104519019N00554011EA0119801210
B1309114519024N00554010EA0119701209
B1309124519029N00554009EA0119601208
B1309134519033N00554008EA0119401206
B1309144519038N00554007EA0119301205
B1309154519043N00554006EA0119201204
B1309164519048N00554004EA0119101203
B1309174519052N00554003EA0119001202
B1309184519057N00554001EA0118901201
B1309194519062N00553999EA0118801200
B1309204519067N00553997EA0118701199
B1309214519071N00553995EA0118501197
B1309224519076N00553992EA0118401196
B1309234519081N00553990EA0118301195
B1309244519085N00553988EA0118201194
B1309254519090N00553985EA0118101193
B1309264519095N00553983EA0117901191
B1309274519100N00553981EA0117701189
B1309284519104N00553979EA0117601188
B1309294519109N00553977EA0117401186
B1309304519114N00553974EA0117301185
B1309314519118N00553972EA0117101183
B1309324519123N00553970EA0117001182
B1309334519128N00553968EA0116801180
B1309344519133N00553966EA0116701179
B1309354519137N00553965EA0116601178
B1309364519142N00553963EA0116501177
B1309374519147N00553961EA0116401176
B1309384519152N00553959EA0116301175
B1309394519156N00553958EA0116201174
B1309404519161N00553956EA0116001172
B1309414519166N00553955EA0115901171
B1309424519171N00553954EA0115701169
B1309434519176N00553953EA0115601168
B1309444519180N00553952EA0115401166
B1309454519185N00553950EA0115301165
B1309464519190N00553949EA0115101163
B1309474519195N00553948EA0115101163
B1309484519199N00553947EA0115001162
B1309494519204N00553945EA0114901161
B1309504519209N00553943EA0114801160
B1309514519214N00553942EA0114701159
B1309524519218N00553940EA0114701159
B1309534519223N00553938EA0114601158
B1309544519228N00553936EA0114501157
B1309554519233N00553934EA0114301155
B1309564519237N00553932EA0114301155
B1309574519242N00553929EA0114201154
B1309584519247N00553927EA0114101153
B1309594519251N00553925EA0114001152
B1310004519256N00553923EA0113901151
B1310014519261N00553921EA0113801150
B1310024519266N00553919EA0113701149
B1310034519270N00553916EA0113601148
B1310044519275N00553914EA0113601148
B1310054519280N00553912EA0113501147
B1310064519285N00553910EA0113401146
B1310074519289N00553908EA0113201144
B1310084519294N00553906EA0113101143
B1310094519299N00553904EA0113001142
B1310104519303N00553902EA0112901141
B1310114519308N00553900EA0112801140
B1310124519313N00553898EA0112701139
B1310134519318N00553896EA0112601138
B1310144519322N00553893EA0112601138
B1310154519327N00553891EA0112501137
B1310164519332N00553890EA0112301135
B1310174519337N00553887EA0112201134
B1310184519341N00553885EA0112101133
B1310194519346N00553883EA0111901131
B1310204519351N00553881EA0111901131
B1310214519355N00553878EA0111701129
B1310224519360N00553876EA0111501127
B1310234519365N00553873EA0111401126
B1310244519369N00553870EA0111301125
B1310254519374N00553868EA0111201124
B1310264519379N00553865EA0111001122
B1310274519383N00553862EA0111001122
B1310284519388N00553860EA0110901121
B1310294519393N00553858EA0110801120
B1310304519397N00553855EA0110701119
B1310314519402N00553853EA0110601118
B1310324519407N00553850EA0110501117
B1310334519411N00553848EA0110401116
B1310344519416N00553845EA0110301115
B1310354519421N00553843EA0110201114
B1310364519425N00553841EA0110201114
B1310374519430N00553838EA0110101113
B1310384519435N00553836EA0110001112
B1310394519439N00553834EA0109901111
B1310404519444N00553832EA0109801110
B1310414519449N00553829EA0109701109
B1310424519454N00553827EA0109601108
B1310434519458N00553825EA0109501107
B1310444519463N00553823EA0109401106
B1310454519468N00553821EA0109301105
B1310464519472N00553818EA0109101103
B1310474519477N00553816EA0109001102
B1310484519482N00553814EA0108901101
B1310494519486N00553812EA0108801100
B1310504519491N00553810EA0108701099
B1310514519496N00553807EA0108701099
B1310524519501N00553805EA0108601098
B1310534519505N00553802EA0108501097
B1310544519510N00553799EA0108401096
B1310554519514N00553797EA0108301095
B1310564519519N00553794EA0108201094
B1310574519524N00553791EA0108001092
B1310584519528N00553788EA0107901091
B1310594519533N00553786EA0107701089
B1311004519538N00553783EA0107601088
B1311014519542N00553780EA0107401086
B1311024519547N00553777EA0107401086
B1311034519551N00553775EA0107301085
B1311044519556N00553772EA0107101083
B1311054519561N00553769EA0107001082
B1311064519565N00553766EA0106901081
B1311074519570N00553763EA0106801080
B1311084519574N00553760EA0106701079
B1311094519579N00553757EA0106601078
B1311104519584N00553754EA0106401076
B1311114519588N00553751EA0106301075
B1311124519593N00553748EA0106201074
B1311134519597N00553747EA0106501077
B1311144519601N00553749EA0106701079
B1311154519604N00553752EA0107001082
B1311164519607N00553757EA0107201084
B1311174519608N00553762EA0107401086
B1311184519607N00553768EA0107601088
B1311194519605N00553774EA0107701089
B1311204519602N00553779EA0108001092
B1311214519598N00553782EA0108301095
B1311224519593N00553784EA0108601098
B1311234519587N00553784EA0108801100
B1311244519582N00553782EA0109101103
B1311254519577N00553778EA0109401106
B1311264519573N00553772EA0109601108
B1311274519570N00553765EA0109801110
B1311284519569N00553757EA0110201114
B1311294519569N00553749EA0110301115
B1311304519570N00553742EA0110501117
B1311314519573N00553736EA0110701119
B1311324519576N00553732EA0111001122
B1311334519580N00553729EA0111301125
B1311344519585N00553728EA0111601128
B1311354519589N00553730EA0111801130
B1311364519592N00553733EA0112101133
B1311374519594N00553738EA0112401136
B1311384519595N00553744EA0112601138
B1311394519595N00553750EA0112901141
B1311404519593N00553755EA0113101143
B1311414519589N00553760EA0113301145
B1311424519585N00553764EA0113601148
B1311434519580N00553765EA0113801150
B1311444519574N00553765EA0114001152
B1311454519569N00553763EA0114301155
B1311464519564N00553758EA0114501157
B1311474519560N00553753EA0114801160
B1311484519558N00553745EA0115001162
B1311494519556N00553738EA0115301165
B1311504519556N00553730EA0115601168
B1311514519558N00553723EA0115801170
B1311524519560N00553717EA0115901171
B1311534519564N00553712EA0116101173
B1311544519568N00553710EA0116401176
B1311554519572N00553709EA0116701179
B1311564519576N00553711EA0116901181
B1311574519579N00553714EA0117101183
B1311584519582N00553719EA0117301185
B1311594519582N00553725EA0117501187
B1312004519582N00553731EA0117801190
B1312014519580N00553737EA0118001192
B1312024519577N00553741EA0118201194
B1312034519572N00553745EA0118401196
B1312044519567N00553746EA0118501197
B1312054519562N00553746EA0118701199
B1312064519556N00553744EA0118901201
B1312074519551N00553739EA0119101203
B1312084519548N00553733EA0119401206
B1312094519545N00553726EA0119601208
B1312104519544N00553718EA0119801210
B1312114519544N00553711EA0120201214
B1312124519545N00553703EA0120501217
B1312134519548N00553698EA0120701219
B1312144519552N00553693EA0120901221
B1312154519556N00553691EA0121101223
B1312164519560N00553691EA0121301225
B1312174519564N00553692EA0121401226
B1312184519567N00553696EA0121601228
B1312194519569N00553700EA0121801230
B1312204519570N00553706EA0122001232
B1312214519569N00553712EA0122301235
B1312224519567N00553718EA0122501237
B1312234519564N00553723EA0122701239
B1312244519559N00553726EA0122901241
B1312254519554N00553727EA0123101243
B1312264519549N00553727EA0123301245
B1312274519543N00553724EA0123401246
B1312284519539N00553720EA0123701249
B1312294519535N00553714EA0123801250
B1312304519532N00553707EA0124201254
B1312314519531N00553699EA0124401256
B1312324519531N00553691EA0124701259
B1312334519533N00553684EA0124901261
B1312344519535N00553678EA0125201264
B1312354519539N00553674EA0125401266
B1312364519543N00553672EA0125601268
B1312374519548N00553672EA0125801270
B1312384519551N00553673EA0126201274
B1312394519554N00553677EA0126401276
B1312404519556N00553682EA0126601278
B1312414519557N00553687EA0126901281
B1312424519556N00553693EA0127201284
B1312434519554N00553699EA0127501287
B1312444519551N00553704EA0127701289
B1312454519546N00553707EA0127901291
B1312464519541N00553708EA0128101293
B1312474519536N00553708EA0128401296
B1312484519530N00553705EA0128501297
B1312494519526N00553701EA0128801300
B1312504519522N00553694EA0129101303
B1312514519519N00553687EA0129301305
B1312524519518N00553679EA0129501307
B1312534519519N00553672EA0129701309
B1312544519520N00553665EA0129901311
B1312554519523N00553659EA0130101313
B1312564519527N00553655EA0130201314
B1312574519531N00553653EA0130501317
B1312584519535N00553653EA0130701319
B1312594519539N00553654EA0130901321
B1313004519542N00553658EA0131101323
B1313014519544N00553663EA0131201324
B1313024519545N00553669EA0131401326
B1313034519544N00553675EA0131701329
B1313044519541N00553680EA0131901331
B1313054519538N00553685EA0132201334
B1313064519533N00553688EA0132401336
B1313074519528N00553689EA0132601338
B1313084519523N00553689EA0132801340
B1313094519517N00553688EA0132701339
B1313104519511N00553687EA0132701339
B1313114519505N00553686EA0132601338
B1313124519499N00553685EA0132501337
B1313134519493N00553684EA0132401336
B1313144519487N00553684EA0132401336
B1313154519481N00553683EA0132201334
B1313164519475N00553682EA0132101333
B1313174519469N00553681EA0132001332
B1313184519463N00553681EA0131801330
B1313194519457N00553680EA0131701329
B1313204519451N00553679EA0131601328
B1313214519445N00553678EA0131501327
B1313224519439N00553678EA0131301325
B1313234519433N00553677EA0131201324
B1313244519427N00553677EA0131101323
B1313254519421N00553676EA0130901321
B1313264519415N00553676EA0130801320
B1313274519409N00553675EA0130601318
B1313284519403N00553675EA0130501317
B1313294519397N00553675EA0130401316
B1313304519391N00553675EA0130301315
B1313314519385N00553674EA0130201314
B1313324519379N00553674EA0130001312
B1313334519373N00553674EA0129901311
B1313344519367N00553674EA0129801310
B1313354519361N00553674EA0129701309
B1313364519355N00553673EA0129601308
B1313374519349N00553673EA0129401306
B1313384519343N00553672EA0129401306
B1313394519337N00553672EA0129301305
B1313404519331N00553672EA0129201304
B1313414519325N00553672EA0129101303
B1313424519319N00553672EA0129101303
B1313434519313N00553672EA0129001302
B1313444519307N00553671EA0128801300
B1313454519301N00553671EA0128701299
B1313464519296N00553671EA0128601298
B1313474519290N00553671EA0128501297
B1313484519284N00553670EA0128401296
B1313494519278N00553670EA0128301295
B1313504519272N00553670EA0128201294
B1313514519266N00553669EA0128101293
B1313524519260N00553669EA0128101293
B1313534519254N00553668EA0127901291
B1313544519248N00553668EA0127801290
B1313554519242N00553667EA0127701289
B1313564519236N00553666EA0127601288
B1313574519230N00553666EA0127501287
B1313584519224N00553665EA0127401286
B1313594519218N00553664EA0127301285
B1314004519212N00553663EA0127301285
B1314014519206N00553662EA0127201284
B1314024519200N00553661EA0127201284
B1314034519194N00553659EA0127101283
B1314044519188N00553658EA0127001282
B1314054519182N00553656EA0126901281
B1314064519176N00553654EA0126701279
B1314074519170N00553653EA0126601278
B1314084519164N00553651EA0126401276
B1314094519158N00553650EA0126401276
B1314104519152N00553648EA0126201274
B1314114519146N00553646EA0126101273
B1314124519140N00553644EA0126101273
B1314134519134N00553642EA0126001272
B1314144519128N00553640EA0125801270
B1314154519122N00553638EA0125801270
B1314164519116N00553636EA0125601268
B1314174519110N00553634EA0125501267
B1314184519104N00553632EA0125401266
B1314194519098N00553630EA0125301265
B1314204519093N00553629EA0125201264
B1314214519087N00553627EA0125101263
B1314224519081N00553626EA0124901261
B1314234519075N00553624EA0124701259
B1314244519069N00553622EA0124701259
B1314254519063N00553621EA0124501257
B1314264519057N00553619EA0124501257
B1314274519051N00553618EA0124401256
B1314284519045N00553616EA0124201254
B1314294519039N00553614EA0124101253
B1314304519033N00553613EA0124001252
B1314314519027N00553611EA0123801250
B1314324519021N00553610EA0123801250
B1314334519015N00553608EA0123701249
B1314344519009N00553607EA0123501247
B1314354519003N00553606EA0123401246
B1314364518997N00553605EA0123301245
B1314374518991N00553604EA0123101243
B1314384518985N00553603EA0123001242
B1314394518979N00553602EA0122801240
B1314404518973N00553601EA0122701239
B1314414518967N00553600EA0122501237
B1314424518961N00553599EA0122401236
B1314434518955N00553598EA0122301235
B1314444518949N00553597EA0122101233
B1314454518943N00553597EA0122001232
B1314464518937N00553596EA0121901231
B1314474518931N00553594EA0121801230
B1314484518925N00553593EA0121701229
B1314494518919N00553592EA0121701229
B1314504518913N00553591EA0121601228
B1314514518907N00553590EA0121501227
B1314524518901N00553589EA0121401226
B1314534518895N00553588EA0121301225
B1314544518889N00553588EA0121101223
B1314554518883N00553587EA0120901221
B1314564518877N00553586EA0120901221
B1314574518871N00553585EA0120801220
B1314584518865N00553585EA0120701219
B1314594518859N00553584EA0120601218
B1315004518853N00553583EA0120501217
B1315014518847N00553583EA0120401216
B1315024518841N00553582EA0120301215
B1315034518835N00553582EA0120201214
B1315044518829N00553582EA0120101213
B1315054518823N00553581EA0120001212
B1315064518817N00553581EA0119901211
B1315074518811N00553581EA0119801210
B1315084518805N00553580EA0119701209
B1315094518799N00553580EA0119601208
B1315104518793N00553579EA0119501207
B1315114518787N00553578EA0119401206
B1315124518781N00553578EA0119301205
B1315134518775N00553578EA0119101203
B1315144518769N00553578EA0119101203
B1315154518763N00553578EA0119001202
B1315164518757N00553577EA0118901201
B1315174518752N00553577EA0118901201
B1315184518746N00553577EA0118701199
B1315194518740N00553577EA0118601198
B1315204518734N00553577EA0118401196
B1315214518728N00553577EA0118301195
B1315224518722N00553577EA0118301195
B1315234518716N00553578EA0118101193
B1315244518710N00553578EA0118001192
B1315254518704N00553578EA0117901191
B1315264518698N00553579EA0117801190
B1315274518692N00553580EA0117701189
B1315284518686N00553580EA0117601188
B1315294518680N00553581EA0117501187
B1315304518675N00553582EA0117401186
B1315314518669N00553582EA0117301185
B1315324518663N00553583EA0117201184
B1315334518657N00553584EA0117101183
B1315344518651N00553584EA0117001182
B1315354518645N00553585EA0116901181
B1315364518639N00553585EA0116801180
B1315374518633N00553586EA0116701179
B1315384518628N00553587EA0116501177
B1315394518622N00553587EA0116401176
B1315404518616N00553588EA0116301175
B1315414518610N00553588EA0116201174
B1315424518604N00553589EA0116001172
B1315434518598N00553589EA0116001172
B1315444518592N00553589EA0115901171
B1315454518586N00553589EA0115801170
B1315464518580N00553590EA0115701169
B1315474518574N00553590EA0115501167
B1315484518568N00553590EA0115301165
B1315494518562N00553591EA0115301165
B1315504518557N00553591EA0115101163
B1315514518551N00553591EA0115001162
B1315524518545N00553592EA0114801160
B1315534518539N00553593EA0114701159
B1315544518533N00553593EA0114501157
B1315554518527N00553594EA0114401156
B1315564518521N00553595EA0114401156
B1315574518515N00553596EA0114301155
B1315584518510N00553596EA0114201154
B1315594518504N00553597EA0114101153
B1316004518498N00553598EA0113901151
B1316014518492N00553599EA0113801150
B1316024518486N00553600EA0113701149
B1316034518480N00553601EA0113501147
B1316044518474N00553602EA0113401146
B1316054518469N00553602EA0113301145
B1316064518463N00553603EA0113201144
B1316074518457N00553604EA0113101143
B1316084518451N00553605EA0113001142
B1316094518445N00553605EA0112901141
B1316104518439N00553606EA0112801140
B1316114518433N00553607EA0112801140
B1316124518427N00553607EA0112701139
B1316134518422N00553606EA0112801140
B1316144518417N00553602EA0113001142
B1316154518413N00553597EA0113201144
B1316164518409N00553590EA0113401146
B1316174518408N00553582EA0113601148
B1316184518407N00553575EA0113901151
B1316194518408N00553567EA0114101153
B1316204518410N00553561EA0114201154
B1316214518414N00553556EA0114401156
B1316224518418N00553553EA0114501157
B1316234518422N00553551EA0114701159
B1316244518426N00553552EA0114901161
B1316254518430N00553555EA0114901161
B1316264518432N00553559EA0115101163
B1316274518433N00553565EA0115301165
B1316284518433N00553571EA0115601168
B1316294518432N00553577EA0115801170
B1316304518429N00553582EA0116101173
B1316314518425N00553586EA0116301175
B1316324518420N00553588EA0116501177
B1316334518415N00553588EA0116701179
B1316344518409N00553587EA0116801180
B1316354518404N00553583EA0117001182
B1316364518400N00553577EA0117101183
B1316374518397N00553571EA0117101183
B1316384518395N00553563EA0117201184
B1316394518395N00553555EA0117501187
B1316404518396N00553548EA0117601188
B1316414518398N00553541EA0117801190
B1316424518401N00553536EA0118001192
B1316434518405N00553533EA0118201194
B1316444518410N00553532EA0118301195
B1316454518414N00553533EA0118601198
B1316464518417N00553536EA0118901201
B1316474518420N00553541EA0119001202
B1316484518421N00553546EA0119201204
B1316494518421N00553552EA0119401206
B1316504518419N00553558EA0119501207
B1316514518416N00553563EA0119701209
B1316524518412N00553567EA0119901211
B1316534518407N00553569EA0120101213
B1316544518402N00553569EA0120301215
B1316554518396N00553567EA0120401216
B1316564518391N00553564EA0120701219
B1316574518387N00553558EA0120801220
B1316584518384N00553551EA0121001222
B1316594518382N00553543EA0121201224
B1317004518382N00553536EA0121301225
B1317014518383N00553528EA0121401226
B1317024518385N00553522EA0121501227
B1317034518389N00553517EA0121701229
B1317044518393N00553514EA0122001232
B1317054518397N00553513EA0122101233
B1317064518401N00553514EA0122201234
B1317074518405N00553517EA0122301235
B1317084518407N00553522EA0122501237
B1317094518408N00553527EA0122701239
B1317104518408N00553533EA0122901241
B1317114518406N00553539EA0123101243
B1317124518403N00553544EA0123301245
B1317134518399N00553548EA0123401246
B1317144518394N00553550EA0123501247
B1317154518389N00553550EA0123601248
B1317164518383N00553548EA0123701249
B1317174518378N00553544EA0123801250
B1317184518374N00553539EA0124001252
B1317194518371N00553532EA0124201254
B1317204518370N00553524EA0124401256
B1317214518369N00553516EA0124701259
B1317224518371N00553509EA0124901261
B1317234518373N00553503EA0125101263
B1317244518376N00553498EA0125301265
B1317254518381N00553495EA0125501267
B1317264518385N00553494EA0125801270
B1317274518389N00553496EA0125901271
B1317284518392N00553499EA0126101273
B1317294518394N00553503EA0126301275
B1317304518396N00553509EA0126501277
B1317314518395N00553515EA0126701279
B1317324518393N00553520EA0126901281
B1317334518390N00553525EA0127001282
B1317344518386N00553529EA0127101283
B1317354518381N00553531EA0127301285
B1317364518376N00553531EA0127601288
B1317374518370N00553529EA0127801290
B1317384518365N00553525EA0127901291
B1317394518361N00553519EA0128101293
B1317404518358N00553512EA0128301295
B1317414518357N00553505EA0128501297
B1317424518357N00553497EA0128601298
B1317434518358N00553490EA0128901301
B1317444518361N00553483EA0129001302
B1317454518364N00553479EA0129201304
B1317464518368N00553476EA0129501307
B1317474518372N00553475EA0129601308
B1317484518376N00553477EA0129701309
B1317494518380N00553480EA0129901311
B1317504518382N00553484EA0130101313
B1317514518383N00553490EA0130301315
B1317524518383N00553496EA0130401316
B1317534518381N00553502EA0130601318
B1317544518378N00553507EA0130801320
B1317554518373N00553510EA0131101323
B1317564518368N00553512EA0131201324
B1317574518363N00553512EA0131301325
B1317584518357N00553510EA0131501327
B1317594518353N00553506EA0131601328
B1318004518349N00553500EA0131701329
B1318014518346N00553493EA0132001332
B1318024518344N00553485EA0132201334
B1318034518344N00553477EA0132401336
B1318044518346N00553470EA0132601338
B1318054518348N00553464EA0132801340
B1318064518352N00553460EA0132901341
B1318074518356N00553457EA0133001342
B1318084518360N00553456EA0133101343
B1318094518364N00553458EA0133301345
B1318104518367N00553461EA0133501347
B1318114518369N00553466EA0133701349
B1318124518370N00553471EA0133901351
B1318134518370N00553477EA0134101353
B1318144518368N00553483EA0134401356
B1318154518365N00553488EA0134501357
B1318164518360N00553491EA0134701359
B1318174518355N00553493EA0134801360
B1318184518350N00553493EA0134901361
B1318194518345N00553491EA0135101363
B1318204518340N00553486EA0135201364
B1318214518336N00553480EA0135401366
B1318224518333N00553473EA0135701369
B1318234518332N00553466EA0135901371
B1318244518332N00553458EA0136101373
B1318254518333N00553451EA0136201374
B1318264518336N00553445EA0136401376
B1318274518339N00553440EA0136601378
B1318284518343N00553438EA0136801380
B1318294518348N00553437EA0136901381
B1318304518352N00553439EA0137201384
B1318314518355N00553442EA0137401386
B1318324518357N00553447EA0137601388
B1318334518358N00553453EA0137801390
B1318344518357N00553459EA0137901391
B1318354518355N00553464EA0138201394
B1318364518352N00553469EA0138401396
B1318374518347N00553473EA0138601398
B1318384518342N00553474EA0138801400
B1318394518337N00553474EA0139001402
B1318404518332N00553471EA0139201404
B1318414518327N00553467EA0139401406
B1318424518323N00553461EA0139601408
B1318434518320N00553454EA0139801410
B1318444518319N00553446EA0140001412
B1318454518319N00553438EA0140101413
B1318464518320N00553431EA0140201414
B1318474518323N00553425EA0140401416
B1318484518327N00553421EA0140601418
B1318494518331N00553419EA0140801420
B1318504518335N00553418EA0140901421
B1318514518339N00553420EA0141201424
B1318524518342N00553423EA0141401426
B1318534518344N00553428EA0141601428
B1318544518345N00553434EA0141901431
B1318554518344N00553440EA0142101433
B1318564518342N00553446EA0142101433
B1318574518339N00553450EA0142301435
B1318584518335N00553454EA0142401436
B1318594518329N00553455EA0142601438
B1319004518324N00553455EA0142801440
B1319014518319N00553452EA0142901441
B1319024518314N00553448EA0143001442
B1319034518310N00553442EA0143201444
B1319044518307N00553434EA0143301445
B1319054518306N00553427EA0143401446
B1319064518306N00553419EA0143601448
B1319074518308N00553412EA0143701449
B1319084518311N00553406EA0143801450
B1319094518314N00553402EA0143901451
B1319104518319N00553400EA0144001452
B1319114518323N00553399EA0144201454
B1319124518327N00553401EA0144401456
B1319134518330N00553405EA0144701459
B1319144518332N00553410EA0144801460
B1319154518332N00553415EA0145101463
B1319164518332N00553421EA0145301465
B1319174518330N00553427EA0145401466
B1319184518326N00553432EA0145501467
B1319194518322N00553435EA0145901471
B1319204518317N00553436EA0146101473
B1319214518311N00553436EA0146201474
B1319224518306N00553433EA0146401476
B1319234518301N00553428EA0146601478
B1319244518297N00553422EA0146701479
B1319254518295N00553415EA0146801480
B1319264518294N00553407EA0147001482
B1319274518294N00553400EA0147201484
B1319284518295N00553393EA0147401486
B1319294518298N00553387EA0147701489
B1319304518302N00553383EA0147801490
B1319314518306N00553380EA0148001492
B1319324518310N00553380EA0148101493
B1319334518314N00553382EA0148301495
B1319344518317N00553386EA0148501497
B1319354518319N00553391EA0148701499
B1319364518320N00553397EA0148701499
B1319374518319N00553403EA0148801500
B1319384518317N00553408EA0149001502
B1319394518313N00553413EA0149101503
B1319404518309N00553416EA0149201504
B1319414518304N00553417EA0149501507
B1319424518298N00553416EA0149601508
B1319434518293N00553414EA0149901511
B1319444518288N00553409EA0150101513
B1319454518284N00553403EA0150301515
B1319464518282N00553396EA0150501517
B1319474518281N00553388EA0150501517
B1319484518281N00553380EA0150601518
B1319494518283N00553373EA0150901521
B1319504518286N00553368EA0150901521
B1319514518290N00553363EA0151101523
B1319524518294N00553361EA0151201524
B1319534518298N00553361EA0151301525
B1319544518302N00553363EA0151401526
B1319554518305N00553367EA0151601528
B1319564518307N00553372EA0151701529
B1319574518307N00553378EA0151901531
B1319584518306N00553384EA0152001532
B1319594518304N00553389EA0152201534
B1320004518300N00553394EA0152501537
B1320014518296N00553397EA0152701539
B1320024518291N00553398EA0152901541
B1320034518285N00553397EA0153001542
B1320044518280N00553394EA0153201544
B1320054518275N00553390EA0153201544
B1320064518272N00553383EA0153501547
B1320074518269N00553376EA0153601548
B1320084518268N00553368EA0153801550
B1320094518269N00553361EA0154001552
B1320104518270N00553354EA0154201554
B1320114518273N00553348EA0154301555
B1320124518277N00553344EA0154501557
B1320134518281N00553342EA0154701559
B1320144518286N00553342EA0154901561
B1320154518289N00553345EA0155101563
B1320164518292N00553348EA0155301565
B1320174518296N00553352EA0155101563
B1320184518299N00553357EA0155001562
B1320194518302N00553361EA0154901561
B1320204518305N00553366EA0154701559
B1320214518308N00553371EA0154601558
B1320224518311N00553376EA0154501557
B1320234518314N00553380EA0154301555
B1320244518317N00553385EA0154201554
B1320254518320N00553390EA0154101553
B1320264518323N00553395EA0154001552
B1320274518326N00553400EA0153701549
B1320284518329N00553405EA0153501547
B1320294518331N00553410EA0153401546
B1320304518334N00553415EA0153301545
B1320314518337N00553420EA0153201544
B1320324518340N00553425EA0153101543
B1320334518343N00553430EA0153001542
B1320344518346N00553435EA0152801540
B1320354518349N00553439EA0152701539
B1320364518352N00553444EA0152601538
B1320374518355N00553449EA0152501537
B1320384518358N00553454EA0152401536
B1320394518361N00553459EA0152401536
B1320404518364N00553463EA0152301535
B1320414518367N00553468EA0152101533
B1320424518370N00553473EA0152001532
B1320434518373N00553478EA0151901531
B1320444518376N00553483EA0151801530
B1320454518379N00553488EA0151701529
B1320464518382N00553492EA0151601528
B1320474518385N00553497EA0151401526
B1320484518388N00553502EA0151301525
B1320494518391N00553507EA0151101523
B1320504518394N00553512EA0151001522
B1320514518397N00553516EA0150901521
B1320524518400N00553521EA0150901521
B1320534518403N00553525EA0150701519
B1320544518406N00553530EA0150501517
B1320554518409N00553535EA0150401516
B1320564518412N00553540EA0150301515
B1320574518415N00553545EA0150201514
B1320584518418N00553549EA0150101513
B1320594518421N00553554EA0150001512
B1321004518424N00553559EA0150001512
B1321014518428N00553563EA0149901511
B1321024518431N00553568EA0149701509
B1321034518434N00553572EA0149601508
B1321044518437N00553576EA0149501507
B1321054518441N00553581EA0149401506
B1321064518444N00553585EA0149301505
B1321074518448N00553589EA0149301505
B1321084518451N00553593EA0149201504
B1321094518454N00553598EA0149101503
B1321104518458N00553602EA0149001502
B1321114518461N00553606EA0149001502
B1321124518465N00553610EA0148901501
B1321134518468N00553614EA0148801500
B1321144518472N00553619EA0148601498
B1321154518475N00553623EA0148501497
B1321164518478N00553627EA0148401496
B1321174518482N00553631EA0148301495
B1321184518485N00553635EA0148101493
B1321194518489N00553639EA0148101493
B1321204518492N00553643EA0148001492
B1321214518496N00553648EA0147801490
B1321224518499N00553652EA0147701489
B1321234518503N00553656EA0147601488
B1321244518506N00553660EA0147501487
B1321254518509N00553664EA0147401486
B1321264518513N00553668EA0147201484
B1321274518516N00553672EA0147201484
B1321284518520N00553676EA0147101483
B1321294518524N00553680EA0147001482
B1321304518527N00553684EA0146901481
B1321314518531N00553688EA0146801480
B1321324518534N00553692EA0146701479
B1321334518538N00553696EA0146501477
B1321344518542N00553700EA0146401476
B1321354518545N00553703EA0146201474
B1321364518549N00553707EA0146101473
B1321374518553N00553711EA0145901471
B1321384518557N00553714EA0145801470
B1321394518560N00553718EA0145601468
B1321404518564N00553722EA0145501467
B1321414518568N00553725EA0145401466
B1321424518571N00553729EA0145301465
B1321434518575N00553733EA0145201464
B1321444518579N00553736EA0145101463
B1321454518583N00553740EA0145001462
B1321464518586N00553743EA0144901461
B1321474518590N00553747EA0144701459
B1321484518594N00553751EA0144601458
B1321494518598N00553754EA0144501457
B1321504518601N00553758EA0144301455
B1321514518605N00553762EA0144201454
B1321524518608N00553766EA0144201454
B1321534518612N00553770EA0144001452
B1321544518615N00553774EA0143901451
B1321554518619N00553778EA0143801450
B1321564518623N00553782EA0143701449
B1321574518626N00553786EA0143601448
B1321584518630N00553790EA0143601448
B1321594518633N00553794EA0143401446
B1322004518637N00553797EA0143301445
B1322014518640N00553802EA0143101443
B1322024518644N00553806EA0142901441
B1322034518647N00553810EA0142801440
B1322044518651N00553814EA0142701439
B1322054518654N00553818EA0142601438
B1322064518658N00553823EA0142401436
B1322074518661N00553827EA0142301435
B1322084518664N00553831EA0142101433
B1322094518668N00553835EA0142001432
B1322104518671N00553839EA0141801430
B1322114518674N00553844EA0141701429
B1322124518678N00553848EA0141601428
B1322134518681N00553852EA0141601428
B1322144518685N00553856EA0141501427
B1322154518688N00553861EA0141301425
B1322164518691N00553865EA0141201424
B1322174518695N00553869EA0141101423
B1322184518698N00553873EA0140901421
B1322194518702N00553878EA0140801420
B1322204518705N00553882EA0140801420
B1322214518708N00553886EA0140601418
B1322224518712N00553890EA0140501417
B1322234518715N00553894EA0140401416
B1322244518719N00553898EA0140401416
B1322254518723N00553902EA0140301415
B1322264518726N00553906EA0140201414
B1322274518730N00553910EA0140001412
B1322284518733N00553913EA0139901411
B1322294518737N00553917EA0139801410
B1322304518741N00553921EA0139701409
B1322314518745N00553925EA0139501407
B1322324518748N00553928EA0139401406
B1322334518752N00553931EA0139301405
B1322344518756N00553935EA0139201404
B1322354518760N00553938EA0139101403
B1322364518764N00553941EA0139001402
B1322374518768N00553944EA0138901401
B1322384518772N00553948EA0138701399
B1322394518776N00553951EA0138601398
B1322404518780N00553955EA0138401396
B1322414518783N00553958EA0138201394
B1322424518787N00553962EA0138101393
B1322434518791N00553966EA0138001392
B1322444518794N00553970EA0137801390
B1322454518798N00553973EA0137701389
B1322464518802N00553977EA0137501387
B1322474518805N00553981EA0137401386
B1322484518809N00553985EA0137301385
B1322494518812N00553989EA0137201384
B1322504518816N00553993EA0137001382
B1322514518819N00553997EA0136901381
B1322524518823N00554001EA0136801380
B1322534518826N00554005EA0136701379
B1322544518830N00554010EA0136601378
B1322554518833N00554014EA0136501377
B1322564518836N00554018EA0136401376
B1322574518840N00554022EA0136301375
B1322584518843N00554026EA0136201374
B1322594518847N00554030EA0136001372
B1323004518850N00554035EA0135901371
B1323014518853N00554039EA0135801370
B1323024518857N00554044EA0135701369
B1323034518860N00554048EA0135701369
B1323044518863N00554052EA0135501367
B1323054518866N00554057EA0135301365
B1323064518870N00554061EA0135201364
B1323074518873N00554065EA0135101363
B1323084518877N00554069EA0135001362
B1323094518881N00554073EA0134901361
B1323104518884N00554077EA0134901361
B1323114518888N00554081EA0134801360
B1323124518891N00554085EA0134701359
B1323134518895N00554089EA0134601358
B1323144518898N00554092EA0134501357
B1323154518902N00554096EA0134301355
B1323164518906N00554100EA0134201354
B1323174518909N00554104EA0134101353
B1323184518913N00554107EA0134001352
B1323194518917N00554111EA0133901351
B1323204518920N00554115EA0133801350
B1323214518924N00554119EA0133601348
B1323224518928N00554123EA0133501347
B1323234518931N00554127EA0133301345
B1323244518934N00554131EA0133201344
B1323254518938N00554136EA0133101343
B1323264518941N00554140EA0133101343
B1323274518943N00554144EA0133101343
B1323284518944N00554150EA0133201344
B1323294518943N00554156EA0133301345
B1323304518941N00554162EA0133401346
B1323314518938N00554166EA0133601348
B1323324518933N00554170EA0133701349
B1323334518928N00554171EA0133801350
B1323344518923N00554171EA0133901351
B1323354518917N00554168EA0134101353
B1323364518913N00554163EA0134201354
B1323374518909N00554157EA0134301355
B1323384518906N00554150EA0134401356
B1323394518905N00554142EA0134601358
B1323404518905N00554135EA0134601358
B1323414518907N00554128EA0134801360
B1323424518910N00554122EA0134901361
B1323434518914N00554118EA0135101363
B1323444518918N00554115EA0135101363
B1323454518922N00554115EA0135201364
B1323464518926N00554117EA0135201364
B1323474518929N00554121EA0135301365
B1323484518931N00554126EA0135401366
B1323494518932N00554131EA0135401366
B1323504518931N00554137EA0135601368
B1323514518928N00554143EA0135701369
B1323524518925N00554148EA0135801370
B1323534518920N00554151EA0135901371
B1323544518915N00554152EA0136101373
B1323554518910N00554151EA0136301375
B1323564518905N00554149EA0136401376
B1323574518900N00554144EA0136601378
B1323584518896N00554138EA0136601378
B1323594518894N00554131EA0136701379
B1324004518893N00554123EA0136701379
B1324014518893N00554115EA0136801380
B1324024518895N00554108EA0136901381
B1324034518898N00554102EA0137001382
B1324044518901N00554098EA0137101383
B1324054518905N00554096EA0137201384
B1324064518910N00554096EA0137401386
B1324074518913N00554098EA0137501387
B1324084518916N00554102EA0137601388
B1324094518918N00554107EA0137701389
B1324104518919N00554113EA0137801390
B1324114518918N00554119EA0137801390
B1324124518916N00554124EA0138001392
B1324134518912N00554129EA0138101393
B1324144518908N00554132EA0138301395
B1324154518902N00554133EA0138501397
B1324164518897N00554132EA0138601398
B1324174518892N00554129EA0138701399
B1324184518887N00554125EA0138901401
B1324194518883N00554118EA0138901401
B1324204518881N00554111EA0139101403
B1324214518880N00554103EA0139201404
B1324224518880N00554096EA0139301405
B1324234518882N00554089EA0139401406
B1324244518885N00554083EA0139501407
B1324254518889N00554079EA0139601408
B1324264518893N00554077EA0139801410
B1324274518897N00554077EA0139901411
B1324284518901N00554079EA0140001412
B1324294518904N00554083EA0140201414
B1324304518906N00554088EA0140301415
B1324314518906N00554094EA0140601418
B1324324518905N00554100EA0140701419
B1324334518903N00554106EA0140901421
B1324344518899N00554110EA0141001422
B1324354518895N00554113EA0141101423
B1324364518889N00554114EA0141301425
B1324374518884N00554113EA0141401426
B1324384518879N00554110EA0141601428
B1324394518874N00554105EA0141801430
B1324404518871N00554099EA0142001432
B1324414518868N00554092EA0142201434
B1324424518867N00554084EA0142201434
B1324434518868N00554076EA0142301435
B1324444518870N00554069EA0142401436
B1324454518873N00554064EA0142501437
B1324464518876N00554060EA0142701439
B1324474518881N00554058EA0142801440
B1324484518885N00554058EA0142801440
B1324494518889N00554061EA0143101443
B1324504518891N00554064EA0143101443
B1324514518893N00554070EA0143101443
B1324524518894N00554075EA0143201444
B1324534518893N00554081EA0143301445
B1324544518890N00554087EA0143501447
B1324554518886N00554091EA0143601448
B1324564518882N00554094EA0143701449
B1324574518876N00554095EA0143901451
B1324584518871N00554094EA0144001452
B1324594518866N00554091EA0144101453
B1325004518861N00554086EA0144301455
B1325014518858N00554080EA0144401456
B1325024518855N00554072EA0144401456
B1325034518855N00554064EA0144501457
B1325044518855N00554057EA0144701459
B1325054518857N00554050EA0144701459
B1325064518860N00554045EA0144701459
B1325074518864N00554041EA0144801460
B1325084518868N00554039EA0145001462
B1325094518872N00554039EA0145101463
B1325104518876N00554042EA0145301465
B1325114518879N00554046EA0145401466
B1325124518881N00554051EA0145601468
B1325134518881N00554057EA0145601468
B1325144518880N00554063EA0145801470
B1325154518877N00554068EA0145901471
B1325164518874N00554072EA0146001472
B1325174518869N00554075EA0146201474
B1325184518864N00554076EA0146301475
B1325194518858N00554075EA0146401476
B1325204518853N00554072EA0146601478
B1325214518848N00554067EA0146701479
B1325224518845N00554060EA0146701479
B1325234518843N00554053EA0146901481
B1325244518842N00554045EA0147201484
B1325254518843N00554037EA0147201484
B1325264518845N00554031EA0147401486
B1325274518848N00554025EA0147601488
B1325284518852N00554022EA0147701489
B1325294518856N00554018EA0147601488
B1325304518860N00554013EA0147401486
B1325314518864N00554009EA0147301485
B1325324518869N00554005EA0147201484
B1325334518873N00554000EA0147101483
B1325344518877N00553996EA0147001482
B1325354518881N00553992EA0146901481
B1325364518886N00553988EA0146801480
B1325374518890N00553984EA0146701479
B1325384518894N00553980EA0146601478
B1325394518898N00553975EA0146501477
B1325404518903N00553971EA0146401476
B1325414518907N00553967EA0146401476
B1325424518911N00553962EA0146301475
B1325434518915N00553958EA0146101473
B1325444518919N00553953EA0146001472
B1325454518924N00553949EA0145901471
B1325464518928N00553945EA0145801470
B1325474518932N00553940EA0145701469
B1325484518936N00553936EA0145601468
B1325494518941N00553932EA0145501467
B1325504518945N00553928EA0145401466
B1325514518949N00553923EA0145301465
B1325524518953N00553919EA0145101463
B1325534518957N00553914EA0145001462
B1325544518961N00553910EA0144901461
B1325554518966N00553905EA0144801460
B1325564518970N00553901EA0144701459
B1325574518974N00553896EA0144601458
B1325584518978N00553892EA0144501457
B1325594518983N00553888EA0144401456
B1326004518987N00553883EA0144301455
B1326014518991N00553879EA0144301455
B1326024518995N00553875EA0144101453
B1326034518999N00553870EA0144001452
B1326044519004N00553866EA0143801450
B1326054519008N00553862EA0143701449
B1326064519012N00553857EA0143601448
B1326074519016N00553853EA0143501447
B1326084519020N00553848EA0143301445
B1326094519024N00553844EA0143201444
B1326104519029N00553839EA0143101443
B1326114519033N00553834EA0143001442
B1326124519037N00553830EA0142901441
B1326134519041N00553825EA0142801440
B1326144519045N00553820EA0142601438
B1326154519049N00553815EA0142501437
B1326164519053N00553810EA0142401436
B1326174519057N00553805EA0142201434
B1326184519061N00553800EA0142101433
B1326194519065N00553795EA0142001432
B1326204519069N00553790EA0141901431
B1326214519073N00553786EA0141801430
B1326224519077N00553781EA0141701429
B1326234519081N00553776EA0141601428
B1326244519085N00553771EA0141501427
B1326254519089N00553766EA0141301425
B1326264519093N00553762EA0141201424
B1326274519097N00553757EA0141101423
B1326284519101N00553752EA0140901421
B1326294519105N00553747EA0140801420
B1326304519109N00553743EA0140801420
B1326314519113N00553738EA0140601418
B1326324519117N00553733EA0140501417
B1326334519121N00553729EA0140301415
B1326344519125N00553724EA0140201414
B1326354519129N00553719EA0140101413
B1326364519133N00553714EA0140001412
B1326374519137N00553709EA0139901411
B1326384519141N00553704EA0139801410
B1326394519145N00553698EA0139701409
B1326404519149N00553693EA0139601408
B1326414519153N00553688EA0139501407
B1326424519157N00553683EA0139401406
B1326434519160N00553677EA0139401406
B1326444519164N00553672EA0139301405
B1326454519168N00553666EA0139101403
B1326464519171N00553661EA0139001402
B1326474519175N00553655EA0138801400
B1326484519179N00553650EA0138801400
B1326494519183N00553644EA0138601398
B1326504519186N00553639EA0138501397
B1326514519190N00553633EA0138501397
B1326524519194N00553627EA0138301395
B1326534519197N00553622EA0138201394
B1326544519201N00553616EA0138001392
B1326554519205N00553611EA0137901391
B1326564519208N00553605EA0137801390
B1326574519212N00553600EA0137701389
B1326584519216N00553594EA0137501387
B1326594519220N00553589EA0137401386
B1327004519223N00553584EA0137401386
B1327014519227N00553578EA0137301385
B1327024519231N00553573EA0137101383
B1327034519235N00553567EA0136901381
B1327044519239N00553562EA0136901381
B1327054519243N00553558EA0136801380
B1327064519247N00553553EA0136701379
B1327074519251N00553548EA0136601378
B1327084519255N00553543EA0136601378
B1327094519259N00553538EA0136401376
B1327104519263N00553533EA0136201374
B1327114519267N00553528EA0136101373
B1327124519271N00553524EA0136001372
B1327134519275N00553519EA0135801370
B1327144519279N00553515EA0135801370
B1327154519284N00553511EA0135701369
B1327164519288N00553507EA0135601368
B1327174519292N00553504EA0135401366
B1327184519297N00553500EA0135401366
B1327194519301N00553496EA0135201364
B1327204519306N00553493EA0135201364
B1327214519310N00553489EA0135001362
B1327224519315N00553486EA0134901361
B1327234519319N00553483EA0134901361
B1327244519324N00553479EA0134701359
B1327254519328N00553476EA0134601358
B1327264519333N00553472EA0134501357
B1327274519337N00553469EA0134301355
B1327284519342N00553466EA0134201354
B1327294519346N00553462EA0134101353
B1327304519350N00553458EA0133901351
B1327314519355N00553455EA0133801350
B1327324519359N00553451EA0133601348
B1327334519364N00553447EA0133501347
B1327344519368N00553443EA0133301345
B1327354519372N00553439EA0133201344
B1327364519377N00553436EA0133001342
B1327374519381N00553431EA0132901341
B1327384519385N00553427EA0132801340
B1327394519389N00553422EA0132701339
B1327404519394N00553418EA0132601338
B1327414519398N00553414EA0132501337
B1327424519402N00553410EA0132401336
B1327434519406N00553405EA0132301335
B1327444519411N00553401EA0132301335
B1327454519415N00553399EA0132401336
B1327464519419N00553399EA0132601338
B1327474519423N00553401EA0132901341
B1327484519426N00553404EA0133101343
B1327494519428N00553409EA0133401346
B1327504519428N00553415EA0133501347
B1327514519427N00553421EA0133701349
B1327524519425N00553427EA0134001352
B1327534519421N00553431EA0134001352
B1327544519417N00553434EA0134201354
B1327554519411N00553435EA0134401356
B1327564519406N00553435EA0134601358
B1327574519401N00553432EA0134801360
B1327584519396N00553427EA0134901361
B1327594519393N00553421EA0135001362
B1328004519390N00553413EA0135201364
B1328014519389N00553406EA0135301365
B1328024519390N00553398EA0135501367
B1328034519391N00553391EA0135601368
B1328044519394N00553385EA0135801370
B1328054519398N00553382EA0136001372
B1328064519402N00553380EA0136201374
B1328074519407N00553380EA0136401376
B1328084519410N00553382EA0136701379
B1328094519413N00553386EA0136801380
B1328104519415N00553391EA0136901381
B1328114519415N00553397EA0137201384
B1328124519414N00553403EA0137401386
B1328134519412N00553408EA0137601388
B1328144519408N00553412EA0137801390
B1328154519404N00553415EA0138001392
B1328164519399N00553416EA0138301395
B1328174519393N00553415EA0138501397
B1328184519388N00553412EA0138701399
B1328194519383N00553408EA0139001402
B1328204519380N00553401EA0139101403
B1328214519377N00553394EA0139201404
B1328224519376N00553386EA0139501407
B1328234519377N00553379EA0139601408
B1328244519379N00553372EA0139801410
B1328254519382N00553366EA0140001412
B1328264519386N00553362EA0140201414
B1328274519390N00553361EA0140401416
B1328284519394N00553361EA0140601418
B1328294519398N00553363EA0140801420
B1328304519401N00553367EA0141001422
B1328314519402N00553372EA0141101423
B1328324519403N00553378EA0141201424
B1328334519402N00553384EA0141401426
B1328344519399N00553389EA0141601428
B1328354519396N00553394EA0141801430
B1328364519391N00553396EA0142001432
B1328374519386N00553397EA0142101433
B1328384519380N00553396EA0142301435
B1328394519375N00553393EA0142601438
B1328404519370N00553388EA0142801440
B1328414519367N00553382EA0142901441
B1328424519365N00553374EA0143101443
B1328434519364N00553367EA0143301445
B1328444519364N00553359EA0143601448
B1328454519366N00553352EA0143901451
B1328464519369N00553347EA0144201454
B1328474519373N00553343EA0144301455
B1328484519378N00553341EA0144601458
B1328494519382N00553342EA0144801460
B1328504519385N00553344EA0144901461
B1328514519388N00553348EA0145201464
B1328524519390N00553353EA0145501467
B1328534519390N00553359EA0145601468
B1328544519389N00553365EA0145801470
B1328554519386N00553371EA0145901471
B1328564519383N00553375EA0146201474
B1328574519378N00553378EA0146501477
B1328584519373N00553378EA0146501477
B1328594519367N00553377EA0146801480
B1329004519362N00553374EA0147001482
B1329014519358N00553369EA0147101483
B1329024519354N00553362EA0147401486
B1329034519352N00553355EA0147601488
B1329044519351N00553347EA0147801490
B1329054519352N00553340EA0148001492
B1329064519354N00553333EA0148201494
B1329074519357N00553328EA0148301495
B1329084519361N00553324EA0148501497
B1329094519365N00553322EA0148701499
B1329104519369N00553323EA0148801500
B1329114519373N00553325EA0148901501
B1329124519376N00553329EA0149101503
B1329134519377N00553335EA0149301505
B1329144519378N00553340EA0149501507
B1329154519376N00553346EA0149701509
B1329164519374N00553352EA0149801510
B1329174519370N00553356EA0150001512
B1329184519365N00553359EA0150201514
B1329194519360N00553359EA0150401516
B1329204519354N00553358EA0150601518
B1329214519349N00553355EA0150801520
B1329224519345N00553350EA0151001522
B1329234519341N00553343EA0151101523
B1329244519339N00553336EA0151501527
B1329254519339N00553328EA0151601528
B1329264519339N00553320EA0151801530
B1329274519341N00553314EA0152201534
B1329284519345N00553308EA0152401536
B1329294519349N00553305EA0152701539
B1329304519353N00553303EA0153001542
B1329314519357N00553304EA0153301545
B1329324519361N00553306EA0153501547
B1329334519363N00553311EA0153801550
B1329344519365N00553316EA0154201554
B1329354519365N00553322EA0154401556
B1329364519364N00553328EA0154601558
B1329374519361N00553333EA0154601558
B1329384519357N00553337EA0154901561
B1329394519353N00553342EA0154801560
B1329404519348N00553347EA0154601558
B1329414519344N00553351EA0154301555
B1329424519340N00553356EA0154301555
B1329434519336N00553361EA0154201554
B1329444519332N00553366EA0154101553
B1329454519327N00553370EA0154101553
B1329464519323N00553375EA0154001552
B1329474519319N00553380EA0153801550
B1329484519314N00553384EA0153701549
B1329494519310N00553389EA0153601548
B1329504519306N00553393EA0153501547
B1329514519301N00553398EA0153301545
B1329524519297N00553403EA0153301545
B1329534519293N00553408EA0153201544
B1329544519289N00553412EA0153001542
B1329554519284N00553417EA0152801540
B1329564519280N00553422EA0152701539
B1329574519276N00553426EA0152601538
B1329584519271N00553431EA0152501537
B1329594519267N00553435EA0152501537
B1330004519262N00553440EA0152401536
B1330014519258N00553444EA0152301535
B1330024519253N00553448EA0152201534
B1330034519249N00553453EA0152101533
B1330044519244N00553457EA0151901531
B1330054519240N00553461EA0151801530
B1330064519235N00553466EA0151701529
B1330074519231N00553470EA0151601528
B1330084519226N00553474EA0151501527
B1330094519221N00553479EA0151401526
B1330104519217N00553483EA0151301525
B1330114519212N00553487EA0151201524
B1330124519208N00553491EA0151101523
B1330134519203N00553496EA0151001522
B1330144519199N00553500EA0150901521
B1330154519194N00553505EA0150801520
B1330164519190N00553509EA0150701519
B1330174519185N00553513EA0150601518
B1330184519180N00553517EA0150401516
B1330194519176N00553521EA0150301515
B1330204519171N00553526EA0150101513
B1330214519166N00553530EA0150001512
B1330224519162N00553534EA0149901511
B1330234519157N00553538EA0149801510
B1330244519152N00553542EA0149601508
B1330254519147N00553546EA0149501507
B1330264519143N00553550EA0149401506
B1330274519138N00553554EA0149301505
B1330284519133N00553558EA0149201504
B1330294519129N00553562EA0149101503
B1330304519124N00553566EA0149001502
B1330314519120N00553571EA0149001502
B1330324519115N00553575EA0148801500
B1330334519110N00553579EA0148701499
B1330344519106N00553583EA0148601498
B1330354519101N00553588EA0148501497
B1330364519097N00553592EA0148401496
B1330374519092N00553596EA0148301495
B1330384519087N00553600EA0148101493
B1330394519083N00553604EA0148001492
B1330404519078N00553609EA0148001492
B1330414519073N00553613EA0147901491
B1330424519069N00553617EA0147901491
B1330434519064N00553621EA0147801490
B1330444519059N00553625EA0147701489
B1330454519055N00553629EA0147601488
B1330464519050N00553634EA0147401486
B1330474519046N00553638EA0147201484
B1330484519041N00553642EA0147101483
B1330494519036N00553646EA0147001482
B1330504519032N00553651EA0146901481
B1330514519028N00553655EA0146801480
B1330524519023N00553660EA0146701479
B1330534519019N00553664EA0146701479
B1330544519014N00553669EA0146601478
B1330554519010N00553673EA0146601478
B1330564519006N00553678EA0146501477
B1330574519001N00553683EA0146301475
B1330584518997N00553687EA0146201474
B1330594518992N00553691EA0146001472
B1331004518988N00553696EA0145901471
B1331014518983N00553700EA0145801470
B1331024518979N00553704EA0145801470
B1331034518974N00553709EA0145701469
B1331044518970N00553713EA0145501467
B1331054518965N00553717EA0145401466
B1331064518961N00553722EA0145201464
B1331074518956N00553726EA0145101463
B1331084518951N00553730EA0145001462
B1331094518947N00553735EA0144901461
B1331104518942N00553739EA0144801460
B1331114518938N00553743EA0144701459
B1331124518933N00553747EA0144601458
B1331134518929N00553752EA0144501457
B1331144518924N00553757EA0144401456
B1331154518920N00553761EA0144201454
B1331164518916N00553766EA0144101453
B1331174518912N00553771EA0144001452
B1331184518908N00553776EA0143901451
B1331194518904N00553782EA0143701449
B1331204518901N00553787EA0143701449
B1331214518897N00553792EA0143501447
B1331224518893N00553798EA0143401446
B1331234518890N00553803EA0143201444
B1331244518886N00553809EA0143101443
B1331254518882N00553814EA0142901441
B1331264518879N00553819EA0142701439
B1331274518875N00553825EA0142601438
B1331284518871N00553830EA0142401436
B1331294518867N00553835EA0142301435
B1331304518863N00553840EA0142201434
B1331314518859N00553845EA0142101433
B1331324518855N00553850EA0142001432
B1331334518851N00553855EA0141801430
B1331344518847N00553860EA0141701429
B1331354518843N00553865EA0141701429
B1331364518839N00553871EA0141601428
B1331374518836N00553876EA0141401426
B1331384518832N00553881EA0141401426
B1331394518828N00553887EA0141301425
B1331404518824N00553892EA0141101423
B1331414518820N00553897EA0141001422
B1331424518816N00553902EA0140901421
B1331434518812N00553907EA0140701419
B1331444518808N00553912EA0140601418
B1331454518804N00553917EA0140601418
B1331464518800N00553922EA0140501417
B1331474518796N00553927EA0140401416
B1331484518792N00553932EA0140301415
B1331494518788N00553937EA0140201414
B1331504518784N00553942EA0140101413
B1331514518780N00553946EA0140001412
B1331524518776N00553951EA0139901411
B1331534518772N00553956EA0139801410
B1331544518768N00553962EA0139701409
B1331554518764N00553967EA0139601408
B1331564518760N00553972EA0139501407
B1331574518756N00553977EA0139401406
B1331584518752N00553982EA0139401406
B1331594518748N00553987EA0139301405
B1332004518744N00553993EA0139201404
B1332014518741N00553998EA0139101403
B1332024518737N00554004EA0139001402
B1332034518734N00554009EA0139001402
B1332044518730N00554015EA0138901401
B1332054518727N00554020EA0138801400
B1332064518723N00554026EA0138701399
B1332074518719N00554031EA0138501397
B1332084518716N00554036EA0138301395
B1332094518712N00554042EA0138301395
B1332104518708N00554047EA0138201394
B1332114518705N00554053EA0138001392
B1332124518701N00554058EA0137901391
B1332134518697N00554064EA0137701389
B1332144518694N00554069EA0137601388
B1332154518690N00554074EA0137501387
B1332164518686N00554079EA0137401386
B1332174518682N00554084EA0137301385
B1332184518678N00554089EA0137201384
B1332194518673N00554094EA0137101383
B1332204518669N00554098EA0137001382
B1332214518665N00554103EA0136801380
B1332224518661N00554108EA0136701379
B1332234518657N00554113EA0136601378
B1332244518653N00554118EA0136501377
B1332254518649N00554123EA0136401376
B1332264518645N00554128EA0136301375
B1332274518641N00554133EA0136201374
B1332284518637N00554139EA0136201374
B1332294518633N00554144EA0136001372
B1332304518629N00554149EA0135901371
B1332314518625N00554154EA0135801370
B1332324518621N00554158EA0135701369
B1332334518616N00554163EA0135501367
B1332344518612N00554167EA0135401366
B1332354518608N00554172EA0135301365
B1332364518603N00554177EA0135201364
B1332374518599N00554182EA0135201364
B1332384518595N00554187EA0135101363
B1332394518591N00554192EA0135001362
B1332404518587N00554197EA0134901361
B1332414518583N00554202EA0134701359
B1332424518579N00554207EA0134701359
B1332434518575N00554212EA0134601358
B1332444518571N00554216EA0134501357
B1332454518566N00554221EA0134301355
B1332464518562N00554226EA0134301355
B1332474518558N00554231EA0134201354
B1332484518554N00554236EA0134101353
B1332494518550N00554240EA0133901351
B1332504518546N00554245EA0133801350
B1332514518542N00554250EA0133801350
B1332524518537N00554255EA0133701349
B1332534518533N00554260EA0133601348
B1332544518530N00554265EA0133501347
B1332554518526N00554270EA0133501347
B1332564518522N00554276EA0133301345
B1332574518518N00554281EA0133201344
B1332584518514N00554286EA0133101343
B1332594518510N00554291EA0132901341
B1333004518506N00554296EA0132801340
B1333014518501N00554300EA0132701339
B1333024518497N00554305EA0132601338
B1333034518493N00554310EA0132501337
B1333044518489N00554315EA0132401336
B1333054518484N00554319EA0132301335
B1333064518480N00554324EA0132101333
B1333074518475N00554328EA0132001332
B1333084518471N00554333EA0131901331
B1333094518467N00554337EA0131801330
B1333104518462N00554342EA0131601328
B1333114518458N00554346EA0131401326
B1333124518453N00554351EA0131401326
B1333134518449N00554355EA0131301325
B1333144518445N00554360EA0131201324
B1333154518440N00554365EA0131101323
B1333164518436N00554370EA0131001322
B1333174518432N00554375EA0130901321
B1333184518428N00554379EA0130801320
B1333194518424N00554384EA0130601318
B1333204518420N00554389EA0130501317
B1333214518415N00554394EA0130401316
B1333224518411N00554399EA0130301315
B1333234518407N00554404EA0130201314
B1333244518404N00554409EA0130101313
B1333254518400N00554414EA0130101313
B1333264518396N00554419EA0129801310
B1333274518392N00554424EA0129701309
B1333284518388N00554429EA0129701309
B1333294518384N00554435EA0129501307
B1333304518380N00554440EA0129501307
B1333314518376N00554445EA0129201304
B1333324518372N00554450EA0129001302
B1333334518368N00554455EA0128901301
B1333344518364N00554460EA0128801300
B1333354518360N00554465EA0128701299
B1333364518355N00554470EA0128501297
B1333374518351N00554474EA0128401296
B1333384518347N00554479EA0128401296
B1333394518343N00554484EA0128201294
B1333404518339N00554489EA0128101293
B1333414518335N00554494EA0127901291
B1333424518331N00554499EA0127801290
B1333434518327N00554504EA0127701289
B1333444518323N00554509EA0127501287
B1333454518319N00554514EA0127401286
B1333464518315N00554519EA0127201284
B1333474518311N00554524EA0127001282
B1333484518307N00554530EA0126901281
B1333494518303N00554535EA0126901281
B1333504518299N00554540EA0126701279
B1333514518296N00554545EA0126601278
B1333524518291N00554548EA0126901281
B1333534518286N00554549EA0127201284
B1333544518280N00554549EA0127401286
B1333554518275N00554546EA0127601288
B1333564518270N00554541EA0127801290
B1333574518267N00554535EA0128101293
B1333584518264N00554528EA0128301295
B1333594518263N00554520EA0128601298
B1334004518264N00554512EA0128901301
B1334014518265N00554505EA0129201304
B1334024518268N00554500EA0129501307
B1334034518272N00554496EA0129701309
B1334044518276N00554494EA0130001312
B1334054518280N00554494EA0130301315
B1334064518284N00554496EA0130501317
B1334074518287N00554499EA0130601318
B1334084518289N00554504EA0130901321
B1334094518290N00554510EA0131101323
B1334104518289N00554516EA0131401326
B1334114518286N00554522EA0131601328
B1334124518283N00554526EA0131901331
B1334134518278N00554529EA0132101333
B1334144518273N00554530EA0132301335
B1334154518267N00554530EA0132501337
B1334164518262N00554527EA0132801340
B1334174518258N00554522EA0133101343
B1334184518254N00554516EA0133401346
B1334194518251N00554508EA0133601348
B1334204518251N00554501EA0133901351
B1334214518251N00554493EA0134201354
B1334224518253N00554486EA0134401356
B1334234518256N00554480EA0134701359
B1334244518260N00554477EA0134901361
B1334254518264N00554475EA0135201364
B1334264518268N00554475EA0135501367
B1334274518272N00554477EA0135801370
B1334284518275N00554481EA0136101373
B1334294518276N00554486EA0136301375
B1334304518277N00554492EA0136601378
B1334314518276N00554498EA0136901381
B1334324518273N00554503EA0137101383
B1334334518270N00554507EA0137201384
B1334344518265N00554510EA0137501387
B1334354518260N00554511EA0137701389
B1334364518254N00554510EA0138101393
B1334374518249N00554507EA0138101393
B1334384518245N00554503EA0138301395
B1334394518241N00554496EA0138501397
B1334404518239N00554489EA0138701399
B1334414518238N00554481EA0138901401
B1334424518238N00554473EA0139201404
B1334434518240N00554467EA0139501407
B1334444518243N00554461EA0139701409
B1334454518247N00554457EA0140001412
B1334464518251N00554456EA0140201414
B1334474518256N00554456EA0140601418
B1334484518259N00554458EA0140801420
B1334494518262N00554462EA0141001422
B1334504518264N00554467EA0141201424
B1334514518264N00554473EA0141401426
B1334524518263N00554479EA0141601428
B1334534518261N00554484EA0141901431
B1334544518257N00554489EA0142301435
B1334554518252N00554492EA0142401436
B1334564518247N00554492EA0142601438
B1334574518242N00554491EA0143001442
B1334584518236N00554488EA0143201444
B1334594518232N00554483EA0143501447
B1335004518228N00554477EA0143801450
B1335014518226N00554469EA0144001452
B1335024518225N00554462EA0144201454
B1335034518226N00554454EA0144501457
B1335044518228N00554447EA0144701459
B1335054518231N00554442EA0144901461
B1335064518235N00554438EA0145201464
B1335074518239N00554436EA0145501467
B1335084518243N00554437EA0145701469
B1335094518247N00554439EA0145901471
B1335104518250N00554443EA0146101473
B1335114518251N00554448EA0146301475
B1335124518252N00554454EA0146501477
B1335134518250N00554460EA0146901481
B1335144518248N00554466EA0147201484
B1335154518244N00554470EA0147301485
B1335164518239N00554473EA0147601488
B1335174518234N00554473EA0147801490
B1335184518229N00554472EA0148101493
B1335194518223N00554469EA0148401496
B1335204518219N00554464EA0148701499
B1335214518215N00554457EA0148801500
B1335224518213N00554450EA0149101503
B1335234518213N00554442EA0149301505
B1335244518213N00554435EA0149601508
B1335254518215N00554428EA0149901511
B1335264518218N00554423EA0150201514
B1335274518222N00554419EA0150401516
B1335284518227N00554417EA0150701519
B1335294518231N00554418EA0150901521
B1335304518234N00554420EA0151201524
B1335314518237N00554424EA0151401526
B1335324518239N00554430EA0151701529
B1335334518239N00554436EA0152001532
B1335344518238N00554441EA0152101533
B1335354518235N00554447EA0152301535
B1335364518231N00554451EA0152501537
B1335374518226N00554454EA0152701539
B1335384518221N00554454EA0153001542
B1335394518216N00554453EA0153201544
B1335404518211N00554450EA0153401546
B1335414518206N00554445EA0153701549
B1335424518203N00554438EA0153901551
B1335434518201N00554430EA0154001552
B1335444518200N00554423EA0154301555
B1335454518201N00554415EA0154501557
B1335464518203N00554409EA0154701559
B1335474518206N00554403EA0154901561
B1335484518210N00554400EA0155101563
B1335494518214N00554398EA0155401566
B1335504518218N00554399EA0155601568
B1335514518222N00554402EA0155701569
B1335524518225N00554406EA0156001572
B1335534518226N00554411EA0156301575
B1335544518226N00554417EA0156501577
B1335554518225N00554423EA0156701579
B1335564518222N00554428EA0157001582
B1335574518218N00554432EA0157201584
B1335584518213N00554435EA0157401586
B1335594518208N00554435EA0157701589
B1336004518203N00554434EA0157901591
B1336014518198N00554430EA0158201594
B1336024518193N00554425EA0158401596
B1336034518190N00554419EA0158501597
B1336044518188N00554411EA0158801600
B1336054518187N00554403EA0159001602
B1336064518188N00554396EA0159301605
B1336074518190N00554389EA0159601608
B1336084518194N00554384EA0159901611
B1336094518198N00554381EA0160101613
B1336104518202N00554379EA0160501617
B1336114518206N00554380EA0160701619
B1336124518209N00554383EA0160901621
B1336134518212N00554387EA0161101623
B1336144518214N00554392EA0161401626
B1336154518214N00554398EA0161601628
B1336164518212N00554404EA0161801630
B1336174518209N00554409EA0162001632
B1336184518205N00554413EA0162201634
B1336194518201N00554416EA0162401636
B1336204518195N00554416EA0162601638
B1336214518190N00554415EA0162801640
B1336224518185N00554411EA0163001642
B1336234518180N00554406EA0163301645
B1336244518177N00554399EA0163601648
B1336254518175N00554392EA0163801650
B1336264518175N00554384EA0164101653
B1336274518176N00554376EA0164401656
B1336284518178N00554370EA0164601658
B1336294518181N00554365EA0164901661
B1336304518185N00554362EA0165201664
B1336314518189N00554360EA0165401666
B1336324518193N00554361EA0165601668
B1336334518197N00554364EA0166001672
B1336344518200N00554368EA0166201674
B1336354518201N00554374EA0166501677
B1336364518201N00554379EA0166601678
B1336374518199N00554385EA0166801680
B1336384518197N00554391EA0167101683
B1336394518193N00554395EA0167301685
B1336404518188N00554397EA0167401686
B1336414518182N00554397EA0167801690
B1336424518177N00554396EA0167901691
B1336434518172N00554392EA0168201694
B1336444518168N00554386EA0168401696
B1336454518164N00554380EA0168601698
B1336464518163N00554372EA0169001702
B1336474518162N00554364EA0169201704
B1336484518163N00554357EA0169401706
B1336494518165N00554350EA0169801710
B1336504518169N00554346EA0170101713
B1336514518173N00554342EA0170301715
B1336524518177N00554341EA0170601718
B1336534518181N00554342EA0170801720
B1336544518185N00554345EA0171001722
B1336554518187N00554349EA0171201724
B1336564518188N00554355EA0171501727
B1336574518188N00554361EA0171701729
B1336584518187N00554367EA0172001732
B1336594518184N00554372EA0172201734
B1337004518180N00554376EA0172401736
B1337014518175N00554378EA0172701739
B1337024518169N00554378EA0173001742
B1337034518164N00554376EA0173201744
B1337044518159N00554373EA0173501747
B1337054518155N00554367EA0173701749
B1337064518152N00554360EA0173801750
B1337074518150N00554353EA0174101753
B1337084518150N00554345EA0174401756
B1337094518151N00554338EA0174701759
B1337104518153N00554331EA0175001762
B1337114518156N00554326EA0175201764
B1337124518160N00554323EA0175401766
B1337134518165N00554322EA0175701769
B1337144518169N00554323EA0176101773
B1337154518172N00554326EA0176301775
B1337164518175N00554331EA0176601778
B1337174518176N00554336EA0176901781
B1337184518176N00554342EA0177101783
B1337194518174N00554348EA0177301785
B1337204518171N00554353EA0177501787
B1337214518167N00554357EA0177801790
B1337224518162N00554359EA0178101793
B1337234518156N00554359EA0178401796
B1337244518151N00554357EA0178601798
B1337254518146N00554353EA0178901801
B1337264518142N00554348EA0179201804
B1337274518139N00554341EA0179501807
B1337284518137N00554333EA0179901811
B1337294518137N00554325EA0180201814
B1337304518138N00554318EA0180401816
B1337314518141N00554312EA0180801820
B1337324518144N00554307EA0181001822
B1337334518148N00554304EA0181201824
B1337344518152N00554303EA0181501827
B1337354518156N00554304EA0181701829
B1337364518160N00554307EA0181801830
B1337374518162N00554312EA0182101833
B1337384518163N00554317EA0182201834
B1337394518163N00554323EA0182401836
B1337404518161N00554329EA0182701839
B1337414518158N00554334EA0182901841
B1337424518154N00554338EA0183301845
B1337434518149N00554340EA0183401846
B1337444518143N00554340EA0183701849
B1337454518138N00554338EA0183801850
B1337464518133N00554334EA0184201854
B1337474518129N00554328EA0184401856
B1337484518124N00554322EA0184301855
B1337494518120N00554316EA0184201854
B1337504518115N00554310EA0184101853
B1337514518110N00554304EA0183901851
B1337524518106N00554298EA0183801850
B1337534518101N00554292EA0183701849
B1337544518097N00554286EA0183701849
B1337554518092N00554280EA0183601848
B1337564518088N00554274EA0183401846
B1337574518083N00554268EA0183401846
B1337584518079N00554261EA0183301845
B1337594518074N00554255EA0183201844
B1338004518070N00554249EA0183101843
B1338014518065N00554243EA0182901841
B1338024518060N00554237EA0182701839
B1338034518056N00554231EA0182601838
B1338044518052N00554225EA0182501837
B1338054518047N00554218EA0182401836
B1338064518042N00554212EA0182301835
B1338074518038N00554206EA0182301835
B1338084518033N00554200EA0182201834
B1338094518028N00554194EA0182001832
B1338104518024N00554188EA0181901831
B1338114518019N00554183EA0181901831
B1338124518014N00554177EA0181801830
B1338134518009N00554171EA0181801830
B1338144518004N00554166EA0181601828
B1338154518000N00554160EA0181501827
B1338164517995N00554155EA0181401826
B1338174517990N00554149EA0181301825
B1338184517985N00554144EA0181201824
B1338194517980N00554139EA0181101823
B1338204517975N00554133EA0181001822
B1338214517970N00554128EA0180801820
B1338224517964N00554123EA0180701819
B1338234517959N00554118EA0180501817
B1338244517954N00554113EA0180401816
B1338254517949N00554108EA0180301815
B1338264517944N00554103EA0180201814
B1338274517939N00554097EA0180101813
B1338284517934N00554092EA0180001812
B1338294517929N00554087EA0179901811
B1338304517924N00554082EA0179801810
B1338314517919N00554077EA0179701809
B1338324517913N00554072EA0179501807
B1338334517908N00554067EA0179401806
B1338344517903N00554061EA0179301805
B1338354517898N00554056EA0179201804
B1338364517893N00554051EA0179101803
B1338374517888N00554046EA0179001802
B1338384517883N00554041EA0179001802
B1338394517878N00554035EA0178901801
B1338404517873N00554030EA0178701799
B1338414517868N00554024EA0178701799
B1338424517863N00554019EA0178601798
B1338434517858N00554013EA0178401796
B1338444517853N00554008EA0178301795
B1338454517848N00554002EA0178301795
B1338464517844N00553997EA0178201794
B1338474517839N00553991EA0178001792
B1338484517834N00553986EA0177801790
B1338494517829N00553980EA0177801790
B1338504517824N00553974EA0177701789
B1338514517819N00553969EA0177601788
B1338524517814N00553963EA0177501787
B1338534517809N00553958EA0177301785
B1338544517805N00553952EA0177301785
B1338554517800N00553947EA0177201784
B1338564517795N00553941EA0177101783
B1338574517790N00553936EA0176801780
B1338584517785N00553931EA0176801780
B1338594517780N00553925EA0176701779
B1339004517775N00553920EA0176601778
B1339014517770N00553914EA0176601778
B1339024517765N00553908EA0176401776
B1339034517761N00553902EA0176201774
B1339044517756N00553896EA0176101773
B1339054517751N00553890EA0175901771
B1339064517747N00553884EA0175801770
B1339074517742N00553878EA0175701769
B1339084517737N00553872EA0175601768
B1339094517733N00553866EA0175501767
B1339104517728N00553860EA0175501767
B1339114517724N00553853EA0175401766
B1339124517720N00553847EA0175201764
B1339134517715N00553841EA0175001762
B1339144517711N00553835EA0174901761
B1339154517706N00553828EA0174801760
B1339164517702N00553822EA0174701759
B1339174517697N00553817EA0174501757
B1339184517692N00553811EA0174401756
B1339194517687N00553805EA0174301755
B1339204517682N00553799EA0174201754
B1339214517678N00553794EA0174101753
B1339224517673N00553788EA0174001752
B1339234517668N00553782EA0173801750
B1339244517664N00553775EA0173601748
B1339254517660N00553769EA0173501747
B1339264517655N00553763EA0173501747
B1339274517651N00553757EA0173401746
B1339284517646N00553750EA0173201744
B1339294517648N00553756EA0173101743
B1339304517651N00553761EA0173101743
B1339314517653N00553767EA0172901741
B1339324517655N00553772EA0172801740
B1339334517658N00553778EA0172701739
B1339344517660N00553784EA0172501737
B1339354517662N00553789EA0172301735
B1339364517665N00553795EA0172301735
B1339374517667N00553800EA0172101733
B1339384517669N00553806EA0172001732
B1339394517672N00553811EA0171801730
B1339404517674N00553817EA0171701729
B1339414517676N00553822EA0171601728
B1339424517679N00553828EA0171601728
B1339434517681N00553833EA0171401726
B1339444517683N00553839EA0171301725
B1339454517686N00553844EA0171201724
B1339464517688N00553850EA0171101723
B1339474517690N00553855EA0170901721
B1339484517693N00553861EA0170901721
B1339494517695N00553866EA0170801720
B1339504517697N00553872EA0170601718
B1339514517700N00553877EA0170501717
B1339524517702N00553883EA0170301715
B1339534517704N00553888EA0170201714
B1339544517707N00553894EA0170101713
B1339554517709N00553899EA0169901711
B1339564517712N00553905EA0169801710
B1339574517714N00553910EA0169701709
B1339584517716N00553916EA0169701709
B1339594517719N00553921EA0169501707
B1340004517721N00553927EA0169401706
B1340014517723N00553932EA0169301705
B1340024517726N00553938EA0169101703
B1340034517728N00553943EA0169001702
B1340044517730N00553949EA0168901701
B1340054517733N00553954EA0168701699
B1340064517735N00553960EA0168701699
B1340074517737N00553965EA0168601698
B1340084517740N00553971EA0168501697
B1340094517742N00553976EA0168401696
B1340104517745N00553982EA0168201694
B1340114517747N00553987EA0168001692
B1340124517749N00553993EA0167901691
B1340134517752N00553998EA0167801690
B1340144517754N00554004EA0167701689
B1340154517756N00554009EA0167501687
B1340164517759N00554015EA0167501687
B1340174517761N00554020EA0167301685
B1340184517764N00554025EA0167301685
B1340194517766N00554031EA0167101683
B1340204517768N00554036EA0166901681
B1340214517771N00554042EA0166801680
B1340224517773N00554047EA0166701679
B1340234517776N00554053EA0166601678
B1340244517778N00554058EA0166601678
B1340254517780N00554064EA0166501677
B1340264517783N00554069EA0166501677
B1340274517785N00554075EA0166401676
B1340284517788N00554080EA0166301675
B1340294517790N00554086EA0166201674
B1340304517792N00554091EA0166001672
B1340314517795N00554096EA0165901671
B1340324517797N00554102EA0165801670
B1340334517800N00554107EA0165701669
B1340344517802N00554113EA0165601668
B1340354517804N00554118EA0165401666
B1340364517807N00554124EA0165301665
B1340374517809N00554129EA0165101663
B1340384517812N00554135EA0165001662
B1340394517814N00554140EA0164801660
B1340404517817N00554145EA0164801660
B1340414517819N00554151EA0164601658
B1340424517821N00554156EA0164501657
B1340434517824N00554162EA0164401656
B1340444517826N00554167EA0164301655
B1340454517829N00554173EA0164201654
B1340464517831N00554178EA0164101653
B1340474517834N00554183EA0164001652
B1340484517836N00554189EA0163801650
B1340494517838N00554194EA0163701649
B1340504517841N00554200EA0163601648
B1340514517843N00554205EA0163501647
B1340524517846N00554210EA0163301645
B1340534517848N00554216EA0163201644
B1340544517851N00554221EA0163101643
B1340554517853N00554227EA0162901641
B1340564517856N00554232EA0162801640
B1340574517858N00554237EA0162701639
B1340584517861N00554243EA0162501637
B1340594517863N00554248EA0162401636
B1341004517866N00554254EA0162401636
B1341014517868N00554259EA0162301635
B1341024517870N00554264EA0162201634
B1341034517873N00554270EA0162101633
B1341044517875N00554275EA0161901631
B1341054517878N00554280EA0161801630
B1341064517880N00554286EA0161701629
B1341074517883N00554291EA0161601628
B1341084517885N00554297EA0161301625
B1341094517888N00554302EA0161201624
B1341104517890N00554307EA0161101623
B1341114517893N00554313EA0160901621
B1341124517895N00554318EA0160901621
B1341134517898N00554323EA0160701619
B1341144517900N00554329EA0160601618
B1341154517903N00554334EA0160401616
B1341164517905N00554339EA0160401616
B1341174517908N00554345EA0160301615
B1341184517911N00554350EA0160201614
B1341194517913N00554355EA0160101613
B1341204517916N00554361EA0159901611
B1341214517918N00554366EA0159801610
B1341224517921N00554371EA0159601608
B1341234517923N00554377EA0159501607
B1341244517926N00554382EA0159201604
B1341254517928N00554387EA0159101603
B1341264517931N00554392EA0159001602
B1341274517933N00554398EA0158801600
B1341284517936N00554403EA0158701599
B1341294517939N00554408EA0158501597
B1341304517941N00554414EA0158401596
B1341314517944N00554419EA0158301595
B1341324517946N00554424EA0158201594
B1341334517949N00554429EA0158001592
B1341344517952N00554435EA0157901591
B1341354517954N00554440EA0157801590
B1341364517957N00554445EA0157701589
B1341374517959N00554450EA0157601588
B1341384517962N00554456EA0157401586
B1341394517963N00554460EA0157201584
B1341404517964N00554465EA0157001582
B1341414517963N00554470EA0156701579
B1341424517962N00554476EA0156401576
B1341434517960N00554480EA0156101573
B1341444517957N00554485EA0155801570
B1341454517954N00554488EA0155601568
B1341464517950N00554491EA0155301565
B1341474517945N00554492EA0155101563
B1341484517950N00554493EA0155001562
B1341494517953N00554494EA0154801560
B1341504517956N00554497EA0154601558
B1341514517959N00554500EA0154401556
B1341524517960N00554505EA0154201554
B1341534517961N00554509EA0153901551
B1341544517961N00554514EA0153601548
B1341554517961N00554520EA0153301545
B1341564517959N00554525EA0153101543
B1341574517957N00554529EA0152801540
B1341584517954N00554533EA0152601538
B1341594517950N00554537EA0152401536
B1342004517954N00554532EA0152201534
B1342014517958N00554529EA0152001532
B1342024517961N00554527EA0151701529
B1342034517965N00554527EA0151501527
B1342044517969N00554527EA0151201524
B1342054517972N00554529EA0151001522
B1342064517975N00554532EA0150701519
B1342074517977N00554535EA0150401516
B1342084517978N00554540EA0150201514
B1342094517979N00554545EA0149901511
B1342104517979N00554550EA0149701509
B1342114517978N00554555EA0149401506
B1342124517976N00554560EA0149201504
B1342134517974N00554565EA0148901501
B1342144517975N00554556EA0148801500
B1342154517976N00554550EA0148601498
B1342164517979N00554545EA0148401496
B1342174517981N00554540EA0148201494
B1342184517985N00554537EA0147901491
B1342194517988N00554534EA0147701489
B1342204517992N00554533EA0147401486
B1342214517996N00554533EA0147101483
B1342224517999N00554534EA0146901481
B1342234518002N00554537EA0146601478
B1342244518005N00554540EA0146301475
B1342254518007N00554544EA0146001472
B1342264518008N00554549EA0145801470
B1342274518008N00554554EA0145601468
B1342284518008N00554559EA0145301465
B1342294518004N00554551EA0145201464
B1342304518003N00554544EA0145001462
B1342314518002N00554537EA0144701459
B1342324518002N00554530EA0144401456
B1342334518003N00554524EA0144301455
B1342344518004N00554518EA0143901451
B1342354518006N00554512EA0143701449
B1342364518009N00554507EA0143401446
B1342374518013N00554504EA0143201444
B1342384518016N00554502EA0142901441
B1342394518020N00554500EA0142701439
B1342404518024N00554501EA0142401436
B1342414518027N00554502EA0142201434
B1342424518030N00554504EA0141901431
B1342434518033N00554508EA0141801430
B1342444518027N00554506EA0141601428
B1342454518022N00554504EA0141301425
B1342464518017N00554500EA0141101423
B1342474518013N00554495EA0140801420
B1342484518010N00554490EA0140601418
B1342494518007N00554484EA0140301415
B1342504518005N00554477EA0140101413
B1342514518004N00554470EA0139901411
B1342524518004N00554463EA0139701409
B1342534518004N00554456EA0139501407
B1342544518006N00554450EA0139301405
B1342554518008N00554444EA0139101403
B1342564518005N00554450EA0139001402
B1342574518002N00554454EA0138701399
B1342584517998N00554457EA0138501397
B1342594517994N00554460EA0138201394
B1343004517989N00554461EA0138001392
B1343014517984N00554460EA0137701389
B1343024517979N00554459EA0137501387
B1343034517975N00554457EA0137301385
B1343044517970N00554453EA0137101383
B1343054517966N00554448EA0136901381
B1343064517968N00554454EA0136701379
B1343074517969N00554459EA0136501377
B1343084517969N00554464EA0136201374
B1343094517968N00554469EA0136001372
B1343104517966N00554474EA0135701369
B1343114517963N00554479EA0135501367
B1343124517960N00554482EA0135201364
B1343134517956N00554485EA0134901361
B1343144517951N00554487EA0134701359
B1343154517947N00554488EA0134401356
B1343164517942N00554488EA0134101353
B1343174517946N00554489EA0134001352
B1343184517950N00554490EA0133801350
B1343194517953N00554493EA0133601348
B1343204517955N00554497EA0133301345
B1343214517956N00554501EA0133101343
B1343224517957N00554506EA0132901341
B1343234517957N00554511EA0132601338
B1343244517956N00554516EA0132301335
B1343254517954N00554521EA0132101333
B1343264517952N00554526EA0131801330
B1343274517949N00554530EA0131501327
B1343284517953N00554526EA0131401326
B1343294517956N00554523EA0131201324
B1343304517960N00554522EA0130901321
B1343314517964N00554522EA0130701319
B1343324517967N00554524EA0130401316
B1343334517970N00554526EA0130201314
B1343344517973N00554529EA0130001312
B1343354517975N00554534EA0129801310
B1343364517976N00554538EA0129601308
B1343374517976N00554543EA0129401306
B1343384517975N00554549EA0129101303
B1343394517974N00554554EA0128801300
B1343404517972N00554559EA0128501297
B1343414517969N00554563EA0128201294
B1343424517970N00554555EA0128001292
B1343434517972N00554549EA0127701289
B1343444517975N00554544EA0127501287
B1343454517978N00554540EA0127201284
B1343464517981N00554537EA0127001282
B1343474517985N00554535EA0126801280
B1343484517989N00554535EA0126601278
B1343494517992N00554536EA0126301275
B1343504517996N00554537EA0126101273
B1343514517998N00554540EA0125901271
B1343524518001N00554544EA0125601268
B1343534518002N00554549EA0125401266
B1343544518003N00554553EA0125101263
B1343554518003N00554559EA0124801260
B1343564518002N00554564EA0124501257
B1343574517999N00554556EA0124401256
B1343584517998N00554549EA0124101253
B1343594517998N00554542EA0123901251
B1344004517999N00554535EA0123601248
B1344014518000N00554529EA0123401246
B1344024518002N00554523EA0123101243
B1344034518005N00554518EA0122901241
B1344044518008N00554514EA0122601238
B1344054518012N00554512EA0122401236
B1344064518015N00554510EA0122101233
B1344074518019N00554510EA0121901231
B1344084518023N00554511EA0121601228
B1344094518026N00554513EA0121401226
B1344104518028N00554516EA0121101223
B1344114518030N00554520EA0120901221
B1344124518025N00554517EA0120701219
B1344134518020N00554514EA0120501217
B1344144518016N00554509EA0120301215
B1344154518013N00554503EA0120101213
B1344164518010N00554497EA0119801210
B1344174518008N00554490EA0119501207
B1344184518007N00554483EA0119201204
B1344194518007N00554476EA0118901201
B1344204518007N00554470EA0118701199
B1344214518009N00554463EA0118401196
B1344224518011N00554458EA0118201194
B1344234518014N00554453EA0117901191
B1344244518010N00554458EA0117801190
B1344254518006N00554462EA0117601188
B1344264518002N00554464EA0117401186
B1344274517997N00554465EA0117101183
B1344284517993N00554465EA0116901181
B1344294517988N00554464EA0116601178
B1344304517983N00554461EA0116401176
B1344314517978N00554458EA0116101173
B1344324517974N00554453EA0115801170
B1344334517971N00554448EA0115601168
B1344344517972N00554454EA0115401166
B1344354517973N00554459EA0115201164
B1344364517972N00554464EA0115001162
B1344374517971N00554469EA0114601158
B1344384517968N00554474EA0114401156
B1344394517965N00554478EA0114201154
B1344404517962N00554481EA0114001152
B1344414517958N00554484EA0113801150
B1344424517953N00554485EA0113501147
B1344434517948N00554485EA0113201144
B1344444517943N00554484EA0113001142
B1344454517948N00554486EA0112901141
B1344464517951N00554488EA0112601138
B1344474517954N00554491EA0112401136
B1344484517956N00554495EA0112201134
B1344494517957N00554499EA0112001132
B1344504517958N00554504EA0111701129
B1344514517957N00554509EA0111401126
B1344524517956N00554515EA0111101123
B1344534517954N00554519EA0110901121
B1344544517951N00554524EA0110601118
B1344554517948N00554528EA0110301115
B1344564517952N00554524EA0110201114
B1344574517956N00554522EA0109901111
B1344584517960N00554521EA0109701109
B1344594517963N00554521EA0109401106
B1345004517967N00554523EA0109201104
B1345014517970N00554525EA0109001102
B1345024517972N00554529EA0108701099
B1345034517974N00554533EA0108501097
B1345044517975N00554538EA0108301095
B1345054517975N00554543EA0108101093
B1345064517974N00554548EA0107801090
B1345074517972N00554553EA0107601088
B1345084517970N00554558EA0107301085
B1345094517967N00554562EA0107101083
B1345104517969N00554554EA0106901081
B1345114517971N00554549EA0106601078
B1345124517973N00554544EA0106301075
B1345134517977N00554540EA0106001072
B1345144517980N00554537EA0105801070
B1345154517984N00554536EA0105501067
B1345164517987N00554536EA0105301065
B1345174517991N00554537EA0105101063
B1345184517994N00554539EA0104801060
B1345194517997N00554542EA0104601058
B1345204517999N00554546EA0104401056
B1345214518000N00554550EA0104101053
B1345224518001N00554555EA0103901051
B1345234518000N00554561EA0103501047
B1345244517999N00554566EA0103201044
B1345254517997N00554557EA0103101043
B1345264517996N00554550EA0102901041
B1345274517996N00554543EA0102601038
B1345284517997N00554537EA0102401036
B1345294517999N00554531EA0102101033
B1345304518001N00554525EA0101901031
B1345314518004N00554521EA0101701029
B1345324518007N00554517EA0101401026
B1345334518011N00554515EA0101201024
B1345344518015N00554514EA0100901021
B1345354518018N00554514EA0100501017
B1345364518022N00554516EA0100301015
B1345374518025N00554518EA0100101013
B1345384518027N00554521EA0099901011
B1345394518029N00554526EA0099601008
B1345404518023N00554522EA0099501007
B1345414518019N00554518EA0099201004
B1345424518015N00554513EA0099001002
B1345434518012N00554507EA0098700999
B1345444518010N00554500EA0098500997
B1345454518008N00554494EA0098300995
B1345464518008N00554486EA0098100993
B1345474518008N00554480EA0097800990
B1345484518009N00554473EA0097600988
B1345494518011N00554467EA0097400986
B1345504518013N00554462EA0097100983
B1345514518016N00554457EA0096900981
B1345524518012N00554462EA0096800980
B1345534518008N00554465EA0096500977
B1345544518004N00554467EA0096300975
B1345554517999N00554468EA0096000972
B1345564517994N00554467EA0095800970
B1345574517989N00554465EA0095500967
B1345584517984N00554462EA0095300965
B1345594517980N00554458EA0095100963
B1346004517976N00554453EA0094800960
B1346014517973N00554447EA0094500957
B1346024517971N00554441EA0094200954
B1346034517972N00554447EA0094200954
B1346044517972N00554452EA0093900951
B1346054517972N00554458EA0093700949
B1346064517970N00554463EA0093400946
B1346074517968N00554467EA0093300945
B1346084517964N00554471EA0093000942
B1346094517961N00554475EA0092800940
B1346104517956N00554477EA0092500937
B1346114517952N00554478EA0092200934
B1346124517947N00554478EA0091900931
B1346134517951N00554480EA0091800930
B1346144517954N00554483EA0091500927
B1346154517956N00554486EA0091300925
B1346164517958N00554491EA0090900921
B1346174517959N00554495EA0090600918
B1346184517959N00554501EA0090300915
B1346194517958N00554506EA0089900911
B1346204517956N00554511EA0089600908
B1346214517954N00554515EA0089400906
B1346224517951N00554519EA0089200904
B1346234517947N00554523EA0088900901
B1346244517943N00554525EA0088600898
B1346254517947N00554522EA0088500897
B1346264517951N00554520EA0088300895
B1346274517955N00554520EA0088000892
B1346284517958N00554520EA0087800890
B1346294517961N00554522EA0087500887
B1346304517964N00554525EA0087300885
B1346314517966N00554529EA0087100883
B1346324517967N00554534EA0086800880
B1346334517968N00554539EA0086600878
B1346344517968N00554544EA0086400876
B1346354517967N00554549EA0086100873
B1346364517965N00554554EA0085800870
B1346374517962N00554558EA0085500867
B1346384517964N00554551EA0085300865
B1346394517967N00554546EA0085100863
B1346404517970N00554542EA0085000862
B1346414517973N00554539EA0084700859
B1346424517977N00554537EA0084400856
B1346434517981N00554536EA0084200854
B1346444517984N00554536EA0083900851
B1346454517988N00554538EA0083700849
B1346464517991N00554541EA0083500847
B1346474517993N00554544EA0083200844
B1346484517994N00554549EA0082900841
B1346494517995N00554553EA0082700839
B1346504517995N00554559EA0082300835
B1346514517995N00554564EA0082100833
B1346524517993N00554569EA0081800830
B1346534517992N00554560EA0081600828
B1346544517991N00554553EA0081300825
B1346554517992N00554546EA0081200824
B1346564517994N00554540EA0081000822
B1346574517996N00554535EA0080800820
B1346584517998N00554530EA0080600818
B1346594518002N00554526EA0080400816
B1347004518005N00554524EA0080100813
B1347014518009N00554522EA0079800810
B1347024518013N00554522EA0079500807
B1347034518016N00554523EA0079300805
B1347044518019N00554525EA0079000802
B1347054518022N00554528EA0078900801
B1347064518024N00554532EA0078600798
B1347074518025N00554537EA0078300795
B1347084518020N00554532EA0078200794
B1347094518016N00554527EA0077900791
B1347104518013N00554521EA0077600788
B1347114518011N00554514EA0077400786
B1347124518009N00554508EA0077200784
B1347134518009N00554500EA0076900781
B1347144518009N00554494EA0076700779
B1347154518010N00554487EA0076400776
B1347164518012N00554481EA0076200774
B1347174518014N00554476EA0075900771
B1347184518017N00554471EA0075700769
B1347194518020N00554468EA0075400766
B1347204518024N00554466EA0075200764
B1347214518019N00554470EA0075100763
B1347224518015N00554472EA0074900761
B1347234518010N00554472EA0074600758
B1347244518005N00554471EA0074400756
B1347254518000N00554469EA0074100753
B1347264517995N00554466EA0073800750
B1347274517991N00554462EA0073500747
B1347284517988N00554457EA0073200744
B1347294517984N00554451EA0072900741
B1347304517982N00554444EA0072700739
B1347314517981N00554438EA0072500737
B1347324517981N00554444EA0072300735
B1347334517980N00554449EA0072100733
B1347344517978N00554454EA0071900731
B1347354517976N00554459EA0071600728
B1347364517973N00554463EA0071300725
B1347374517969N00554466EA0071100723
B1347384517965N00554468EA0070800720
B1347394517960N00554469EA0070600718
B1347404517955N00554469EA0070300715
B1347414517950N00554468EA0070000712
B1347424517954N00554471EA0069900711
B1347434517956N00554475EA0069700709
B1347444517958N00554479EA0069500707
B1347454517959N00554484EA0069200704
B1347464517959N00554489EA0068900701
B1347474517959N00554494EA0068700699
B1347484517957N00554499EA0068400696
B1347494517955N00554504EA0068100693
B1347504517952N00554508EA0067900691
B1347514517948N00554511EA0067600688
B1347524517944N00554514EA0067400686
B1347534517948N00554512EA0067300685
B1347544517952N00554511EA0067100683
B1347554517956N00554512EA0066800680
B1347564517959N00554513EA0066700679
B1347574517962N00554516EA0066500677
B1347584517964N00554520EA0066300675
B1347594517966N00554524EA0066000672
B1348004517966N00554529EA0065700669
B1348014517966N00554534EA0065400666
B1348024517965N00554539EA0065100663
B1348034517964N00554544EA0064800660
B1348044517961N00554549EA0064500657
B1348054517958N00554553EA0064300655
B1348064517961N00554546EA0064100653
B1348074517963N00554542EA0063900651
B1348084517967N00554538EA0063700649
B1348094517970N00554536EA0063400646
B1348104517974N00554534EA0063200644
B1348114517978N00554534EA0063000642
B1348124517981N00554536EA0062800640
B1348134517984N00554538EA0062500637
B1348144517987N00554541EA0062300635
B1348154517989N00554545EA0062000632
B1348164517990N00554550EA0061800630
B1348174517990N00554555EA0061500627
B1348184517990N00554560EA0061300625
B1348194517988N00554565EA0061100623
B1348204517988N00554557EA0060900621
B1348214517988N00554550EA0060600618
B1348224517989N00554543EA0060400616
B1348234517991N00554537EA0060100613
B1348244517993N00554532EA0059900611
B1348254517996N00554528EA0059700609
B1348264518000N00554525EA0059500607
B1348274518003N00554523EA0059200604
B1348284518007N00554522EA0058900601
B1348294518011N00554522EA0058700599
B1348304518014N00554524EA0058400596
B1348314518017N00554527EA0058200594
B1348324518019N00554530EA0057900591
B1348334518021N00554535EA0057600588
B1348344518022N00554540EA0057300585
B1348354518022N00554545EA0057000582
B1348364518017N00554539EA0056900581
B1348374518014N00554533EA0056700579
B1348384518011N00554527EA0056400576
B1348394518009N00554520EA0056100573
B1348404518008N00554513EA0055900571
B1348414518008N00554506EA0055700569
B1348424518009N00554499EA0055500567
B1348434518011N00554493EA0055100563
B1348444518013N00554488EA0054900561
B1348454518016N00554483EA0054600558
B1348464518019N00554479EA0054400556
B1348474518023N00554477EA0054200554
B1348484518027N00554476EA0053900551
B1348494518021N00554479EA0053800550
B1348504518016N00554479EA0053600548
B1348514518012N00554479EA0053300545
B1348524518007N00554477EA0053000542
B1348534518002N00554474EA0052800540
B1348544517998N00554470EA0052600538
B1348554517994N00554465EA0052300535
B1348564517991N00554459EA0052100533
B1348574517988N00554453EA0051900531
B1348584517987N00554446EA0051700529
B1348594517986N00554439EA0051400526
B1349004517985N00554446EA0051400526
B1349014517984N00554451EA0051100523
B1349024517982N00554456EA0050900521
B1349034517979N00554460EA0050600518
B1349044517976N00554464EA0050300515
B1349054517972N00554466EA0050100513
B1349064517967N00554468EA0049800510
B1349074517962N00554468EA0049600508
B1349084517957N00554468EA0049300505
B1349094517952N00554466EA0049000502
B1349104517956N00554469EA0048900501
B1349114517958N00554473EA0048700499
B1349124517960N00554477EA0048500497
B1349134517961N00554482EA0048200494
B1349144517961N00554488EA0048000492
B1349154517960N00554493EA0047800490
B1349164517958N00554498EA0047600488
B1349174517955N00554502EA0047300485
B1349184517952N00554506EA0047000482
B1349194517948N00554509EA0046700479
B1349204517944N00554511EA0046400476
B1349214517948N00554509EA0046300475
B1349224517952N00554509EA0046000472
B1349234517956N00554510EA0045800470
B1349244517959N00554512EA0045500467
B1349254517962N00554515EA0045300465
B1349264517964N00554519EA0045000462
B1349274517965N00554523EA0044700459
B1349284517966N00554528EA0044500457
B1349294517965N00554533EA0044200454
B1349304517964N00554538EA0043900451
B1349314517962N00554543EA0043700449
B1349324517960N00554548EA0043500447
B1349334517956N00554552EA0043200444
B1349344517959N00554545EA0043100443
B1349354517962N00554541EA0042800440
B1349364517966N00554537EA0042600438
B1349374517969N00554535EA0042300435
B1349384517973N00554534EA0042000432
B1349394517977N00554534EA0041700429
B1349404517980N00554536EA0041500427
B1349414517983N00554538EA0041200424
B1349424517985N00554542EA0041100423
B1349434517987N00554546EA0040700419
B1349444517988N00554551EA0040500417
B1349454517988N00554556EA0040200414
B1349464517988N00554561EA0039900411
B1349474517986N00554566EA0039700409
B1349484517986N00554558EA0039600408
B1349494517986N00554551EA0039300405
B1349504517987N00554544EA0039000402
B1349514517989N00554538EA0038900401
B1349524517992N00554534EA0038600398
B1349534517995N00554530EA0038300395
B1349544517999N00554527EA0038100393
B1349554518002N00554525EA0037800390
B1349564518006N00554524EA0037500387
B1349574518010N00554525EA0037300385
B1349584518013N00554527EA0037000382
B1349594518016N00554530EA0036800380
B1350004518018N00554534EA0036600378
B1350014518019N00554538EA0036400376
B1350024518020N00554543EA0036100373
B1350034518020N00554548EA0035800370
B1350044518015N00554542EA0035600368
B1350054518012N00554536EA0035300365
B1350064518010N00554530EA0035100363
B1350074518009N00554523EA0034800360
B1350084518008N00554516EA0034600358
B1350094518008N00554509EA0034300355
B1350104518009N00554502EA0034100353
B1350114518011N00554496EA0033800350
B1350124518014N00554491EA0033600348
B1350134518017N00554487EA0033400346
B1350144518020N00554484EA0033200344
B1350154518024N00554482EA0032900341
B1350164518028N00554481EA0032700339
B1350174518031N00554482EA0032400336
B1350184518025N00554484EA0032300335
B1350194518021N00554484EA0032000332
B1350204518016N00554482EA0031700329
B1350214518011N00554480EA0031500327
B1350224518006N00554476EA0031300325
B1350234518002N00554472EA0031000322
B1350244517999N00554466EA0030700319
B1350254517996N00554460EA0030500317
B1350264517994N00554453EA0030200314
B1350274517993N00554446EA0029900311
B1350284517993N00554439EA0029600308
B1350294517992N00554446EA0029600308
B1350304517990N00554451EA0029400306
B1350314517987N00554455EA0029200304
B1350324517984N00554459EA0029000302
B1350334517980N00554462EA0028800300
B1350344517975N00554464EA0028600298
B1350354517971N00554464EA0028400296
B1350364517966N00554464EA0028100293
B1350374517961N00554462EA0027900291
B1350384517956N00554459EA0027600288
B1350394517959N00554464EA0027400286
B1350404517961N00554468EA0027200284
B1350414517962N00554473EA0026900281
B1350424517962N00554478EA0026700279
B1350434517962N00554483EA0026400276
B1350444517960N00554488EA0026200274
B1350454517958N00554493EA0026000272
B1350464517955N00554497EA0025700269
B1350474517951N00554500EA0025500267
B1350484517947N00554502EA0025200264
B1350494517942N00554504EA0025000262
B1350504517947N00554503EA0024900261
B1350514517951N00554503EA0024600258
B1350524517954N00554505EA0024400256
B1350534517957N00554507EA0024200254
B1350544517959N00554511EA0023800250
B1350554517961N00554515EA0023600248
B1350564517961N00554515EA0023300245
B1350574517961N00554515EA0023300245
B1350584517961N00554515EA0023300245
B1350594517961N00554515EA0023300245
B1351004517961N00554515EA0023300245
B1351014517961N00554515EA0023300245
B1351024517961N00554515EA0023300245
B1351034517961N00554515EA0023300245
B1351044517961N00554515EA0023300245
B1351054517961N00554515EA0023300245
B1351064517961N00554515EA0023300245
B1351074517961N00554515EA0023300245
B1351084517961N00554515EA0023300245
B1351094517961N00554515EA0023300245
B1351104517961N00554515EA0023300245
B1351114517961N00554515EA0023200244
B1351124517961N00554515EA0023300245
B1351134517961N00554515EA0023300245
B1351144517961N00554515EA0023300245
B1351154517961N00554515EA0023300245
