AXCT FlyLog example
HFDTEDATE:080426,01
HFPLTPILOTINCHARGE:Pilote Demo
HFGTYGLIDERTYPE:Voile EN-B
HFGIDGLIDERID:
B1358004512414N00553022EA0170701719
B1358014512414N00553022EA0170801720
B1358024512414N00553022EA0170801720
B1358034512414N00553022EA0170801720
B1358044512414N00553022EA0170801720
B1358054512414N00553022EA0170801720
B1358064512414N00553022EA0170801720
B1358074512414N00553022EA0170801720
B1358084512414N00553022EA0170801720
B1358094512414N00553022EA0170801720
B1358104512414N00553022EA0170801720
B1358114512414N00553022EA0170801720
B1358124512414N00553022EA0170701719
B1358134512414N00553022EA0170801720
B1358144512414N00553022EA0170801720
B1358154512414N00553022EA0170801720
B1358164512414N00553022EA0170801720
B1358174512414N00553022EA0170801720
B1358184512414N00553022EA0170801720
B1358194512414N00553022EA0170801720
B1358204512414N00553022EA0170801720
B1358214512414N00553022EA0170801720
B1358224512414N00553022EA0170801720
B1358234512414N00553022EA0170801720
B1358244512414N00553022EA0170801720
B1358254512414N00553022EA0170801720
B1358264512414N00553022EA0170801720
B1358274512414N00553022EA0170801720
B1358284512414N00553022EA0170801720
B1358294512414N00553022EA0170801720
B1358304512414N00553014EA0170801720
B1358314512414N00553006EA0170701719
B1358324512414N00552998EA0170501717
B1358334512414N00552990EA0170501717
B1358344512413N00552982EA0170301715
B1358354512413N00552974EA0170301715
B1358364512413N00552966EA0170201714
B1358374512413N00552958EA0170101713
B1358384512412N00552950EA0170001712
B1358394512412N00552942EA0169801710
B1358404512412N00552934EA0169701709
B1358414512412N00552926EA0169601708
B1358424512411N00552918EA0169501707
B1358434512411N00552910EA0169401706
B1358444512411N00552902EA0169101703
B1358454512411N00552894EA0169001702
B1358464512411N00552886EA0168901701
B1358474512411N00552877EA0168801700
B1358484512410N00552869EA0168701699
B1358494512410N00552861EA0168601698
B1358504512410N00552853EA0168501697
B1358514512410N00552845EA0168401696
B1358524512409N00552838EA0168301695
B1358534512409N00552830EA0168201694
B1358544512409N00552822EA0168101693
B1358554512409N00552813EA0168001692
B1358564512408N00552805EA0167901691
B1358574512408N00552797EA0167801690
B1358584512408N00552789EA0167701689
B1358594512408N00552781EA0167601688
B1359004512408N00552773EA0167401686
B1359014512407N00552765EA0167301685
B1359024512407N00552757EA0167201684
B1359034512406N00552750EA0167201684
B1359044512406N00552742EA0167101683
B1359054512406N00552734EA0167001682
B1359064512405N00552726EA0166901681
B1359074512405N00552718EA0166701679
B1359084512405N00552710EA0166601678
B1359094512405N00552702EA0166401676
B1359104512404N00552693EA0166301675
B1359114512404N00552685EA0166301675
B1359124512404N00552677EA0166201674
B1359134512404N00552669EA0166001672
B1359144512404N00552661EA0165901671
B1359154512404N00552653EA0165801670
B1359164512404N00552645EA0165701669
B1359174512404N00552637EA0165601668
B1359184512404N00552629EA0165501667
B1359194512403N00552621EA0165401666
B1359204512403N00552613EA0165301665
B1359214512403N00552605EA0165201664
B1359224512403N00552597EA0165001662
B1359234512403N00552589EA0164901661
B1359244512403N00552581EA0164801660
B1359254512403N00552573EA0164801660
B1359264512403N00552564EA0164701659
B1359274512404N00552556EA0164601658
B1359284512404N00552548EA0164501657
B1359294512404N00552540EA0164301655
B1359304512404N00552532EA0164301655
B1359314512405N00552524EA0164201654
B1359324512405N00552516EA0164101653
B1359334512405N00552507EA0164001652
B1359344512406N00552499EA0163801650
B1359354512406N00552491EA0163701649
B1359364512407N00552483EA0163601648
B1359374512407N00552475EA0163601648
B1359384512407N00552467EA0163501647
B1359394512408N00552458EA0163401646
B1359404512408N00552450EA0163301645
B1359414512409N00552442EA0163201644
B1359424512409N00552434EA0163101643
B1359434512409N00552426EA0163001642
B1359444512409N00552418EA0162901641
B1359454512410N00552409EA0162801640
B1359464512410N00552401EA0162601638
B1359474512410N00552393EA0162501637
B1359484512411N00552385EA0162401636
B1359494512412N00552378EA0162501637
B1359504512416N00552371EA0162601638
B1359514512420N00552366EA0162801640
B1359524512425N00552362EA0162901641
B1359534512431N00552360EA0163101643
B1359544512437N00552360EA0163301645
B1359554512442N00552363EA0163501647
B1359564512447N00552367EA0163601648
B1359574512451N00552372EA0163801650
B1359584512453N00552378EA0163901651
B1359594512454N00552384EA0164001652
B1400004512453N00552390EA0164201654
B1400014512451N00552395EA0164301655
B1400024512448N00552399EA0164501657
B1400034512444N00552400EA0164801660
B1400044512440N00552400EA0164901661
B1400054512437N00552397EA0165101663
B1400064512434N00552393EA0165001662
B1400074512432N00552387EA0165201664
B1400084512431N00552380EA0165401666
B1400094512431N00552373EA0165501667
B1400104512433N00552365EA0165601668
B1400114512437N00552359EA0165801670
B1400124512441N00552354EA0166101673
B1400134512447N00552350EA0166201674
B1400144512452N00552348EA0166301675
B1400154512458N00552349EA0166401676
B1400164512463N00552351EA0166501677
B1400174512468N00552355EA0166701679
B1400184512471N00552360EA0166801680
B1400194512474N00552367EA0167001682
B1400204512474N00552373EA0167101683
B1400214512473N00552379EA0167201684
B1400224512471N00552384EA0167401686
B1400234512468N00552387EA0167601688
B1400244512465N00552388EA0167701689
B1400254512461N00552388EA0167901691
B1400264512457N00552385EA0168201694
B1400274512454N00552381EA0168401696
B1400284512452N00552375EA0168601698
B1400294512451N00552368EA0168701699
B1400304512452N00552361EA0168901701
B1400314512454N00552353EA0169001702
B1400324512458N00552347EA0169201704
B1400334512462N00552342EA0169401706
B1400344512468N00552338EA0169601708
B1400354512473N00552336EA0169701709
B1400364512479N00552337EA0169901711
B1400374512484N00552339EA0170201714
B1400384512489N00552344EA0170501717
B1400394512492N00552349EA0170601718
B1400404512494N00552355EA0170701719
B1400414512495N00552361EA0170801720
B1400424512494N00552367EA0171001722
B1400434512492N00552372EA0171201724
B1400444512489N00552375EA0171401726
B1400454512485N00552377EA0171501727
B1400464512481N00552376EA0171701729
B1400474512478N00552373EA0171801730
B1400484512475N00552369EA0171901731
B1400494512473N00552363EA0172001732
B1400504512472N00552356EA0172201734
B1400514512473N00552348EA0172301735
B1400524512475N00552341EA0172401736
B1400534512479N00552335EA0172501737
B1400544512483N00552329EA0172801740
B1400554512489N00552326EA0172901741
B1400564512494N00552325EA0172901741
B1400574512500N00552325EA0173001742
B1400584512505N00552328EA0173101743
B1400594512510N00552332EA0173201744
B1401004512513N00552338EA0173501747
B1401014512515N00552344EA0173601748
B1401024512516N00552350EA0173801750
B1401034512515N00552356EA0173901751
B1401044512513N00552360EA0174101753
B1401054512509N00552364EA0174201754
B1401064512506N00552365EA0174201754
B1401074512502N00552364EA0174401756
B1401084512498N00552361EA0174701759
B1401094512495N00552357EA0174901761
B1401104512494N00552351EA0175101763
B1401114512493N00552344EA0175301765
B1401124512494N00552336EA0175601768
B1401134512496N00552329EA0175801770
B1401144512499N00552322EA0175801770
B1401154512504N00552317EA0176001772
B1401164512510N00552314EA0176101773
B1401174512515N00552313EA0176201774
B1401184512521N00552313EA0176301775
B1401194512526N00552316EA0176501777
B1401204512531N00552320EA0176501777
B1401214512534N00552326EA0176701779
B1401224512536N00552332EA0176901781
B1401234512536N00552339EA0177101783
B1401244512535N00552344EA0177201784
B1401254512533N00552349EA0177401786
B1401264512530N00552352EA0177401786
B1401274512526N00552353EA0177601788
B1401284512522N00552352EA0177701789
B1401294512519N00552349EA0177901791
B1401304512516N00552345EA0178201794
B1401314512514N00552338EA0178301795
B1401324512514N00552331EA0178401796
B1401334512514N00552324EA0178601798
B1401344512517N00552317EA0178701799
B1401354512520N00552310EA0178901801
B1401364512525N00552305EA0179101803
B1401374512531N00552302EA0179401806
B1401384512536N00552301EA0179601808
B1401394512542N00552302EA0179801810
B1401404512547N00552305EA0179901811
B1401414512552N00552309EA0180001812
B1401424512555N00552315EA0180201814
B1401434512557N00552321EA0180401816
B1401444512557N00552327EA0180701819
B1401454512556N00552333EA0180801820
B1401464512554N00552337EA0181001822
B1401474512551N00552340EA0181201824
B1401484512547N00552341EA0181201824
B1401494512543N00552340EA0181401826
B1401504512539N00552337EA0181601828
B1401514512537N00552332EA0181701829
B1401524512535N00552326EA0181901831
B1401534512534N00552319EA0182101833
B1401544512535N00552312EA0182301835
B1401554512538N00552304EA0182401836
B1401564512541N00552298EA0182501837
B1401574512546N00552293EA0182801840
B1401584512552N00552290EA0183001842
B1401594512557N00552289EA0183101843
B1402004512563N00552290EA0183301845
B1402014512568N00552293EA0183501847
B1402024512573N00552297EA0183701849
B1402034512576N00552303EA0183801850
B1402044512577N00552309EA0184001852
B1402054512578N00552316EA0184201854
B1402064512577N00552321EA0184201854
B1402074512574N00552326EA0184401856
B1402084512571N00552328EA0184501857
B1402094512567N00552329EA0184701859
B1402104512563N00552328EA0184901861
B1402114512560N00552325EA0185101863
B1402124512557N00552320EA0185401866
B1402134512555N00552314EA0185601868
B1402144512555N00552307EA0185701869
B1402154512556N00552299EA0185901871
B1402164512559N00552292EA0186001872
B1402174512562N00552286EA0186201874
B1402184512567N00552281EA0186501877
B1402194512573N00552278EA0186601878
B1402204512579N00552277EA0186701879
B1402214512584N00552278EA0186901881
B1402224512589N00552281EA0187001882
B1402234512594N00552286EA0187301885
B1402244512597N00552292EA0187401886
B1402254512598N00552298EA0187501887
B1402264512598N00552304EA0187701889
B1402274512597N00552310EA0187801890
B1402284512595N00552314EA0188101893
B1402294512592N00552317EA0188101893
B1402304512588N00552318EA0188301895
B1402314512584N00552316EA0188601898
B1402324512580N00552313EA0188801900
B1402334512578N00552308EA0189001902
B1402344512576N00552302EA0189001902
B1402354512576N00552295EA0189201904
B1402364512577N00552287EA0189501907
B1402374512579N00552280EA0189701909
B1402384512583N00552274EA0189801910
B1402394512588N00552269EA0190101913
B1402404512594N00552266EA0190301915
B1402414512600N00552265EA0190501917
B1402424512605N00552267EA0190701919
B1402434512610N00552270EA0190901921
B1402444512615N00552274EA0191101923
B1402454512617N00552280EA0191301925
B1402464512619N00552286EA0191401926
B1402474512619N00552293EA0191601928
B1402484512618N00552298EA0191701929
B1402494512615N00552302EA0191801930
B1402504512612N00552305EA0192001932
B1402514512608N00552306EA0192101933
B1402524512604N00552304EA0192301935
B1402534512601N00552301EA0192501937
B1402544512598N00552296EA0192701939
B1402554512597N00552290EA0192901941
B1402564512597N00552282EA0193201944
B1402574512598N00552275EA0193401946
B1402584512600N00552268EA0193701949
B1402594512604N00552262EA0193801950
B1403004512609N00552257EA0194001952
B1403014512615N00552254EA0194201954
B1403024512621N00552254EA0194301955
B1403034512626N00552255EA0194501957
B1403044512631N00552258EA0194701959
B1403054512637N00552262EA0194601958
B1403064512642N00552265EA0194601958
B1403074512648N00552269EA0194501957
B1403084512653N00552273EA0194401956
B1403094512659N00552276EA0194301955
B1403104512664N00552280EA0194101953
B1403114512670N00552284EA0193901951
B1403124512675N00552287EA0193801950
B1403134512681N00552291EA0193601948
B1403144512686N00552295EA0193401946
B1403154512691N00552299EA0193301945
B1403164512697N00552303EA0193201944
B1403174512702N00552307EA0193001942
B1403184512708N00552311EA0193001942
B1403194512713N00552315EA0192801940
B1403204512718N00552319EA0192601938
B1403214512723N00552323EA0192501937
B1403224512729N00552327EA0192401936
B1403234512734N00552331EA0192301935
B1403244512739N00552335EA0192101933
B1403254512744N00552339EA0192001932
B1403264512750N00552343EA0191901931
B1403274512755N00552347EA0191801930
B1403284512760N00552351EA0191501927
B1403294512766N00552355EA0191401926
B1403304512771N00552359EA0191401926
B1403314512776N00552363EA0191301925
B1403324512782N00552367EA0191101923
B1403334512787N00552371EA0191001922
B1403344512792N00552375EA0190901921
B1403354512798N00552379EA0190801920
B1403364512803N00552382EA0190801920
B1403374512809N00552386EA0190701919
B1403384512814N00552390EA0190501917
B1403394512819N00552394EA0190501917
B1403404512825N00552398EA0190301915
B1403414512830N00552402EA0190301915
B1403424512835N00552407EA0190301915
B1403434512840N00552411EA0190101913
B1403444512846N00552415EA0190001912
B1403454512851N00552419EA0189801910
B1403464512856N00552423EA0189701909
B1403474512862N00552427EA0189601908
B1403484512867N00552430EA0189501907
B1403494512872N00552434EA0189301905
B1403504512878N00552438EA0189101903
B1403514512883N00552442EA0189101903
B1403524512888N00552446EA0189001902
B1403534512893N00552450EA0188801900
B1403544512899N00552455EA0188701899
B1403554512904N00552459EA0188701899
B1403564512909N00552464EA0188601898
B1403574512914N00552468EA0188401896
B1403584512918N00552473EA0188201894
B1403594512923N00552478EA0188101893
B1404004512928N00552482EA0187901891
B1404014512933N00552487EA0187801890
B1404024512938N00552492EA0187601888
B1404034512943N00552496EA0187601888
B1404044512948N00552501EA0187501887
B1404054512953N00552505EA0187401886
B1404064512958N00552510EA0187301885
B1404074512963N00552514EA0187101883
B1404084512968N00552519EA0186901881
B1404094512973N00552523EA0186801880
B1404104512979N00552527EA0186701879
B1404114512984N00552532EA0186601878
B1404124512989N00552536EA0186401876
B1404134512994N00552540EA0186401876
B1404144512999N00552545EA0186201874
B1404154513004N00552549EA0186101873
B1404164513010N00552553EA0186001872
B1404174513015N00552557EA0185801870
B1404184513020N00552562EA0185701869
B1404194513025N00552566EA0185701869
B1404204513030N00552570EA0185501867
B1404214513035N00552575EA0185301865
B1404224513040N00552579EA0185201864
B1404234513045N00552584EA0185001862
B1404244513050N00552588EA0185001862
B1404254513056N00552592EA0184801860
B1404264513061N00552597EA0184701859
B1404274513066N00552601EA0184601858
B1404284513071N00552605EA0184501857
B1404294513077N00552609EA0184401856
B1404304513082N00552613EA0184201854
B1404314513087N00552617EA0184101853
B1404324513092N00552621EA0184001852
B1404334513098N00552625EA0183901851
B1404344513103N00552629EA0183801850
B1404354513108N00552633EA0183801850
B1404364513114N00552637EA0183701849
B1404374513119N00552641EA0183601848
B1404384513124N00552645EA0183501847
B1404394513129N00552649EA0183401846
B1404404513135N00552653EA0183301845
B1404414513140N00552658EA0183301845
B1404424513145N00552662EA0183101843
B1404434513150N00552666EA0183001842
B1404444513155N00552671EA0182801840
B1404454513161N00552675EA0182701839
B1404464513166N00552679EA0182601838
B1404474513171N00552683EA0182501837
B1404484513176N00552688EA0182401836
B1404494513181N00552692EA0182301835
B1404504513186N00552696EA0182301835
B1404514513192N00552700EA0182201834
B1404524513197N00552704EA0182101833
B1404534513203N00552707EA0182001832
B1404544513208N00552711EA0181901831
B1404554513214N00552715EA0181701829
B1404564513219N00552719EA0181601828
B1404574513224N00552722EA0181601828
B1404584513230N00552726EA0181501827
B1404594513235N00552730EA0181401826
B1405004513241N00552734EA0181401826
B1405014513246N00552737EA0181301825
B1405024513252N00552741EA0181101823
B1405034513257N00552744EA0181001822
B1405044513263N00552748EA0180901821
B1405054513269N00552751EA0180801820
B1405064513274N00552754EA0180701819
B1405074513280N00552758EA0180501817
B1405084513285N00552761EA0180401816
B1405094513291N00552764EA0180301815
B1405104513297N00552768EA0180101813
B1405114513302N00552771EA0180001812
B1405124513308N00552774EA0179901811
B1405134513314N00552777EA0179801810
B1405144513320N00552780EA0179701809
B1405154513325N00552783EA0179501807
B1405164513331N00552787EA0179401806
B1405174513337N00552790EA0179401806
B1405184513342N00552793EA0179401806
B1405194513348N00552797EA0179301805
B1405204513353N00552800EA0179201804
B1405214513359N00552804EA0179101803
B1405224513365N00552807EA0178901801
B1405234513370N00552810EA0178801800
B1405244513376N00552814EA0178801800
B1405254513381N00552817EA0178601798
B1405264513387N00552820EA0178501797
B1405274513393N00552824EA0178501797
B1405284513398N00552827EA0178301795
B1405294513404N00552831EA0178201794
B1405304513409N00552834EA0178001792
B1405314513415N00552837EA0177901791
B1405324513421N00552840EA0177901791
B1405334513426N00552844EA0177701789
B1405344513432N00552847EA0177601788
B1405354513438N00552851EA0177501787
B1405364513443N00552854EA0177401786
B1405374513449N00552858EA0177301785
B1405384513454N00552861EA0177101783
B1405394513460N00552865EA0177001782
B1405404513465N00552869EA0176901781
B1405414513471N00552872EA0176801780
B1405424513476N00552876EA0176601778
B1405434513481N00552880EA0176501777
B1405444513487N00552883EA0176401776
B1405454513493N00552886EA0176301775
B1405464513498N00552890EA0176201774
B1405474513504N00552893EA0176001772
B1405484513510N00552896EA0175901771
B1405494513515N00552899EA0175801770
B1405504513521N00552902EA0175601768
B1405514513527N00552905EA0175501767
B1405524513533N00552908EA0175301765
B1405534513538N00552911EA0175201764
B1405544513544N00552914EA0175101763
B1405554513550N00552917EA0175001762
B1405564513556N00552921EA0174801760
B1405574513561N00552924EA0174801760
B1405584513567N00552927EA0174701759
B1405594513573N00552930EA0174601758
B1406004513578N00552933EA0174501757
B1406014513584N00552937EA0174301755
B1406024513590N00552940EA0174301755
B1406034513595N00552943EA0174101753
B1406044513601N00552947EA0174001752
B1406054513607N00552950EA0173901751
B1406064513612N00552953EA0173801750
B1406074513618N00552956EA0173701749
B1406084513624N00552959EA0173501747
B1406094513630N00552962EA0173401746
B1406104513635N00552965EA0173301745
B1406114513641N00552968EA0173201744
B1406124513646N00552972EA0173101743
B1406134513652N00552975EA0173001742
B1406144513658N00552978EA0172901741
B1406154513663N00552982EA0172701739
B1406164513669N00552985EA0172501737
B1406174513675N00552988EA0172401736
B1406184513680N00552992EA0172301735
B1406194513686N00552996EA0172201734
B1406204513691N00552999EA0172101733
B1406214513696N00553003EA0171901731
B1406224513702N00553007EA0171901731
B1406234513707N00553011EA0171801730
B1406244513712N00553015EA0171701729
B1406254513718N00553019EA0171601728
B1406264513723N00553023EA0171501727
B1406274513728N00553027EA0171401726
B1406284513734N00553031EA0171301725
B1406294513739N00553035EA0171101723
B1406304513744N00553039EA0171001722
B1406314513750N00553043EA0170801720
B1406324513755N00553047EA0170701719
B1406334513760N00553051EA0170601718
B1406344513766N00553055EA0170501717
B1406354513771N00553059EA0170401716
B1406364513776N00553063EA0170301715
B1406374513782N00553067EA0170201714
B1406384513787N00553071EA0170101713
B1406394513792N00553075EA0169901711
B1406404513797N00553079EA0169801710
B1406414513803N00553083EA0169701709
B1406424513808N00553087EA0169501707
B1406434513813N00553091EA0169401706
B1406444513818N00553096EA0169201704
B1406454513824N00553100EA0169101703
B1406464513829N00553104EA0169001702
B1406474513834N00553108EA0168801700
B1406484513839N00553113EA0168701699
B1406494513844N00553117EA0168601698
B1406504513849N00553121EA0168401696
B1406514513854N00553126EA0168301695
B1406524513860N00553130EA0168201694
B1406534513865N00553135EA0168101693
B1406544513870N00553139EA0168001692
B1406554513875N00553144EA0167901691
B1406564513880N00553148EA0167801690
B1406574513885N00553153EA0167601688
B1406584513890N00553157EA0167501687
B1406594513895N00553162EA0167301685
B1407004513900N00553166EA0167201684
B1407014513905N00553171EA0167201684
B1407024513910N00553175EA0167101683
B1407034513915N00553179EA0166901681
B1407044513920N00553184EA0166801680
B1407054513925N00553188EA0166701679
B1407064513931N00553192EA0166701679
B1407074513936N00553196EA0166501677
B1407084513941N00553200EA0166401676
B1407094513947N00553204EA0166301675
B1407104513952N00553208EA0166201674
B1407114513957N00553211EA0166101673
B1407124513963N00553215EA0166001672
B1407134513968N00553219EA0166001672
B1407144513974N00553223EA0165901671
B1407154513979N00553227EA0165701669
B1407164513984N00553231EA0165601668
B1407174513990N00553235EA0165601668
B1407184513995N00553239EA0165401666
B1407194514001N00553242EA0165401666
B1407204514005N00553247EA0165301665
B1407214514007N00553253EA0165501667
B1407224514009N00553259EA0165401666
B1407234514008N00553266EA0165601668
B1407244514007N00553271EA0165601668
B1407254514004N00553275EA0165701669
B1407264514001N00553277EA0165601668
B1407274513997N00553278EA0165801670
B1407284513993N00553276EA0165901671
B1407294513990N00553272EA0166001672
B1407304513987N00553267EA0166101673
B1407314513986N00553260EA0166301675
B1407324513986N00553253EA0166401676
B1407334513987N00553246EA0166401676
B1407344513990N00553239EA0166601678
B1407354513994N00553233EA0166701679
B1407364513999N00553229EA0166801680
B1407374514005N00553226EA0166901681
B1407384514011N00553226EA0166901681
B1407394514017N00553227EA0167001682
B1407404514021N00553231EA0167201684
B1407414514025N00553236EA0167301685
B1407424514028N00553242EA0167401686
B1407434514029N00553248EA0167501687
B1407444514029N00553254EA0167501687
B1407454514028N00553259EA0167701689
B1407464514025N00553263EA0167901691
B1407474514021N00553266EA0167901691
B1407484514018N00553266EA0168001692
B1407494514014N00553264EA0168001692
B1407504514011N00553260EA0168001692
B1407514514008N00553255EA0168301695
B1407524514007N00553248EA0168301695
B1407534514007N00553241EA0168301695
B1407544514008N00553234EA0168401696
B1407554514011N00553227EA0168501697
B1407564514015N00553221EA0168701699
B1407574514020N00553217EA0168901701
B1407584514026N00553214EA0168901701
B1407594514032N00553214EA0169001702
B1408004514038N00553216EA0169001702
B1408014514042N00553219EA0169201704
B1408024514046N00553224EA0169301705
B1408034514049N00553230EA0169401706
B1408044514050N00553236EA0169401706
B1408054514050N00553243EA0169501707
B1408064514048N00553248EA0169501707
B1408074514045N00553252EA0169501707
B1408084514042N00553254EA0169401706
B1408094514038N00553254EA0169501707
B1408104514034N00553252EA0169501707
B1408114514031N00553248EA0169601708
B1408124514029N00553243EA0169701709
B1408134514027N00553236EA0170001712
B1408144514028N00553229EA0170101713
B1408154514029N00553221EA0170201714
B1408164514032N00553214EA0170201714
B1408174514036N00553209EA0170301715
B1408184514042N00553205EA0170401716
B1408194514047N00553202EA0170501717
B1408204514053N00553202EA0170601718
B1408214514059N00553204EA0170701719
B1408224514063N00553208EA0170801720
B1408234514067N00553213EA0171001722
B1408244514070N00553219EA0171001722
B1408254514071N00553225EA0171201724
B1408264514070N00553231EA0171201724
B1408274514069N00553236EA0171401726
B1408284514066N00553240EA0171501727
B1408294514062N00553242EA0171701729
B1408304514059N00553242EA0171701729
B1408314514055N00553240EA0171801730
B1408324514052N00553236EA0171901731
B1408334514049N00553231EA0172001732
B1408344514048N00553224EA0172101733
B1408354514048N00553216EA0172301735
B1408364514050N00553209EA0172401736
B1408374514053N00553202EA0172501737
B1408384514057N00553197EA0172601738
B1408394514063N00553193EA0172601738
B1408404514068N00553190EA0172601738
B1408414514074N00553190EA0172601738
B1408424514080N00553192EA0172701739
B1408434514084N00553196EA0172901741
B1408444514088N00553201EA0172801740
B1408454514091N00553207EA0173001742
B1408464514091N00553214EA0173001742
B1408474514091N00553220EA0173101743
B1408484514089N00553225EA0173101743
B1408494514086N00553228EA0173201744
B1408504514083N00553230EA0173301745
B1408514514079N00553230EA0173501747
B1408524514075N00553228EA0173601748
B1408534514072N00553224EA0173601748
B1408544514070N00553218EA0173801750
B1408554514069N00553212EA0173801750
B1408564514069N00553204EA0173801750
B1408574514071N00553197EA0174001752
B1408584514074N00553190EA0174101753
B1408594514078N00553185EA0174201754
B1409004514084N00553181EA0174401756
B1409014514089N00553179EA0174401756
B1409024514095N00553179EA0174501757
B1409034514101N00553181EA0174501757
B1409044514105N00553185EA0174601758
B1409054514109N00553190EA0174801760
B1409064514111N00553196EA0174901761
B1409074514112N00553202EA0175101763
B1409084514112N00553208EA0175201764
B1409094514110N00553213EA0175401766
B1409104514107N00553217EA0175501767
B1409114514103N00553219EA0175701769
B1409124514100N00553218EA0175701769
B1409134514096N00553216EA0175901771
B1409144514093N00553212EA0176101773
B1409154514090N00553206EA0176301775
B1409164514089N00553199EA0176201774
B1409174514090N00553192EA0176201774
B1409184514092N00553185EA0176301775
B1409194514095N00553178EA0176401776
B1409204514099N00553172EA0176501777
B1409214514105N00553169EA0176401776
B1409224514110N00553167EA0176601778
B1409234514116N00553167EA0176801780
B1409244514122N00553169EA0176701779
B1409254514126N00553173EA0176801780
B1409264514130N00553178EA0176901781
B1409274514132N00553184EA0176901781
B1409284514133N00553191EA0177001782
B1409294514132N00553197EA0177001782
B1409304514130N00553202EA0177101783
B1409314514128N00553205EA0177301785
B1409324514124N00553207EA0177501787
B1409334514120N00553206EA0177601788
B1409344514116N00553204EA0177701789
B1409354514113N00553200EA0177801790
B1409364514111N00553194EA0177901791
B1409374514110N00553187EA0177901791
B1409384514111N00553180EA0178101793
B1409394514113N00553172EA0178201794
B1409404514116N00553166EA0178401796
B1409414514120N00553160EA0178401796
B1409424514126N00553157EA0178401796
B1409434514131N00553155EA0178501797
B1409444514137N00553155EA0178501797
B1409454514143N00553157EA0178501797
B1409464514147N00553161EA0178601798
B1409474514151N00553167EA0178701799
B1409484514153N00553173EA0178801800
B1409494514154N00553179EA0178901801
B1409504514153N00553185EA0179101803
B1409514514151N00553190EA0179101803
B1409524514148N00553193EA0179101803
B1409534514144N00553195EA0179201804
B1409544514141N00553195EA0179301805
B1409554514137N00553192EA0179401806
B1409564514134N00553188EA0179401806
B1409574514132N00553182EA0179601808
B1409584514131N00553175EA0179701809
B1409594514131N00553167EA0179901811
B1410004514133N00553160EA0179901811
B1410014514137N00553154EA0180101813
B1410024514141N00553148EA0180201814
B1410034514147N00553145EA0180201814
B1410044514152N00553143EA0180501817
B1410054514158N00553143EA0180501817
B1410064514164N00553146EA0180601818
B1410074514168N00553150EA0180601818
B1410084514172N00553155EA0180701819
B1410094514174N00553161EA0180801820
B1410104514174N00553168EA0180801820
B1410114514174N00553174EA0180801820
B1410124514172N00553178EA0181001822
B1410134514169N00553182EA0181101823
B1410144514165N00553183EA0181101823
B1410154514161N00553183EA0181201824
B1410164514157N00553180EA0181301825
B1410174514154N00553176EA0181301825
B1410184514152N00553170EA0181501827
B1410194514152N00553163EA0181601828
B1410204514152N00553155EA0181701829
B1410214514154N00553148EA0181801830
B1410224514158N00553141EA0182001832
B1410234514162N00553136EA0182001832
B1410244514168N00553133EA0182101833
B1410254514173N00553131EA0182201834
B1410264514179N00553132EA0182201834
B1410274514185N00553134EA0182301835
B1410284514189N00553138EA0182401836
B1410294514192N00553144EA0182501837
B1410304514194N00553150EA0182501837
B1410314514195N00553156EA0182501837
B1410324514194N00553162EA0182601838
B1410334514192N00553167EA0182701839
B1410344514189N00553170EA0182901841
B1410354514185N00553171EA0183001842
B1410364514182N00553171EA0183101843
B1410374514178N00553168EA0183201844
B1410384514175N00553164EA0183301845
B1410394514173N00553157EA0183501847
B1410404514172N00553150EA0183601848
B1410414514173N00553143EA0183801850
B1410424514175N00553136EA0184001852
B1410434514179N00553129EA0184201854
B1410444514183N00553124EA0184301855
B1410454514189N00553121EA0184401856
B1410464514194N00553119EA0184501857
B1410474514200N00553120EA0184601858
B1410484514206N00553123EA0184701859
B1410494514210N00553127EA0184801860
B1410504514213N00553132EA0184901861
B1410514514215N00553138EA0185001862
B1410524514216N00553145EA0185001862
B1410534514215N00553150EA0185101863
B1410544514213N00553155EA0185301865
B1410554514210N00553158EA0185401866
B1410564514206N00553160EA0185401866
B1410574514202N00553159EA0185401866
B1410584514198N00553156EA0185601868
B1410594514194N00553153EA0185501867
B1411004514190N00553150EA0185401866
B1411014514186N00553147EA0185301865
B1411024514182N00553144EA0185201864
B1411034514178N00553141EA0185101863
B1411044514174N00553138EA0184901861
B1411054514170N00553134EA0184801860
B1411064514166N00553131EA0184701859
B1411074514162N00553128EA0184601858
B1411084514157N00553125EA0184501857
B1411094514153N00553122EA0184301855
B1411104514149N00553119EA0184201854
B1411114514145N00553116EA0184101853
B1411124514141N00553113EA0184001852
B1411134514137N00553110EA0183901851
B1411144514133N00553106EA0183801850
B1411154514129N00553103EA0183701849
B1411164514125N00553100EA0183601848
B1411174514121N00553096EA0183501847
B1411184514117N00553093EA0183401846
B1411194514113N00553090EA0183301845
B1411204514109N00553086EA0183101843
B1411214514105N00553083EA0183001842
B1411224514101N00553080EA0182901841
B1411234514097N00553076EA0182801840
B1411244514093N00553072EA0182801840
B1411254514089N00553069EA0182601838
B1411264514085N00553065EA0182501837
B1411274514081N00553061EA0182401836
B1411284514077N00553057EA0182301835
B1411294514073N00553053EA0182301835
B1411304514069N00553050EA0182201834
B1411314514065N00553046EA0182101833
B1411324514062N00553042EA0182001832
B1411334514058N00553038EA0181901831
B1411344514054N00553034EA0181801830
B1411354514050N00553030EA0181701829
B1411364514046N00553027EA0181701829
B1411374514042N00553023EA0181601828
B1411384514038N00553019EA0181401826
B1411394514035N00553015EA0181401826
B1411404514031N00553011EA0181201824
B1411414514027N00553007EA0181101823
B1411424514023N00553003EA0181001822
B1411434514019N00553000EA0180901821
B1411444514015N00552996EA0180801820
B1411454514011N00552992EA0180701819
B1411464514007N00552989EA0180601818
B1411474514003N00552985EA0180501817
B1411484513999N00552981EA0180401816
B1411494513995N00552978EA0180301815
B1411504513991N00552975EA0180201814
B1411514513987N00552971EA0180101813
B1411524513983N00552967EA0180001812
B1411534513979N00552964EA0179901811
B1411544513975N00552960EA0179801810
B1411554513971N00552956EA0179701809
B1411564513968N00552953EA0179601808
B1411574513964N00552949EA0179501807
B1411584513960N00552945EA0179401806
B1411594513956N00552941EA0179301805
B1412004513952N00552937EA0179201804
B1412014513948N00552933EA0179101803
B1412024513944N00552929EA0179101803
B1412034513941N00552925EA0178901801
B1412044513937N00552921EA0178801800
B1412054513933N00552917EA0178601798
B1412064513930N00552912EA0178401796
B1412074513926N00552907EA0178301795
B1412084513923N00552902EA0178201794
B1412094513919N00552898EA0178001792
B1412104513916N00552893EA0177901791
B1412114513912N00552888EA0177901791
B1412124513909N00552883EA0177701789
B1412134513905N00552878EA0177601788
B1412144513902N00552873EA0177501787
B1412154513898N00552869EA0177301785
B1412164513895N00552864EA0177101783
B1412174513891N00552859EA0177001782
B1412184513888N00552854EA0176901781
B1412194513885N00552848EA0176801780
B1412204513881N00552843EA0176701779
B1412214513878N00552838EA0176701779
B1412224513874N00552834EA0176601778
B1412234513871N00552829EA0176501777
B1412244513867N00552824EA0176301775
B1412254513864N00552819EA0176201774
B1412264513860N00552815EA0176101773
B1412274513857N00552810EA0176001772
B1412284513853N00552806EA0175901771
B1412294513849N00552801EA0175801770
B1412304513846N00552797EA0175801770
B1412314513842N00552793EA0175601768
B1412324513838N00552788EA0175501767
B1412334513835N00552783EA0175401766
B1412344513831N00552779EA0175301765
B1412354513828N00552774EA0175201764
B1412364513824N00552769EA0175101763
B1412374513821N00552764EA0175001762
B1412384513819N00552758EA0175301765
B1412394513818N00552751EA0175601768
B1412404513819N00552744EA0175801770
B1412414513821N00552737EA0176201774
B1412424513824N00552730EA0176401776
B1412434513829N00552725EA0176801780
B1412444513834N00552721EA0176901781
B1412454513840N00552720EA0177201784
B1412464513845N00552720EA0177401786
B1412474513851N00552723EA0177601788
B1412484513855N00552727EA0177901791
B1412494513859N00552732EA0178201794
B1412504513861N00552738EA0178501797
B1412514513861N00552745EA0178801800
B1412524513861N00552750EA0179001802
B1412534513858N00552755EA0179201804
B1412544513855N00552759EA0179501807
B1412554513852N00552760EA0179701809
B1412564513848N00552759EA0179901811
B1412574513844N00552757EA0180101813
B1412584513841N00552752EA0180401816
B1412594513839N00552746EA0180701819
B1413004513839N00552739EA0180801820
B1413014513839N00552732EA0181001822
B1413024513841N00552724EA0181301825
B1413034513845N00552718EA0181501827
B1413044513850N00552713EA0181701829
B1413054513855N00552709EA0182001832
B1413064513861N00552708EA0182201834
B1413074513867N00552708EA0182401836
B1413084513872N00552711EA0182701839
B1413094513876N00552715EA0183001842
B1413104513880N00552721EA0183201844
B1413114513882N00552727EA0183301845
B1413124513882N00552733EA0183701849
B1413134513881N00552739EA0184001852
B1413144513879N00552744EA0184201854
B1413154513876N00552747EA0184401856
B1413164513872N00552748EA0184601858
B1413174513868N00552747EA0184801860
B1413184513865N00552745EA0185001862
B1413194513862N00552740EA0185201864
B1413204513860N00552734EA0185401866
B1413214513859N00552727EA0185601868
B1413224513860N00552719EA0185901871
B1413234513862N00552712EA0186101873
B1413244513866N00552706EA0186301875
B1413254513871N00552701EA0186601878
B1413264513876N00552697EA0186801880
B1413274513882N00552696EA0187001882
B1413284513888N00552697EA0187301885
B1413294513893N00552699EA0187401886
B1413304513897N00552704EA0187701889
B1413314513900N00552709EA0187901891
B1413324513902N00552715EA0188101893
B1413334513903N00552722EA0188401896
B1413344513902N00552727EA0188601898
B1413354513900N00552732EA0189001902
B1413364513896N00552735EA0189301905
B1413374513893N00552736EA0189601908
B1413384513889N00552735EA0189701909
B1413394513885N00552733EA0189901911
B1413404513882N00552728EA0189901911
B1413414513881N00552722EA0190201914
B1413424513880N00552715EA0190501917
B1413434513881N00552707EA0190801920
B1413444513883N00552700EA0191101923
B1413454513887N00552694EA0191201924
B1413464513892N00552689EA0191301925
B1413474513897N00552685EA0191501927
B1413484513903N00552684EA0191701929
B1413494513909N00552685EA0192001932
B1413504513914N00552688EA0192201934
B1413514513918N00552692EA0192401936
B1413524513921N00552698EA0192501937
B1413534513923N00552704EA0192801940
B1413544513923N00552710EA0193101943
B1413554513922N00552716EA0193501947
B1413564513920N00552720EA0193701949
B1413574513917N00552723EA0193901951
B1413584513913N00552725EA0194201954
B1413594513909N00552724EA0194401956
B1414004513906N00552721EA0194701959
B1414014513903N00552716EA0194901961
B1414024513901N00552710EA0195201964
B1414034513901N00552702EA0195501967
B1414044513902N00552695EA0195701969
B1414054513904N00552688EA0196001972
B1414064513908N00552682EA0196301975
B1414074513913N00552677EA0196501977
B1414084513918N00552673EA0196701979
B1414094513924N00552672EA0196801980
B1414104513930N00552673EA0197101983
B1414114513935N00552676EA0197201984
B1414124513939N00552681EA0197401986
B1414134513942N00552686EA0197601988
B1414144513944N00552693EA0197701989
B1414154513944N00552699EA0198001992
B1414164513943N00552704EA0198201994
B1414174513941N00552709EA0198501997
B1414184513938N00552712EA0198902001
B1414194513934N00552713EA0199202004
B1414204513930N00552712EA0199602008
B1414214513926N00552708EA0199902011
B1414224513924N00552704EA0200202014
B1414234513922N00552697EA0200502017
B1414244513921N00552690EA0200702019
B1414254513923N00552683EA0200902021
B1414264513925N00552676EA0201202024
B1414274513929N00552669EA0201502027
B1414284513934N00552665EA0201702029
B1414294513939N00552662EA0202002032
B1414304513945N00552661EA0202202034
B1414314513951N00552662EA0202402036
B1414324513956N00552665EA0202602038
B1414334513960N00552669EA0203002042
B1414344513963N00552675EA0203302045
B1414354513965N00552681EA0203602048
B1414364513965N00552687EA0203902051
B1414374513964N00552693EA0204002052
B1414384513961N00552697EA0204202054
B1414394513958N00552700EA0204502057
B1414404513954N00552701EA0204802060
B1414414513950N00552700EA0205102063
B1414424513947N00552696EA0205402066
B1414434513944N00552691EA0205702069
B1414444513943N00552685EA0205902071
B1414454513942N00552678EA0206102073
B1414464513943N00552670EA0206302075
B1414474513946N00552663EA0206502077
B1414484513950N00552657EA0206802080
B1414494513955N00552653EA0207002082
B1414504513960N00552650EA0207202084
B1414514513966N00552649EA0207402086
B1414524513972N00552650EA0207702089
B1414534513977N00552653EA0208002092
B1414544513981N00552658EA0208202094
B1414554513984N00552663EA0208602098
B1414564513985N00552670EA0208902101
B1414574513986N00552676EA0209202104
B1414584513984N00552681EA0209402106
B1414594513982N00552686EA0209602108
B1415004513979N00552688EA0210002112
B1415014513975N00552689EA0210202114
B1415024513971N00552688EA0210502117
B1415034513967N00552684EA0210702119
B1415044513965N00552679EA0210902121
B1415054513963N00552673EA0211102123
B1415064513963N00552666EA0211302125
B1415074513964N00552658EA0211502127
B1415084513967N00552651EA0211802130
B1415094513971N00552645EA0211902131
B1415104513976N00552641EA0212202134
B1415114513981N00552638EA0212502137
B1415124513987N00552637EA0212802140
B1415134513993N00552638EA0213102143
B1415144513998N00552641EA0213302145
B1415154514002N00552646EA0213502147
B1415164514005N00552652EA0213702149
B1415174514006N00552658EA0213902151
B1415184514006N00552664EA0214202154
B1415194514005N00552670EA0214302155
B1415204514002N00552674EA0214602158
B1415214513999N00552677EA0214802160
B1415224513995N00552677EA0215002162
B1415234513991N00552676EA0215302165
B1415244513988N00552672EA0215602168
B1415254513985N00552667EA0215802170
B1415264513984N00552661EA0216102173
B1415274513984N00552653EA0216402176
B1415284513985N00552646EA0216602178
B1415294513988N00552639EA0216802180
B1415304513992N00552633EA0217002182
B1415314513997N00552628EA0217202184
B1415324514002N00552626EA0217402186
B1415334514008N00552625EA0217502187
B1415344514014N00552627EA0217702189
B1415354514019N00552630EA0218102193
B1415364514023N00552635EA0218402196
B1415374514026N00552640EA0218602198
B1415384514027N00552647EA0218802200
B1415394514027N00552653EA0219102203
B1415404514025N00552658EA0219302205
B1415414514023N00552662EA0219502207
B1415424514020N00552665EA0219702209
B1415434514016N00552665EA0219902211
B1415444514012N00552664EA0220202214
B1415454514009N00552660EA0220402216
B1415464514006N00552655EA0220702219
B1415474514005N00552649EA0220902221
B1415484514004N00552641EA0221202224
B1415494514006N00552634EA0221302225
B1415504514009N00552627EA0221602228
B1415514514013N00552621EA0222002232
B1415524514018N00552616EA0222102233
B1415534514023N00552614EA0222502237
B1415544514029N00552613EA0222802240
B1415554514035N00552615EA0223002242
B1415564514040N00552618EA0223102243
B1415574514044N00552623EA0223502247
B1415584514046N00552629EA0223602248
B1415594514048N00552635EA0224002252
B1416004514048N00552641EA0224302255
B1416014514046N00552647EA0224702259
B1416024514043N00552651EA0224902261
B1416034514040N00552653EA0225102263
B1416044514036N00552654EA0225402266
B1416054514032N00552652EA0225602268
B1416064514029N00552648EA0225902271
B1416074514027N00552643EA0226202274
B1416084514025N00552636EA0226502277
B1416094514025N00552629EA0226602278
B1416104514027N00552622EA0226702279
B1416114514029N00552615EA0226902281
B1416124514034N00552609EA0227102283
B1416134514039N00552604EA0227302285
B1416144514044N00552602EA0227602288
B1416154514050N00552602EA0227802290
B1416164514056N00552603EA0228102293
B1416174514061N00552607EA0228402296
B1416184514065N00552612EA0228802300
B1416194514067N00552617EA0229002302
B1416204514068N00552624EA0229202304
B1416214514068N00552630EA0229502307
B1416224514067N00552635EA0229802310
B1416234514064N00552639EA0230102313
B1416244514061N00552641EA0230402316
B1416254514057N00552642EA0230702319
B1416264514053N00552640EA0230902321
B1416274514050N00552636EA0231202324
B1416284514047N00552631EA0231402326
B1416294514046N00552624EA0231702329
B1416304514046N00552617EA0231802330
B1416314514047N00552609EA0232102333
B1416324514050N00552602EA0232302335
B1416334514055N00552597EA0232602338
B1416344514060N00552592EA0232902341
B1416354514065N00552590EA0233202344
B1416364514071N00552590EA0233302345
B1416374514077N00552592EA0233602348
B1416384514082N00552595EA0233902351
B1416394514085N00552600EA0234102353
B1416404514088N00552606EA0234302355
B1416414514089N00552612EA0234502357
B1416424514089N00552618EA0234802360
B1416434514088N00552625EA0234602358
B1416444514088N00552632EA0234402356
B1416454514088N00552639EA0234202354
B1416464514087N00552646EA0234102353
B1416474514087N00552653EA0233902351
B1416484514088N00552660EA0233802350
B1416494514088N00552667EA0233702349
B1416504514088N00552674EA0233602348
B1416514514088N00552681EA0233502347
B1416524514088N00552688EA0233402346
B1416534514088N00552695EA0233302345
B1416544514088N00552701EA0233202344
B1416554514087N00552708EA0233102343
B1416564514087N00552715EA0233002342
B1416574514087N00552722EA0232902341
B1416584514086N00552729EA0232802340
B1416594514086N00552736EA0232702339
B1417004514085N00552742EA0232502337
B1417014514084N00552749EA0232502337
B1417024514084N00552756EA0232402336
B1417034514083N00552762EA0232202334
B1417044514083N00552769EA0232102333
B1417054514082N00552776EA0232102333
B1417064514082N00552783EA0232002332
B1417074514082N00552790EA0231902331
B1417084514082N00552797EA0231802330
B1417094514081N00552804EA0231702329
B1417104514081N00552811EA0231602328
B1417114514081N00552817EA0231502327
B1417124514081N00552824EA0231302325
B1417134514081N00552831EA0231202324
B1417144514080N00552838EA0231102323
B1417154514080N00552845EA0231002322
B1417164514080N00552852EA0230902321
B1417174514080N00552859EA0230702319
B1417184514080N00552866EA0230502317
B1417194514080N00552873EA0230302315
B1417204514079N00552880EA0230202314
B1417214514079N00552887EA0230102313
B1417224514079N00552893EA0230002312
B1417234514078N00552900EA0229802310
B1417244514078N00552907EA0229702309
B1417254514077N00552914EA0229702309
B1417264514077N00552920EA0229602308
B1417274514076N00552927EA0229502307
B1417284514075N00552934EA0229502307
B1417294514075N00552941EA0229402306
B1417304514074N00552947EA0229202304
B1417314514073N00552954EA0229102303
B1417324514072N00552961EA0229002302
B1417334514072N00552967EA0228902301
B1417344514071N00552974EA0228802300
B1417354514070N00552981EA0228602298
B1417364514069N00552987EA0228402296
B1417374514068N00552994EA0228302295
B1417384514067N00553000EA0228202294
B1417394514065N00553006EA0228102293
B1417404514064N00553013EA0228002292
B1417414514062N00553019EA0227902291
B1417424514061N00553025EA0227702289
B1417434514060N00553031EA0227602288
B1417444514058N00553038EA0227502287
B1417454514056N00553044EA0227402286
B1417464514055N00553050EA0227302285
B1417474514053N00553056EA0227202284
B1417484514051N00553062EA0227102283
B1417494514050N00553068EA0227002282
B1417504514048N00553074EA0226902281
B1417514514047N00553080EA0226702279
B1417524514045N00553087EA0226602278
B1417534514044N00553093EA0226502277
B1417544514042N00553099EA0226502277
B1417554514041N00553105EA0226402276
B1417564514039N00553112EA0226202274
B1417574514038N00553118EA0226102273
B1417584514037N00553124EA0226002272
B1417594514036N00553131EA0225802270
B1418004514034N00553137EA0225602268
B1418014514033N00553144EA0225502267
B1418024514032N00553150EA0225402266
B1418034514030N00553156EA0225402266
B1418044514029N00553163EA0225302265
B1418054514028N00553169EA0225202264
B1418064514027N00553175EA0225002262
B1418074514025N00553182EA0224902261
B1418084514024N00553188EA0224702259
B1418094514023N00553195EA0224602258
B1418104514022N00553201EA0224602258
B1418114514021N00553208EA0224502257
B1418124514020N00553214EA0224402256
B1418134514020N00553221EA0224302255
B1418144514019N00553228EA0224102253
B1418154514018N00553235EA0224102253
B1418164514018N00553241EA0223902251
B1418174514017N00553248EA0223802250
B1418184514017N00553255EA0223702249
B1418194514016N00553262EA0223602248
B1418204514016N00553269EA0223502247
B1418214514015N00553275EA0223302245
B1418224514015N00553282EA0223202244
B1418234514014N00553289EA0223002242
B1418244514014N00553296EA0222902241
B1418254514013N00553303EA0222802240
B1418264514013N00553309EA0222702239
B1418274514013N00553316EA0222702239
B1418284514012N00553323EA0222602238
B1418294514012N00553330EA0222502237
B1418304514012N00553337EA0222502237
B1418314514011N00553344EA0222402236
B1418324514011N00553351EA0222202234
B1418334514011N00553357EA0222102233
B1418344514011N00553364EA0222002232
B1418354514010N00553371EA0221902231
B1418364514010N00553378EA0221702229
B1418374514010N00553385EA0221702229
B1418384514010N00553392EA0221602228
B1418394514010N00553399EA0221502227
B1418404514010N00553406EA0221302225
B1418414514010N00553413EA0221202224
B1418424514009N00553420EA0221102223
B1418434514009N00553426EA0221002222
B1418444514009N00553433EA0220902221
B1418454514009N00553440EA0220802220
B1418464514009N00553447EA0220702219
B1418474514009N00553454EA0220702219
B1418484514009N00553461EA0220502217
B1418494514009N00553468EA0220402216
B1418504514009N00553475EA0220302215
B1418514514008N00553482EA0220202214
B1418524514008N00553489EA0220102213
B1418534514008N00553495EA0220002212
B1418544514007N00553502EA0219802210
B1418554514007N00553509EA0219702209
B1418564514007N00553516EA0219402206
B1418574514006N00553523EA0219402206
B1418584514006N00553530EA0219302205
B1418594514005N00553536EA0219202204
B1419004514004N00553543EA0219002202
B1419014514004N00553550EA0218902201
B1419024514003N00553557EA0218802200
B1419034514002N00553563EA0218702199
B1419044514002N00553570EA0218602198
B1419054514001N00553577EA0218502197
B1419064514001N00553584EA0218402196
B1419074514000N00553590EA0218302195
B1419084514000N00553597EA0218202194
B1419094513999N00553604EA0218002192
B1419104513999N00553611EA0217902191
B1419114513998N00553618EA0217702189
B1419124513998N00553624EA0217602188
B1419134513997N00553631EA0217502187
B1419144513997N00553638EA0217302185
B1419154513997N00553645EA0217202184
B1419164513996N00553652EA0217102183
B1419174513996N00553659EA0217002182
B1419184513996N00553666EA0216902181
B1419194513996N00553672EA0216702179
B1419204513996N00553679EA0216602178
B1419214513996N00553686EA0216602178
B1419224513996N00553693EA0216402176
B1419234513996N00553700EA0216302175
B1419244513995N00553707EA0216202174
B1419254513995N00553714EA0216202174
B1419264513994N00553721EA0216102173
B1419274513994N00553727EA0216002172
B1419284513993N00553734EA0215802170
B1419294513993N00553741EA0215702169
B1419304513992N00553748EA0215602168
B1419314513992N00553755EA0215502167
B1419324513991N00553761EA0215302165
B1419334513990N00553768EA0215202164
B1419344513990N00553775EA0215102163
B1419354513989N00553781EA0215102163
B1419364513988N00553788EA0215002162
B1419374513987N00553795EA0214902161
B1419384513987N00553802EA0214702159
B1419394513986N00553808EA0214602158
B1419404513986N00553815EA0214602158
B1419414513985N00553822EA0214602158
B1419424513984N00553828EA0214402156
B1419434513983N00553835EA0214202154
B1419444513982N00553841EA0214102153
B1419454513981N00553848EA0214002152
B1419464513980N00553854EA0213902151
B1419474513978N00553861EA0213902151
B1419484513977N00553867EA0213902151
B1419494513976N00553873EA0213802150
B1419504513974N00553879EA0213702149
B1419514513973N00553886EA0213502147
B1419524513971N00553892EA0213402146
B1419534513970N00553898EA0213202144
B1419544513968N00553904EA0213202144
B1419554513967N00553910EA0213102143
B1419564513965N00553916EA0213002142
B1419574513963N00553923EA0212902141
B1419584513962N00553929EA0212802140
B1419594513960N00553935EA0212702139
B1420004513959N00553941EA0212602138
B1420014513957N00553947EA0212502137
B1420024513955N00553953EA0212402136
B1420034513952N00553957EA0212502137
B1420044513949N00553960EA0212602138
B1420054513945N00553960EA0212702139
B1420064513941N00553958EA0212702139
B1420074513938N00553955EA0212902141
B1420084513936N00553950EA0212902141
B1420094513934N00553943EA0213102143
B1420104513934N00553936EA0213302145
B1420114513936N00553928EA0213402146
B1420124513938N00553921EA0213602148
B1420134513942N00553915EA0213702149
B1420144513947N00553911EA0213802150
B1420154513953N00553909EA0213902151
B1420164513959N00553908EA0214102153
B1420174513965N00553910EA0214202154
B1420184513970N00553913EA0214302155
B1420194513973N00553918EA0214502157
B1420204513976N00553924EA0214602158
B1420214513977N00553930EA0214802160
B1420224513977N00553936EA0214902161
B1420234513976N00553942EA0215102163
B1420244513973N00553946EA0215202164
B1420254513970N00553948EA0215402166
B1420264513966N00553948EA0215702169
B1420274513962N00553946EA0215902171
B1420284513959N00553943EA0216002172
B1420294513956N00553937EA0216202174
B1420304513955N00553931EA0216302175
B1420314513955N00553923EA0216502177
B1420324513956N00553916EA0216602178
B1420334513959N00553909EA0216702179
B1420344513963N00553903EA0216802180
B1420354513969N00553899EA0217002182
B1420364513974N00553897EA0217002182
B1420374513980N00553896EA0217202184
B1420384513986N00553898EA0217302185
B1420394513990N00553902EA0217302185
B1420404513994N00553907EA0217502187
B1420414513997N00553912EA0217602188
B1420424513998N00553919EA0217602188
B1420434513998N00553925EA0217802190
B1420444513996N00553930EA0217902191
B1420454513994N00553934EA0218002192
B1420464513990N00553936EA0218202194
B1420474513986N00553936EA0218302195
B1420484513982N00553934EA0218402196
B1420494513979N00553931EA0218602198
B1420504513977N00553925EA0218702199
B1420514513976N00553919EA0218902201
B1420524513976N00553911EA0219002202
B1420534513977N00553904EA0219102203
B1420544513980N00553897EA0219202204
B1420554513984N00553891EA0219402206
B1420564513990N00553887EA0219602208
B1420574513995N00553885EA0219702209
B1420584514001N00553885EA0219902211
B1420594514007N00553886EA0219902211
B1421004514011N00553890EA0220002212
B1421014514015N00553895EA0220202214
B1421024514018N00553901EA0220402216
B1421034514019N00553907EA0220502217
B1421044514019N00553913EA0220602218
B1421054514017N00553919EA0220702219
B1421064514014N00553922EA0220802220
B1421074514011N00553924EA0220902221
B1421084514007N00553924EA0221002222
B1421094514003N00553923EA0221202224
B1421104514000N00553919EA0221302225
B1421114513997N00553913EA0221502227
B1421124513996N00553906EA0221602228
B1421134513996N00553899EA0221702229
B1421144513998N00553892EA0221802230
B1421154514001N00553885EA0221802230
B1421164514005N00553879EA0222102233
B1421174514011N00553875EA0222202234
B1421184514016N00553873EA0222202234
B1421194514022N00553873EA0222302235
B1421204514028N00553875EA0222402236
B1421214514032N00553878EA0222502237
B1421224514036N00553883EA0222702239
B1421234514039N00553890EA0222802240
B1421244514040N00553896EA0223002242
B1421254514039N00553902EA0223202244
B1421264514037N00553907EA0223202244
B1421274514035N00553911EA0223402246
B1421284514031N00553913EA0223502247
B1421294514027N00553913EA0223702249
B1421304514024N00553911EA0223802250
B1421314514020N00553907EA0223902251
B1421324514018N00553901EA0224102253
B1421334514017N00553894EA0224302255
B1421344514017N00553887EA0224502257
B1421354514019N00553879EA0224502257
B1421364514022N00553873EA0224702259
B1421374514026N00553867EA0224702259
B1421384514032N00553863EA0224902261
B1421394514037N00553861EA0225102263
B1421404514043N00553861EA0225302265
B1421414514049N00553863EA0225402266
B1421424514053N00553867EA0225502267
B1421434514057N00553872EA0225602268
B1421444514059N00553878EA0225802270
B1421454514060N00553884EA0226002272
B1421464514060N00553890EA0226202274
B1421474514058N00553895EA0226302275
B1421484514055N00553899EA0226502277
B1421494514052N00553901EA0226602278
B1421504514048N00553901EA0226702279
B1421514514044N00553899EA0226802280
B1421524514041N00553894EA0226902281
B1421534514039N00553889EA0227002282
B1421544514038N00553882EA0227102283
B1421554514038N00553874EA0227302285
B1421564514040N00553867EA0227502287
B1421574514043N00553860EA0227502287
B1421584514047N00553855EA0227602288
B1421594514053N00553851EA0227702289
B1422004514058N00553849EA0227802290
B1422014514064N00553849EA0227902291
B1422024514070N00553851EA0228002292
B1422034514074N00553855EA0228202294
B1422044514078N00553861EA0228402296
B1422054514080N00553867EA0228602298
B1422064514081N00553873EA0228702299
B1422074514080N00553879EA0228802300
B1422084514079N00553884EA0229102303
B1422094514076N00553887EA0229202304
B1422104514072N00553889EA0229402306
B1422114514068N00553889EA0229602308
B1422124514065N00553887EA0229602308
B1422134514061N00553882EA0229902311
B1422144514059N00553877EA0230002312
B1422154514058N00553870EA0230102313
B1422164514059N00553862EA0230302315
B1422174514061N00553855EA0230502317
B1422184514064N00553848EA0230502317
B1422194514068N00553843EA0230602318
B1422204514074N00553839EA0230702319
B1422214514079N00553837EA0230802320
B1422224514085N00553838EA0230902321
B1422234514091N00553840EA0231102323
B1422244514097N00553842EA0231002322
B1422254514102N00553845EA0230902321
B1422264514108N00553847EA0230902321
B1422274514115N00553849EA0230702319
B1422284514121N00553851EA0230602318
B1422294514127N00553853EA0230502317
B1422304514133N00553856EA0230402316
B1422314514139N00553858EA0230202314
B1422324514145N00553860EA0230102313
B1422334514151N00553862EA0230002312
B1422344514157N00553864EA0229902311
B1422354514163N00553866EA0229802310
B1422364514169N00553869EA0229602308
B1422374514175N00553871EA0229502307
B1422384514181N00553872EA0229402306
B1422394514187N00553874EA0229302305
B1422404514193N00553876EA0229302305
B1422414514199N00553879EA0229202304
B1422424514205N00553881EA0229102303
B1422434514211N00553883EA0229102303
B1422444514217N00553885EA0229002302
B1422454514223N00553887EA0228802300
B1422464514229N00553889EA0228702299
B1422474514235N00553891EA0228602298
B1422484514241N00553894EA0228602298
B1422494514247N00553896EA0228502297
B1422504514253N00553898EA0228302295
B1422514514259N00553900EA0228202294
B1422524514265N00553903EA0228102293
B1422534514271N00553905EA0228002292
B1422544514277N00553907EA0227902291
B1422554514283N00553909EA0227802290
B1422564514290N00553910EA0227602288
B1422574514296N00553912EA0227502287
B1422584514302N00553914EA0227402286
B1422594514308N00553915EA0227302285
B1423004514314N00553917EA0227302285
B1423014514320N00553918EA0227102283
B1423024514327N00553919EA0227102283
B1423034514333N00553921EA0227002282
B1423044514339N00553923EA0226902281
B1423054514345N00553924EA0226802280
B1423064514351N00553925EA0226602278
B1423074514358N00553926EA0226502277
B1423084514364N00553928EA0226402276
B1423094514370N00553929EA0226302275
B1423104514376N00553930EA0226302275
B1423114514382N00553932EA0226102273
B1423124514389N00553933EA0226002272
B1423134514395N00553935EA0225902271
B1423144514401N00553937EA0225802270
B1423154514407N00553938EA0225802270
B1423164514413N00553940EA0225802270
B1423174514419N00553943EA0225702269
B1423184514425N00553945EA0225502267
B1423194514431N00553947EA0225402266
B1423204514437N00553950EA0225302265
B1423214514443N00553952EA0225202264
B1423224514449N00553954EA0225102263
B1423234514455N00553957EA0225002262
B1423244514461N00553959EA0224802260
B1423254514467N00553962EA0224702259
B1423264514473N00553964EA0224502257
B1423274514479N00553966EA0224402256
B1423284514485N00553968EA0224402256
B1423294514491N00553970EA0224302255
B1423304514497N00553973EA0224202254
B1423314514503N00553975EA0224102253
B1423324514509N00553977EA0224002252
B1423334514515N00553979EA0224002252
B1423344514521N00553982EA0223802250
B1423354514527N00553984EA0223702249
B1423364514533N00553986EA0223702249
B1423374514539N00553989EA0223602248
B1423384514545N00553991EA0223502247
B1423394514551N00553993EA0223302245
B1423404514557N00553995EA0223202244
B1423414514563N00553998EA0223102243
B1423424514569N00554000EA0223102243
B1423434514575N00554002EA0222902241
B1423444514581N00554004EA0222802240
B1423454514587N00554007EA0222802240
B1423464514593N00554009EA0222602238
B1423474514599N00554011EA0222502237
B1423484514605N00554013EA0222402236
B1423494514611N00554015EA0222302235
B1423504514617N00554017EA0222102233
B1423514514623N00554019EA0222102233
B1423524514629N00554021EA0221902231
B1423534514635N00554023EA0221802230
B1423544514641N00554025EA0221702229
B1423554514647N00554028EA0221602228
B1423564514653N00554030EA0221502227
B1423574514658N00554034EA0221602228
B1423584514662N00554039EA0221702229
B1423594514664N00554045EA0221802230
B1424004514665N00554052EA0222102233
B1424014514664N00554058EA0222102233
B1424024514662N00554063EA0222302235
B1424034514659N00554066EA0222402236
B1424044514656N00554068EA0222502237
B1424054514652N00554068EA0222502237
B1424064514648N00554065EA0222602238
B1424074514645N00554061EA0222602238
B1424084514643N00554055EA0222602238
B1424094514642N00554049EA0222702239
B1424104514642N00554041EA0222802240
B1424114514644N00554034EA0222802240
B1424124514647N00554027EA0223002242
B1424134514652N00554022EA0223102243
B1424144514657N00554018EA0223202244
B1424154514663N00554016EA0223302245
B1424164514669N00554016EA0223402246
B1424174514674N00554018EA0223402246
B1424184514679N00554022EA0223602248
B1424194514682N00554028EA0223702249
B1424204514685N00554034EA0223902251
B1424214514685N00554040EA0224002252
B1424224514685N00554046EA0224202254
B1424234514683N00554051EA0224202254
B1424244514680N00554054EA0224402256
B1424254514676N00554056EA0224402256
B1424264514672N00554056EA0224502257
B1424274514669N00554053EA0224702259
B1424284514666N00554049EA0224702259
B1424294514664N00554043EA0224702259
B1424304514663N00554036EA0224702259
B1424314514663N00554029EA0224802260
B1424324514665N00554022EA0225002262
B1424334514668N00554015EA0225002262
B1424344514673N00554010EA0225102263
B1424354514678N00554006EA0225202264
B1424364514684N00554004EA0225202264
B1424374514690N00554005EA0225302265
B1424384514695N00554007EA0225402266
B1424394514700N00554011EA0225402266
B1424404514703N00554016EA0225502267
B1424414514705N00554022EA0225602268
B1424424514706N00554029EA0225702269
B1424434514705N00554035EA0225802270
B1424444514703N00554039EA0226002272
B1424454514700N00554043EA0226102273
B1424464514697N00554044EA0226302275
B1424474514693N00554044EA0226502277
B1424484514689N00554041EA0226602278
B1424494514686N00554037EA0226702279
B1424504514684N00554031EA0226802280
B1424514514683N00554024EA0227002282
B1424524514684N00554017EA0227102283
B1424534514686N00554009EA0227202284
B1424544514689N00554003EA0227302285
B1424554514694N00553998EA0227402286
B1424564514699N00553994EA0227502287
B1424574514705N00553992EA0227702289
B1424584514711N00553993EA0227702289
B1424594514716N00553995EA0227902291
B1425004514721N00553999EA0228002292
B1425014514724N00554005EA0228202294
B1425024514726N00554011EA0228302295
B1425034514727N00554017EA0228302295
B1425044514726N00554023EA0228502297
B1425054514724N00554028EA0228502297
B1425064514721N00554031EA0228602298
B1425074514717N00554033EA0228702299
B1425084514713N00554032EA0228802300
B1425094514710N00554029EA0229102303
B1425104514707N00554025EA0229102303
B1425114514705N00554019EA0229202304
B1425124514704N00554012EA0229302305
B1425134514705N00554004EA0229302305
B1425144514707N00553997EA0229502307
B1425154514710N00553991EA0229602308
B1425164514715N00553986EA0229602308
B1425174514720N00553982EA0229802310
B1425184514726N00553981EA0229902311
B1425194514732N00553981EA0230002312
B1425204514737N00553984EA0230102313
B1425214514742N00553988EA0230102313
B1425224514745N00553993EA0230102313
B1425234514747N00553999EA0230202314
B1425244514748N00554006EA0230202314
B1425254514747N00554011EA0230302315
B1425264514745N00554016EA0230502317
B1425274514742N00554019EA0230602318
B1425284514738N00554021EA0230702319
B1425294514734N00554020EA0230902321
B1425304514730N00554017EA0231102323
B1425314514727N00554013EA0231302325
B1425324514725N00554007EA0231402326
B1425334514723N00554000EA0231202324
B1425344514721N00553994EA0231102323
B1425354514718N00553987EA0231002322
B1425364514716N00553981EA0231002322
B1425374514713N00553974EA0230902321
B1425384514711N00553968EA0230902321
B1425394514709N00553961EA0230702319
B1425404514706N00553954EA0230602318
B1425414514704N00553948EA0230502317
B1425424514702N00553941EA0230402316
B1425434514700N00553934EA0230302315
B1425444514698N00553927EA0230202314
B1425454514696N00553920EA0230102313
B1425464514694N00553913EA0230102313
B1425474514692N00553906EA0229902311
B1425484514690N00553899EA0229802310
B1425494514688N00553892EA0229702309
B1425504514686N00553885EA0229702309
B1425514514684N00553878EA0229602308
B1425524514682N00553871EA0229502307
B1425534514681N00553864EA0229302305
B1425544514679N00553857EA0229302305
B1425554514677N00553850EA0229202304
B1425564514676N00553843EA0229002302
B1425574514674N00553835EA0228902301
B1425584514673N00553828EA0228802300
B1425594514671N00553821EA0228602298
B1426004514669N00553814EA0228502297
B1426014514667N00553806EA0228302295
B1426024514666N00553799EA0228202294
B1426034514664N00553792EA0228002292
B1426044514663N00553784EA0227902291
B1426054514661N00553777EA0227802290
B1426064514660N00553770EA0227702289
B1426074514658N00553762EA0227602288
B1426084514657N00553755EA0227602288
B1426094514656N00553747EA0227402286
B1426104514654N00553740EA0227402286
B1426114514653N00553733EA0227302285
B1426124514651N00553725EA0227202284
B1426134514650N00553718EA0227102283
B1426144514648N00553711EA0227102283
B1426154514647N00553703EA0227002282
B1426164514645N00553696EA0226802280
B1426174514643N00553689EA0226702279
B1426184514642N00553681EA0226602278
B1426194514640N00553674EA0226502277
B1426204514639N00553667EA0226402276
B1426214514637N00553659EA0226402276
B1426224514636N00553652EA0226202274
B1426234514634N00553645EA0226202274
B1426244514633N00553637EA0226002272
B1426254514631N00553630EA0226002272
B1426264514630N00553623EA0225902271
B1426274514628N00553615EA0225702269
B1426284514627N00553608EA0225602268
B1426294514625N00553601EA0225502267
B1426304514624N00553593EA0225402266
B1426314514622N00553586EA0225202264
B1426324514621N00553578EA0225202264
B1426334514620N00553571EA0225102263
B1426344514619N00553563EA0225002262
B1426354514618N00553556EA0224802260
B1426364514617N00553548EA0224802260
B1426374514616N00553540EA0224702259
B1426384514615N00553533EA0224502257
B1426394514613N00553525EA0224502257
B1426404514612N00553517EA0224402256
B1426414514611N00553510EA0224302255
B1426424514610N00553502EA0224102253
B1426434514609N00553495EA0224102253
B1426444514608N00553487EA0223902251
B1426454514607N00553479EA0223802250
B1426464514606N00553471EA0223702249
B1426474514606N00553464EA0223502247
B1426484514605N00553456EA0223402246
B1426494514605N00553448EA0223402246
B1426504514604N00553440EA0223302245
B1426514514604N00553432EA0223302245
B1426524514603N00553424EA0223202244
B1426534514603N00553416EA0223102243
B1426544514603N00553408EA0223002242
B1426554514602N00553400EA0222802240
B1426564514602N00553392EA0222702239
B1426574514602N00553384EA0222602238
B1426584514601N00553376EA0222502237
B1426594514601N00553368EA0222502237
B1427004514600N00553360EA0222302235
B1427014514600N00553352EA0222202234
B1427024514600N00553344EA0222002232
B1427034514599N00553336EA0221902231
B1427044514598N00553329EA0221802230
B1427054514598N00553321EA0221702229
B1427064514597N00553313EA0221502227
B1427074514596N00553305EA0221402226
B1427084514595N00553297EA0221302225
B1427094514594N00553290EA0221202224
B1427104514593N00553282EA0221102223
B1427114514592N00553274EA0221102223
B1427124514591N00553267EA0221002222
B1427134514590N00553259EA0220802220
B1427144514589N00553251EA0220802220
B1427154514588N00553244EA0220602218
B1427164514587N00553236EA0220502217
B1427174514587N00553229EA0220702219
B1427184514589N00553222EA0221002222
B1427194514592N00553215EA0221302225
B1427204514596N00553209EA0221502227
B1427214514601N00553205EA0221702229
B1427224514607N00553203EA0221902231
B1427234514613N00553203EA0222102233
B1427244514618N00553205EA0222402236
B1427254514623N00553209EA0222702239
B1427264514627N00553214EA0223002242
B1427274514629N00553220EA0223302245
B1427284514630N00553226EA0223402246
B1427294514630N00553232EA0223602248
B1427304514628N00553237EA0223802250
B1427314514625N00553241EA0224002252
B1427324514621N00553243EA0224202254
B1427334514618N00553243EA0224502257
B1427344514614N00553241EA0224802260
B1427354514611N00553237EA0225102263
B1427364514608N00553231EA0225402266
B1427374514607N00553224EA0225702269
B1427384514608N00553217EA0226002272
B1427394514609N00553209EA0226402276
B1427404514613N00553203EA0226702279
B1427414514617N00553197EA0226902281
B1427424514622N00553193EA0227302285
B1427434514628N00553191EA0227702289
B1427444514634N00553191EA0227902291
B1427454514639N00553193EA0228102293
B1427464514644N00553197EA0228302295
B1427474514648N00553202EA0228602298
B1427484514650N00553208EA0228902301
B1427494514651N00553215EA0229302305
B1427504514650N00553221EA0229702309
B1427514514648N00553226EA0229802310
B1427524514646N00553229EA0230002312
B1427534514642N00553231EA0230302315
B1427544514638N00553231EA0230502317
B1427554514634N00553229EA0230802320
B1427564514631N00553225EA0231102323
B1427574514629N00553219EA0231402326
B1427584514628N00553212EA0231602328
B1427594514628N00553205EA0231902331
B1428004514630N00553197EA0232202334
B1428014514634N00553191EA0232402336
B1428024514638N00553185EA0232602338
B1428034514643N00553181EA0232702339
B1428044514649N00553179EA0232902341
B1428054514655N00553180EA0233102343
B1428064514660N00553182EA0233302345
B1428074514665N00553186EA0233702349
B1428084514668N00553191EA0233802350
B1428094514671N00553197EA0234102353
B1428104514671N00553203EA0234402356
B1428114514671N00553209EA0234602358
B1428124514669N00553214EA0234802360
B1428134514666N00553218EA0235002362
B1428144514662N00553219EA0235302365
B1428154514659N00553219EA0235602368
B1428164514655N00553217EA0235702369
B1428174514652N00553212EA0236002372
B1428184514650N00553207EA0236402376
B1428194514649N00553200EA0236502377
B1428204514649N00553192EA0236802380
B1428214514651N00553185EA0237002382
B1428224514654N00553178EA0237402386
B1428234514659N00553173EA0237702389
B1428244514664N00553169EA0238002392
B1428254514670N00553168EA0238202394
B1428264514676N00553168EA0238402396
B1428274514681N00553170EA0238702399
B1428284514686N00553174EA0238902401
B1428294514689N00553179EA0239102403
B1428304514691N00553186EA0239202404
B1428314514692N00553192EA0239502407
B1428324514692N00553198EA0239802410
B1428334514690N00553203EA0240102413
B1428344514687N00553206EA0240302415
B1428354514683N00553208EA0240602418
B1428364514679N00553207EA0240802420
B1428374514675N00553205EA0241102423
B1428384514672N00553200EA0241302425
B1428394514670N00553194EA0241602428
B1428404514669N00553188EA0242002432
B1428414514670N00553180EA0242202434
B1428424514672N00553173EA0242702439
B1428434514675N00553166EA0242902441
B1428444514680N00553161EA0243102443
B1428454514685N00553157EA0243302445
B1428464514691N00553156EA0243502447
B1428474514697N00553156EA0243702449
B1428484514702N00553158EA0243902451
B1428494514707N00553163EA0244102453
B1428504514710N00553168EA0244302455
B1428514514712N00553174EA0244602458
B1428524514713N00553180EA0244802460
B1428534514712N00553186EA0245002462
B1428544514710N00553191EA0245202464
B1428554514707N00553194EA0245502467
B1428564514703N00553196EA0245702469
B1428574514700N00553195EA0245902471
B1428584514696N00553193EA0246102473
B1428594514693N00553188EA0246402476
B1429004514691N00553182EA0246702479
B1429014514690N00553175EA0246902481
B1429024514691N00553168EA0247202484
B1429034514693N00553161EA0247402486
B1429044514696N00553154EA0247702489
B1429054514701N00553149EA0247902491
B1429064514706N00553145EA0248102493
B1429074514712N00553144EA0248302495
B1429084514718N00553144EA0248602498
B1429094514723N00553147EA0248902501
B1429104514728N00553151EA0249102503
B1429114514731N00553156EA0249502507
B1429124514733N00553163EA0249702509
B1429134514734N00553169EA0250002512
B1429144514733N00553175EA0250202514
B1429154514731N00553179EA0250502517
B1429164514728N00553183EA0250802520
B1429174514724N00553184EA0251002522
B1429184514720N00553183EA0251302525
B1429194514716N00553181EA0251502527
B1429204514714N00553176EA0251902531
B1429214514712N00553170EA0252202534
B1429224514711N00553163EA0252602538
B1429234514712N00553156EA0252802540
B1429244514714N00553148EA0253102543
B1429254514717N00553142EA0253302545
B1429264514722N00553137EA0253602548
B1429274514727N00553133EA0253902551
B1429284514733N00553132EA0254202554
B1429294514739N00553133EA0254402556
B1429304514744N00553135EA0254502557
B1429314514749N00553139EA0254702559
B1429324514752N00553145EA0255102563
B1429334514754N00553151EA0255302565
B1429344514754N00553157EA0255502567
B1429354514753N00553163EA0255902571
B1429364514751N00553168EA0256202574
B1429374514748N00553171EA0256402576
B1429384514744N00553172EA0256802580
B1429394514741N00553171EA0257002582
B1429404514737N00553169EA0257202584
B1429414514734N00553164EA0257402586
B1429424514732N00553158EA0257602588
B1429434514732N00553151EA0257902591
B1429444514732N00553143EA0258202594
B1429454514735N00553136EA0258502597
B1429464514738N00553130EA0258702599
B1429474514743N00553125EA0259002602
B1429484514748N00553121EA0259302605
B1429494514754N00553120EA0259502607
B1429504514760N00553121EA0259802610
B1429514514765N00553124EA0260102613
B1429524514770N00553128EA0260302615
B1429534514773N00553133EA0260502617
B1429544514775N00553140EA0260702619
B1429554514775N00553146EA0261002622
B1429564514774N00553152EA0261202624
B1429574514772N00553156EA0261502627
B1429584514769N00553159EA0261602628
B1429594514765N00553160EA0261802630
B1430004514761N00553160EA0262102633
B1430014514758N00553157EA0262302635
B1430024514755N00553152EA0262602638
B1430034514753N00553146EA0263002642
B1430044514752N00553139EA0263202644
B1430054514753N00553131EA0263402646
B1430064514755N00553124EA0263802650
B1430074514759N00553118EA0264002652
B1430084514764N00553113EA0264202654
B1430094514769N00553110EA0264502657
B1430104514775N00553108EA0264802660
B1430114514781N00553109EA0265102663
B1430124514786N00553112EA0265402666
B1430134514790N00553116EA0265602668
B1430144514794N00553122EA0265902671
B1430154514795N00553128EA0266102673
B1430164514796N00553134EA0266402676
B1430174514795N00553140EA0266602678
B1430184514792N00553145EA0266802680
B1430194514789N00553148EA0267002682
B1430204514785N00553149EA0267202684
B1430214514782N00553148EA0267502687
B1430224514778N00553145EA0267802690
B1430234514775N00553140EA0268002692
B1430244514773N00553134EA0268302695
B1430254514773N00553126EA0268502697
B1430264514774N00553119EA0268802700
B1430274514776N00553112EA0269202704
B1430284514780N00553106EA0269402706
B1430294514785N00553101EA0269802710
B1430304514790N00553098EA0270002712
B1430314514796N00553097EA0270202714
B1430324514802N00553097EA0270502717
B1430334514807N00553100EA0270702719
B1430344514811N00553105EA0271102723
B1430354514816N00553110EA0270902721
B1430364514821N00553115EA0270802720
B1430374514825N00553120EA0270702719
B1430384514830N00553125EA0270602718
B1430394514834N00553130EA0270502717
B1430404514839N00553135EA0270502717
B1430414514844N00553141EA0270402716
B1430424514848N00553146EA0270202714
B1430434514853N00553151EA0270102713
B1430444514858N00553155EA0269902711
B1430454514863N00553160EA0269902711
B1430464514867N00553165EA0269802710
B1430474514872N00553170EA0269702709
B1430484514877N00553175EA0269602708
B1430494514881N00553180EA0269502707
B1430504514886N00553185EA0269502707
B1430514514891N00553191EA0269402706
B1430524514895N00553195EA0269302705
B1430534514900N00553200EA0269202704
B1430544514905N00553205EA0269102703
B1430554514909N00553210EA0269002702
B1430564514914N00553215EA0268902701
B1430574514919N00553220EA0268902701
B1430584514924N00553225EA0268802700
B1430594514929N00553229EA0268702699
B1431004514934N00553233EA0268602698
B1431014514939N00553238EA0268402696
B1431024514945N00553242EA0268402696
B1431034514950N00553246EA0268302695
B1431044514955N00553250EA0268102693
B1431054514960N00553255EA0268102693
B1431064514965N00553259EA0268002692
B1431074514970N00553264EA0267902691
B1431084514975N00553268EA0267702689
B1431094514980N00553273EA0267702689
B1431104514985N00553277EA0267502687
B1431114514990N00553282EA0267502687
B1431124514995N00553286EA0267402686
B1431134515000N00553291EA0267302685
B1431144515005N00553296EA0267202684
B1431154515010N00553300EA0267102683
B1431164515015N00553305EA0266902681
B1431174515020N00553310EA0266802680
B1431184515025N00553314EA0266602678
B1431194515030N00553319EA0266602678
B1431204515035N00553323EA0266402676
B1431214515040N00553328EA0266302675
B1431224515045N00553332EA0266202674
B1431234515050N00553336EA0266102673
B1431244515056N00553340EA0266002672
B1431254515061N00553344EA0265902671
B1431264515067N00553347EA0265802670
B1431274515072N00553351EA0265702669
B1431284515078N00553355EA0265602668
B1431294515083N00553358EA0265502667
B1431304515089N00553362EA0265402666
B1431314515094N00553365EA0265302665
B1431324515100N00553369EA0265202664
B1431334515105N00553372EA0265102663
B1431344515111N00553375EA0264902661
B1431354515117N00553378EA0264802660
B1431364515123N00553381EA0264602658
B1431374515128N00553384EA0264502657
B1431384515134N00553387EA0264302655
B1431394515140N00553390EA0264202654
B1431404515146N00553393EA0264102653
B1431414515152N00553396EA0264102653
B1431424515157N00553399EA0264002652
B1431434515163N00553401EA0264002652
B1431444515169N00553404EA0263902651
B1431454515175N00553407EA0263702649
B1431464515181N00553410EA0263602648
B1431474515186N00553413EA0263502647
B1431484515192N00553416EA0263402646
B1431494515198N00553419EA0263302645
B1431504515204N00553422EA0263202644
B1431514515209N00553425EA0263102643
B1431524515215N00553428EA0263002642
B1431534515221N00553431EA0262902641
B1431544515226N00553435EA0262902641
B1431554515232N00553438EA0262802640
B1431564515238N00553441EA0262702639
B1431574515243N00553445EA0262502637
B1431584515249N00553448EA0262402636
B1431594515255N00553451EA0262302635
B1432004515260N00553454EA0262202634
B1432014515266N00553457EA0262202634
B1432024515272N00553460EA0262102633
B1432034515278N00553463EA0261902631
B1432044515283N00553466EA0261902631
B1432054515289N00553469EA0261802630
B1432064515295N00553472EA0261702629
B1432074515301N00553475EA0261602628
B1432084515306N00553478EA0261402626
B1432094515312N00553481EA0261302625
B1432104515318N00553484EA0261202624
B1432114515324N00553487EA0261102623
B1432124515329N00553490EA0261002622
B1432134515335N00553493EA0260902621
B1432144515341N00553496EA0260802620
B1432154515347N00553500EA0260602618
B1432164515352N00553503EA0260502617
B1432174515358N00553506EA0260402616
B1432184515364N00553509EA0260302615
B1432194515369N00553512EA0260302615
B1432204515375N00553515EA0260202614
B1432214515381N00553519EA0260102613
B1432224515386N00553522EA0260002612
B1432234515392N00553525EA0259802610
B1432244515398N00553529EA0259802610
B1432254515403N00553532EA0259702609
B1432264515409N00553535EA0259602608
B1432274515414N00553539EA0259502607
B1432284515420N00553542EA0259402606
B1432294515426N00553546EA0259202604
B1432304515431N00553549EA0259202604
B1432314515437N00553553EA0259002602
B1432324515442N00553556EA0258902601
B1432334515448N00553560EA0258802600
B1432344515454N00553563EA0258702599
B1432354515459N00553566EA0258602598
B1432364515465N00553569EA0258402596
B1432374515471N00553572EA0258302595
B1432384515476N00553576EA0258202594
B1432394515482N00553579EA0258102593
B1432404515488N00553582EA0257902591
B1432414515494N00553584EA0257902591
B1432424515499N00553587EA0257802590
B1432434515505N00553590EA0257702589
B1432444515511N00553592EA0257502587
B1432454515517N00553595EA0257302585
B1432464515523N00553598EA0257302585
B1432474515529N00553601EA0257202584
B1432484515535N00553603EA0257002582
B1432494515540N00553606EA0256902581
B1432504515546N00553609EA0256702579
B1432514515552N00553611EA0256602578
B1432524515558N00553614EA0256502577
B1432534515564N00553616EA0256302575
B1432544515570N00553619EA0256202574
B1432554515576N00553621EA0256102573
B1432564515582N00553623EA0255902571
B1432574515588N00553626EA0255902571
B1432584515594N00553628EA0255802570
B1432594515600N00553630EA0255702569
B1433004515606N00553632EA0255602568
B1433014515612N00553634EA0255502567
B1433024515618N00553635EA0255402566
B1433034515624N00553637EA0255302565
B1433044515631N00553639EA0255102563
B1433054515637N00553641EA0255102563
B1433064515643N00553642EA0254902561
B1433074515649N00553643EA0254902561
B1433084515656N00553644EA0254702559
B1433094515662N00553644EA0254602558
B1433104515668N00553645EA0254502557
B1433114515674N00553646EA0254402556
B1433124515681N00553647EA0254302555
B1433134515687N00553648EA0254202554
B1433144515693N00553649EA0254202554
B1433154515700N00553650EA0254102553
B1433164515706N00553650EA0253902551
B1433174515712N00553651EA0253902551
B1433184515718N00553652EA0253702549
B1433194515725N00553652EA0253602548
B1433204515731N00553653EA0253502547
B1433214515737N00553653EA0253402546
B1433224515744N00553653EA0253302545
B1433234515750N00553654EA0253202544
B1433244515756N00553654EA0253102543
B1433254515763N00553654EA0253002542
B1433264515769N00553655EA0252902541
B1433274515776N00553655EA0252802540
B1433284515782N00553655EA0252702539
B1433294515788N00553656EA0252602538
B1433304515795N00553656EA0252502537
B1433314515801N00553656EA0252402536
B1433324515807N00553657EA0252202534
B1433334515814N00553657EA0252102533
B1433344515820N00553658EA0252002532
B1433354515826N00553658EA0251902531
B1433364515833N00553658EA0251802530
B1433374515839N00553659EA0251702529
B1433384515845N00553659EA0251602528
B1433394515852N00553660EA0251402526
B1433404515858N00553660EA0251302525
B1433414515864N00553661EA0251302525
B1433424515871N00553661EA0251302525
B1433434515877N00553661EA0251202524
B1433444515883N00553661EA0251102523
B1433454515890N00553661EA0251002522
B1433464515896N00553661EA0250902521
B1433474515902N00553661EA0250802520
B1433484515909N00553661EA0250702519
B1433494515915N00553661EA0250602518
B1433504515921N00553661EA0250402516
B1433514515928N00553661EA0250302515
B1433524515934N00553661EA0250102513
B1433534515941N00553660EA0250002512
B1433544515947N00553661EA0249902511
B1433554515953N00553661EA0249802510
B1433564515960N00553661EA0249602508
B1433574515966N00553662EA0249502507
B1433584515972N00553663EA0249302505
B1433594515978N00553664EA0249202504
B1434004515985N00553664EA0249102503
B1434014515991N00553665EA0249002502
B1434024515997N00553666EA0248902501
B1434034516004N00553666EA0248802500
B1434044516010N00553667EA0248702499
B1434054516016N00553668EA0248602498
B1434064516023N00553669EA0248602498
B1434074516029N00553670EA0248502497
B1434084516035N00553671EA0248502497
B1434094516041N00553672EA0248402496
B1434104516047N00553675EA0248602498
B1434114516051N00553679EA0248802500
B1434124516054N00553685EA0248902501
B1434134516056N00553691EA0249102503
B1434144516056N00553697EA0249302505
B1434154516055N00553703EA0249602508
B1434164516053N00553708EA0249702509
B1434174516049N00553710EA0249902511
B1434184516046N00553711EA0250102513
B1434194516042N00553710EA0250302515
B1434204516038N00553707EA0250502517
B1434214516036N00553702EA0250702519
B1434224516034N00553696EA0250902521
B1434234516033N00553689EA0251102523
B1434244516034N00553682EA0251302525
B1434254516037N00553674EA0251502527
B1434264516041N00553668EA0251802530
B1434274516045N00553663EA0251902531
B1434284516051N00553660EA0252002532
B1434294516057N00553659EA0252202534
B1434304516062N00553660EA0252402536
B1434314516068N00553663EA0252502537
B1434324516072N00553668EA0252702539
B1434334516075N00553673EA0252802540
B1434344516077N00553680EA0253202544
B1434354516077N00553686EA0253402546
B1434364516076N00553691EA0253602548
B1434374516073N00553696EA0253802550
B1434384516070N00553699EA0254002552
B1434394516066N00553700EA0254102553
B1434404516062N00553698EA0254202554
B1434414516059N00553695EA0254402556
B1434424516056N00553690EA0254602558
B1434434516054N00553684EA0254702559
B1434444516054N00553677EA0254802560
B1434454516055N00553669EA0255102563
B1434464516058N00553662EA0255202564
B1434474516061N00553656EA0255402566
B1434484516066N00553651EA0255602568
B1434494516072N00553648EA0255802570
B1434504516078N00553647EA0255902571
B1434514516083N00553649EA0256002572
B1434524516089N00553652EA0256102573
B1434534516093N00553656EA0256202574
B1434544516096N00553662EA0256302575
B1434554516097N00553668EA0256502577
B1434564516097N00553674EA0256602578
B1434574516096N00553680EA0256802580
B1434584516094N00553684EA0257002582
B1434594516091N00553687EA0257202584
B1435004516087N00553688EA0257302585
B1435014516083N00553686EA0257602588
B1435024516079N00553683EA0257802590
B1435034516077N00553678EA0258002592
B1435044516075N00553672EA0258002592
B1435054516075N00553665EA0258302595
B1435064516076N00553657EA0258502597
B1435074516079N00553650EA0258702599
B1435084516082N00553644EA0259002602
B1435094516087N00553639EA0259202604
B1435104516093N00553636EA0259402606
B1435114516099N00553636EA0259602608
B1435124516104N00553637EA0259802610
B1435134516110N00553640EA0260002612
B1435144516114N00553645EA0260202614
B1435154516117N00553650EA0260402616
B1435164516118N00553657EA0260602618
B1435174516118N00553663EA0260802620
B1435184516117N00553668EA0260902621
B1435194516114N00553673EA0261002622
B1435204516111N00553675EA0261102623
B1435214516107N00553676EA0261302625
B1435224516103N00553675EA0261502627
B1435234516100N00553671EA0261702629
B1435244516097N00553666EA0261902631
B1435254516096N00553660EA0262102633
B1435264516096N00553652EA0262302635
B1435274516097N00553645EA0262402636
B1435284516099N00553638EA0262602638
B1435294516103N00553632EA0262802640
B1435304516108N00553627EA0263102643
B1435314516114N00553625EA0263102643
B1435324516120N00553624EA0263302645
B1435334516125N00553625EA0263402646
B1435344516130N00553628EA0263602648
B1435354516135N00553633EA0263702649
B1435364516137N00553639EA0263902651
B1435374516139N00553645EA0264102653
B1435384516139N00553651EA0264302655
B1435394516137N00553657EA0264502657
B1435404516135N00553661EA0264802660
B1435414516132N00553664EA0264902661
B1435424516128N00553664EA0265202664
B1435434516124N00553663EA0265402666
B1435444516121N00553659EA0265602668
B1435454516118N00553654EA0265802670
B1435464516116N00553647EA0265902671
B1435474516116N00553640EA0266002672
B1435484516118N00553633EA0266202674
B1435494516120N00553626EA0266402676
B1435504516124N00553620EA0266702679
B1435514516129N00553615EA0266902681
B1435524516135N00553613EA0267202684
B1435534516141N00553612EA0267402686
B1435544516146N00553613EA0267602688
B1435554516151N00553617EA0267702689
B1435564516155N00553622EA0267802690
B1435574516158N00553627EA0268002692
B1435584516160N00553634EA0268302695
B1435594516159N00553640EA0268502697
B1436004516158N00553645EA0268602698
B1436014516155N00553649EA0268802700
B1436024516152N00553652EA0269002702
B1436034516148N00553652EA0269202704
B1436044516144N00553651EA0269502707
B1436054516141N00553647EA0269602708
B1436064516139N00553642EA0269702709
B1436074516137N00553635EA0269802710
B1436084516137N00553628EA0270002712
B1436094516138N00553620EA0270202714
B1436104516141N00553613EA0270402716
B1436114516145N00553608EA0270702719
B1436124516150N00553603EA0270902721
B1436134516156N00553601EA0271102723
B1436144516162N00553600EA0271302725
B1436154516167N00553602EA0271402726
B1436164516172N00553605EA0271502727
B1436174516176N00553610EA0271702729
B1436184516179N00553616EA0271802730
B1436194516180N00553622EA0272102733
B1436204516180N00553628EA0272202734
B1436214516179N00553634EA0272402736
B1436224516176N00553638EA0272502737
B1436234516173N00553640EA0272602738
B1436244516169N00553640EA0272802740
B1436254516165N00553639EA0273002742
B1436264516162N00553635EA0273102743
B1436274516159N00553630EA0273202744
B1436284516158N00553623EA0273402746
B1436294516158N00553616EA0273602748
B1436304516159N00553608EA0273702749
B1436314516162N00553601EA0273902751
B1436324516166N00553595EA0274002752
B1436334516171N00553591EA0274302755
B1436344516177N00553589EA0274502757
B1436354516183N00553588EA0274702759
B1436364516188N00553590EA0274902761
B1436374516193N00553594EA0275102763
B1436384516197N00553599EA0275302765
B1436394516200N00553605EA0275502767
B1436404516201N00553611EA0275702769
B1436414516201N00553617EA0275902771
B1436424516199N00553622EA0276102773
B1436434516196N00553626EA0276302775
B1436444516193N00553628EA0276502777
B1436454516189N00553629EA0276702779
B1436464516185N00553627EA0276802780
B1436474516182N00553623EA0276802780
B1436484516180N00553617EA0276802780
B1436494516178N00553611EA0277002782
B1436504516179N00553603EA0277202784
B1436514516180N00553596EA0277302785
B1436524516183N00553589EA0277502787
B1436534516187N00553583EA0277702789
B1436544516192N00553579EA0277802790
B1436554516198N00553577EA0278002792
B1436564516204N00553577EA0278102793
B1436574516209N00553578EA0278302795
B1436584516214N00553582EA0278602798
B1436594516218N00553587EA0278702799
B1437004516221N00553593EA0278702799
B1437014516222N00553599EA0279002802
B1437024516221N00553605EA0279102803
B1437034516220N00553611EA0279402806
B1437044516217N00553614EA0279602808
B1437054516214N00553617EA0279702809
B1437064516210N00553617EA0279902811
B1437074516206N00553615EA0280002812
B1437084516203N00553611EA0280202814
B1437094516200N00553605EA0280302815
B1437104516199N00553598EA0280302815
B1437114516199N00553591EA0280402816
B1437124516201N00553584EA0280602818
B1437134516204N00553577EA0280802820
B1437144516208N00553571EA0281002822
B1437154516213N00553567EA0281102823
B1437164516219N00553565EA0281302825
B1437174516225N00553565EA0281402826
B1437184516230N00553567EA0281602828
B1437194516235N00553571EA0281602828
B1437204516239N00553576EA0281802830
B1437214516241N00553582EA0281902831
B1437224516242N00553588EA0282102833
B1437234516242N00553594EA0282402836
B1437244516240N00553599EA0282602838
B1437254516238N00553603EA0282702839
B1437264516234N00553605EA0282902841
B1437274516230N00553605EA0283002842
B1437284516226N00553603EA0283202844
B1437294516223N00553599EA0283502847
B1437304516221N00553593EA0283602848
B1437314516220N00553586EA0283802850
B1437324516220N00553579EA0284102853
B1437334516222N00553572EA0284302855
B1437344516225N00553565EA0284502857
B1437354516229N00553559EA0284702859
B1437364516234N00553555EA0284902861
B1437374516240N00553553EA0285102863
B1437384516246N00553553EA0285302865
B1437394516251N00553555EA0285502867
B1437404516256N00553559EA0285602868
B1437414516260N00553564EA0285902871
B1437424516262N00553570EA0286102873
B1437434516263N00553576EA0286202874
B1437444516263N00553582EA0286302875
B1437454516261N00553588EA0286502877
B1437464516258N00553591EA0286702879
B1437474516255N00553593EA0286702879
B1437484516251N00553593EA0286902881
B1437494516247N00553591EA0287102883
B1437504516244N00553587EA0287202884
B1437514516242N00553581EA0287402886
B1437524516241N00553574EA0287602888
B1437534516241N00553567EA0287902891
B1437544516243N00553559EA0288002892
B1437554516246N00553553EA0288002892
B1437564516250N00553547EA0288202894
B1437574516255N00553543EA0288502897
B1437584516261N00553541EA0288702899
B1437594516267N00553541EA0288802900
B1438004516272N00553544EA0288902901
B1438014516277N00553547EA0289002902
B1438024516281N00553553EA0289202904
B1438034516283N00553559EA0289302905
B1438044516284N00553565EA0289402906
B1438054516283N00553571EA0289602908
B1438064516282N00553576EA0289902911
B1438074516279N00553580EA0290002912
B1438084516275N00553581EA0290302915
B1438094516271N00553581EA0290502917
B1438104516267N00553579EA0290602918
B1438114516264N00553574EA0290802920
B1438124516262N00553569EA0291002922
B1438134516261N00553562EA0291202924
B1438144516262N00553554EA0291502927
B1438154516264N00553547EA0291702929
B1438164516267N00553540EA0291902931
B1438174516271N00553535EA0292002932
B1438184516276N00553531EA0292102933
B1438194516282N00553529EA0292202934
B1438204516288N00553530EA0292402936
B1438214516293N00553532EA0292602938
B1438224516298N00553536EA0292802940
B1438234516302N00553541EA0293002942
B1438244516304N00553547EA0293002942
B1438254516305N00553554EA0293302945
B1438264516304N00553559EA0293502947
B1438274516302N00553564EA0293702949
B1438284516299N00553568EA0293902951
B1438294516296N00553569EA0294002952
B1438304516292N00553569EA0294202954
B1438314516288N00553567EA0294402956
B1438324516285N00553562EA0294602958
B1438334516283N00553557EA0294702959
B1438344516282N00553550EA0294902961
B1438354516282N00553542EA0295102963
B1438364516284N00553535EA0295402966
B1438374516288N00553528EA0295602968
B1438384516291N00553521EA0295502967
B1438394516295N00553514EA0295402966
B1438404516299N00553507EA0295202964
B1438414516302N00553499EA0295102963
B1438424516306N00553492EA0295102963
B1438434516309N00553484EA0294902961
B1438444516312N00553477EA0294802960
B1438454516316N00553470EA0294702959
B1438464516319N00553462EA0294502957
B1438474516323N00553455EA0294402956
B1438484516326N00553448EA0294302955
B1438494516330N00553440EA0294302955
B1438504516333N00553433EA0294202954
B1438514516337N00553426EA0294102953
B1438524516340N00553418EA0294002952
B1438534516343N00553411EA0293902951
B1438544516347N00553403EA0293802950
B1438554516350N00553396EA0293802950
B1438564516353N00553388EA0293702949
B1438574516357N00553381EA0293602948
B1438584516360N00553373EA0293502947
B1438594516363N00553366EA0293402946
B1439004516366N00553358EA0293302945
B1439014516369N00553351EA0293202944
B1439024516372N00553343EA0293102943
B1439034516375N00553335EA0293002942
B1439044516378N00553328EA0292902941
B1439054516382N00553320EA0292702939
B1439064516385N00553313EA0292602938
B1439074516388N00553305EA0292502937
B1439084516391N00553297EA0292402936
B1439094516393N00553289EA0292202934
B1439104516396N00553282EA0292202934
B1439114516399N00553274EA0292002932
B1439124516403N00553267EA0291802930
B1439134516406N00553259EA0291702929
B1439144516409N00553251EA0291602928
B1439154516412N00553244EA0291402926
B1439164516415N00553236EA0291402926
B1439174516418N00553229EA0291302925
B1439184516422N00553221EA0291202924
B1439194516425N00553214EA0291002922
B1439204516428N00553206EA0290902921
B1439214516431N00553198EA0290702919
B1439224516434N00553191EA0290702919
B1439234516437N00553183EA0290602918
B1439244516440N00553175EA0290502917
B1439254516442N00553168EA0290402916
B1439264516445N00553160EA0290302915
B1439274516449N00553152EA0290202914
B1439284516452N00553145EA0290102913
B1439294516455N00553137EA0289802910
B1439304516458N00553129EA0289702909
B1439314516461N00553122EA0289602908
B1439324516464N00553114EA0289502907
B1439334516467N00553106EA0289402906
B1439344516469N00553099EA0289302905
B1439354516472N00553091EA0289202904
B1439364516475N00553083EA0289202904
B1439374516478N00553075EA0289002902
B1439384516480N00553067EA0288902901
B1439394516483N00553059EA0288902901
B1439404516486N00553052EA0288702899
B1439414516488N00553044EA0288702899
B1439424516491N00553036EA0288602898
B1439434516494N00553028EA0288502897
B1439444516496N00553020EA0288402896
B1439454516499N00553013EA0288302895
B1439464516502N00553005EA0288202894
B1439474516505N00552997EA0288102893
B1439484516508N00552989EA0288002892
B1439494516510N00552982EA0287902891
B1439504516513N00552974EA0287802890
B1439514516516N00552966EA0287702889
B1439524516519N00552958EA0287502887
B1439534516522N00552951EA0287402886
B1439544516525N00552943EA0287302885
B1439554516528N00552935EA0287102883
B1439564516531N00552928EA0287102883
B1439574516534N00552920EA0287002882
B1439584516537N00552912EA0286902881
B1439594516540N00552905EA0286802880
B1440004516543N00552897EA0286702879
B1440014516547N00552890EA0286602878
B1440024516550N00552882EA0286502877
B1440034516553N00552875EA0286402876
B1440044516556N00552867EA0286302875
B1440054516559N00552859EA0286002872
B1440064516562N00552852EA0285902871
B1440074516565N00552844EA0285802870
B1440084516569N00552837EA0285702869
B1440094516572N00552829EA0285602868
B1440104516575N00552822EA0285502867
B1440114516579N00552815EA0285402866
B1440124516583N00552808EA0285402866
B1440134516587N00552801EA0285202864
B1440144516591N00552794EA0285102863
B1440154516595N00552787EA0285002862
B1440164516598N00552780EA0285002862
B1440174516602N00552773EA0284902861
B1440184516606N00552766EA0284702859
B1440194516610N00552758EA0284702859
B1440204516614N00552751EA0284602858
B1440214516617N00552744EA0284402856
B1440224516621N00552737EA0284402856
B1440234516625N00552730EA0284202854
B1440244516629N00552723EA0284102853
B1440254516633N00552716EA0284002852
B1440264516637N00552709EA0283902851
B1440274516641N00552702EA0283802850
B1440284516645N00552695EA0283702849
B1440294516649N00552688EA0283602848
B1440304516653N00552682EA0283402846
B1440314516657N00552675EA0283302845
B1440324516661N00552668EA0283202844
B1440334516666N00552661EA0283002842
B1440344516670N00552655EA0282902841
B1440354516674N00552648EA0282802840
B1440364516678N00552641EA0282802840
B1440374516682N00552634EA0282602838
B1440384516686N00552627EA0282502837
B1440394516690N00552621EA0282402836
B1440404516695N00552614EA0282202834
B1440414516699N00552607EA0282102833
B1440424516703N00552601EA0282002832
B1440434516707N00552594EA0281902831
B1440444516712N00552588EA0281802830
B1440454516716N00552581EA0281702829
B1440464516720N00552574EA0281602828
B1440474516725N00552568EA0281402826
B1440484516729N00552561EA0281302825
B1440494516733N00552554EA0281302825
B1440504516738N00552548EA0281202824
B1440514516742N00552542EA0281002822
B1440524516746N00552535EA0281002822
B1440534516751N00552528EA0280902821
B1440544516755N00552522EA0280802820
B1440554516759N00552515EA0280702819
B1440564516763N00552509EA0280602818
B1440574516768N00552502EA0280502817
B1440584516772N00552496EA0280402816
B1440594516777N00552489EA0280202814
B1441004516781N00552483EA0280102813
B1441014516786N00552477EA0280002812
B1441024516790N00552470EA0279902811
B1441034516795N00552464EA0279802810
B1441044516799N00552457EA0279702809
B1441054516804N00552451EA0279502807
B1441064516808N00552444EA0279402806
B1441074516812N00552438EA0279302805
B1441084516817N00552431EA0279202804
B1441094516821N00552425EA0279102803
B1441104516825N00552418EA0278902801
B1441114516830N00552411EA0278802800
B1441124516834N00552405EA0278702799
B1441134516838N00552398EA0278602798
B1441144516842N00552391EA0278502797
B1441154516846N00552384EA0278502797
B1441164516850N00552378EA0278402796
B1441174516855N00552371EA0278302795
B1441184516859N00552365EA0278102793
B1441194516864N00552359EA0278102793
B1441204516868N00552352EA0278002792
B1441214516873N00552346EA0277802790
B1441224516878N00552340EA0277802790
B1441234516882N00552334EA0277602788
B1441244516887N00552328EA0277602788
B1441254516892N00552322EA0277502787
B1441264516897N00552316EA0277302785
B1441274516902N00552310EA0277302785
B1441284516907N00552304EA0277202784
B1441294516912N00552299EA0277102783
B1441304516917N00552293EA0277102783
B1441314516922N00552288EA0276902781
B1441324516927N00552283EA0276802780
B1441334516933N00552277EA0276702779
B1441344516938N00552272EA0276502777
B1441354516943N00552267EA0276402776
B1441364516948N00552262EA0276202774
B1441374516954N00552256EA0276102773
B1441384516959N00552251EA0275902771
B1441394516964N00552246EA0275902771
B1441404516970N00552241EA0275802770
B1441414516975N00552236EA0275602768
B1441424516980N00552231EA0275402766
B1441434516986N00552228EA0275702769
B1441444516992N00552227EA0276002772
B1441454516997N00552228EA0276402776
B1441464517002N00552231EA0276602778
B1441474517006N00552236EA0276802780
B1441484517009N00552242EA0277002782
B1441494517011N00552248EA0277102783
B1441504517011N00552254EA0277102783
B1441514517010N00552260EA0277302785
B1441524517007N00552264EA0277502787
B1441534517004N00552267EA0277802790
B1441544517000N00552267EA0278002792
B1441554516996N00552266EA0278302795
B1441564516993N00552263EA0278402796
B1441574516990N00552258EA0278502797
B1441584516989N00552251EA0278702799
B1441594516988N00552244EA0278902801
B1442004516990N00552236EA0279202804
B1442014516992N00552229EA0279402806
B1442024516996N00552223EA0279702809
B1442034517001N00552219EA0279902811
B1442044517007N00552216EA0280202814
B1442054517013N00552215EA0280502817
B1442064517018N00552217EA0280702819
B1442074517023N00552220EA0280902821
B1442084517027N00552224EA0281002822
B1442094517030N00552230EA0281402826
B1442104517032N00552236EA0281502827
B1442114517032N00552243EA0281702829
B1442124517030N00552248EA0282002832
B1442134517028N00552252EA0282102833
B1442144517025N00552255EA0282402836
B1442154517021N00552255EA0282502837
B1442164517017N00552254EA0282602838
B1442174517013N00552251EA0282802840
B1442184517011N00552245EA0283002842
B1442194517009N00552239EA0283302845
B1442204517009N00552232EA0283402846
B1442214517010N00552224EA0283602848
B1442224517013N00552217EA0283802850
B1442234517017N00552211EA0284002852
B1442244517022N00552207EA0284202854
B1442254517028N00552204EA0284502857
B1442264517034N00552203EA0284802860
B1442274517039N00552205EA0284902861
B1442284517044N00552208EA0285102863
B1442294517048N00552213EA0285402866
B1442304517051N00552219EA0285702869
B1442314517052N00552225EA0286002872
B1442324517052N00552231EA0286302875
B1442334517051N00552237EA0286602878
B1442344517048N00552241EA0286802880
B1442354517045N00552243EA0287102883
B1442364517041N00552244EA0287302885
B1442374517037N00552242EA0287302885
B1442384517034N00552238EA0287502887
B1442394517031N00552233EA0287702889
B1442404517030N00552227EA0288002892
B1442414517030N00552219EA0288202894
B1442424517031N00552212EA0288402896
B1442434517034N00552205EA0288602898
B1442444517038N00552199EA0288802900
B1442454517043N00552195EA0289102903
B1442464517049N00552192EA0289402906
B1442474517055N00552192EA0289602908
B1442484517060N00552193EA0289902911
B1442494517065N00552197EA0290002912
B1442504517069N00552201EA0290202914
B1442514517072N00552207EA0290402916
B1442524517073N00552214EA0290602918
B1442534517073N00552220EA0290902921
B1442544517072N00552225EA0291202924
B1442554517069N00552229EA0291402926
B1442564517066N00552231EA0291602928
B1442574517062N00552232EA0291802930
B1442584517058N00552230EA0292002932
B1442594517055N00552226EA0292402936
B1443004517052N00552221EA0292602938
B1443014517051N00552214EA0292902941
B1443024517051N00552207EA0293102943
B1443034517052N00552200EA0293302945
B1443044517055N00552193EA0293502947
B1443054517059N00552187EA0293702949
B1443064517064N00552183EA0293902951
B1443074517070N00552180EA0294202954
B1443084517076N00552180EA0294502957
B1443094517081N00552181EA0294702959
B1443104517086N00552185EA0294902961
B1443114517090N00552190EA0295002962
B1443124517093N00552196EA0295302965
B1443134517094N00552202EA0295402966
B1443144517094N00552208EA0295602968
B1443154517092N00552214EA0295802970
B1443164517089N00552217EA0296102973
B1443174517086N00552220EA0296302975
B1443184517082N00552220EA0296402976
B1443194517078N00552218EA0296702979
B1443204517075N00552214EA0296902981
B1443214517073N00552209EA0297002982
B1443224517071N00552202EA0297302985
B1443234517071N00552195EA0297502987
B1443244517073N00552188EA0297602988
B1443254517076N00552181EA0297802990
B1443264517080N00552175EA0298002992
B1443274517085N00552171EA0298002992
B1443284517091N00552168EA0298202994
B1443294517097N00552168EA0298302995
B1443304517102N00552170EA0298502997
B1443314517107N00552173EA0298702999
B1443324517111N00552178EA0298903001
B1443334517114N00552184EA0299103003
B1443344517115N00552191EA0299203004
B1443354517114N00552197EA0299403006
B1443364517113N00552202EA0299503007
B1443374517110N00552206EA0299703009
B1443384517107N00552210EA0299603008
B1443394517104N00552214EA0299503007
B1443404517101N00552219EA0299403006
B1443414517097N00552223EA0299303005
B1443424517094N00552227EA0299103003
B1443434517090N00552231EA0299003002
B1443444517087N00552235EA0298903001
B1443454517084N00552238EA0298803000
B1443464517080N00552242EA0298702999
B1443474517077N00552246EA0298602998
B1443484517073N00552250EA0298502997
B1443494517070N00552254EA0298502997
B1443504517067N00552258EA0298402996
B1443514517063N00552262EA0298402996
B1443524517060N00552266EA0298302995
B1443534517057N00552270EA0298202994
B1443544517053N00552274EA0298002992
B1443554517050N00552277EA0298002992
B1443564517046N00552281EA0297902991
B1443574517043N00552285EA0297802990
B1443584517039N00552289EA0297702989
B1443594517036N00552292EA0297702989
B1444004517033N00552296EA0297602988
B1444014517029N00552300EA0297502987
B1444024517026N00552304EA0297402986
B1444034517022N00552308EA0297302985
B1444044517019N00552312EA0297102983
B1444054517016N00552316EA0297002982
B1444064517012N00552320EA0296902981
B1444074517009N00552324EA0296902981
B1444084517006N00552328EA0296702979
B1444094517002N00552332EA0296702979
B1444104516999N00552336EA0296502977
B1444114516996N00552340EA0296402976
B1444124516992N00552344EA0296302975
B1444134516989N00552348EA0296202974
B1444144516986N00552352EA0296102973
B1444154516982N00552356EA0296002972
B1444164516979N00552360EA0295902971
B1444174516976N00552364EA0295802970
B1444184516972N00552368EA0295702969
B1444194516969N00552372EA0295602968
B1444204516965N00552375EA0295402966
B1444214516962N00552379EA0295302965
B1444224516958N00552383EA0295302965
B1444234516955N00552387EA0295102963
B1444244516952N00552391EA0295002962
B1444254516949N00552395EA0294902961
B1444264516945N00552399EA0294802960
B1444274516942N00552403EA0294602958
B1444284516939N00552407EA0294602958
B1444294516936N00552412EA0294402956
B1444304516932N00552416EA0294202954
B1444314516929N00552420EA0294102953
B1444324516926N00552425EA0294002952
B1444334516923N00552429EA0293902951
B1444344516920N00552433EA0293702949
B1444354516917N00552438EA0293602948
B1444364516913N00552442EA0293502947
B1444374516910N00552446EA0293402946
B1444384516907N00552451EA0293302945
B1444394516904N00552455EA0293302945
B1444404516901N00552460EA0293202944
B1444414516898N00552465EA0293102943
B1444424516895N00552469EA0292902941
B1444434516892N00552474EA0292902941
B1444444516889N00552479EA0292702939
B1444454516887N00552483EA0292502937
B1444464516884N00552488EA0292402936
B1444474516881N00552493EA0292402936
B1444484516878N00552498EA0292302935
B1444494516875N00552502EA0292202934
B1444504516872N00552507EA0292102933
B1444514516869N00552512EA0292002932
B1444524516866N00552517EA0291902931
B1444534516863N00552521EA0291802930
B1444544516860N00552526EA0291602928
B1444554516857N00552530EA0291502927
B1444564516854N00552535EA0291402926
B1444574516851N00552540EA0291302925
B1444584516849N00552544EA0291202924
B1444594516846N00552549EA0291002922
B1445004516843N00552554EA0290902921
B1445014516840N00552558EA0290802920
B1445024516837N00552563EA0290702919
B1445034516834N00552567EA0290602918
B1445044516830N00552572EA0290502917
B1445054516827N00552576EA0290202914
B1445064516824N00552580EA0290102913
B1445074516821N00552585EA0289802910
B1445084516818N00552589EA0289802910
B1445094516815N00552593EA0289702909
B1445104516811N00552597EA0289602908
B1445114516808N00552602EA0289502907
B1445124516805N00552606EA0289302905
B1445134516802N00552610EA0289202904
B1445144516798N00552614EA0289102903
B1445154516795N00552618EA0289102903
B1445164516792N00552622EA0289002902
B1445174516789N00552627EA0288802900
B1445184516786N00552631EA0288702899
B1445194516783N00552636EA0288602898
B1445204516780N00552640EA0288402896
B1445214516777N00552645EA0288302895
B1445224516774N00552649EA0288202894
B1445234516771N00552654EA0288102893
B1445244516767N00552658EA0288002892
B1445254516764N00552662EA0287902891
B1445264516761N00552667EA0287802890
B1445274516758N00552671EA0287702889
B1445284516754N00552675EA0287602888
B1445294516751N00552680EA0287602888
B1445304516748N00552684EA0287402886
B1445314516745N00552688EA0287302885
B1445324516742N00552692EA0287202884
B1445334516739N00552696EA0287102883
B1445344516735N00552701EA0287002882
B1445354516732N00552705EA0286802880
B1445364516729N00552709EA0286802880
B1445374516726N00552713EA0286802880
B1445384516722N00552718EA0286602878
B1445394516719N00552722EA0286602878
B1445404516716N00552726EA0286402876
B1445414516712N00552729EA0286302875
B1445424516709N00552733EA0286302875
B1445434516706N00552737EA0286202874
B1445444516702N00552741EA0286102873
B1445454516699N00552745EA0286002872
B1445464516696N00552749EA0285902871
B1445474516692N00552753EA0285802870
B1445484516689N00552758EA0285702869
B1445494516686N00552762EA0285702869
B1445504516683N00552766EA0285602868
B1445514516680N00552771EA0285402866
B1445524516676N00552775EA0285302865
B1445534516673N00552779EA0285102863
B1445544516670N00552783EA0285002862
B1445554516666N00552787EA0284902861
B1445564516663N00552791EA0284802860
B1445574516660N00552794EA0284702859
B1445584516656N00552798EA0284602858
B1445594516653N00552802EA0284502857
B1446004516649N00552805EA0284402856
B1446014516645N00552809EA0284202854
B1446024516642N00552813EA0284202854
B1446034516638N00552816EA0284102853
B1446044516635N00552819EA0284002852
B1446054516631N00552823EA0284002852
B1446064516627N00552826EA0283802850
B1446074516623N00552829EA0283802850
B1446084516620N00552831EA0283602848
B1446094516616N00552834EA0283502847
B1446104516612N00552837EA0283402846
B1446114516608N00552839EA0283302845
B1446124516604N00552841EA0283202844
B1446134516600N00552844EA0283202844
B1446144516596N00552846EA0283102843
B1446154516592N00552848EA0282902841
B1446164516588N00552850EA0282902841
B1446174516584N00552853EA0282702839
B1446184516580N00552855EA0282602838
B1446194516576N00552857EA0282502837
B1446204516571N00552859EA0282302835
B1446214516567N00552861EA0282202834
B1446224516563N00552863EA0282102833
B1446234516559N00552865EA0282002832
B1446244516555N00552867EA0281902831
B1446254516551N00552869EA0281802830
B1446264516547N00552870EA0281702829
B1446274516543N00552872EA0281502827
B1446284516539N00552875EA0281402826
B1446294516535N00552877EA0281302825
B1446304516531N00552879EA0281102823
B1446314516527N00552882EA0281102823
B1446324516523N00552884EA0281002822
B1446334516519N00552886EA0280802820
B1446344516515N00552888EA0280702819
B1446354516511N00552890EA0280602818
B1446364516507N00552892EA0280502817
B1446374516502N00552894EA0280402816
B1446384516498N00552896EA0280302815
B1446394516494N00552898EA0280102813
B1446404516490N00552900EA0280002812
B1446414516486N00552902EA0279902811
B1446424516482N00552904EA0279702809
B1446434516478N00552905EA0279602808
B1446444516473N00552907EA0279402806
B1446454516469N00552909EA0279202804
B1446464516465N00552911EA0279202804
B1446474516461N00552913EA0279102803
B1446484516457N00552915EA0279002802
B1446494516453N00552916EA0278802800
B1446504516449N00552918EA0278702799
B1446514516445N00552920EA0278602798
B1446524516440N00552921EA0278402796
B1446534516436N00552923EA0278302795
B1446544516432N00552925EA0278202794
B1446554516428N00552927EA0278002792
B1446564516424N00552929EA0278002792
B1446574516420N00552930EA0277902791
B1446584516415N00552932EA0277802790
B1446594516411N00552933EA0277702789
B1447004516407N00552935EA0277602788
B1447014516403N00552937EA0277502787
B1447024516399N00552939EA0277402786
B1447034516395N00552941EA0277302785
B1447044516391N00552943EA0277102783
B1447054516387N00552944EA0277002782
B1447064516382N00552946EA0276902781
B1447074516378N00552947EA0276702779
B1447084516374N00552949EA0276602778
B1447094516370N00552950EA0276502777
B1447104516365N00552952EA0276402776
B1447114516361N00552953EA0276302775
B1447124516357N00552954EA0276202774
B1447134516353N00552955EA0276102773
B1447144516348N00552956EA0276002772
B1447154516344N00552957EA0275902771
B1447164516340N00552958EA0275802770
B1447174516336N00552959EA0275602768
B1447184516331N00552960EA0275502767
B1447194516327N00552961EA0275402766
B1447204516323N00552962EA0275202764
B1447214516318N00552963EA0275102763
B1447224516314N00552964EA0275002762
B1447234516310N00552965EA0274902761
B1447244516306N00552966EA0274802760
B1447254516301N00552967EA0274702759
B1447264516297N00552969EA0274602758
B1447274516293N00552971EA0274502757
B1447284516289N00552973EA0274402756
B1447294516285N00552975EA0274302755
B1447304516281N00552977EA0274202754
B1447314516277N00552979EA0274102753
B1447324516273N00552981EA0274002752
B1447334516269N00552983EA0273902751
B1447344516265N00552986EA0273802750
B1447354516261N00552988EA0273602748
B1447364516257N00552983EA0273502747
B1447374516253N00552979EA0273402746
B1447384516250N00552974EA0273402746
B1447394516246N00552969EA0273302745
B1447404516243N00552965EA0273202744
B1447414516239N00552960EA0273102743
B1447424516235N00552956EA0273002742
B1447434516232N00552951EA0273002742
B1447444516228N00552947EA0272802740
B1447454516225N00552942EA0272702739
B1447464516221N00552937EA0272602738
B1447474516217N00552933EA0272502737
B1447484516214N00552928EA0272402736
B1447494516210N00552924EA0272302735
B1447504516207N00552919EA0272202734
B1447514516203N00552915EA0272002732
B1447524516199N00552910EA0272002732
B1447534516196N00552905EA0271902731
B1447544516192N00552901EA0271802730
B1447554516188N00552896EA0271802730
B1447564516185N00552892EA0271702729
B1447574516181N00552887EA0271602728
B1447584516178N00552883EA0271402726
B1447594516174N00552878EA0271202724
B1448004516170N00552874EA0271202724
B1448014516167N00552869EA0271002722
B1448024516163N00552865EA0270902721
B1448034516160N00552860EA0270802720
B1448044516156N00552855EA0270802720
B1448054516152N00552851EA0270702719
B1448064516149N00552846EA0270502717
B1448074516145N00552842EA0270402716
B1448084516141N00552837EA0270302715
B1448094516138N00552833EA0270102713
B1448104516134N00552828EA0270002712
B1448114516131N00552824EA0269902711
B1448124516127N00552819EA0269702709
B1448134516123N00552815EA0269602708
B1448144516120N00552810EA0269502707
B1448154516116N00552806EA0269402706
B1448164516112N00552801EA0269202704
B1448174516109N00552797EA0269102703
B1448184516105N00552792EA0268902701
B1448194516102N00552788EA0268802700
B1448204516098N00552783EA0268702699
B1448214516094N00552779EA0268502697
B1448224516091N00552774EA0268402696
B1448234516087N00552770EA0268302695
B1448244516083N00552765EA0268202694
B1448254516080N00552761EA0268002692
B1448264516076N00552756EA0267902691
B1448274516072N00552752EA0267702689
B1448284516069N00552747EA0267602688
B1448294516065N00552743EA0267502687
B1448304516062N00552738EA0267402686
B1448314516058N00552734EA0267302685
B1448324516054N00552729EA0267102683
B1448334516051N00552725EA0267102683
B1448344516047N00552721EA0267002682
B1448354516043N00552716EA0266902681
B1448364516040N00552712EA0266702679
B1448374516036N00552707EA0266602678
B1448384516032N00552703EA0266502677
B1448394516029N00552698EA0266302675
B1448404516025N00552694EA0266302675
B1448414516021N00552689EA0266102673
B1448424516018N00552685EA0266102673
B1448434516014N00552680EA0266002672
B1448444516010N00552676EA0265902671
B1448454516007N00552672EA0265802670
B1448464516003N00552667EA0265702669
B1448474515999N00552663EA0265602668
B1448484515996N00552658EA0265502667
B1448494515992N00552654EA0265402666
B1448504515988N00552649EA0265302665
B1448514515985N00552645EA0265102663
B1448524515981N00552640EA0264902661
B1448534515977N00552636EA0264702659
B1448544515974N00552632EA0264602658
B1448554515970N00552627EA0264502657
B1448564515966N00552623EA0264502657
B1448574515963N00552618EA0264302655
B1448584515959N00552614EA0264202654
B1448594515955N00552610EA0264102653
B1449004515952N00552605EA0263902651
B1449014515948N00552601EA0263802650
B1449024515944N00552596EA0263602648
B1449034515941N00552592EA0263502647
B1449044515937N00552588EA0263302645
B1449054515933N00552583EA0263302645
B1449064515930N00552579EA0263102643
B1449074515926N00552574EA0263002642
B1449084515922N00552570EA0262802640
B1449094515919N00552566EA0262702639
B1449104515915N00552561EA0262502637
B1449114515911N00552557EA0262402636
B1449124515908N00552552EA0262302635
B1449134515904N00552548EA0262202634
B1449144515900N00552544EA0262002632
B1449154515897N00552539EA0261902631
B1449164515893N00552535EA0261802630
B1449174515889N00552531EA0261702629
B1449184515886N00552526EA0261602628
B1449194515882N00552522EA0261502627
B1449204515878N00552517EA0261402626
B1449214515875N00552513EA0261302625
B1449224515871N00552509EA0261202624
B1449234515867N00552504EA0261102623
B1449244515863N00552500EA0260902621
B1449254515860N00552496EA0260802620
B1449264515856N00552491EA0260702619
B1449274515852N00552487EA0260702619
B1449284515849N00552483EA0260502617
B1449294515845N00552478EA0260402616
B1449304515841N00552474EA0260202614
B1449314515838N00552470EA0260102613
B1449324515834N00552465EA0260002612
B1449334515830N00552461EA0259802610
B1449344515826N00552457EA0259802610
B1449354515823N00552452EA0259602608
B1449364515819N00552448EA0259502607
B1449374515815N00552444EA0259402606
B1449384515812N00552439EA0259202604
B1449394515808N00552435EA0259102603
B1449404515804N00552431EA0258902601
B1449414515800N00552426EA0258802600
B1449424515797N00552422EA0258702599
B1449434515793N00552418EA0258602598
B1449444515789N00552413EA0258502597
B1449454515786N00552409EA0258502597
B1449464515782N00552405EA0258402596
B1449474515778N00552401EA0258202594
B1449484515774N00552396EA0258102593
B1449494515771N00552392EA0257902591
B1449504515767N00552388EA0257802590
B1449514515763N00552383EA0257702589
B1449524515760N00552379EA0257702589
B1449534515756N00552375EA0257702589
B1449544515752N00552371EA0257602588
B1449554515748N00552366EA0257402586
B1449564515745N00552362EA0257402586
B1449574515741N00552358EA0257202584
B1449584515737N00552353EA0257102583
B1449594515734N00552349EA0257002582
B1450004515730N00552345EA0256902581
B1450014515726N00552341EA0256802580
B1450024515722N00552336EA0256602578
B1450034515719N00552332EA0256502577
B1450044515715N00552328EA0256402576
B1450054515711N00552324EA0256302575
B1450064515707N00552319EA0256202574
B1450074515704N00552315EA0256102573
B1450084515700N00552311EA0256002572
B1450094515696N00552307EA0255902571
B1450104515692N00552302EA0255802570
B1450114515689N00552298EA0255602568
B1450124515685N00552294EA0255602568
B1450134515681N00552290EA0255502567
B1450144515677N00552285EA0255402566
B1450154515674N00552281EA0255202564
B1450164515670N00552277EA0255102563
B1450174515666N00552273EA0255002562
B1450184515663N00552269EA0254902561
B1450194515659N00552264EA0254802560
B1450204515655N00552260EA0254702559
B1450214515651N00552256EA0254702559
B1450224515648N00552252EA0254502557
B1450234515644N00552248EA0254302555
B1450244515640N00552243EA0254202554
B1450254515636N00552239EA0254002552
B1450264515633N00552235EA0253902551
B1450274515629N00552231EA0253802550
B1450284515625N00552227EA0253702549
B1450294515621N00552222EA0253602548
B1450304515617N00552218EA0253502547
B1450314515614N00552214EA0253302545
B1450324515610N00552210EA0253202544
B1450334515606N00552206EA0253102543
B1450344515602N00552202EA0253102543
B1450354515599N00552197EA0253002542
B1450364515595N00552193EA0252802540
B1450374515591N00552189EA0252702539
B1450384515587N00552185EA0252602538
B1450394515584N00552181EA0252402536
B1450404515580N00552177EA0252302535
B1450414515576N00552172EA0252202534
B1450424515572N00552168EA0252102533
B1450434515568N00552164EA0252002532
B1450444515565N00552160EA0251902531
B1450454515561N00552156EA0251802530
B1450464515557N00552152EA0251702529
B1450474515553N00552148EA0251502527
B1450484515550N00552143EA0251402526
B1450494515546N00552139EA0251202524
B1450504515542N00552135EA0251102523
B1450514515538N00552131EA0251002522
B1450524515534N00552127EA0250902521
B1450534515531N00552123EA0250702519
B1450544515527N00552119EA0250702519
B1450554515523N00552115EA0250502517
B1450564515519N00552110EA0250402516
B1450574515516N00552106EA0250302515
B1450584515512N00552102EA0250102513
B1450594515508N00552098EA0250002512
B1451004515504N00552094EA0249902511
B1451014515500N00552090EA0249802510
B1451024515497N00552086EA0249602508
B1451034515493N00552082EA0249502507
B1451044515489N00552078EA0249302505
B1451054515485N00552074EA0249202504
B1451064515481N00552070EA0249102503
B1451074515478N00552065EA0249002502
B1451084515474N00552061EA0248802500
B1451094515470N00552057EA0248802500
B1451104515466N00552053EA0248702499
B1451114515462N00552049EA0248702499
B1451124515459N00552045EA0248502497
B1451134515455N00552041EA0248502497
B1451144515451N00552037EA0248302495
B1451154515447N00552033EA0248202494
B1451164515443N00552029EA0248002492
B1451174515440N00552025EA0247902491
B1451184515436N00552021EA0247802490
B1451194515432N00552017EA0247702489
B1451204515428N00552013EA0247602488
B1451214515424N00552009EA0247402486
B1451224515420N00552005EA0247302485
B1451234515417N00552001EA0247202484
B1451244515413N00551997EA0247002482
B1451254515409N00551993EA0246902481
B1451264515405N00551989EA0246802480
B1451274515401N00551985EA0246602478
B1451284515398N00551981EA0246602478
B1451294515394N00551977EA0246402476
B1451304515390N00551973EA0246302475
B1451314515386N00551969EA0246202474
B1451324515382N00551965EA0246102473
B1451334515378N00551961EA0246002472
B1451344515375N00551957EA0245902471
B1451354515371N00551953EA0245802470
B1451364515367N00551949EA0245702469
B1451374515363N00551945EA0245502467
B1451384515359N00551941EA0245402466
B1451394515355N00551937EA0245302465
B1451404515352N00551933EA0245102463
B1451414515348N00551929EA0245102463
B1451424515344N00551925EA0244902461
B1451434515340N00551921EA0244802460
B1451444515336N00551917EA0244602458
B1451454515332N00551913EA0244402456
B1451464515329N00551909EA0244302455
B1451474515325N00551905EA0244202454
B1451484515321N00551901EA0244102453
B1451494515317N00551897EA0244102453
B1451504515313N00551893EA0244002452
B1451514515309N00551889EA0243902451
B1451524515305N00551885EA0243802450
B1451534515302N00551881EA0243702449
B1451544515298N00551877EA0243602448
B1451554515294N00551873EA0243502447
B1451564515290N00551870EA0243402446
B1451574515286N00551866EA0243302445
B1451584515282N00551862EA0243102443
B1451594515279N00551858EA0243102443
B1452004515275N00551854EA0243002442
B1452014515271N00551850EA0242902441
B1452024515267N00551846EA0242702439
B1452034515263N00551842EA0242602438
B1452044515259N00551838EA0242502437
B1452054515255N00551834EA0242502437
B1452064515251N00551830EA0242302435
B1452074515248N00551827EA0242202434
B1452084515244N00551823EA0242002432
B1452094515240N00551819EA0241902431
B1452104515236N00551815EA0241702429
B1452114515232N00551811EA0241702429
B1452124515228N00551807EA0241502427
B1452134515224N00551803EA0241402426
B1452144515220N00551800EA0241302425
B1452154515217N00551796EA0241102423
B1452164515213N00551792EA0241002422
B1452174515209N00551788EA0240902421
B1452184515205N00551784EA0240802420
B1452194515201N00551780EA0240702419
B1452204515197N00551776EA0240602418
B1452214515193N00551773EA0240402416
B1452224515189N00551769EA0240302415
B1452234515186N00551765EA0240202414
B1452244515182N00551761EA0240002412
B1452254515178N00551757EA0239902411
B1452264515174N00551754EA0239802410
B1452274515170N00551750EA0239602408
B1452284515166N00551746EA0239502407
B1452294515162N00551742EA0239402406
B1452304515158N00551738EA0239302405
B1452314515154N00551735EA0239202404
B1452324515151N00551731EA0239002402
B1452334515147N00551727EA0238802400
B1452344515143N00551723EA0238702399
B1452354515139N00551719EA0238602398
B1452364515135N00551716EA0238402396
B1452374515131N00551712EA0238402396
B1452384515127N00551708EA0238202394
B1452394515123N00551704EA0238102393
B1452404515119N00551701EA0238102393
B1452414515115N00551697EA0238002392
B1452424515111N00551693EA0237802390
B1452434515108N00551689EA0237702389
B1452444515104N00551686EA0237602388
B1452454515100N00551682EA0237402386
B1452464515096N00551678EA0237202384
B1452474515092N00551674EA0237202384
B1452484515088N00551671EA0237002382
B1452494515084N00551667EA0236902381
B1452504515080N00551663EA0236802380
B1452514515076N00551659EA0236702379
B1452524515072N00551656EA0236502377
B1452534515068N00551652EA0236402376
B1452544515064N00551648EA0236302375
B1452554515061N00551645EA0236202374
B1452564515057N00551641EA0236102373
B1452574515053N00551637EA0235902371
B1452584515049N00551634EA0235802370
B1452594515045N00551630EA0235702369
B1453004515041N00551626EA0235602368
B1453014515037N00551623EA0235402366
B1453024515033N00551619EA0235302365
B1453034515029N00551615EA0235202364
B1453044515025N00551612EA0235102363
B1453054515021N00551608EA0234902361
B1453064515017N00551604EA0234702359
B1453074515013N00551601EA0234602358
B1453084515009N00551597EA0234402356
B1453094515005N00551593EA0234302355
B1453104515001N00551590EA0234102353
B1453114514997N00551586EA0234002352
B1453124514994N00551582EA0233902351
B1453134514990N00551579EA0233702349
B1453144514986N00551575EA0233602348
B1453154514982N00551571EA0233502347
B1453164514978N00551568EA0233402346
B1453174514974N00551564EA0233302345
B1453184514970N00551561EA0233102343
B1453194514966N00551557EA0233102343
B1453204514962N00551553EA0233002342
B1453214514958N00551550EA0233002342
B1453224514954N00551546EA0232802340
B1453234514950N00551543EA0232602338
B1453244514946N00551539EA0232402336
B1453254514942N00551536EA0232202334
B1453264514938N00551532EA0232102333
B1453274514934N00551528EA0232002332
B1453284514930N00551525EA0231902331
B1453294514926N00551521EA0231802330
B1453304514922N00551518EA0231802330
B1453314514918N00551514EA0231702329
B1453324514914N00551511EA0231602328
B1453334514910N00551507EA0231602328
B1453344514906N00551504EA0231402326
B1453354514902N00551500EA0231402326
B1453364514898N00551497EA0231302325
B1453374514894N00551493EA0231102323
B1453384514890N00551490EA0231002322
B1453394514886N00551486EA0230902321
B1453404514882N00551483EA0230802320
B1453414514878N00551479EA0230702319
B1453424514874N00551476EA0230502317
B1453434514870N00551472EA0230502317
B1453444514866N00551469EA0230402316
B1453454514862N00551465EA0230402316
B1453464514858N00551462EA0230202314
B1453474514854N00551458EA0230202314
B1453484514850N00551455EA0230102313
B1453494514846N00551451EA0230002312
B1453504514842N00551448EA0229902311
B1453514514838N00551444EA0229802310
B1453524514834N00551441EA0229602308
B1453534514830N00551437EA0229502307
B1453544514826N00551434EA0229302305
B1453554514822N00551431EA0229202304
B1453564514818N00551427EA0229202304
B1453574514814N00551424EA0229002302
B1453584514810N00551420EA0228902301
B1453594514806N00551417EA0228902301
B1454004514802N00551414EA0228702299
B1454014514798N00551410EA0228502297
B1454024514794N00551407EA0228402296
B1454034514790N00551403EA0228302295
B1454044514786N00551400EA0228102293
B1454054514782N00551397EA0228102293
B1454064514778N00551393EA0227902291
B1454074514774N00551390EA0227802290
B1454084514770N00551386EA0227602288
B1454094514766N00551383EA0227502287
B1454104514762N00551380EA0227302285
B1454114514758N00551376EA0227202284
B1454124514754N00551373EA0227102283
B1454134514750N00551370EA0227002282
B1454144514746N00551366EA0226902281
B1454154514742N00551363EA0226702279
B1454164514738N00551360EA0226602278
B1454174514734N00551356EA0226402276
B1454184514730N00551353EA0226302275
B1454194514726N00551350EA0226202274
B1454204514722N00551347EA0226002272
B1454214514718N00551343EA0225902271
B1454224514714N00551340EA0225702269
B1454234514710N00551337EA0225602268
B1454244514706N00551333EA0225502267
B1454254514701N00551330EA0225402266
B1454264514697N00551327EA0225302265
B1454274514693N00551324EA0225102263
B1454284514689N00551320EA0225002262
B1454294514685N00551317EA0224802260
B1454304514681N00551314EA0224702259
B1454314514677N00551311EA0224502257
B1454324514673N00551307EA0224402256
B1454334514669N00551304EA0224302255
B1454344514665N00551301EA0224202254
B1454354514661N00551298EA0224102253
B1454364514657N00551295EA0223902251
B1454374514653N00551291EA0223802250
B1454384514649N00551288EA0223702249
B1454394514645N00551285EA0223602248
B1454404514641N00551282EA0223502247
B1454414514636N00551279EA0223302245
B1454424514632N00551276EA0223302245
B1454434514628N00551272EA0223102243
B1454444514624N00551269EA0223002242
B1454454514620N00551266EA0223002242
B1454464514616N00551263EA0222902241
B1454474514612N00551260EA0222702239
B1454484514608N00551257EA0222602238
B1454494514604N00551254EA0222502237
B1454504514600N00551250EA0222302235
B1454514514596N00551247EA0222202234
B1454524514591N00551244EA0222102233
B1454534514587N00551241EA0222002232
B1454544514583N00551238EA0221802230
B1454554514579N00551235EA0221702229
B1454564514575N00551232EA0221502227
B1454574514571N00551229EA0221402226
B1454584514567N00551226EA0221302225
B1454594514563N00551223EA0221202224
B1455004514559N00551220EA0221002222
B1455014514555N00551217EA0220902221
B1455024514550N00551214EA0220702219
B1455034514546N00551210EA0220602218
B1455044514542N00551207EA0220502217
B1455054514538N00551204EA0220402216
B1455064514534N00551201EA0220402216
B1455074514530N00551198EA0220102213
B1455084514526N00551195EA0220102213
B1455094514522N00551192EA0220002212
B1455104514517N00551189EA0219902211
B1455114514513N00551187EA0219802210
B1455124514509N00551184EA0219702209
B1455134514505N00551181EA0219602208
B1455144514501N00551178EA0219502207
B1455154514497N00551175EA0219302205
B1455164514493N00551172EA0219202204
B1455174514489N00551169EA0219102203
B1455184514484N00551166EA0219002202
B1455194514480N00551163EA0218802200
B1455204514476N00551160EA0218702199
B1455214514472N00551157EA0218502197
B1455224514468N00551154EA0218502197
B1455234514464N00551151EA0218302195
B1455244514460N00551149EA0218102193
B1455254514455N00551146EA0218002192
B1455264514451N00551143EA0218002192
B1455274514447N00551140EA0217902191
B1455284514443N00551137EA0217802190
B1455294514439N00551134EA0217702189
B1455304514435N00551131EA0217602188
B1455314514430N00551129EA0217502187
B1455324514426N00551126EA0217302185
B1455334514422N00551123EA0217202184
B1455344514418N00551120EA0217102183
B1455354514414N00551117EA0217102183
B1455364514410N00551115EA0216902181
B1455374514405N00551112EA0216702179
B1455384514401N00551109EA0216602178
B1455394514397N00551106EA0216402176
B1455404514393N00551104EA0216302175
B1455414514389N00551101EA0216302175
B1455424514385N00551098EA0216202174
B1455434514380N00551095EA0216102173
B1455444514376N00551093EA0216002172
B1455454514372N00551090EA0215902171
B1455464514368N00551087EA0215802170
B1455474514364N00551085EA0215702169
B1455484514359N00551082EA0215502167
B1455494514355N00551079EA0215402166
B1455504514351N00551077EA0215302165
B1455514514347N00551074EA0215202164
B1455524514343N00551071EA0215102163
B1455534514338N00551069EA0214902161
B1455544514334N00551066EA0214802160
B1455554514330N00551064EA0214702159
B1455564514326N00551061EA0214502157
B1455574514322N00551058EA0214402156
B1455584514317N00551056EA0214202154
B1455594514313N00551053EA0214102153
B1456004514309N00551051EA0214002152
B1456014514305N00551048EA0213902151
B1456024514301N00551046EA0213702149
B1456034514296N00551043EA0213602148
B1456044514292N00551041EA0213502147
B1456054514288N00551038EA0213402146
B1456064514284N00551036EA0213302145
B1456074514279N00551033EA0213202144
B1456084514275N00551031EA0213102143
B1456094514271N00551028EA0213002142
B1456104514267N00551026EA0213002142
B1456114514262N00551023EA0212802140
B1456124514258N00551021EA0212702139
B1456134514254N00551018EA0212602138
B1456144514250N00551016EA0212502137
B1456154514245N00551014EA0212402136
B1456164514241N00551011EA0212302135
B1456174514237N00551009EA0212202134
B1456184514233N00551007EA0212002132
B1456194514228N00551004EA0212002132
B1456204514224N00551002EA0211902131
B1456214514220N00551000EA0211802130
B1456224514216N00550997EA0211602128
B1456234514211N00550995EA0211502127
B1456244514207N00550993EA0211402126
B1456254514203N00550990EA0211302125
B1456264514199N00550988EA0211102123
B1456274514194N00550986EA0211002122
B1456284514190N00550984EA0210802120
B1456294514186N00550981EA0210702119
B1456304514182N00550979EA0210602118
B1456314514177N00550977EA0210502117
B1456324514173N00550975EA0210402116
B1456334514169N00550973EA0210302115
B1456344514164N00550971EA0210202114
B1456354514160N00550968EA0210002112
B1456364514156N00550966EA0209902111
B1456374514152N00550964EA0209802110
B1456384514147N00550962EA0209502107
B1456394514143N00550960EA0209502107
B1456404514139N00550958EA0209402106
B1456414514134N00550956EA0209202104
B1456424514130N00550954EA0209102103
B1456434514126N00550952EA0209002102
B1456444514121N00550950EA0208902101
B1456454514117N00550948EA0208802100
B1456464514113N00550946EA0208702099
B1456474514109N00550944EA0208502097
B1456484514104N00550942EA0208402096
B1456494514100N00550940EA0208302095
B1456504514096N00550938EA0208202094
B1456514514091N00550936EA0208102093
B1456524514087N00550935EA0208002092
B1456534514083N00550933EA0207902091
B1456544514078N00550931EA0207702089
B1456554514074N00550929EA0207602088
B1456564514070N00550927EA0207602088
B1456574514065N00550926EA0207502087
B1456584514061N00550924EA0207402086
B1456594514057N00550922EA0207202084
B1457004514052N00550920EA0207002082
B1457014514048N00550919EA0206902081
B1457024514044N00550917EA0206802080
B1457034514039N00550915EA0206602078
B1457044514035N00550914EA0206402076
B1457054514031N00550912EA0206402076
B1457064514026N00550911EA0206302075
B1457074514022N00550909EA0206202074
B1457084514017N00550908EA0206102073
B1457094514013N00550906EA0206002072
B1457104514009N00550905EA0205902071
B1457114514004N00550903EA0205702069
B1457124514000N00550902EA0205602068
B1457134513996N00550900EA0205502067
B1457144513991N00550899EA0205402066
B1457154513987N00550898EA0205302065
B1457164513983N00550896EA0205202064
B1457174513978N00550895EA0205002062
B1457184513974N00550894EA0205002062
B1457194513969N00550893EA0204802060
B1457204513965N00550891EA0204702059
B1457214513961N00550890EA0204602058
B1457224513956N00550889EA0204502057
B1457234513952N00550888EA0204402056
B1457244513947N00550887EA0204302055
B1457254513943N00550886EA0204202054
B1457264513939N00550885EA0204102053
B1457274513934N00550884EA0204002052
B1457284513930N00550883EA0203902051
B1457294513925N00550882EA0203702049
B1457304513921N00550882EA0203702049
B1457314513917N00550881EA0203602048
B1457324513912N00550880EA0203502047
B1457334513908N00550880EA0203402046
B1457344513903N00550879EA0203302045
B1457354513899N00550879EA0203202044
B1457364513896N00550877EA0202902041
B1457374513893N00550874EA0202602038
B1457384513890N00550870EA0202402036
B1457394513888N00550865EA0202202034
B1457404513887N00550860EA0201902031
B1457414513886N00550853EA0201602028
B1457424513886N00550847EA0201402026
B1457434513887N00550840EA0201102023
B1457444513889N00550834EA0200902021
B1457454513887N00550839EA0200802020
B1457464513884N00550842EA0200502017
B1457474513881N00550844EA0200202014
B1457484513878N00550845EA0199902011
B1457494513875N00550844EA0199702009
B1457504513872N00550843EA0199402006
B1457514513869N00550840EA0199202004
B1457524513866N00550836EA0199002002
B1457534513864N00550832EA0198802000
B1457544513862N00550826EA0198501997
B1457554513861N00550820EA0198301995
B1457564513862N00550813EA0198101993
B1457574513862N00550820EA0198001992
B1457584513862N00550826EA0197801990
B1457594513862N00550831EA0197501987
B1458004513860N00550835EA0197301985
B1458014513858N00550839EA0197101983
B1458024513855N00550841EA0196801980
B1458034513852N00550843EA0196601978
B1458044513849N00550843EA0196301975
B1458054513845N00550842EA0196001972
B1458064513842N00550840EA0195801970
B1458074513839N00550837EA0195601968
B1458084513837N00550832EA0195301965
B1458094513835N00550827EA0195001962
B1458104513839N00550833EA0194901961
B1458114513842N00550838EA0194701959
B1458124513844N00550843EA0194601958
B1458134513844N00550849EA0194401956
B1458144513845N00550854EA0194101953
B1458154513844N00550859EA0193901951
B1458164513842N00550864EA0193601948
B1458174513840N00550867EA0193301945
B1458184513837N00550870EA0193101943
B1458194513834N00550872EA0192801940
B1458204513831N00550872EA0192601938
B1458214513828N00550871EA0192401936
B1458224513825N00550869EA0192101933
B1458234513822N00550866EA0191901931
B1458244513819N00550862EA0191501927
B1458254513817N00550857EA0191301925
B1458264513823N00550859EA0191201924
B1458274513828N00550862EA0191001922
B1458284513832N00550865EA0190701919
B1458294513836N00550870EA0190501917
B1458304513838N00550875EA0190201914
B1458314513840N00550880EA0189901911
B1458324513841N00550886EA0189601908
B1458334513841N00550891EA0189301905
B1458344513841N00550896EA0189101903
B1458354513839N00550901EA0188801900
B1458364513837N00550905EA0188601898
B1458374513834N00550907EA0188301895
B1458384513831N00550909EA0188101893
B1458394513828N00550909EA0187801890
B1458404513825N00550909EA0187601888
B1458414513822N00550907EA0187401886
B1458424513819N00550904EA0187201884
B1458434513825N00550900EA0187001882
B1458444513830N00550899EA0186801880
B1458454513835N00550898EA0186501877
B1458464513840N00550899EA0186201874
B1458474513845N00550901EA0185901871
B1458484513850N00550904EA0185601868
B1458494513854N00550908EA0185401866
B1458504513857N00550912EA0185101863
B1458514513859N00550917EA0184901861
B1458524513861N00550923EA0184601858
B1458534513862N00550929EA0184401856
B1458544513862N00550934EA0184101853
B1458554513861N00550939EA0183801850
B1458564513859N00550943EA0183601848
B1458574513860N00550935EA0183501847
B1458584513862N00550928EA0183201844
B1458594513865N00550922EA0183001842
B1459004513869N00550917EA0182701839
B1459014513873N00550912EA0182401836
B1459024513877N00550908EA0182201834
B1459034513882N00550905EA0182001832
B1459044513888N00550904EA0181701829
B1459054513893N00550904EA0181501827
B1459064513898N00550904EA0181201824
B1459074513903N00550907EA0181001822
B1459084513899N00550903EA0180801820
B1459094513896N00550899EA0180501817
B1459104513894N00550894EA0180301815
B1459114513893N00550888EA0180101813
B1459124513893N00550882EA0179901811
B1459134513893N00550875EA0179701809
B1459144513894N00550869EA0179501807
B1459154513896N00550862EA0179301805
B1459164513899N00550856EA0179101803
B1459174513902N00550850EA0178901801
B1459184513899N00550853EA0178801800
B1459194513895N00550854EA0178501797
B1459204513892N00550854EA0178301795
B1459214513889N00550853EA0178001792
B1459224513886N00550850EA0177801790
B1459234513883N00550846EA0177501787
B1459244513881N00550841EA0177101783
B1459254513879N00550836EA0176801780
B1459264513879N00550830EA0176601778
B1459274513879N00550823EA0176301775
B1459284513877N00550830EA0176201774
B1459294513876N00550834EA0175901771
B1459304513874N00550838EA0175601768
B1459314513871N00550840EA0175301765
B1459324513868N00550842EA0175001762
B1459334513864N00550842EA0174801760
B1459344513861N00550841EA0174501757
B1459354513858N00550839EA0174301755
B1459364513855N00550835EA0174001752
B1459374513853N00550831EA0173801750
B1459384513851N00550826EA0173501747
B1459394513850N00550820EA0173301745
B1459404513852N00550827EA0173201744
B1459414513853N00550832EA0173001742
B1459424513853N00550838EA0172701739
B1459434513853N00550843EA0172401736
B1459444513852N00550848EA0172201734
B1459454513850N00550851EA0172001732
B1459464513847N00550854EA0171701729
B1459474513844N00550856EA0171401726
B1459484513841N00550857EA0171301725
B1459494513838N00550856EA0171001722
B1459504513834N00550855EA0170701719
B1459514513831N00550852EA0170501717
B1459524513829N00550848EA0170201714
B1459534513827N00550843EA0170001712
B1459544513825N00550837EA0169701709
B1459554513830N00550842EA0169701709
B1459564513834N00550846EA0169401706
B1459574513837N00550851EA0169201704
B1459584513839N00550856EA0169001702
B1459594513840N00550862EA0168801700
B1500004513841N00550867EA0168501697
B1500014513840N00550872EA0168201694
B1500024513839N00550877EA0168001692
B1500034513837N00550881EA0167701689
B1500044513834N00550884EA0167401686
B1500054513831N00550886EA0167101683
B1500064513828N00550887EA0166901681
B1500074513825N00550886EA0166601678
B1500084513822N00550885EA0166301675
B1500094513819N00550882EA0166001672
B1500104513816N00550878EA0165801670
B1500114513822N00550878EA0165701669
B1500124513828N00550879EA0165501667
B1500134513832N00550881EA0165201664
B1500144513837N00550884EA0165001662
B1500154513841N00550888EA0164701659
B1500164513844N00550892EA0164501657
B1500174513846N00550897EA0164301655
B1500184513848N00550903EA0164101653
B1500194513849N00550909EA0163801650
B1500204513849N00550914EA0163501647
B1500214513848N00550919EA0163301645
B1500224513846N00550923EA0163001642
B1500234513844N00550926EA0162801640
B1500244513841N00550929EA0162501637
B1500254513838N00550930EA0162301635
B1500264513835N00550930EA0162001632
B1500274513839N00550924EA0161801630
B1500284513843N00550919EA0161501627
B1500294513848N00550915EA0161301625
B1500304513853N00550912EA0161101623
B1500314513858N00550911EA0160901621
B1500324513863N00550911EA0160701619
B1500334513868N00550912EA0160401616
B1500344513873N00550914EA0160201614
B1500354513878N00550917EA0159901611
B1500364513881N00550921EA0159701609
B1500374513885N00550926EA0159401606
B1500384513887N00550931EA0159201604
B1500394513885N00550924EA0159201604
B1500404513884N00550918EA0158901601
B1500414513884N00550912EA0158701599
B1500424513885N00550905EA0158401596
B1500434513886N00550898EA0158101593
B1500444513889N00550892EA0157801590
B1500454513892N00550886EA0157601588
B1500464513896N00550881EA0157301585
B1500474513900N00550877EA0157101583
B1500484513905N00550874EA0156801580
B1500494513901N00550874EA0156601578
B1500504513898N00550873EA0156301575
B1500514513895N00550871EA0156201574
B1500524513892N00550867EA0155901571
B1500534513890N00550862EA0155701569
B1500544513888N00550857EA0155401566
B1500554513887N00550851EA0155101563
B1500564513887N00550845EA0154901561
B1500574513887N00550838EA0154601558
B1500584513889N00550831EA0154301555
B1500594513887N00550837EA0154201554
B1501004513884N00550840EA0154001552
B1501014513881N00550842EA0153701549
B1501024513878N00550843EA0153501547
B1501034513875N00550843EA0153201544
B1501044513872N00550842EA0153001542
B1501054513868N00550839EA0152801540
B1501064513866N00550835EA0152601538
B1501074513864N00550831EA0152401536
B1501084513862N00550825EA0152201534
B1501094513861N00550819EA0151901531
B1501104513861N00550813EA0151601528
B1501114513862N00550820EA0151501527
B1501124513862N00550825EA0151201524
B1501134513861N00550830EA0151001522
B1501144513860N00550834EA0150801520
B1501154513858N00550838EA0150501517
B1501164513855N00550841EA0150201514
B1501174513852N00550842EA0150001512
B1501184513848N00550843EA0149701509
B1501194513845N00550842EA0149501507
B1501204513842N00550840EA0149201504
B1501214513839N00550836EA0148801500
B1501224513837N00550832EA0148601498
B1501234513835N00550827EA0148401496
B1501244513839N00550833EA0148301495
B1501254513841N00550838EA0148001492
B1501264513843N00550843EA0147701489
B1501274513844N00550849EA0147401486
B1501284513844N00550854EA0147201484
B1501294513844N00550859EA0147001482
B1501304513842N00550864EA0146701479
B1501314513840N00550867EA0146401476
B1501324513837N00550870EA0146201474
B1501334513834N00550872EA0146001472
B1501344513831N00550872EA0145701469
B1501354513828N00550871EA0145401466
B1501364513825N00550869EA0145101463
B1501374513822N00550866EA0144901461
B1501384513819N00550862EA0144701459
B1501394513817N00550857EA0144401456
B1501404513823N00550859EA0144201454
B1501414513828N00550862EA0144001452
B1501424513832N00550865EA0143801450
B1501434513835N00550870EA0143601448
B1501444513838N00550875EA0143301445
B1501454513840N00550880EA0143101443
B1501464513841N00550886EA0142901441
B1501474513841N00550891EA0142601438
B1501484513841N00550896EA0142301435
B1501494513839N00550901EA0142101433
B1501504513837N00550905EA0141901431
B1501514513834N00550907EA0141601428
B1501524513831N00550909EA0141401426
B1501534513828N00550910EA0141201424
B1501544513825N00550909EA0140901421
B1501554513822N00550907EA0140601418
B1501564513819N00550904EA0140401416
B1501574513825N00550901EA0140301415
B1501584513830N00550899EA0140001412
B1501594513835N00550898EA0139801410
B1502004513840N00550899EA0139601408
B1502014513845N00550901EA0139301405
B1502024513850N00550904EA0139101403
B1502034513854N00550908EA0138901401
B1502044513857N00550912EA0138701399
B1502054513860N00550918EA0138401396
B1502064513861N00550923EA0138201394
B1502074513862N00550929EA0138001392
B1502084513862N00550934EA0137701389
B1502094513861N00550939EA0137401386
B1502104513860N00550943EA0137101383
B1502114513861N00550935EA0137001382
B1502124513862N00550929EA0136801380
B1502134513865N00550922EA0136501377
B1502144513869N00550917EA0136301375
B1502154513873N00550912EA0136001372
B1502164513877N00550908EA0135701369
B1502174513882N00550905EA0135401366
B1502184513888N00550904EA0135201364
B1502194513893N00550904EA0134901361
B1502204513898N00550904EA0134601358
B1502214513903N00550907EA0134401356
B1502224513899N00550903EA0134301355
B1502234513897N00550899EA0134001352
B1502244513895N00550894EA0133701349
B1502254513893N00550888EA0133501347
B1502264513893N00550882EA0133201344
B1502274513893N00550875EA0133001342
B1502284513894N00550869EA0132701339
B1502294513896N00550862EA0132501337
B1502304513899N00550856EA0132201334
B1502314513903N00550850EA0132001332
B1502324513899N00550853EA0131901331
B1502334513896N00550854EA0131601328
B1502344513892N00550854EA0131401326
B1502354513889N00550853EA0131101323
B1502364513886N00550850EA0130901321
B1502374513883N00550846EA0130701319
B1502384513881N00550841EA0130401316
B1502394513879N00550836EA0130201314
B1502404513879N00550830EA0129901311
B1502414513879N00550823EA0129701309
B1502424513877N00550830EA0129601308
B1502434513876N00550834EA0129401306
B1502444513874N00550838EA0129101303
B1502454513871N00550840EA0129001302
B1502464513868N00550842EA0128701299
B1502474513864N00550842EA0128501297
B1502484513861N00550841EA0128301295
B1502494513858N00550839EA0128101293
B1502504513855N00550835EA0127801290
B1502514513853N00550831EA0127701289
B1502524513851N00550826EA0127501287
B1502534513850N00550820EA0127201284
B1502544513852N00550827EA0127101283
B1502554513853N00550832EA0126801280
B1502564513854N00550838EA0126601278
B1502574513853N00550843EA0126301275
B1502584513852N00550847EA0126001272
B1502594513850N00550851EA0125801270
B1503004513847N00550854EA0125601268
B1503014513844N00550856EA0125401266
B1503024513841N00550857EA0125101263
B1503034513838N00550856EA0125001262
B1503044513834N00550855EA0124701259
B1503054513831N00550852EA0124501257
B1503064513829N00550848EA0124201254
B1503074513827N00550843EA0123901251
B1503084513825N00550837EA0123701249
B1503094513830N00550841EA0123501247
B1503104513834N00550846EA0123301245
B1503114513837N00550851EA0123001242
B1503124513839N00550856EA0122701239
B1503134513840N00550862EA0122401236
B1503144513841N00550867EA0122201234
B1503154513840N00550872EA0122101233
B1503164513839N00550877EA0121701229
B1503174513837N00550881EA0121401226
B1503184513834N00550884EA0121201224
B1503194513831N00550886EA0120901221
B1503204513828N00550887EA0120701219
B1503214513825N00550886EA0120401216
B1503224513822N00550885EA0120101213
B1503234513819N00550882EA0119801210
B1503244513816N00550878EA0119501207
B1503254513822N00550878EA0119401206
B1503264513827N00550878EA0119201204
B1503274513832N00550880EA0119001202
B1503284513837N00550883EA0118801200
B1503294513841N00550887EA0118601198
B1503304513844N00550892EA0118301195
B1503314513846N00550897EA0118101193
B1503324513848N00550903EA0117901191
B1503334513849N00550908EA0117701189
B1503344513849N00550914EA0117401186
B1503354513848N00550919EA0117201184
B1503364513846N00550923EA0116901181
B1503374513844N00550926EA0116601178
B1503384513841N00550929EA0116301175
B1503394513838N00550930EA0116101173
B1503404513834N00550930EA0115801170
B1503414513839N00550923EA0115701169
B1503424513843N00550919EA0115501167
B1503434513847N00550915EA0115201164
B1503444513852N00550912EA0115001162
B1503454513858N00550911EA0114701159
B1503464513863N00550911EA0114401156
B1503474513868N00550912EA0114201154
B1503484513873N00550914EA0113901151
B1503494513877N00550917EA0113701149
B1503504513881N00550921EA0113501147
B1503514513884N00550926EA0113201144
B1503524513887N00550931EA0112901141
B1503534513884N00550924EA0112701139
B1503544513884N00550918EA0112501137
B1503554513884N00550912EA0112201134
B1503564513884N00550905EA0112001132
B1503574513886N00550898EA0111701129
B1503584513889N00550892EA0111501127
B1503594513892N00550886EA0111201124
B1504004513896N00550881EA0110901121
B1504014513900N00550877EA0110701119
B1504024513905N00550874EA0110401116
B1504034513901N00550874EA0110201114
B1504044513898N00550873EA0110001112
B1504054513895N00550871EA0109701109
B1504064513892N00550867EA0109501107
B1504074513889N00550863EA0109301105
B1504084513888N00550857EA0108901101
B1504094513887N00550851EA0108601098
B1504104513887N00550845EA0108401096
B1504114513888N00550838EA0108201094
B1504124513889N00550831EA0108001092
B1504134513887N00550837EA0108001092
B1504144513884N00550840EA0107701089
B1504154513881N00550842EA0107401086
B1504164513878N00550843EA0107101083
B1504174513875N00550843EA0106801080
B1504184513872N00550842EA0106601078
B1504194513868N00550839EA0106301075
B1504204513866N00550835EA0106101073
B1504214513864N00550831EA0105901071
B1504224513862N00550825EA0105601068
B1504234513861N00550819EA0105301065
B1504244513861N00550813EA0105101063
B1504254513862N00550820EA0105001062
B1504264513862N00550825EA0104701059
B1504274513861N00550830EA0104401056
B1504284513860N00550834EA0104301055
B1504294513858N00550838EA0104001052
B1504304513855N00550841EA0103701049
B1504314513852N00550842EA0103501047
B1504324513848N00550843EA0103201044
B1504334513845N00550842EA0103001042
B1504344513842N00550840EA0102801040
B1504354513839N00550836EA0102501037
B1504364513837N00550832EA0102301035
B1504374513835N00550827EA0102001032
B1504384513839N00550833EA0101801030
B1504394513841N00550838EA0101601028
B1504404513843N00550843EA0101401026
B1504414513844N00550849EA0101201024
B1504424513844N00550854EA0101001022
B1504434513844N00550859EA0100801020
B1504444513842N00550864EA0100501017
B1504454513840N00550867EA0100201014
B1504464513837N00550870EA0099901011
B1504474513834N00550872EA0099701009
B1504484513831N00550872EA0099501007
B1504494513828N00550871EA0099301005
B1504504513824N00550869EA0099001002
B1504514513822N00550866EA0098700999
B1504524513819N00550862EA0098400996
B1504534513817N00550857EA0098200994
B1504544513823N00550859EA0098100993
B1504554513828N00550862EA0097800990
B1504564513832N00550865EA0097600988
B1504574513835N00550870EA0097400986
B1504584513838N00550875EA0097100983
B1504594513840N00550880EA0096900981
B1505004513841N00550886EA0096600978
B1505014513841N00550891EA0096400976
B1505024513840N00550896EA0096200974
B1505034513839N00550901EA0095900971
B1505044513837N00550905EA0095700969
B1505054513834N00550907EA0095400966
B1505064513831N00550909EA0095100963
B1505074513828N00550910EA0094900961
B1505084513825N00550909EA0094600958
B1505094513822N00550907EA0094400956
B1505104513819N00550904EA0094100953
B1505114513825N00550900EA0094000952
B1505124513830N00550899EA0093800950
B1505134513835N00550898EA0093500947
B1505144513840N00550899EA0093200944
B1505154513845N00550901EA0093000942
B1505164513850N00550904EA0092800940
B1505174513854N00550908EA0092500937
B1505184513857N00550912EA0092200934
B1505194513859N00550918EA0092000932
B1505204513861N00550923EA0091800930
B1505214513862N00550929EA0091500927
B1505224513862N00550934EA0091200924
B1505234513861N00550939EA0090900921
B1505244513859N00550943EA0090700919
B1505254513860N00550935EA0090500917
B1505264513862N00550928EA0090300915
B1505274513865N00550922EA0090100913
B1505284513869N00550917EA0089800910
B1505294513873N00550912EA0089500907
B1505304513877N00550908EA0089200904
B1505314513882N00550905EA0088900901
B1505324513888N00550904EA0088700899
B1505334513893N00550904EA0088300895
B1505344513898N00550905EA0088100893
B1505354513903N00550907EA0087900891
B1505364513899N00550903EA0087800890
B1505374513896N00550899EA0087600888
B1505384513894N00550894EA0087300885
B1505394513893N00550888EA0087000882
B1505404513893N00550882EA0086800880
B1505414513893N00550875EA0086600878
B1505424513894N00550869EA0086300875
B1505434513896N00550862EA0086000872
B1505444513899N00550856EA0085700869
B1505454513903N00550851EA0085500867
B1505464513899N00550853EA0085400866
B1505474513896N00550854EA0085200864
B1505484513892N00550854EA0084900861
B1505494513889N00550853EA0084700859
B1505504513886N00550850EA0084500857
B1505514513883N00550846EA0084300855
B1505524513881N00550841EA0084100853
B1505534513879N00550836EA0083800850
B1505544513879N00550830EA0083500847
B1505554513879N00550823EA0083200844
B1505564513877N00550830EA0083000842
B1505574513876N00550834EA0082700839
B1505584513874N00550838EA0082500837
B1505594513871N00550840EA0082300835
B1506004513868N00550842EA0082000832
B1506014513864N00550842EA0081700829
B1506024513861N00550841EA0081400826
B1506034513858N00550839EA0081100823
B1506044513855N00550835EA0080800820
B1506054513853N00550831EA0080500817
B1506064513851N00550826EA0080200814
B1506074513850N00550820EA0080000812
B1506084513852N00550827EA0079800810
B1506094513853N00550832EA0079500807
B1506104513854N00550838EA0079300805
B1506114513853N00550843EA0079000802
B1506124513852N00550847EA0078800800
B1506134513850N00550851EA0078600798
B1506144513847N00550854EA0078300795
B1506154513844N00550856EA0078000792
B1506164513841N00550857EA0077800790
B1506174513838N00550856EA0077600788
B1506184513834N00550855EA0077400786
B1506194513831N00550852EA0077200784
B1506204513829N00550848EA0077000782
B1506214513827N00550843EA0076700779
B1506224513825N00550837EA0076500777
B1506234513830N00550841EA0076400776
B1506244513834N00550846EA0076100773
B1506254513837N00550851EA0075800770
B1506264513839N00550856EA0075500767
B1506274513840N00550862EA0075300765
B1506284513841N00550867EA0075100763
B1506294513840N00550872EA0074900761
B1506304513839N00550877EA0074600758
B1506314513837N00550881EA0074300755
B1506324513834N00550884EA0074100753
B1506334513831N00550886EA0073900751
B1506344513828N00550887EA0073600748
B1506354513825N00550886EA0073300745
B1506364513822N00550885EA0073000742
B1506374513819N00550882EA0072800740
B1506384513816N00550878EA0072500737
B1506394513822N00550878EA0072400736
B1506404513827N00550878EA0072200734
B1506414513832N00550880EA0071900731
B1506424513837N00550883EA0071700729
B1506434513841N00550887EA0071500727
B1506444513844N00550892EA0071200724
B1506454513846N00550897EA0071000722
B1506464513848N00550903EA0070700719
B1506474513849N00550908EA0070400716
B1506484513848N00550914EA0070200714
B1506494513848N00550919EA0069800710
B1506504513846N00550923EA0069600708
B1506514513844N00550926EA0069300705
B1506524513841N00550929EA0069100703
B1506534513838N00550930EA0068900701
B1506544513834N00550930EA0068600698
B1506554513839N00550923EA0068500697
B1506564513843N00550919EA0068200694
B1506574513847N00550915EA0068000692
B1506584513852N00550912EA0067800690
B1506594513858N00550911EA0067500687
B1507004513863N00550911EA0067200684
B1507014513868N00550912EA0067000682
B1507024513873N00550914EA0066700679
B1507034513877N00550917EA0066400676
B1507044513881N00550921EA0066200674
B1507054513884N00550926EA0066000672
B1507064513887N00550931EA0065700669
B1507074513884N00550924EA0065500667
B1507084513884N00550918EA0065200664
B1507094513884N00550912EA0064900661
B1507104513884N00550905EA0064700659
B1507114513886N00550898EA0064500657
B1507124513889N00550892EA0064200654
B1507134513892N00550886EA0064000652
B1507144513896N00550881EA0063800650
B1507154513900N00550877EA0063600648
B1507164513905N00550874EA0063300645
B1507174513901N00550874EA0063300645
B1507184513898N00550873EA0063000642
B1507194513895N00550871EA0062800640
B1507204513892N00550867EA0062600638
B1507214513889N00550863EA0062300635
B1507224513888N00550857EA0062100633
B1507234513887N00550851EA0061900631
B1507244513887N00550845EA0061600628
B1507254513888N00550838EA0061400626
B1507264513889N00550831EA0061100623
B1507274513887N00550837EA0061000622
B1507284513884N00550840EA0060700619
B1507294513881N00550842EA0060400616
B1507304513878N00550843EA0060200614
B1507314513875N00550843EA0060000612
B1507324513872N00550842EA0059700609
B1507334513868N00550839EA0059500607
B1507344513866N00550835EA0059200604
B1507354513864N00550831EA0058900601
B1507364513862N00550825EA0058700599
B1507374513861N00550819EA0058600598
B1507384513861N00550813EA0058300595
B1507394513862N00550820EA0058200594
B1507404513862N00550825EA0058000592
B1507414513861N00550830EA0057800590
B1507424513860N00550834EA0057500587
B1507434513858N00550838EA0057200584
B1507444513855N00550841EA0056900581
B1507454513852N00550842EA0056700579
B1507464513848N00550843EA0056500577
B1507474513845N00550842EA0056100573
B1507484513842N00550840EA0055900571
B1507494513839N00550836EA0055600568
B1507504513837N00550832EA0055400566
B1507514513835N00550827EA0055100563
B1507524513839N00550833EA0054900561
B1507534513841N00550838EA0054700559
B1507544513843N00550843EA0054400556
B1507554513844N00550849EA0054200554
B1507564513844N00550854EA0054000552
B1507574513844N00550859EA0053700549
B1507584513842N00550864EA0053500547
B1507594513840N00550867EA0053300545
B1508004513837N00550870EA0053000542
B1508014513834N00550872EA0052800540
B1508024513831N00550872EA0052400536
B1508034513828N00550871EA0052100533
B1508044513824N00550869EA0052000532
B1508054513822N00550866EA0051800530
B1508064513819N00550862EA0051500527
B1508074513817N00550857EA0051200524
B1508084513823N00550859EA0051100523
B1508094513828N00550862EA0050900521
B1508104513832N00550865EA0050600518
B1508114513835N00550870EA0050300515
B1508124513838N00550875EA0050000512
B1508134513840N00550880EA0049800510
B1508144513841N00550886EA0049600508
B1508154513841N00550891EA0049400506
B1508164513840N00550896EA0049100503
B1508174513839N00550901EA0048900501
B1508184513837N00550905EA0048600498
B1508194513834N00550907EA0048400496
B1508204513831N00550909EA0048100493
B1508214513828N00550910EA0047800490
B1508224513825N00550909EA0047600488
B1508234513822N00550907EA0047300485
B1508244513819N00550904EA0047100483
B1508254513825N00550900EA0047000482
B1508264513830N00550899EA0046700479
B1508274513835N00550898EA0046500477
B1508284513840N00550899EA0046300475
B1508294513845N00550901EA0046000472
B1508304513850N00550904EA0045800470
B1508314513854N00550908EA0045600468
B1508324513857N00550912EA0045400466
B1508334513859N00550918EA0045100463
B1508344513861N00550923EA0044900461
B1508354513862N00550929EA0044700459
B1508364513862N00550934EA0044400456
B1508374513861N00550939EA0044100453
B1508384513859N00550943EA0043900451
B1508394513860N00550935EA0043800450
B1508404513862N00550928EA0043600448
B1508414513865N00550922EA0043300445
B1508424513869N00550917EA0043100443
B1508434513873N00550912EA0042800440
B1508444513877N00550908EA0042500437
B1508454513882N00550905EA0042300435
B1508464513888N00550904EA0042000432
B1508474513893N00550904EA0041700429
B1508484513898N00550905EA0041500427
B1508494513903N00550907EA0041200424
B1508504513899N00550903EA0041200424
B1508514513896N00550899EA0040900421
B1508524513894N00550894EA0040700419
B1508534513893N00550888EA0040400416
B1508544513893N00550882EA0040100413
B1508554513893N00550875EA0039900411
B1508564513894N00550869EA0039700409
B1508574513896N00550862EA0039400406
B1508584513899N00550856EA0039200404
B1508594513903N00550851EA0038900401
B1509004513899N00550853EA0038800400
B1509014513896N00550854EA0038500397
B1509024513892N00550854EA0038300395
B1509034513889N00550853EA0038100393
B1509044513886N00550850EA0037800390
B1509054513883N00550846EA0037600388
B1509064513881N00550841EA0037400386
B1509074513879N00550836EA0037100383
B1509084513879N00550830EA0036900381
B1509094513879N00550823EA0036600378
B1509104513877N00550830EA0036400376
B1509114513876N00550834EA0036200374
B1509124513874N00550838EA0035900371
B1509134513871N00550840EA0035700369
B1509144513868N00550842EA0035500367
B1509154513864N00550842EA0035200364
B1509164513861N00550841EA0035000362
B1509174513858N00550839EA0034800360
B1509184513855N00550835EA0034500357
B1509194513853N00550831EA0034300355
B1509204513851N00550826EA0034000352
B1509214513850N00550820EA0033800350
B1509224513852N00550827EA0033600348
B1509234513853N00550832EA0033300345
B1509244513854N00550838EA0033100343
B1509254513853N00550843EA0032800340
B1509264513852N00550847EA0032600338
B1509274513850N00550851EA0032400336
B1509284513847N00550854EA0032200334
B1509294513844N00550856EA0031900331
B1509304513841N00550857EA0031600328
B1509314513838N00550856EA0031400326
B1509324513834N00550855EA0031100323
B1509334513831N00550852EA0030800320
B1509344513829N00550848EA0030600318
B1509354513827N00550843EA0030300315
B1509364513825N00550837EA0030000312
B1509374513830N00550841EA0029800310
B1509384513834N00550846EA0029500307
B1509394513837N00550851EA0029300305
B1509404513839N00550856EA0029100303
B1509414513840N00550862EA0028900301
B1509424513841N00550867EA0028600298
B1509434513840N00550872EA0028400296
B1509444513839N00550877EA0028100293
B1509454513837N00550881EA0027900291
B1509464513834N00550884EA0027600288
B1509474513831N00550886EA0027400286
B1509484513828N00550887EA0027100283
B1509494513825N00550886EA0026900281
B1509504513822N00550885EA0026700279
B1509514513819N00550882EA0026400276
B1509524513816N00550878EA0026200274
B1509534513822N00550878EA0026100273
B1509544513827N00550878EA0025900271
B1509554513832N00550880EA0025600268
B1509564513837N00550883EA0025400266
B1509574513841N00550887EA0025200264
B1509584513844N00550892EA0025000262
B1509594513846N00550897EA0024700259
B1510004513848N00550903EA0024400256
B1510014513849N00550908EA0024100253
B1510024513848N00550914EA0023800250
B1510034513848N00550919EA0023500247
B1510044513846N00550923EA0023300245
B1510054513844N00550926EA0023000242
B1510064513841N00550929EA0022700239
B1510074513838N00550930EA0022500237
B1510084513834N00550930EA0022200234
B1510094513834N00550930EA0021800230
B1510104513834N00550930EA0021800230
B1510114513834N00550930EA0021800230
B1510124513834N00550930EA0021800230
B1510134513834N00550930EA0021800230
B1510144513834N00550930EA0021800230
B1510154513834N00550930EA0021800230
B1510164513834N00550930EA0021800230
B1510174513834N00550930EA0021800230
B1510184513834N00550930EA0021800230
B1510194513834N00550930EA0021800230
B1510204513834N00550930EA0021800230
B1510214513834N00550930EA0021800230
B1510224513834N00550930EA0021800230
B1510234513834N00550930EA0021800230
B1510244513834N00550930EA0021800230
B1510254513834N00550930EA0021800230
B1510264513834N00550930EA0021800230
B1510274513834N00550930EA0021800230
B1510284513834N00550930EA0021800230
