AXCT FlyLog example
HFDTEDATE:230626,01
HFPLTPILOTINCHARGE:Pilote Demo
HFGTYGLIDERTYPE:Voile EN-B
HFGIDGLIDERID:
B1100004515480N00539900EA0108801100
B1100014515480N00539900EA0108801100
B1100024515480N00539900EA0108801100
B1100034515480N00539900EA0108801100
B1100044515480N00539900EA0108801100
B1100054515480N00539900EA0108801100
B1100064515480N00539900EA0108801100
B1100074515480N00539900EA0108801100
B1100084515480N00539900EA0108801100
B1100094515480N00539900EA0108801100
B1100104515480N00539900EA0108801100
B1100114515480N00539900EA0108801100
B1100124515480N00539900EA0108801100
B1100134515480N00539900EA0108801100
B1100144515480N00539900EA0108801100
B1100154515480N00539900EA0108801100
B1100164515480N00539900EA0108801100
B1100174515480N00539900EA0108801100
B1100184515480N00539900EA0108801100
B1100194515480N00539900EA0108801100
B1100204515480N00539900EA0108801100
B1100214515480N00539900EA0108801100
B1100224515480N00539900EA0108801100
B1100234515480N00539900EA0108801100
B1100244515480N00539900EA0108701099
B1100254515480N00539900EA0108901101
B1100264515480N00539900EA0108801100
B1100274515480N00539900EA0108801100
B1100284515480N00539900EA0108801100
B1100294515480N00539900EA0108801100
B1100304515475N00539899EA0108701099
B1100314515470N00539899EA0108601098
B1100324515465N00539898EA0108601098
B1100334515460N00539897EA0108401096
B1100344515455N00539897EA0108301095
B1100354515450N00539896EA0108201094
B1100364515445N00539895EA0108001092
B1100374515440N00539894EA0108001092
B1100384515435N00539894EA0107901091
B1100394515430N00539893EA0107701089
B1100404515425N00539892EA0107701089
B1100414515420N00539891EA0107601088
B1100424515415N00539890EA0107501087
B1100434515410N00539890EA0107301085
B1100444515405N00539889EA0107201084
B1100454515400N00539889EA0107101083
B1100464515395N00539888EA0107101083
B1100474515390N00539887EA0106901081
B1100484515385N00539886EA0106901081
B1100494515380N00539886EA0106801080
B1100504515375N00539885EA0106601078
B1100514515370N00539885EA0106501077
B1100524515365N00539885EA0106401076
B1100534515360N00539885EA0106301075
B1100544515355N00539885EA0106201074
B1100554515350N00539885EA0106101073
B1100564515345N00539885EA0106001072
B1100574515340N00539885EA0105901071
B1100584515335N00539886EA0105901071
B1100594515330N00539886EA0105701069
B1101004515325N00539887EA0105601068
B1101014515320N00539887EA0105501067
B1101024515314N00539887EA0105301065
B1101034515309N00539887EA0105201064
B1101044515304N00539887EA0105201064
B1101054515299N00539887EA0105101063
B1101064515294N00539887EA0104901061
B1101074515289N00539887EA0104801060
B1101084515284N00539887EA0104701059
B1101094515279N00539886EA0104701059
B1101104515274N00539886EA0104601058
B1101114515269N00539886EA0104501057
B1101124515264N00539886EA0104401056
B1101134515259N00539886EA0104301055
B1101144515254N00539886EA0104201054
B1101154515249N00539886EA0104101053
B1101164515244N00539886EA0104001052
B1101174515239N00539886EA0103901051
B1101184515234N00539886EA0103701049
B1101194515229N00539886EA0103601048
B1101204515224N00539886EA0103401046
B1101214515219N00539886EA0103401046
B1101224515213N00539886EA0103301045
B1101234515208N00539886EA0103101043
B1101244515203N00539886EA0102901041
B1101254515198N00539886EA0102801040
B1101264515193N00539886EA0102801040
B1101274515188N00539886EA0102701039
B1101284515183N00539886EA0102601038
B1101294515178N00539886EA0102501037
B1101304515173N00539887EA0102401036
B1101314515168N00539887EA0102301035
B1101324515164N00539885EA0102601038
B1101334515160N00539881EA0102801040
B1101344515158N00539876EA0103001042
B1101354515156N00539870EA0103201044
B1101364515156N00539864EA0103501047
B1101374515158N00539858EA0103801050
B1101384515161N00539852EA0104001052
B1101394515165N00539848EA0104301055
B1101404515170N00539846EA0104701059
B1101414515175N00539846EA0105001062
B1101424515180N00539848EA0105101063
B1101434515185N00539851EA0105301065
B1101444515188N00539857EA0105601068
B1101454515191N00539863EA0105901071
B1101464515192N00539870EA0106201074
B1101474515192N00539878EA0106501077
B1101484515190N00539885EA0106901081
B1101494515187N00539890EA0107201084
B1101504515184N00539894EA0107601088
B1101514515179N00539896EA0107901091
B1101524515175N00539897EA0108001092
B1101534515170N00539895EA0108301095
B1101544515167N00539891EA0108501097
B1101554515164N00539886EA0108801100
B1101564515163N00539880EA0109001102
B1101574515163N00539873EA0109201104
B1101584515165N00539867EA0109501107
B1101594515168N00539862EA0109701109
B1102004515172N00539858EA0109901111
B1102014515177N00539856EA0110201114
B1102024515182N00539856EA0110401116
B1102034515187N00539858EA0110701119
B1102044515192N00539861EA0111001122
B1102054515195N00539867EA0111301125
B1102064515198N00539873EA0111601128
B1102074515199N00539881EA0111901131
B1102084515199N00539888EA0112101133
B1102094515197N00539895EA0112401136
B1102104515194N00539900EA0112701139
B1102114515190N00539904EA0113001142
B1102124515186N00539906EA0113201144
B1102134515181N00539906EA0113401146
B1102144515177N00539904EA0113601148
B1102154515174N00539901EA0113901151
B1102164515171N00539895EA0114101153
B1102174515170N00539889EA0114301155
B1102184515170N00539883EA0114601158
B1102194515172N00539877EA0114801160
B1102204515175N00539871EA0115001162
B1102214515179N00539868EA0115301165
B1102224515184N00539866EA0115401166
B1102234515189N00539865EA0115901171
B1102244515194N00539867EA0116201174
B1102254515199N00539871EA0116401176
B1102264515203N00539877EA0116701179
B1102274515205N00539884EA0117101183
B1102284515206N00539891EA0117501187
B1102294515206N00539898EA0117701189
B1102304515204N00539905EA0117901191
B1102314515201N00539910EA0118201194
B1102324515197N00539914EA0118501197
B1102334515193N00539916EA0118701199
B1102344515188N00539916EA0119001202
B1102354515184N00539914EA0119201204
B1102364515180N00539910EA0119501207
B1102374515178N00539905EA0119701209
B1102384515177N00539899EA0119801210
B1102394515177N00539892EA0120101213
B1102404515179N00539886EA0120301215
B1102414515182N00539881EA0120601218
B1102424515186N00539877EA0120901221
B1102434515191N00539875EA0121201224
B1102444515197N00539875EA0121401226
B1102454515202N00539877EA0121701229
B1102464515206N00539881EA0121901231
B1102474515210N00539887EA0122001232
B1102484515212N00539894EA0122301235
B1102494515213N00539901EA0122601238
B1102504515212N00539908EA0123001242
B1102514515211N00539915EA0123301245
B1102524515208N00539920EA0123501247
B1102534515204N00539924EA0123801250
B1102544515199N00539926EA0124101253
B1102554515195N00539926EA0124501257
B1102564515191N00539924EA0124801260
B1102574515187N00539920EA0125201264
B1102584515185N00539914EA0125501267
B1102594515184N00539908EA0125601268
B1103004515184N00539902EA0125901271
B1103014515186N00539896EA0126201274
B1103024515189N00539891EA0126601278
B1103034515194N00539887EA0126801280
B1103044515199N00539885EA0127001282
B1103054515204N00539885EA0127301285
B1103064515209N00539887EA0127601288
B1103074515213N00539892EA0127901291
B1103084515217N00539897EA0128201294
B1103094515219N00539904EA0128501297
B1103104515220N00539911EA0128701299
B1103114515219N00539919EA0129101303
B1103124515217N00539925EA0129301305
B1103134515214N00539930EA0129601308
B1103144515210N00539934EA0129801310
B1103154515206N00539936EA0130101313
B1103164515201N00539935EA0130401316
B1103174515197N00539933EA0130701319
B1103184515194N00539929EA0131001322
B1103194515192N00539924EA0131201324
B1103204515191N00539918EA0131401326
B1103214515191N00539911EA0131601328
B1103224515193N00539905EA0131901331
B1103234515197N00539900EA0132201334
B1103244515201N00539896EA0132501337
B1103254515206N00539895EA0132801340
B1103264515211N00539895EA0133101343
B1103274515216N00539897EA0133301345
B1103284515220N00539902EA0133601348
B1103294515224N00539907EA0134001352
B1103304515226N00539914EA0134301355
B1103314515227N00539921EA0134601358
B1103324515226N00539929EA0134901361
B1103334515224N00539935EA0135101363
B1103344515221N00539940EA0135501367
B1103354515217N00539944EA0135701369
B1103364515213N00539946EA0136101373
B1103374515208N00539945EA0136401376
B1103384515204N00539943EA0136601378
B1103394515201N00539939EA0137101383
B1103404515199N00539933EA0137501387
B1103414515198N00539927EA0137701389
B1103424515198N00539921EA0138001392
B1103434515200N00539915EA0138401396
B1103444515204N00539910EA0138601398
B1103454515208N00539906EA0138801400
B1103464515213N00539905EA0139201404
B1103474515218N00539905EA0139401406
B1103484515223N00539907EA0139601408
B1103494515227N00539912EA0139901411
B1103504515231N00539917EA0140101413
B1103514515233N00539924EA0140301415
B1103524515234N00539932EA0140601418
B1103534515233N00539939EA0140801420
B1103544515231N00539945EA0141101423
B1103554515228N00539950EA0141301425
B1103564515224N00539954EA0141501427
B1103574515219N00539955EA0141801430
B1103584515215N00539955EA0142101433
B1103594515211N00539952EA0142501437
B1104004515207N00539948EA0142801440
B1104014515205N00539943EA0143001442
B1104024515205N00539936EA0143301445
B1104034515205N00539930EA0143501447
B1104044515207N00539924EA0143801450
B1104054515211N00539919EA0144101453
B1104064515215N00539916EA0144401456
B1104074515220N00539914EA0144601458
B1104084515225N00539915EA0145101463
B1104094515230N00539917EA0145301465
B1104104515235N00539922EA0145601468
B1104114515238N00539928EA0145901471
B1104124515240N00539935EA0146201474
B1104134515241N00539942EA0146501477
B1104144515240N00539949EA0146901481
B1104154515238N00539955EA0147201484
B1104164515234N00539961EA0147501487
B1104174515230N00539964EA0147801490
B1104184515226N00539965EA0148101493
B1104194515221N00539965EA0148301495
B1104204515217N00539962EA0148701499
B1104214515214N00539958EA0148901501
B1104224515212N00539952EA0149101503
B1104234515212N00539946EA0149501507
B1104244515212N00539939EA0149801510
B1104254515215N00539934EA0150101513
B1104264515218N00539929EA0150301515
B1104274515222N00539925EA0150601518
B1104284515227N00539924EA0150801520
B1104294515233N00539925EA0151001522
B1104304515237N00539927EA0151401526
B1104314515242N00539932EA0151701529
B1104324515245N00539938EA0151901531
B1104334515247N00539945EA0152201534
B1104344515248N00539952EA0152401536
B1104354515247N00539959EA0152701539
B1104364515244N00539966EA0153101543
B1104374515241N00539971EA0153401546
B1104384515237N00539974EA0153701549
B1104394515232N00539975EA0153901551
B1104404515228N00539974EA0154001552
B1104414515224N00539972EA0154301555
B1104424515221N00539967EA0154601558
B1104434515219N00539962EA0154801560
B1104444515218N00539955EA0155101563
B1104454515219N00539949EA0155301565
B1104464515222N00539943EA0155401566
B1104474515225N00539938EA0155701569
B1104484515230N00539935EA0155801570
B1104494515235N00539934EA0156001572
B1104504515240N00539935EA0156301575
B1104514515245N00539937EA0156701579
B1104524515249N00539942EA0156901581
B1104534515252N00539948EA0157201584
B1104544515254N00539955EA0157401586
B1104554515254N00539962EA0157701589
B1104564515253N00539969EA0157901591
B1104574515251N00539976EA0158201594
B1104584515248N00539981EA0158501597
B1104594515244N00539984EA0158801600
B1105004515239N00539985EA0159101603
B1105014515235N00539984EA0159301605
B1105024515231N00539981EA0159501607
B1105034515228N00539977EA0159901611
B1105044515226N00539971EA0160301615
B1105054515225N00539965EA0160501617
B1105064515226N00539958EA0160901621
B1105074515229N00539953EA0161201624
B1105084515232N00539948EA0161601628
B1105094515237N00539945EA0162001632
B1105104515242N00539944EA0162301635
B1105114515247N00539944EA0162501637
B1105124515252N00539947EA0162801640
B1105134515256N00539952EA0163201644
B1105144515259N00539958EA0163401646
B1105154515261N00539965EA0163701649
B1105164515261N00539973EA0163901651
B1105174515260N00539980EA0164301655
B1105184515258N00539986EA0164601658
B1105194515254N00539991EA0164901661
B1105204515250N00539994EA0165301665
B1105214515246N00539995EA0165601668
B1105224515241N00539994EA0165801670
B1105234515238N00539991EA0166301675
B1105244515235N00539986EA0166501677
B1105254515233N00539980EA0166801680
B1105264515232N00539974EA0167001682
B1105274515233N00539968EA0167401686
B1105284515236N00539962EA0167701689
B1105294515239N00539957EA0168001692
B1105304515244N00539954EA0168401696
B1105314515249N00539953EA0168601698
B1105324515254N00539954EA0168901701
B1105334515259N00539957EA0169101703
B1105344515263N00539962EA0169401706
B1105354515268N00539967EA0169301705
B1105364515272N00539973EA0169301705
B1105374515277N00539978EA0169201704
B1105384515281N00539984EA0169101703
B1105394515285N00539989EA0168901701
B1105404515289N00539995EA0168801700
B1105414515294N00540001EA0168701699
B1105424515298N00540007EA0168601698
B1105434515302N00540013EA0168401696
B1105444515306N00540018EA0168301695
B1105454515310N00540024EA0168201694
B1105464515315N00540030EA0168101693
B1105474515319N00540036EA0167901691
B1105484515323N00540041EA0167901691
B1105494515327N00540047EA0167701689
B1105504515332N00540053EA0167601688
B1105514515336N00540058EA0167601688
B1105524515340N00540064EA0167501687
B1105534515345N00540070EA0167301685
B1105544515349N00540075EA0167101683
B1105554515353N00540081EA0167001682
B1105564515357N00540087EA0166801680
B1105574515362N00540092EA0166801680
B1105584515366N00540098EA0166601678
B1105594515370N00540104EA0166501677
B1106004515375N00540109EA0166401676
B1106014515379N00540115EA0166301675
B1106024515383N00540120EA0166101673
B1106034515388N00540126EA0166001672
B1106044515392N00540131EA0165901671
B1106054515397N00540137EA0165801670
B1106064515401N00540142EA0165601668
B1106074515405N00540148EA0165501667
B1106084515410N00540153EA0165401666
B1106094515414N00540159EA0165301665
B1106104515419N00540164EA0165201664
B1106114515423N00540170EA0165101663
B1106124515427N00540176EA0165001662
B1106134515431N00540182EA0164901661
B1106144515435N00540187EA0164901661
B1106154515440N00540193EA0164701659
B1106164515444N00540199EA0164501657
B1106174515448N00540205EA0164401656
B1106184515452N00540211EA0164201654
B1106194515456N00540216EA0164201654
B1106204515461N00540222EA0164001652
B1106214515465N00540228EA0163901651
B1106224515469N00540234EA0163801650
B1106234515473N00540240EA0163701649
B1106244515477N00540246EA0163501647
B1106254515481N00540252EA0163401646
B1106264515485N00540258EA0163201644
B1106274515489N00540264EA0163101643
B1106284515493N00540271EA0163101643
B1106294515497N00540277EA0163001642
B1106304515501N00540283EA0163001642
B1106314515504N00540289EA0162901641
B1106324515508N00540295EA0162801640
B1106334515512N00540302EA0162701639
B1106344515516N00540308EA0162601638
B1106354515520N00540314EA0162601638
B1106364515523N00540321EA0162401636
B1106374515527N00540327EA0162201634
B1106384515531N00540334EA0162101633
B1106394515535N00540340EA0162001632
B1106404515539N00540346EA0161901631
B1106414515543N00540352EA0161801630
B1106424515547N00540358EA0161701629
B1106434515551N00540364EA0161601628
B1106444515555N00540370EA0161401626
B1106454515559N00540376EA0161301625
B1106464515563N00540382EA0161201624
B1106474515567N00540388EA0161001622
B1106484515571N00540394EA0160901621
B1106494515575N00540400EA0160801620
B1106504515579N00540406EA0160601618
B1106514515583N00540412EA0160501617
B1106524515587N00540418EA0160301615
B1106534515591N00540424EA0160301615
B1106544515595N00540431EA0160201614
B1106554515599N00540437EA0160101613
B1106564515603N00540443EA0160001612
B1106574515607N00540449EA0159901611
B1106584515611N00540455EA0159801610
B1106594515615N00540461EA0159701609
B1107004515619N00540467EA0159501607
B1107014515623N00540473EA0159401606
B1107024515627N00540480EA0159301605
B1107034515631N00540486EA0159101603
B1107044515635N00540492EA0159001602
B1107054515638N00540498EA0158901601
B1107064515642N00540504EA0158801600
B1107074515646N00540510EA0158601598
B1107084515650N00540517EA0158401596
B1107094515654N00540522EA0158301595
B1107104515659N00540528EA0158301595
B1107114515663N00540534EA0158201594
B1107124515667N00540540EA0158101593
B1107134515671N00540546EA0158001592
B1107144515675N00540551EA0157801590
B1107154515680N00540557EA0157701589
B1107164515684N00540562EA0157601588
B1107174515689N00540568EA0157501587
B1107184515693N00540573EA0157401586
B1107194515698N00540579EA0157301585
B1107204515702N00540584EA0157201584
B1107214515706N00540590EA0157101583
B1107224515710N00540596EA0157101583
B1107234515715N00540601EA0157001582
B1107244515719N00540607EA0156901581
B1107254515723N00540613EA0156801580
B1107264515728N00540618EA0156701579
B1107274515732N00540624EA0156601578
B1107284515736N00540630EA0156501577
B1107294515740N00540635EA0156401576
B1107304515745N00540641EA0156201574
B1107314515749N00540647EA0156101573
B1107324515753N00540652EA0155901571
B1107334515758N00540658EA0155901571
B1107344515762N00540664EA0155701569
B1107354515766N00540669EA0155601568
B1107364515771N00540675EA0155501567
B1107374515775N00540680EA0155401566
B1107384515780N00540685EA0155301565
B1107394515784N00540691EA0155201564
B1107404515788N00540697EA0155101563
B1107414515792N00540703EA0155001562
B1107424515796N00540708EA0154901561
B1107434515801N00540714EA0154801560
B1107444515805N00540720EA0154601558
B1107454515809N00540727EA0154601558
B1107464515813N00540732EA0154401556
B1107474515817N00540738EA0154301555
B1107484515821N00540744EA0154101553
B1107494515825N00540750EA0153901551
B1107504515830N00540755EA0153701549
B1107514515834N00540761EA0153601548
B1107524515838N00540766EA0153501547
B1107534515843N00540772EA0153501547
B1107544515847N00540778EA0153301545
B1107554515851N00540784EA0153301545
B1107564515855N00540790EA0153201544
B1107574515859N00540796EA0153201544
B1107584515863N00540801EA0153101543
B1107594515868N00540807EA0153101543
B1108004515872N00540813EA0153001542
B1108014515876N00540819EA0152901541
B1108024515880N00540824EA0152801540
B1108034515885N00540830EA0152701539
B1108044515889N00540836EA0152601538
B1108054515893N00540842EA0152501537
B1108064515897N00540848EA0152401536
B1108074515901N00540854EA0152201534
B1108084515905N00540860EA0152101533
B1108094515909N00540866EA0152001532
B1108104515913N00540872EA0151901531
B1108114515917N00540878EA0151801530
B1108124515921N00540884EA0151601528
B1108134515925N00540890EA0151601528
B1108144515929N00540896EA0151501527
B1108154515933N00540902EA0151401526
B1108164515937N00540908EA0151401526
B1108174515941N00540914EA0151201524
B1108184515945N00540921EA0151101523
B1108194515949N00540927EA0151001522
B1108204515953N00540933EA0150901521
B1108214515957N00540939EA0150801520
B1108224515961N00540945EA0150701519
B1108234515965N00540952EA0150601518
B1108244515968N00540958EA0150501517
B1108254515972N00540964EA0150301515
B1108264515976N00540971EA0150201514
B1108274515980N00540977EA0150101513
B1108284515983N00540983EA0150001512
B1108294515987N00540990EA0150001512
B1108304515991N00540997EA0149901511
B1108314515994N00541003EA0149701509
B1108324515998N00541010EA0149701509
B1108334516002N00541016EA0149601508
B1108344516005N00541022EA0149601508
B1108354516009N00541029EA0149401506
B1108364516013N00541035EA0149401506
B1108374516017N00541041EA0149301505
B1108384516021N00541048EA0149301505
B1108394516025N00541054EA0149201504
B1108404516028N00541060EA0149101503
B1108414516032N00541067EA0149101503
B1108424516036N00541073EA0149001502
B1108434516040N00541079EA0148901501
B1108444516044N00541085EA0148801500
B1108454516048N00541091EA0148701499
B1108464516052N00541097EA0148501497
B1108474516056N00541103EA0148401496
B1108484516060N00541109EA0148301495
B1108494516064N00541115EA0148201494
B1108504516069N00541121EA0148001492
B1108514516072N00541127EA0148001492
B1108524516076N00541133EA0147901491
B1108534516080N00541139EA0147801490
B1108544516084N00541145EA0147701489
B1108554516088N00541151EA0147501487
B1108564516092N00541157EA0147401486
B1108574516097N00541163EA0147201484
B1108584516101N00541169EA0147101483
B1108594516105N00541175EA0147001482
B1109004516109N00541181EA0146901481
B1109014516113N00541187EA0146801480
B1109024516117N00541192EA0146801480
B1109034516121N00541198EA0146601478
B1109044516126N00541204EA0146601478
B1109054516130N00541210EA0146501477
B1109064516134N00541216EA0146401476
B1109074516138N00541222EA0146301475
B1109084516142N00541228EA0146301475
B1109094516146N00541234EA0146101473
B1109104516150N00541240EA0146001472
B1109114516154N00541246EA0145801470
B1109124516158N00541252EA0145701469
B1109134516162N00541258EA0145701469
B1109144516166N00541264EA0145601468
B1109154516170N00541270EA0145401466
B1109164516175N00541276EA0145301465
B1109174516179N00541282EA0145101463
B1109184516183N00541288EA0145101463
B1109194516187N00541294EA0145001462
B1109204516191N00541300EA0144901461
B1109214516195N00541306EA0144701459
B1109224516199N00541312EA0144601458
B1109234516203N00541318EA0144501457
B1109244516207N00541324EA0144301455
B1109254516211N00541329EA0144301455
B1109264516216N00541335EA0144101453
B1109274516220N00541341EA0144001452
B1109284516224N00541346EA0143901451
B1109294516229N00541352EA0143801450
B1109304516233N00541357EA0143701449
B1109314516237N00541363EA0143501447
B1109324516242N00541368EA0143501447
B1109334516246N00541374EA0143401446
B1109344516251N00541379EA0143301445
B1109354516255N00541385EA0143201444
B1109364516259N00541391EA0143101443
B1109374516263N00541397EA0143001442
B1109384516267N00541402EA0142901441
B1109394516272N00541408EA0142801440
B1109404516274N00541415EA0142901441
B1109414516275N00541422EA0142901441
B1109424516275N00541429EA0143001442
B1109434516274N00541436EA0143201444
B1109444516271N00541442EA0143301445
B1109454516267N00541446EA0143301445
B1109464516263N00541448EA0143501447
B1109474516258N00541448EA0143601448
B1109484516254N00541447EA0143701449
B1109494516250N00541443EA0143801450
B1109504516248N00541438EA0144001452
B1109514516247N00541432EA0144001452
B1109524516247N00541425EA0144101453
B1109534516248N00541419EA0144201454
B1109544516251N00541414EA0144401456
B1109554516255N00541410EA0144501457
B1109564516260N00541408EA0144601458
B1109574516265N00541407EA0144701459
B1109584516270N00541409EA0144801460
B1109594516275N00541413EA0144901461
B1110004516279N00541418EA0144901461
B1110014516281N00541425EA0145101463
B1110024516282N00541432EA0145101463
B1110034516282N00541440EA0145201464
B1110044516280N00541446EA0145401466
B1110054516277N00541452EA0145501467
B1110064516274N00541456EA0145501467
B1110074516269N00541458EA0145701469
B1110084516265N00541458EA0145801470
B1110094516261N00541456EA0145901471
B1110104516257N00541452EA0145901471
B1110114516255N00541447EA0146001472
B1110124516253N00541441EA0146001472
B1110134516254N00541435EA0146001472
B1110144516255N00541429EA0146101473
B1110154516258N00541423EA0146101473
B1110164516262N00541420EA0146301475
B1110174516267N00541417EA0146401476
B1110184516272N00541417EA0146501477
B1110194516278N00541419EA0146701479
B1110204516282N00541423EA0146901481
B1110214516286N00541429EA0147001482
B1110224516288N00541435EA0147101483
B1110234516289N00541443EA0147401486
B1110244516289N00541450EA0147501487
B1110254516287N00541456EA0147601488
B1110264516284N00541462EA0147601488
B1110274516280N00541466EA0147601488
B1110284516276N00541468EA0147801490
B1110294516271N00541468EA0147901491
B1110304516267N00541466EA0148001492
B1110314516264N00541462EA0148101493
B1110324516261N00541457EA0148201494
B1110334516260N00541451EA0148301495
B1110344516261N00541444EA0148401496
B1110354516262N00541438EA0148501497
B1110364516266N00541433EA0148801500
B1110374516270N00541429EA0148901501
B1110384516275N00541427EA0149101503
B1110394516280N00541427EA0149301505
B1110404516285N00541429EA0149501507
B1110414516289N00541433EA0149701509
B1110424516293N00541439EA0149801510
B1110434516295N00541445EA0149901511
B1110444516296N00541453EA0150001512
B1110454516296N00541460EA0150101513
B1110464516294N00541467EA0150401516
B1110474516291N00541472EA0150501517
B1110484516287N00541476EA0150601518
B1110494516283N00541478EA0150701519
B1110504516278N00541478EA0150701519
B1110514516274N00541475EA0150701519
B1110524516271N00541472EA0150901521
B1110534516268N00541466EA0151001522
B1110544516267N00541460EA0151101523
B1110554516268N00541454EA0151101523
B1110564516269N00541448EA0151201524
B1110574516273N00541442EA0151301525
B1110584516277N00541439EA0151501527
B1110594516282N00541437EA0151701529
B1111004516287N00541437EA0151801530
B1111014516292N00541439EA0151901531
B1111024516296N00541443EA0152101533
B1111034516300N00541449EA0152201534
B1111044516302N00541456EA0152401536
B1111054516303N00541463EA0152601538
B1111064516303N00541470EA0152501537
B1111074516301N00541477EA0152701539
B1111084516298N00541482EA0152701539
B1111094516294N00541486EA0152801540
B1111104516289N00541488EA0152901541
B1111114516285N00541487EA0153001542
B1111124516281N00541485EA0153101543
B1111134516277N00541481EA0153001542
B1111144516275N00541476EA0153101543
B1111154516274N00541470EA0153201544
B1111164516275N00541463EA0153201544
B1111174516277N00541457EA0153201544
B1111184516280N00541452EA0153301545
B1111194516284N00541448EA0153501547
B1111204516289N00541447EA0153601548
B1111214516294N00541447EA0153701549
B1111224516299N00541449EA0153901551
B1111234516304N00541453EA0153901551
B1111244516307N00541459EA0154001552
B1111254516309N00541466EA0154201554
B1111264516310N00541473EA0154301555
B1111274516309N00541480EA0154501557
B1111284516307N00541487EA0154701559
B1111294516304N00541492EA0154701559
B1111304516300N00541496EA0154801560
B1111314516296N00541497EA0154901561
B1111324516291N00541497EA0154901561
B1111334516287N00541495EA0154901561
B1111344516284N00541491EA0155001562
B1111354516282N00541485EA0155201564
B1111364516281N00541479EA0155301565
B1111374516282N00541473EA0155401566
B1111384516284N00541467EA0155501567
B1111394516287N00541462EA0155701569
B1111404516291N00541458EA0155801570
B1111414516296N00541456EA0155901571
B1111424516301N00541457EA0155901571
B1111434516306N00541459EA0156101573
B1111444516311N00541463EA0156201574
B1111454516314N00541469EA0156301575
B1111464516316N00541476EA0156401576
B1111474516317N00541483EA0156601578
B1111484516316N00541491EA0156601578
B1111494516314N00541497EA0156701579
B1111504516311N00541502EA0156801580
B1111514516307N00541506EA0156801580
B1111524516303N00541507EA0157001582
B1111534516298N00541507EA0157201584
B1111544516294N00541504EA0157301585
B1111554516291N00541500EA0157401586
B1111564516289N00541495EA0157501587
B1111574516288N00541488EA0157701589
B1111584516289N00541482EA0157801590
B1111594516291N00541476EA0157901591
B1112004516294N00541471EA0158001592
B1112014516298N00541468EA0158001592
B1112024516303N00541466EA0158101593
B1112034516308N00541467EA0158101593
B1112044516313N00541469EA0158301595
B1112054516318N00541473EA0158501597
B1112064516321N00541479EA0158601598
B1112074516323N00541486EA0158701599
B1112084516324N00541494EA0158701599
B1112094516323N00541501EA0158901601
B1112104516321N00541507EA0159001602
B1112114516318N00541512EA0159101603
B1112124516314N00541516EA0159201604
B1112134516309N00541517EA0159401606
B1112144516305N00541517EA0159601608
B1112154516301N00541514EA0159801610
B1112164516298N00541510EA0160001612
B1112174516296N00541504EA0160101613
B1112184516295N00541498EA0160201614
B1112194516296N00541491EA0160401616
B1112204516298N00541486EA0160501617
B1112214516301N00541481EA0160501617
B1112224516306N00541477EA0160601618
B1112234516311N00541476EA0160701619
B1112244516316N00541476EA0160801620
B1112254516321N00541479EA0160901621
B1112264516325N00541484EA0161001622
B1112274516328N00541489EA0161101623
B1112284516330N00541496EA0161201624
B1112294516331N00541504EA0161301625
B1112304516330N00541511EA0161201624
B1112314516328N00541517EA0161301625
B1112324516324N00541522EA0161401626
B1112334516320N00541526EA0161501627
B1112344516316N00541527EA0161501627
B1112354516311N00541526EA0161601628
B1112364516307N00541524EA0161801630
B1112374516304N00541519EA0161901631
B1112384516302N00541514EA0161901631
B1112394516302N00541507EA0162101633
B1112404516303N00541501EA0162101633
B1112414516305N00541495EA0162201634
B1112424516308N00541490EA0162301635
B1112434516313N00541487EA0162401636
B1112444516318N00541486EA0162501637
B1112454516323N00541486EA0162501637
B1112464516328N00541489EA0162601638
B1112474516332N00541494EA0162901641
B1112484516335N00541500EA0162901641
B1112494516337N00541507EA0163101643
B1112504516339N00541514EA0163001642
B1112514516341N00541522EA0162901641
B1112524516343N00541530EA0162801640
B1112534516345N00541538EA0162701639
B1112544516347N00541545EA0162501637
B1112554516349N00541553EA0162401636
B1112564516351N00541561EA0162301635
B1112574516353N00541568EA0162101633
B1112584516356N00541576EA0162001632
B1112594516358N00541584EA0161901631
B1113004516360N00541592EA0161801630
B1113014516362N00541599EA0161601628
B1113024516364N00541607EA0161501627
B1113034516366N00541614EA0161401626
B1113044516369N00541622EA0161301625
B1113054516371N00541630EA0161201624
B1113064516373N00541637EA0161101623
B1113074516375N00541645EA0160901621
B1113084516377N00541653EA0160901621
B1113094516379N00541660EA0160801620
B1113104516382N00541668EA0160701619
B1113114516384N00541676EA0160701619
B1113124516387N00541683EA0160601618
B1113134516389N00541691EA0160401616
B1113144516391N00541698EA0160401616
B1113154516393N00541706EA0160301615
B1113164516395N00541714EA0160201614
B1113174516397N00541722EA0160101613
B1113184516399N00541729EA0160001612
B1113194516402N00541737EA0159901611
B1113204516404N00541744EA0159701609
B1113214516406N00541752EA0159601608
B1113224516408N00541760EA0159501607
B1113234516410N00541768EA0159401606
B1113244516412N00541775EA0159201604
B1113254516414N00541783EA0159001602
B1113264516416N00541791EA0158901601
B1113274516418N00541798EA0158701599
B1113284516421N00541806EA0158601598
B1113294516423N00541814EA0158501597
B1113304516425N00541822EA0158401596
B1113314516427N00541829EA0158201594
B1113324516429N00541837EA0158101593
B1113334516431N00541844EA0157901591
B1113344516434N00541852EA0157901591
B1113354516436N00541860EA0157701589
B1113364516438N00541867EA0157601588
B1113374516440N00541875EA0157501587
B1113384516443N00541883EA0157301585
B1113394516445N00541890EA0157201584
B1113404516447N00541898EA0157201584
B1113414516449N00541906EA0157001582
B1113424516451N00541913EA0156901581
B1113434516454N00541921EA0156701579
B1113444516456N00541929EA0156601578
B1113454516458N00541936EA0156601578
B1113464516459N00541944EA0156401576
B1113474516461N00541952EA0156301575
B1113484516463N00541960EA0156101573
B1113494516465N00541968EA0156101573
B1113504516466N00541975EA0156001572
B1113514516468N00541983EA0155901571
B1113524516470N00541991EA0155801570
B1113534516472N00541999EA0155701569
B1113544516475N00542006EA0155501567
B1113554516477N00542014EA0155401566
B1113564516479N00542022EA0155301565
B1113574516481N00542029EA0155301565
B1113584516484N00542037EA0155101563
B1113594516486N00542044EA0155001562
B1114004516488N00542052EA0154901561
B1114014516491N00542060EA0154801560
B1114024516493N00542067EA0154701559
B1114034516495N00542075EA0154501557
B1114044516497N00542083EA0154401556
B1114054516499N00542090EA0154301555
B1114064516502N00542098EA0154201554
B1114074516504N00542105EA0154101553
B1114084516507N00542113EA0154001552
B1114094516509N00542120EA0153901551
B1114104516511N00542128EA0153901551
B1114114516514N00542135EA0153701549
B1114124516516N00542143EA0153701549
B1114134516519N00542150EA0153601548
B1114144516521N00542158EA0153401546
B1114154516523N00542166EA0153301545
B1114164516526N00542173EA0153101543
B1114174516528N00542181EA0153001542
B1114184516530N00542189EA0152801540
B1114194516532N00542196EA0152701539
B1114204516535N00542204EA0152601538
B1114214516537N00542211EA0152601538
B1114224516540N00542219EA0152401536
B1114234516542N00542226EA0152301535
B1114244516545N00542234EA0152201534
B1114254516547N00542241EA0152101533
B1114264516550N00542248EA0151901531
B1114274516552N00542256EA0151801530
B1114284516555N00542263EA0151701529
B1114294516558N00542271EA0151601528
B1114304516560N00542278EA0151501527
B1114314516562N00542286EA0151301525
B1114324516565N00542293EA0151201524
B1114334516567N00542301EA0151201524
B1114344516569N00542308EA0151101523
B1114354516572N00542316EA0151001522
B1114364516574N00542324EA0151001522
B1114374516577N00542331EA0150801520
B1114384516579N00542339EA0150701519
B1114394516582N00542346EA0150701519
B1114404516584N00542353EA0150501517
B1114414516587N00542361EA0150501517
B1114424516589N00542368EA0150201514
B1114434516592N00542376EA0150101513
B1114444516594N00542383EA0150001512
B1114454516596N00542391EA0149801510
B1114464516599N00542399EA0149601508
B1114474516601N00542406EA0149501507
B1114484516603N00542414EA0149401506
B1114494516606N00542421EA0149301505
B1114504516608N00542429EA0149201504
B1114514516610N00542437EA0149101503
B1114524516612N00542444EA0149001502
B1114534516614N00542452EA0148901501
B1114544516616N00542460EA0148701499
B1114554516619N00542467EA0148701499
B1114564516621N00542475EA0148601498
B1114574516623N00542483EA0148501497
B1114584516626N00542490EA0148301495
B1114594516628N00542498EA0148101493
B1115004516630N00542505EA0148101493
B1115014516633N00542513EA0148001492
B1115024516635N00542520EA0147901491
B1115034516637N00542528EA0147801490
B1115044516640N00542535EA0147601488
B1115054516643N00542543EA0147501487
B1115064516646N00542550EA0147401486
B1115074516648N00542557EA0147301485
B1115084516651N00542565EA0147201484
B1115094516653N00542572EA0147101483
B1115104516656N00542580EA0147001482
B1115114516659N00542587EA0146901481
B1115124516661N00542594EA0146801480
B1115134516664N00542601EA0146601478
B1115144516667N00542609EA0146601478
B1115154516670N00542616EA0146401476
B1115164516673N00542623EA0146301475
B1115174516675N00542631EA0146101473
B1115184516678N00542638EA0146001472
B1115194516680N00542646EA0145901471
B1115204516683N00542653EA0145801470
B1115214516685N00542661EA0145701469
B1115224516687N00542668EA0145701469
B1115234516690N00542676EA0145601468
B1115244516692N00542683EA0145501467
B1115254516695N00542691EA0145401466
B1115264516697N00542698EA0145301465
B1115274516700N00542706EA0145201464
B1115284516702N00542713EA0145101463
B1115294516705N00542721EA0144901461
B1115304516708N00542728EA0144801460
B1115314516710N00542735EA0144601458
B1115324516713N00542743EA0144601458
B1115334516715N00542750EA0144501457
B1115344516718N00542758EA0144301455
B1115354516721N00542765EA0144301455
B1115364516724N00542772EA0144201454
B1115374516727N00542779EA0144101453
B1115384516730N00542786EA0144101453
B1115394516732N00542794EA0144001452
B1115404516735N00542801EA0143801450
B1115414516738N00542808EA0143801450
B1115424516741N00542815EA0143701449
B1115434516744N00542823EA0143601448
B1115444516746N00542830EA0143401446
B1115454516749N00542837EA0143301445
B1115464516752N00542845EA0143301445
B1115474516755N00542851EA0143201444
B1115484516758N00542858EA0143101443
B1115494516762N00542865EA0143001442
B1115504516765N00542872EA0143001442
B1115514516768N00542879EA0142901441
B1115524516772N00542886EA0142801440
B1115534516775N00542893EA0142701439
B1115544516778N00542900EA0142501437
B1115554516781N00542907EA0142401436
B1115564516784N00542914EA0142301435
B1115574516788N00542921EA0142201434
B1115584516791N00542928EA0142201434
B1115594516794N00542935EA0142101433
B1116004516797N00542941EA0141901431
B1116014516801N00542948EA0141901431
B1116024516804N00542955EA0141701429
B1116034516807N00542962EA0141501427
B1116044516810N00542969EA0141401426
B1116054516814N00542976EA0141301425
B1116064516817N00542983EA0141201424
B1116074516820N00542990EA0141101423
B1116084516823N00542997EA0141001422
B1116094516827N00543003EA0140901421
B1116104516830N00543010EA0140701419
B1116114516834N00543017EA0140601418
B1116124516837N00543023EA0140501417
B1116134516841N00543030EA0140401416
B1116144516845N00543036EA0140401416
B1116154516848N00543043EA0140201414
B1116164516852N00543050EA0140101413
B1116174516855N00543056EA0139901411
B1116184516857N00543063EA0140201414
B1116194516858N00543070EA0140401416
B1116204516857N00543078EA0140601418
B1116214516854N00543084EA0140801420
B1116224516851N00543089EA0141101423
B1116234516847N00543092EA0141401426
B1116244516843N00543093EA0141601428
B1116254516838N00543092EA0141801430
B1116264516834N00543090EA0142101433
B1116274516831N00543085EA0142301435
B1116284516829N00543080EA0142401436
B1116294516829N00543073EA0142601438
B1116304516830N00543067EA0142801440
B1116314516832N00543061EA0143201444
B1116324516835N00543056EA0143301445
B1116334516840N00543053EA0143501447
B1116344516845N00543052EA0143801450
B1116354516850N00543053EA0144001452
B1116364516855N00543056EA0144201454
B1116374516859N00543060EA0144401456
B1116384516862N00543066EA0144501457
B1116394516864N00543073EA0144801460
B1116404516865N00543081EA0145001462
B1116414516864N00543088EA0145301465
B1116424516861N00543094EA0145501467
B1116434516858N00543099EA0145901471
B1116444516854N00543102EA0146101473
B1116454516849N00543103EA0146301475
B1116464516845N00543102EA0146401476
B1116474516841N00543099EA0146801480
B1116484516838N00543095EA0147201484
B1116494516836N00543089EA0147301485
B1116504516836N00543083EA0147701489
B1116514516837N00543076EA0148001492
B1116524516839N00543071EA0148301495
B1116534516842N00543066EA0148401496
B1116544516847N00543063EA0148601498
B1116554516852N00543062EA0148701499
B1116564516857N00543063EA0148901501
B1116574516862N00543066EA0149201504
B1116584516866N00543070EA0149401506
B1116594516869N00543076EA0149601508
B1117004516871N00543084EA0149901511
B1117014516871N00543091EA0150101513
B1117024516870N00543098EA0150401516
B1117034516868N00543104EA0150701519
B1117044516865N00543109EA0151001522
B1117054516860N00543112EA0151301525
B1117064516856N00543113EA0151401526
B1117074516851N00543112EA0151601528
B1117084516848N00543109EA0151801530
B1117094516845N00543104EA0152101533
B1117104516843N00543099EA0152401536
B1117114516842N00543092EA0152501537
B1117124516844N00543086EA0152701539
B1117134516846N00543080EA0153001542
B1117144516850N00543076EA0153201544
B1117154516854N00543073EA0153301545
B1117164516859N00543072EA0153801550
B1117174516864N00543073EA0154001552
B1117184516869N00543076EA0154101553
B1117194516873N00543080EA0154401556
B1117204516876N00543087EA0154601558
B1117214516878N00543094EA0154901561
B1117224516878N00543101EA0155001562
B1117234516877N00543108EA0155301565
B1117244516875N00543114EA0155501567
B1117254516871N00543119EA0155701569
B1117264516867N00543122EA0155901571
B1117274516862N00543123EA0156201574
B1117284516858N00543122EA0156401576
B1117294516854N00543118EA0156601578
B1117304516851N00543114EA0156801580
B1117314516850N00543108EA0157001582
B1117324516849N00543102EA0157201584
B1117334516851N00543095EA0157501587
B1117344516853N00543090EA0157701589
B1117354516857N00543085EA0157801590
B1117364516861N00543082EA0158101593
B1117374516866N00543081EA0158301595
B1117384516872N00543083EA0158501597
B1117394516876N00543086EA0158801600
B1117404516880N00543091EA0159001602
B1117414516883N00543097EA0159201604
B1117424516885N00543104EA0159501607
B1117434516885N00543111EA0159601608
B1117444516884N00543118EA0159901611
B1117454516881N00543124EA0160101613
B1117464516878N00543129EA0160301615
B1117474516874N00543132EA0160601618
B1117484516869N00543132EA0160901621
B1117494516865N00543131EA0161201624
B1117504516861N00543128EA0161301625
B1117514516858N00543123EA0161701629
B1117524516857N00543117EA0161901631
B1117534516856N00543111EA0162101633
B1117544516858N00543105EA0162301635
B1117554516860N00543099EA0162601638
B1117564516864N00543095EA0162801640
B1117574516869N00543092EA0163001642
B1117584516874N00543091EA0163201644
B1117594516879N00543092EA0163401646
B1118004516884N00543096EA0163601648
B1118014516888N00543101EA0163901651
B1118024516890N00543107EA0164101653
B1118034516892N00543114EA0164301655
B1118044516892N00543121EA0164601658
B1118054516891N00543128EA0164901661
B1118064516888N00543134EA0165101663
B1118074516885N00543139EA0165301665
B1118084516880N00543142EA0165601668
B1118094516876N00543142EA0165701669
B1118104516871N00543141EA0165901671
B1118114516868N00543138EA0166201674
B1118124516865N00543133EA0166501677
B1118134516863N00543127EA0166901681
B1118144516863N00543120EA0167201684
B1118154516865N00543114EA0167501687
B1118164516867N00543109EA0167701689
B1118174516871N00543104EA0168001692
B1118184516876N00543102EA0168201694
B1118194516881N00543101EA0168501697
B1118204516886N00543102EA0168801700
B1118214516891N00543106EA0169101703
B1118224516895N00543111EA0169201704
B1118234516897N00543117EA0169301705
B1118244516899N00543124EA0169601708
B1118254516899N00543132EA0169901711
B1118264516898N00543139EA0170101713
B1118274516895N00543144EA0170301715
B1118284516891N00543149EA0170501717
B1118294516887N00543151EA0170901721
B1118304516882N00543152EA0170901721
B1118314516878N00543150EA0171201724
B1118324516874N00543147EA0171501727
B1118334516872N00543142EA0171601728
B1118344516870N00543136EA0171801730
B1118354516870N00543130EA0172001732
B1118364516872N00543124EA0172201734
B1118374516874N00543118EA0172401736
B1118384516878N00543114EA0172601738
B1118394516883N00543111EA0172801740
B1118404516888N00543111EA0172901741
B1118414516893N00543112EA0173201744
B1118424516898N00543116EA0173601748
B1118434516902N00543121EA0173801750
B1118444516904N00543127EA0174101753
B1118454516906N00543135EA0174301755
B1118464516906N00543142EA0174601758
B1118474516904N00543149EA0174701759
B1118484516902N00543155EA0175001762
B1118494516898N00543159EA0175101763
B1118504516894N00543161EA0175201764
B1118514516889N00543162EA0175401766
B1118524516885N00543160EA0175701769
B1118534516881N00543157EA0175901771
B1118544516879N00543152EA0176201774
B1118554516877N00543146EA0176501777
B1118564516877N00543139EA0176701779
B1118574516879N00543133EA0177001782
B1118584516881N00543128EA0177201784
B1118594516885N00543123EA0177401786
B1119004516890N00543121EA0177601788
B1119014516895N00543121EA0177801790
B1119024516900N00543122EA0178001792
B1119034516905N00543126EA0178301795
B1119044516909N00543131EA0178601798
B1119054516912N00543138EA0178801800
B1119064516913N00543145EA0179001802
B1119074516913N00543152EA0179301805
B1119084516911N00543159EA0179501807
B1119094516908N00543165EA0179801810
B1119104516905N00543169EA0180101813
B1119114516900N00543171EA0180401816
B1119124516896N00543172EA0180601818
B1119134516892N00543170EA0180801820
B1119144516888N00543166EA0181101823
B1119154516885N00543161EA0181301825
B1119164516884N00543155EA0181501827
B1119174516884N00543149EA0181801830
B1119184516886N00543143EA0182001832
B1119194516889N00543137EA0182201834
B1119204516893N00543133EA0182401836
B1119214516897N00543131EA0182701839
B1119224516902N00543130EA0183001842
B1119234516908N00543132EA0183201844
B1119244516912N00543136EA0183401846
B1119254516916N00543141EA0183701849
B1119264516919N00543148EA0184001852
B1119274516920N00543155EA0184201854
B1119284516920N00543162EA0184401856
B1119294516918N00543169EA0184601858
B1119304516915N00543175EA0184901861
B1119314516911N00543179EA0185101863
B1119324516907N00543181EA0185501867
B1119334516902N00543181EA0185701869
B1119344516898N00543179EA0185801870
B1119354516895N00543176EA0186101873
B1119364516892N00543171EA0186301875
B1119374516891N00543165EA0186501877
B1119384516891N00543158EA0186701879
B1119394516893N00543152EA0186901881
B1119404516896N00543147EA0187101883
B1119414516900N00543143EA0187401886
B1119424516904N00543141EA0187601888
B1119434516910N00543140EA0187901891
B1119444516915N00543142EA0188201894
B1119454516919N00543146EA0188401896
B1119464516923N00543151EA0188801900
B1119474516926N00543158EA0189101903
B1119484516927N00543165EA0189301905
B1119494516926N00543172EA0189601908
B1119504516925N00543179EA0189901911
B1119514516922N00543185EA0190301915
B1119524516918N00543189EA0190501917
B1119534516914N00543191EA0190701919
B1119544516909N00543191EA0191001922
B1119554516905N00543189EA0191201924
B1119564516901N00543185EA0191401926
B1119574516899N00543180EA0191601928
B1119584516898N00543174EA0191801930
B1119594516898N00543168EA0192101933
B1120004516900N00543161EA0192301935
B1120014516903N00543156EA0192601938
B1120024516907N00543152EA0192901941
B1120034516912N00543150EA0193101943
B1120044516917N00543150EA0193401946
B1120054516922N00543152EA0193601948
B1120064516926N00543156EA0193901951
B1120074516930N00543161EA0194101953
B1120084516933N00543168EA0194301955
B1120094516934N00543175EA0194501957
B1120104516933N00543183EA0194701959
B1120114516932N00543189EA0194801960
B1120124516929N00543195EA0195001962
B1120134516925N00543199EA0195301965
B1120144516920N00543201EA0195501967
B1120154516916N00543201EA0195801970
B1120164516912N00543199EA0195901971
B1120174516908N00543195EA0196101973
B1120184516906N00543190EA0196301975
B1120194516905N00543183EA0196501977
B1120204516905N00543177EA0196801980
B1120214516907N00543171EA0197001982
B1120224516910N00543166EA0197201984
B1120234516914N00543162EA0197301985
B1120244516919N00543160EA0197501987
B1120254516924N00543160EA0197801990
B1120264516929N00543162EA0198001992
B1120274516934N00543166EA0198201994
B1120284516937N00543172EA0198401996
B1120294516940N00543178EA0198701999
B1120304516941N00543186EA0198902001
B1120314516940N00543193EA0199202004
B1120324516938N00543199EA0199302005
B1120334516935N00543205EA0199602008
B1120344516931N00543209EA0199802010
B1120354516927N00543211EA0200002012
B1120364516922N00543210EA0200202014
B1120374516918N00543208EA0200402016
B1120384516915N00543204EA0200602018
B1120394516913N00543199EA0200802020
B1120404516912N00543193EA0201002022
B1120414516912N00543187EA0201202024
B1120424516914N00543180EA0201602028
B1120434516917N00543175EA0201902031
B1120444516921N00543172EA0202102033
B1120454516926N00543170EA0202402036
B1120464516931N00543170EA0202502037
B1120474516936N00543172EA0202802040
B1120484516941N00543176EA0203002042
B1120494516944N00543182EA0203202044
B1120504516947N00543188EA0203602048
B1120514516948N00543196EA0203902051
B1120524516947N00543203EA0204102053
B1120534516945N00543210EA0204402056
B1120544516942N00543215EA0204602058
B1120554516938N00543219EA0204702059
B1120564516934N00543220EA0205002062
B1120574516929N00543220EA0205202064
B1120584516925N00543218EA0205402066
B1120594516922N00543214EA0205702069
B1121004516919N00543209EA0205802070
B1121014516918N00543202EA0206002072
B1121024516919N00543196EA0206202074
B1121034516921N00543190EA0206402076
B1121044516924N00543185EA0206602078
B1121054516928N00543181EA0206802080
B1121064516933N00543179EA0207002082
B1121074516938N00543180EA0207102083
B1121084516943N00543182EA0207302085
B1121094516948N00543186EA0207502087
B1121104516951N00543192EA0207802090
B1121114516955N00543198EA0207602088
B1121124516959N00543204EA0207502087
B1121134516963N00543211EA0207402086
B1121144516967N00543217EA0207402086
B1121154516971N00543223EA0207302085
B1121164516975N00543229EA0207202084
B1121174516979N00543235EA0207102083
B1121184516983N00543241EA0207002082
B1121194516986N00543248EA0206802080
B1121204516990N00543254EA0206702079
B1121214516993N00543261EA0206602078
B1121224516997N00543268EA0206502077
B1121234517001N00543274EA0206402076
B1121244517004N00543281EA0206302075
B1121254517008N00543287EA0206202074
B1121264517011N00543294EA0206102073
B1121274517014N00543301EA0206002072
B1121284517018N00543308EA0205902071
B1121294517021N00543315EA0205802070
B1121304517024N00543322EA0205702069
B1121314517027N00543329EA0205602068
B1121324517030N00543336EA0205502067
B1121334517034N00543343EA0205502067
B1121344517037N00543349EA0205402066
B1121354517040N00543356EA0205402066
B1121364517043N00543364EA0205302065
B1121374517046N00543371EA0205202064
B1121384517049N00543378EA0205002062
B1121394517052N00543385EA0204902061
B1121404517055N00543392EA0204802060
B1121414517057N00543400EA0204602058
B1121424517060N00543407EA0204502057
B1121434517063N00543414EA0204402056
B1121444517066N00543422EA0204202054
B1121454517069N00543429EA0204202054
B1121464517072N00543436EA0204002052
B1121474517075N00543443EA0203902051
B1121484517078N00543450EA0203802050
B1121494517081N00543457EA0203802050
B1121504517084N00543464EA0203702049
B1121514517088N00543471EA0203602048
B1121524517091N00543478EA0203502047
B1121534517094N00543485EA0203302045
B1121544517097N00543492EA0203202044
B1121554517100N00543499EA0203002042
B1121564517103N00543506EA0203002042
B1121574517106N00543513EA0202902041
B1121584517109N00543520EA0202902041
B1121594517112N00543527EA0202802040
B1122004517116N00543534EA0202602038
B1122014517119N00543541EA0202602038
B1122024517122N00543548EA0202402036
B1122034517125N00543555EA0202302035
B1122044517128N00543562EA0202202034
B1122054517131N00543569EA0202102033
B1122064517134N00543576EA0202002032
B1122074517138N00543583EA0201802030
B1122084517141N00543590EA0201702029
B1122094517144N00543597EA0201602028
B1122104517148N00543603EA0201502027
B1122114517151N00543610EA0201402026
B1122124517155N00543617EA0201202024
B1122134517158N00543623EA0201102023
B1122144517162N00543630EA0201002022
B1122154517166N00543636EA0200902021
B1122164517169N00543642EA0200702019
B1122174517173N00543649EA0200502017
B1122184517177N00543655EA0200402016
B1122194517180N00543662EA0200302015
B1122204517184N00543669EA0200202014
B1122214517187N00543675EA0200102013
B1122224517191N00543682EA0199902011
B1122234517194N00543689EA0199802010
B1122244517197N00543696EA0199702009
B1122254517200N00543703EA0199602008
B1122264517203N00543710EA0199402006
B1122274517206N00543717EA0199302005
B1122284517209N00543724EA0199202004
B1122294517212N00543731EA0199102003
B1122304517216N00543738EA0199002002
B1122314517219N00543745EA0198902001
B1122324517223N00543752EA0198701999
B1122334517226N00543758EA0198601998
B1122344517229N00543765EA0198401996
B1122354517233N00543772EA0198301995
B1122364517236N00543779EA0198201994
B1122374517239N00543786EA0198101993
B1122384517243N00543792EA0198001992
B1122394517246N00543799EA0197901991
B1122404517250N00543806EA0197801990
B1122414517253N00543813EA0197701989
B1122424517256N00543820EA0197601988
B1122434517259N00543827EA0197501987
B1122444517262N00543834EA0197401986
B1122454517265N00543841EA0197301985
B1122464517267N00543849EA0197201984
B1122474517270N00543856EA0197101983
B1122484517273N00543863EA0197001982
B1122494517276N00543871EA0196901981
B1122504517279N00543878EA0196801980
B1122514517281N00543885EA0196601978
B1122524517284N00543892EA0196601978
B1122534517287N00543899EA0196501977
B1122544517291N00543906EA0196301975
B1122554517294N00543913EA0196301975
B1122564517297N00543920EA0196201974
B1122574517300N00543927EA0196101973
B1122584517303N00543934EA0196001972
B1122594517306N00543941EA0195901971
B1123004517309N00543948EA0195901971
B1123014517312N00543956EA0195801970
B1123024517315N00543963EA0195701969
B1123034517318N00543970EA0195601968
B1123044517321N00543977EA0195401966
B1123054517324N00543984EA0195401966
B1123064517327N00543992EA0195301965
B1123074517330N00543999EA0195201964
B1123084517333N00544006EA0195001962
B1123094517336N00544013EA0195001962
B1123104517339N00544020EA0194801960
B1123114517342N00544027EA0194601958
B1123124517345N00544034EA0194501957
B1123134517348N00544041EA0194501957
B1123144517351N00544048EA0194301955
B1123154517355N00544055EA0194201954
B1123164517358N00544062EA0194101953
B1123174517361N00544069EA0194001952
B1123184517364N00544076EA0193801950
B1123194517368N00544083EA0193701949
B1123204517371N00544090EA0193601948
B1123214517374N00544097EA0193401946
B1123224517377N00544103EA0193301945
B1123234517380N00544110EA0193201944
B1123244517384N00544117EA0193101943
B1123254517387N00544124EA0192901941
B1123264517391N00544131EA0192801940
B1123274517394N00544137EA0192601938
B1123284517397N00544144EA0192501937
B1123294517401N00544151EA0192401936
B1123304517404N00544158EA0192301935
B1123314517407N00544165EA0192201934
B1123324517411N00544171EA0192001932
B1123334517414N00544178EA0192001932
B1123344517417N00544185EA0191901931
B1123354517420N00544193EA0191801930
B1123364517423N00544200EA0191601928
B1123374517426N00544207EA0191501927
B1123384517429N00544214EA0191401926
B1123394517432N00544221EA0191301925
B1123404517435N00544228EA0191201924
B1123414517438N00544235EA0191101923
B1123424517442N00544242EA0191001922
B1123434517445N00544249EA0190801920
B1123444517448N00544256EA0190701919
B1123454517451N00544263EA0190601918
B1123464517454N00544270EA0190601918
B1123474517458N00544277EA0190401916
B1123484517461N00544284EA0190201914
B1123494517464N00544291EA0190101913
B1123504517467N00544298EA0190001912
B1123514517470N00544305EA0189901911
B1123524517473N00544312EA0189801910
B1123534517477N00544319EA0189601908
B1123544517480N00544325EA0189601908
B1123554517483N00544332EA0189401906
B1123564517486N00544339EA0189301905
B1123574517490N00544346EA0189301905
B1123584517493N00544353EA0189201904
B1123594517497N00544359EA0189101903
B1124004517500N00544366EA0189001902
B1124014517503N00544373EA0188901901
B1124024517506N00544381EA0188801900
B1124034517509N00544388EA0188801900
B1124044517512N00544395EA0188601898
B1124054517515N00544402EA0188501897
B1124064517518N00544409EA0188401896
B1124074517520N00544416EA0188301895
B1124084517523N00544424EA0188201894
B1124094517526N00544431EA0188001892
B1124104517528N00544439EA0187901891
B1124114517531N00544446EA0187801890
B1124124517534N00544453EA0187701889
B1124134517537N00544461EA0187601888
B1124144517539N00544468EA0187401886
B1124154517542N00544475EA0187301885
B1124164517545N00544483EA0187201884
B1124174517547N00544490EA0187101883
B1124184517550N00544497EA0187101883
B1124194517553N00544505EA0187001882
B1124204517555N00544512EA0186901881
B1124214517558N00544520EA0186801880
B1124224517560N00544527EA0186701879
B1124234517563N00544535EA0186601878
B1124244517565N00544542EA0186501877
B1124254517568N00544550EA0186301875
B1124264517570N00544557EA0186201874
B1124274517573N00544564EA0186101873
B1124284517575N00544572EA0186001872
B1124294517578N00544579EA0185901871
B1124304517580N00544587EA0185701869
B1124314517583N00544594EA0185601868
B1124324517585N00544602EA0185501867
B1124334517588N00544609EA0185401866
B1124344517590N00544617EA0185301865
B1124354517593N00544624EA0185101863
B1124364517596N00544631EA0185001862
B1124374517599N00544638EA0184901861
B1124384517602N00544645EA0184901861
B1124394517605N00544652EA0184701859
B1124404517608N00544659EA0184601858
B1124414517611N00544667EA0184501857
B1124424517614N00544674EA0184401856
B1124434517617N00544681EA0184201854
B1124444517620N00544688EA0184201854
B1124454517623N00544695EA0184101853
B1124464517625N00544703EA0184001852
B1124474517628N00544710EA0183901851
B1124484517630N00544718EA0183801850
B1124494517633N00544725EA0183701849
B1124504517635N00544733EA0183601848
B1124514517638N00544740EA0183501847
B1124524517640N00544748EA0183401846
B1124534517643N00544755EA0183201844
B1124544517645N00544763EA0183101843
B1124554517648N00544770EA0183001842
B1124564517650N00544778EA0182801840
B1124574517653N00544785EA0182701839
B1124584517655N00544793EA0182601838
B1124594517656N00544800EA0182701839
B1125004517655N00544807EA0182801840
B1125014517653N00544814EA0182901841
B1125024517650N00544819EA0183101843
B1125034517646N00544822EA0183201844
B1125044517642N00544824EA0183301845
B1125054517637N00544824EA0183501847
B1125064517633N00544821EA0183501847
B1125074517630N00544817EA0183701849
B1125084517628N00544811EA0183801850
B1125094517627N00544805EA0184001852
B1125104517628N00544799EA0184001852
B1125114517630N00544793EA0184201854
B1125124517633N00544788EA0184401856
B1125134517637N00544784EA0184501857
B1125144517642N00544783EA0184601858
B1125154517648N00544783EA0184701859
B1125164517652N00544786EA0184801860
B1125174517657N00544790EA0184801860
B1125184517660N00544796EA0184901861
B1125194517662N00544803EA0185101863
B1125204517663N00544810EA0185101863
B1125214517662N00544817EA0185101863
B1125224517660N00544824EA0185301865
B1125234517657N00544829EA0185401866
B1125244517653N00544832EA0185501867
B1125254517648N00544834EA0185601868
B1125264517644N00544833EA0185701869
B1125274517640N00544831EA0185701869
B1125284517637N00544826EA0185801870
B1125294517635N00544821EA0185901871
B1125304517634N00544815EA0186101873
B1125314517635N00544808EA0186201874
B1125324517637N00544802EA0186301875
B1125334517640N00544797EA0186401876
B1125344517645N00544794EA0186401876
B1125354517650N00544793EA0186501877
B1125364517655N00544793EA0186701879
B1125374517660N00544796EA0186801880
B1125384517664N00544800EA0186901881
B1125394517667N00544806EA0187101883
B1125404517669N00544813EA0187201884
B1125414517670N00544820EA0187201884
B1125424517669N00544828EA0187201884
B1125434517667N00544834EA0187301885
B1125444517664N00544839EA0187301885
B1125454517659N00544842EA0187401886
B1125464517655N00544844EA0187601888
B1125474517651N00544843EA0187701889
B1125484517647N00544840EA0187801890
B1125494517643N00544836EA0187901891
B1125504517641N00544830EA0188001892
B1125514517641N00544824EA0188101893
B1125524517642N00544818EA0188201894
B1125534517644N00544812EA0188301895
B1125544517647N00544807EA0188501897
B1125554517652N00544804EA0188601898
B1125564517657N00544802EA0188701899
B1125574517662N00544803EA0188701899
B1125584517667N00544806EA0188901901
B1125594517671N00544810EA0189001902
B1126004517674N00544816EA0189101903
B1126014517676N00544823EA0189301905
B1126024517677N00544831EA0189301905
B1126034517676N00544838EA0189301905
B1126044517674N00544844EA0189501907
B1126054517670N00544849EA0189601908
B1126064517666N00544852EA0189601908
B1126074517662N00544853EA0189701909
B1126084517657N00544853EA0189801910
B1126094517653N00544850EA0189901911
B1126104517650N00544845EA0190001912
B1126114517648N00544840EA0190001912
B1126124517648N00544833EA0190201914
B1126134517649N00544827EA0190201914
B1126144517651N00544821EA0190201914
B1126154517654N00544817EA0190301915
B1126164517659N00544813EA0190401916
B1126174517664N00544812EA0190401916
B1126184517669N00544813EA0190501917
B1126194517674N00544816EA0190701919
B1126204517678N00544820EA0190801920
B1126214517681N00544826EA0190701919
B1126224517683N00544833EA0190901921
B1126234517684N00544841EA0190801920
B1126244517683N00544848EA0191001922
B1126254517680N00544854EA0191101923
B1126264517677N00544859EA0191301925
B1126274517673N00544862EA0191501927
B1126284517668N00544863EA0191501927
B1126294517664N00544862EA0191401926
B1126304517660N00544859EA0191601928
B1126314517657N00544855EA0191701929
B1126324517655N00544849EA0191901931
B1126334517655N00544843EA0191901931
B1126344517656N00544837EA0192101933
B1126354517658N00544831EA0192101933
B1126364517662N00544826EA0192101933
B1126374517666N00544823EA0192301935
B1126384517671N00544822EA0192501937
B1126394517676N00544823EA0192601938
B1126404517681N00544826EA0192501937
B1126414517685N00544830EA0192701939
B1126424517688N00544837EA0192701939
B1126434517690N00544844EA0192901941
B1126444517691N00544851EA0193001942
B1126454517689N00544858EA0193201944
B1126464517688N00544866EA0193201944
B1126474517687N00544874EA0193001942
B1126484517687N00544882EA0192901941
B1126494517685N00544890EA0192801940
B1126504517684N00544898EA0192701939
B1126514517683N00544905EA0192601938
B1126524517682N00544913EA0192501937
B1126534517681N00544921EA0192401936
B1126544517680N00544929EA0192201934
B1126554517679N00544937EA0192101933
B1126564517678N00544945EA0192001932
B1126574517677N00544952EA0192001932
B1126584517675N00544960EA0191801930
B1126594517674N00544968EA0191701929
B1127004517673N00544976EA0191701929
B1127014517672N00544984EA0191501927
B1127024517671N00544992EA0191401926
B1127034517670N00544999EA0191401926
B1127044517669N00545007EA0191301925
B1127054517668N00545015EA0191201924
B1127064517667N00545023EA0191101923
B1127074517666N00545031EA0191001922
B1127084517664N00545039EA0190901921
B1127094517663N00545047EA0190801920
B1127104517662N00545054EA0190601918
B1127114517661N00545062EA0190501917
B1127124517660N00545070EA0190401916
B1127134517659N00545078EA0190201914
B1127144517658N00545086EA0190101913
B1127154517657N00545094EA0190001912
B1127164517656N00545102EA0189901911
B1127174517655N00545110EA0189801910
B1127184517655N00545118EA0189701909
B1127194517654N00545126EA0189501907
B1127204517653N00545134EA0189401906
B1127214517653N00545142EA0189301905
B1127224517652N00545150EA0189101903
B1127234517651N00545158EA0189001902
B1127244517650N00545165EA0189001902
B1127254517649N00545173EA0188901901
B1127264517649N00545181EA0188801900
B1127274517648N00545189EA0188601898
B1127284517647N00545197EA0188501897
B1127294517646N00545205EA0188501897
B1127304517645N00545213EA0188401896
B1127314517645N00545221EA0188301895
B1127324517644N00545229EA0188201894
B1127334517644N00545237EA0188101893
B1127344517643N00545245EA0188001892
B1127354517643N00545253EA0187901891
B1127364517642N00545261EA0187801890
B1127374517642N00545269EA0187701889
B1127384517641N00545277EA0187601888
B1127394517641N00545285EA0187501887
B1127404517640N00545293EA0187401886
B1127414517640N00545301EA0187301885
B1127424517639N00545309EA0187201884
B1127434517638N00545317EA0187101883
B1127444517637N00545325EA0187001882
B1127454517636N00545333EA0186901881
B1127464517635N00545341EA0186801880
B1127474517634N00545349EA0186701879
B1127484517633N00545357EA0186701879
B1127494517632N00545365EA0186501877
B1127504517631N00545373EA0186401876
B1127514517630N00545380EA0186301875
B1127524517629N00545388EA0186201874
B1127534517628N00545396EA0186101873
B1127544517626N00545404EA0186001872
B1127554517625N00545412EA0185901871
B1127564517624N00545419EA0185801870
B1127574517622N00545427EA0185601868
B1127584517621N00545435EA0185501867
B1127594517620N00545443EA0185501867
B1128004517619N00545451EA0185401866
B1128014517618N00545458EA0185201864
B1128024517617N00545466EA0185101863
B1128034517616N00545474EA0185101863
B1128044517615N00545482EA0184901861
B1128054517614N00545490EA0184801860
B1128064517613N00545498EA0184701859
B1128074517613N00545506EA0184601858
B1128084517612N00545514EA0184501857
B1128094517610N00545522EA0184501857
B1128104517609N00545530EA0184301855
B1128114517608N00545537EA0184201854
B1128124517607N00545545EA0184001852
B1128134517606N00545553EA0183801850
B1128144517605N00545561EA0183801850
B1128154517603N00545569EA0183701849
B1128164517602N00545576EA0183501847
B1128174517601N00545584EA0183401846
B1128184517600N00545592EA0183201844
B1128194517599N00545600EA0183101843
B1128204517598N00545608EA0183001842
B1128214517596N00545614EA0183101843
B1128224517593N00545620EA0183301845
B1128234517589N00545623EA0183501847
B1128244517584N00545625EA0183801850
B1128254517580N00545625EA0184001852
B1128264517576N00545622EA0184201854
B1128274517573N00545618EA0184301855
B1128284517570N00545613EA0184601858
B1128294517569N00545607EA0184801860
B1128304517570N00545600EA0185001862
B1128314517572N00545594EA0185301865
B1128324517575N00545589EA0185501867
B1128334517580N00545586EA0185701869
B1128344517585N00545584EA0185901871
B1128354517590N00545584EA0186101873
B1128364517595N00545587EA0186201874
B1128374517599N00545591EA0186401876
B1128384517603N00545597EA0186601878
B1128394517605N00545604EA0186801880
B1128404517605N00545611EA0187001882
B1128414517605N00545618EA0187101883
B1128424517603N00545625EA0187301885
B1128434517600N00545630EA0187601888
B1128444517596N00545633EA0187801890
B1128454517591N00545635EA0188001892
B1128464517587N00545635EA0188201894
B1128474517583N00545632EA0188301895
B1128484517579N00545628EA0188401896
B1128494517577N00545622EA0188701899
B1128504517576N00545616EA0188901901
B1128514517577N00545610EA0189201904
B1128524517579N00545604EA0189401906
B1128534517582N00545599EA0189501907
B1128544517587N00545595EA0189701909
B1128554517592N00545594EA0189901911
B1128564517597N00545594EA0190101913
B1128574517602N00545597EA0190301915
B1128584517606N00545601EA0190501917
B1128594517610N00545607EA0190701919
B1129004517612N00545614EA0190901921
B1129014517612N00545621EA0190901921
B1129024517612N00545628EA0191201924
B1129034517610N00545635EA0191301925
B1129044517606N00545640EA0191401926
B1129054517602N00545643EA0191601928
B1129064517598N00545645EA0191801930
B1129074517593N00545644EA0192101933
B1129084517589N00545642EA0192301935
B1129094517586N00545637EA0192401936
B1129104517584N00545632EA0192601938
B1129114517583N00545626EA0192901941
B1129124517584N00545619EA0193201944
B1129134517586N00545613EA0193301945
B1129144517590N00545608EA0193501947
B1129154517594N00545605EA0193801950
B1129164517599N00545604EA0193901951
B1129174517604N00545604EA0194101953
B1129184517609N00545607EA0194301955
B1129194517613N00545611EA0194401956
B1129204517617N00545617EA0194601958
B1129214517619N00545624EA0194701959
B1129224517619N00545631EA0194901961
B1129234517618N00545638EA0195101963
B1129244517616N00545645EA0195401966
B1129254517613N00545650EA0195701969
B1129264517609N00545653EA0195801970
B1129274517604N00545655EA0196001972
B1129284517600N00545654EA0196101973
B1129294517596N00545651EA0196401976
B1129304517593N00545647EA0196501977
B1129314517591N00545641EA0196601978
B1129324517590N00545635EA0196801980
B1129334517591N00545629EA0196801980
B1129344517593N00545623EA0197001982
B1129354517597N00545618EA0197101983
B1129364517601N00545615EA0197301985
B1129374517606N00545613EA0197501987
B1129384517611N00545614EA0197701989
B1129394517616N00545617EA0197801990
B1129404517620N00545621EA0198101993
B1129414517624N00545627EA0198201994
B1129424517626N00545634EA0198501997
B1129434517626N00545642EA0198802000
B1129444517625N00545649EA0199002002
B1129454517623N00545655EA0199202004
B1129464517620N00545660EA0199402006
B1129474517616N00545663EA0199602008
B1129484517611N00545664EA0199802010
B1129494517607N00545664EA0199902011
B1129504517603N00545661EA0200102013
B1129514517600N00545656EA0200202014
B1129524517598N00545651EA0200402016
B1129534517597N00545645EA0200602018
B1129544517598N00545638EA0200802020
B1129554517600N00545632EA0201102023
B1129564517604N00545628EA0201302025
B1129574517608N00545624EA0201402026
B1129584517613N00545623EA0201702029
B1129594517618N00545624EA0201902031
B1130004517623N00545627EA0202102033
B1130014517628N00545631EA0202202034
B1130024517631N00545637EA0202202034
B1130034517633N00545644EA0202302035
B1130044517633N00545652EA0202502037
B1130054517632N00545659EA0202602038
B1130064517630N00545665EA0202902041
B1130074517626N00545670EA0203102043
B1130084517622N00545673EA0203302045
B1130094517618N00545674EA0203502047
B1130104517613N00545673EA0203702049
B1130114517609N00545670EA0203902051
B1130124517606N00545666EA0204102053
B1130134517605N00545660EA0204202054
B1130144517604N00545654EA0204502057
B1130154517605N00545648EA0204602058
B1130164517607N00545642EA0204902061
B1130174517611N00545637EA0205102063
B1130184517615N00545634EA0205302065
B1130194517621N00545633EA0205502067
B1130204517626N00545634EA0205702069
B1130214517631N00545637EA0205902071
B1130224517635N00545641EA0206102073
B1130234517638N00545648EA0206202074
B1130244517640N00545655EA0206302075
B1130254517640N00545662EA0206502077
B1130264517639N00545669EA0206702079
B1130274517637N00545675EA0206902081
B1130284517633N00545680EA0207102083
B1130294517629N00545683EA0207302085
B1130304517624N00545684EA0207402086
B1130314517620N00545683EA0207702089
B1130324517616N00545680EA0207802090
B1130334517613N00545675EA0208002092
B1130344517611N00545670EA0208202094
B1130354517611N00545663EA0208402096
B1130364517612N00545657EA0208702099
B1130374517614N00545651EA0208902101
B1130384517618N00545647EA0209102103
B1130394517623N00545644EA0209302105
B1130404517628N00545643EA0209502107
B1130414517633N00545644EA0209702109
B1130424517639N00545645EA0209702109
B1130434517644N00545646EA0209602108
B1130444517650N00545647EA0209602108
B1130454517656N00545648EA0209502107
B1130464517661N00545648EA0209302105
B1130474517667N00545648EA0209202104
B1130484517673N00545649EA0209202104
B1130494517679N00545649EA0209002102
B1130504517684N00545649EA0208902101
B1130514517690N00545649EA0208802100
B1130524517696N00545649EA0208702099
B1130534517701N00545648EA0208602098
B1130544517707N00545648EA0208502097
B1130554517713N00545648EA0208402096
B1130564517718N00545647EA0208202094
B1130574517724N00545647EA0208102093
B1130584517730N00545646EA0208002092
B1130594517735N00545646EA0207802090
B1131004517741N00545645EA0207802090
B1131014517747N00545645EA0207602088
B1131024517753N00545644EA0207602088
B1131034517758N00545644EA0207502087
B1131044517764N00545643EA0207502087
B1131054517770N00545643EA0207402086
B1131064517775N00545642EA0207202084
B1131074517781N00545642EA0207102083
B1131084517787N00545641EA0207002082
B1131094517792N00545640EA0207002082
B1131104517798N00545640EA0206802080
B1131114517804N00545639EA0206702079
B1131124517809N00545638EA0206602078
B1131134517815N00545638EA0206502077
B1131144517821N00545637EA0206402076
B1131154517826N00545637EA0206202074
B1131164517832N00545637EA0206102073
B1131174517838N00545637EA0206002072
B1131184517843N00545637EA0205902071
B1131194517849N00545637EA0205802070
B1131204517855N00545637EA0205702069
B1131214517860N00545637EA0205602068
B1131224517866N00545636EA0205502067
B1131234517872N00545636EA0205402066
B1131244517878N00545635EA0205302065
B1131254517883N00545635EA0205202064
B1131264517889N00545634EA0205202064
B1131274517895N00545634EA0205102063
B1131284517900N00545633EA0205002062
B1131294517906N00545633EA0204902061
B1131304517912N00545633EA0204702059
B1131314517917N00545632EA0204502057
B1131324517923N00545632EA0204402056
B1131334517929N00545632EA0204302055
B1131344517934N00545632EA0204102053
B1131354517940N00545631EA0204002052
B1131364517946N00545631EA0203902051
B1131374517952N00545631EA0203802050
B1131384517957N00545631EA0203702049
B1131394517963N00545631EA0203502047
B1131404517969N00545631EA0203402046
B1131414517974N00545632EA0203302045
B1131424517980N00545632EA0203102043
B1131434517986N00545633EA0202902041
B1131444517992N00545633EA0202702039
B1131454517997N00545634EA0202602038
B1131464518003N00545635EA0202502037
B1131474518009N00545636EA0202302035
B1131484518014N00545637EA0202102033
B1131494518020N00545638EA0202002032
B1131504518026N00545639EA0201902031
B1131514518031N00545639EA0201802030
B1131524518037N00545640EA0201702029
B1131534518043N00545641EA0201502027
B1131544518049N00545642EA0201502027
B1131554518054N00545643EA0201302025
B1131564518060N00545644EA0201302025
B1131574518066N00545645EA0201202024
B1131584518071N00545646EA0201102023
B1131594518077N00545646EA0201002022
B1132004518083N00545647EA0200902021
B1132014518089N00545648EA0200802020
B1132024518094N00545649EA0200702019
B1132034518100N00545650EA0200702019
B1132044518106N00545651EA0200502017
B1132054518111N00545652EA0200402016
B1132064518117N00545653EA0200202014
B1132074518123N00545654EA0200202014
B1132084518129N00545654EA0200102013
B1132094518134N00545655EA0200002012
B1132104518140N00545656EA0199902011
B1132114518146N00545657EA0199802010
B1132124518151N00545658EA0199702009
B1132134518157N00545659EA0199602008
B1132144518163N00545661EA0199502007
B1132154518168N00545662EA0199402006
B1132164518174N00545663EA0199302005
B1132174518180N00545665EA0199202004
B1132184518185N00545667EA0199102003
B1132194518191N00545668EA0199102003
B1132204518197N00545670EA0198902001
B1132214518202N00545671EA0198802000
B1132224518208N00545673EA0198701999
B1132234518214N00545674EA0198501997
B1132244518219N00545676EA0198301995
B1132254518225N00545678EA0198201994
B1132264518231N00545680EA0198101993
B1132274518236N00545682EA0197901991
B1132284518242N00545684EA0197801990
B1132294518247N00545686EA0197701989
B1132304518253N00545688EA0197601988
B1132314518259N00545690EA0197401986
B1132324518264N00545692EA0197301985
B1132334518270N00545693EA0197101983
B1132344518276N00545695EA0196901981
B1132354518281N00545697EA0196801980
B1132364518287N00545699EA0196701979
B1132374518293N00545700EA0196601978
B1132384518298N00545702EA0196501977
B1132394518304N00545704EA0196501977
B1132404518310N00545705EA0196401976
B1132414518315N00545707EA0196301975
B1132424518321N00545708EA0196201974
B1132434518327N00545710EA0196001972
B1132444518332N00545712EA0195901971
B1132454518338N00545714EA0195801970
B1132464518343N00545716EA0195701969
B1132474518349N00545717EA0195601968
B1132484518355N00545719EA0195501967
B1132494518360N00545721EA0195401966
B1132504518366N00545723EA0195201964
B1132514518371N00545726EA0195101963
B1132524518377N00545728EA0195001962
B1132534518383N00545730EA0194901961
B1132544518388N00545732EA0194801960
B1132554518394N00545734EA0194701959
B1132564518399N00545736EA0194601958
B1132574518405N00545738EA0194501957
B1132584518411N00545740EA0194401956
B1132594518416N00545742EA0194301955
B1133004518422N00545743EA0194201954
B1133014518428N00545745EA0194101953
B1133024518433N00545747EA0193901951
B1133034518439N00545748EA0193901951
B1133044518445N00545750EA0193801950
B1133054518450N00545752EA0193701949
B1133064518456N00545754EA0193501947
B1133074518462N00545755EA0193401946
B1133084518467N00545757EA0193401946
B1133094518473N00545759EA0193301945
B1133104518478N00545760EA0193201944
B1133114518484N00545762EA0193001942
B1133124518490N00545764EA0192901941
B1133134518495N00545766EA0192801940
B1133144518501N00545767EA0192801940
B1133154518507N00545769EA0192701939
B1133164518512N00545771EA0192601938
B1133174518518N00545772EA0192501937
B1133184518524N00545774EA0192501937
B1133194518529N00545775EA0192501937
B1133204518535N00545777EA0192401936
B1133214518541N00545778EA0192301935
B1133224518546N00545780EA0192201934
B1133234518552N00545782EA0192101933
B1133244518558N00545784EA0192001932
B1133254518563N00545786EA0191801930
B1133264518569N00545788EA0191701929
B1133274518574N00545790EA0191601928
B1133284518580N00545792EA0191401926
B1133294518586N00545794EA0191401926
B1133304518591N00545797EA0191301925
B1133314518597N00545799EA0191201924
B1133324518602N00545802EA0191101923
B1133334518608N00545804EA0191001922
B1133344518613N00545807EA0190901921
B1133354518619N00545809EA0190701919
B1133364518624N00545811EA0190601918
B1133374518630N00545814EA0190401916
B1133384518635N00545816EA0190401916
B1133394518641N00545818EA0190301915
B1133404518647N00545821EA0190201914
B1133414518652N00545823EA0190101913
B1133424518658N00545825EA0189901911
B1133434518663N00545827EA0189901911
B1133444518669N00545829EA0189901911
B1133454518675N00545831EA0189701909
B1133464518680N00545833EA0189601908
B1133474518686N00545835EA0189501907
B1133484518691N00545837EA0189401906
B1133494518697N00545840EA0189301905
B1133504518703N00545842EA0189201904
B1133514518708N00545844EA0189001902
B1133524518714N00545846EA0188901901
B1133534518719N00545848EA0188701899
B1133544518725N00545849EA0188701899
B1133554518731N00545851EA0188601898
B1133564518736N00545853EA0188501897
B1133574518741N00545856EA0188701899
B1133584518745N00545861EA0189001902
B1133594518748N00545868EA0189101903
B1134004518749N00545875EA0189301905
B1134014518749N00545882EA0189401906
B1134024518747N00545889EA0189601908
B1134034518745N00545895EA0189601908
B1134044518741N00545899EA0189701909
B1134054518737N00545902EA0189801910
B1134064518732N00545902EA0189901911
B1134074518728N00545900EA0190001912
B1134084518724N00545897EA0190201914
B1134094518722N00545892EA0190301915
B1134104518720N00545886EA0190501917
B1134114518720N00545880EA0190601918
B1134124518722N00545873EA0190601918
B1134134518725N00545868EA0190701919
B1134144518729N00545864EA0190801920
B1134154518733N00545861EA0190901921
B1134164518738N00545861EA0190901921
B1134174518744N00545863EA0191101923
B1134184518748N00545866EA0191101923
B1134194518752N00545871EA0191301925
B1134204518755N00545878EA0191301925
B1134214518756N00545885EA0191501927
B1134224518756N00545892EA0191601928
B1134234518754N00545899EA0191601928
B1134244518751N00545905EA0191801930
B1134254518748N00545909EA0191901931
B1134264518743N00545912EA0192001932
B1134274518739N00545912EA0192101933
B1134284518735N00545910EA0192201934
B1134294518731N00545906EA0192401936
B1134304518728N00545901EA0192401936
B1134314518727N00545895EA0192401936
B1134324518727N00545889EA0192601938
B1134334518729N00545883EA0192801940
B1134344518732N00545877EA0192801940
B1134354518736N00545873EA0193001942
B1134364518740N00545871EA0193101943
B1134374518746N00545871EA0193201944
B1134384518751N00545872EA0193501947
B1134394518755N00545876EA0193601948
B1134404518759N00545882EA0193701949
B1134414518762N00545888EA0193901951
B1134424518763N00545895EA0193901951
B1134434518763N00545903EA0194001952
B1134444518761N00545909EA0194201954
B1134454518758N00545915EA0194301955
B1134464518754N00545919EA0194401956
B1134474518750N00545921EA0194501957
B1134484518746N00545922EA0194601958
B1134494518741N00545920EA0194601958
B1134504518738N00545916EA0194801960
B1134514518735N00545911EA0194901961
B1134524518734N00545905EA0195101963
B1134534518734N00545898EA0195301965
B1134544518736N00545892EA0195401966
B1134554518739N00545887EA0195501967
B1134564518743N00545883EA0195701969
B1134574518748N00545881EA0195801970
B1134584518753N00545881EA0196001972
B1134594518758N00545882EA0196201974
B1135004518762N00545886EA0196301975
B1135014518766N00545892EA0196501977
B1135024518769N00545898EA0196601978
B1135034518770N00545906EA0196701979
B1135044518770N00545913EA0196901981
B1135054518768N00545920EA0197001982
B1135064518765N00545925EA0197301985
B1135074518761N00545929EA0197401986
B1135084518757N00545931EA0197601988
B1135094518752N00545931EA0197801990
B1135104518748N00545929EA0197901991
B1135114518744N00545926EA0197901991
B1135124518742N00545920EA0198001992
B1135134518741N00545914EA0198201994
B1135144518741N00545908EA0198401996
B1135154518743N00545902EA0198401996
B1135164518746N00545896EA0198501997
B1135174518750N00545893EA0198601998
B1135184518755N00545891EA0198701999
B1135194518760N00545890EA0198802000
B1135204518765N00545892EA0198902001
B1135214518770N00545896EA0199002002
B1135224518773N00545902EA0199102003
B1135234518776N00545908EA0199302005
B1135244518777N00545916EA0199402006
B1135254518776N00545923EA0199602008
B1135264518775N00545930EA0199702009
B1135274518772N00545935EA0199802010
B1135284518768N00545939EA0200002012
B1135294518763N00545941EA0200102013
B1135304518759N00545941EA0200202014
B1135314518755N00545939EA0200402016
B1135324518751N00545935EA0200502017
B1135334518749N00545930EA0200702019
B1135344518748N00545924EA0200902021
B1135354518748N00545917EA0201002022
B1135364518750N00545911EA0201102023
B1135374518753N00545906EA0201302025
B1135384518757N00545902EA0201302025
B1135394518762N00545900EA0201502027
B1135404518767N00545900EA0201602028
B1135414518772N00545902EA0201602028
B1135424518777N00545906EA0201802030
B1135434518780N00545912EA0201902031
B1135444518783N00545919EA0202102033
B1135454518784N00545926EA0202202034
B1135464518783N00545933EA0202202034
B1135474518781N00545940EA0202402036
B1135484518778N00545945EA0202502037
B1135494518774N00545949EA0202602038
B1135504518770N00545951EA0202802040
B1135514518766N00545951EA0203002042
B1135524518761N00545949EA0203102043
B1135534518758N00545945EA0203302045
B1135544518756N00545939EA0203502047
B1135554518755N00545933EA0203502047
B1135564518755N00545927EA0203702049
B1135574518757N00545921EA0203802050
B1135584518760N00545916EA0203902051
B1135594518764N00545912EA0204002052
B1136004518769N00545910EA0204102053
B1136014518774N00545910EA0204302055
B1136024518779N00545912EA0204302055
B1136034518784N00545916EA0204402056
B1136044518787N00545922EA0204602058
B1136054518790N00545929EA0204802060
B1136064518791N00545936EA0205102063
B1136074518790N00545943EA0205202064
B1136084518788N00545950EA0205302065
B1136094518785N00545955EA0205302065
B1136104518781N00545959EA0205402066
B1136114518777N00545961EA0205402066
B1136124518772N00545960EA0205602068
B1136134518768N00545958EA0205602068
B1136144518765N00545954EA0205702069
B1136154518762N00545949EA0205902071
B1136164518762N00545943EA0206102073
B1136174518762N00545936EA0206202074
B1136184518764N00545930EA0206402076
B1136194518767N00545925EA0206502077
B1136204518772N00545921EA0206702079
B1136214518776N00545920EA0206702079
B1136224518782N00545920EA0206802080
B1136234518787N00545922EA0206802080
B1136244518791N00545926EA0206902081
B1136254518794N00545932EA0207102083
B1136264518797N00545939EA0207202084
B1136274518798N00545946EA0207302085
B1136284518797N00545954EA0207402086
B1136294518795N00545960EA0207502087
B1136304518792N00545965EA0207802090
B1136314518788N00545969EA0208002092
B1136324518783N00545971EA0208102093
B1136334518779N00545970EA0208302095
B1136344518775N00545968EA0208502097
B1136354518771N00545964EA0208602098
B1136364518769N00545958EA0208702099
B1136374518768N00545952EA0208802100
B1136384518769N00545946EA0208902101
B1136394518771N00545940EA0209102103
B1136404518774N00545935EA0209302105
B1136414518779N00545931EA0209402106
B1136424518784N00545929EA0209502107
B1136434518789N00545930EA0209602108
B1136444518794N00545932EA0209802110
B1136454518798N00545937EA0209702109
B1136464518802N00545942EA0209802110
B1136474518804N00545949EA0209902111
B1136484518804N00545957EA0210002112
B1136494518804N00545964EA0210102113
B1136504518802N00545970EA0210102113
B1136514518798N00545975EA0210302115
B1136524518794N00545979EA0210502117
B1136534518790N00545980EA0210602118
B1136544518786N00545980EA0210702119
B1136554518781N00545977EA0210802120
B1136564518778N00545973EA0210902121
B1136574518776N00545968EA0211102123
B1136584518775N00545961EA0211302125
B1136594518776N00545955EA0211402126
B1137004518778N00545949EA0211402126
B1137014518782N00545944EA0211402126
B1137024518786N00545941EA0211502127
B1137034518791N00545939EA0211602128
B1137044518796N00545940EA0211702129
B1137054518801N00545942EA0211802130
B1137064518805N00545947EA0212002132
B1137074518809N00545953EA0212102133
B1137084518811N00545959EA0212302135
B1137094518811N00545967EA0212402136
B1137104518811N00545974EA0212402136
B1137114518808N00545980EA0212502137
B1137124518805N00545985EA0212602138
B1137134518801N00545989EA0212602138
B1137144518797N00545990EA0212802140
B1137154518792N00545990EA0212802140
B1137164518788N00545987EA0212902141
B1137174518785N00545983EA0212902141
B1137184518783N00545977EA0213002142
B1137194518782N00545971EA0213202144
B1137204518783N00545964EA0213202144
B1137214518785N00545959EA0213302145
B1137224518789N00545954EA0213502147
B1137234518793N00545950EA0213502147
B1137244518798N00545949EA0213502147
B1137254518803N00545950EA0213702149
B1137264518808N00545952EA0213702149
B1137274518812N00545957EA0213902151
B1137284518816N00545963EA0213902151
B1137294518818N00545970EA0213902151
B1137304518818N00545977EA0214002152
B1137314518817N00545984EA0214102153
B1137324518815N00545990EA0214102153
B1137334518812N00545995EA0214302155
B1137344518808N00545999EA0214402156
B1137354518803N00546000EA0214502157
B1137364518799N00545999EA0214602158
B1137374518795N00545997EA0214802160
B1137384518792N00545992EA0215002162
B1137394518790N00545987EA0215202164
B1137404518789N00545980EA0215302165
B1137414518790N00545974EA0215402166
B1137424518792N00545968EA0215402166
B1137434518795N00545962EA0215402166
B1137444518797N00545955EA0215202164
B1137454518800N00545949EA0215002162
B1137464518802N00545942EA0214902161
B1137474518805N00545936EA0214902161
B1137484518808N00545929EA0214702159
B1137494518810N00545923EA0214502157
B1137504518813N00545916EA0214402156
B1137514518815N00545910EA0214302155
B1137524518818N00545903EA0214202154
B1137534518821N00545897EA0214102153
B1137544518823N00545890EA0214102153
B1137554518826N00545884EA0214002152
B1137564518829N00545878EA0213902151
B1137574518831N00545871EA0213802150
B1137584518834N00545865EA0213602148
B1137594518837N00545858EA0213502147
B1138004518839N00545852EA0213402146
B1138014518842N00545845EA0213402146
B1138024518844N00545838EA0213202144
B1138034518847N00545832EA0213102143
B1138044518849N00545826EA0213002142
B1138054518852N00545819EA0212902141
B1138064518855N00545813EA0212802140
B1138074518857N00545806EA0212602138
B1138084518860N00545800EA0212502137
B1138094518863N00545793EA0212502137
B1138104518866N00545787EA0212402136
B1138114518869N00545781EA0212202134
B1138124518871N00545774EA0212102133
B1138134518874N00545768EA0212002132
B1138144518876N00545761EA0212002132
B1138154518879N00545755EA0211902131
B1138164518882N00545749EA0211802130
B1138174518885N00545742EA0211702129
B1138184518887N00545736EA0211602128
B1138194518890N00545729EA0211502127
B1138204518893N00545723EA0211402126
B1138214518895N00545717EA0211302125
B1138224518898N00545710EA0211102123
B1138234518901N00545704EA0211102123
B1138244518904N00545697EA0211002122
B1138254518906N00545691EA0210902121
B1138264518909N00545685EA0210802120
B1138274518912N00545678EA0210702119
B1138284518914N00545672EA0210602118
B1138294518917N00545665EA0210502117
B1138304518919N00545659EA0210402116
B1138314518922N00545652EA0210202114
B1138324518924N00545646EA0210202114
B1138334518927N00545639EA0210002112
B1138344518930N00545633EA0209902111
B1138354518932N00545626EA0209802110
B1138364518935N00545620EA0209602108
B1138374518938N00545614EA0209702109
B1138384518940N00545607EA0209602108
B1138394518943N00545601EA0209502107
B1138404518946N00545594EA0209402106
B1138414518949N00545588EA0209302105
B1138424518951N00545582EA0209202104
B1138434518954N00545575EA0209102103
B1138444518957N00545569EA0209002102
B1138454518959N00545562EA0209002102
B1138464518962N00545556EA0208802100
B1138474518964N00545549EA0208702099
B1138484518967N00545543EA0208602098
B1138494518969N00545536EA0208402096
B1138504518972N00545529EA0208302095
B1138514518974N00545523EA0208202094
B1138524518977N00545516EA0208002092
B1138534518979N00545510EA0207902091
B1138544518982N00545503EA0207702089
B1138554518984N00545497EA0207602088
B1138564518986N00545490EA0207502087
B1138574518989N00545484EA0207302085
B1138584518992N00545477EA0207202084
B1138594518994N00545471EA0207002082
B1139004518997N00545464EA0207002082
B1139014518999N00545458EA0206902081
B1139024519002N00545451EA0206802080
B1139034519005N00545445EA0206802080
B1139044519007N00545438EA0206702079
B1139054519010N00545432EA0206602078
B1139064519013N00545426EA0206402076
B1139074519015N00545419EA0206302075
B1139084519018N00545413EA0206202074
B1139094519020N00545406EA0206102073
B1139104519023N00545399EA0206002072
B1139114519025N00545393EA0205802070
B1139124519027N00545386EA0205802070
B1139134519029N00545379EA0205702069
B1139144519031N00545372EA0205502067
B1139154519034N00545366EA0205402066
B1139164519036N00545359EA0205302065
B1139174519037N00545352EA0205202064
B1139184519039N00545345EA0205202064
B1139194519041N00545338EA0205102063
B1139204519043N00545331EA0204902061
B1139214519045N00545324EA0204802060
B1139224519047N00545318EA0204702059
B1139234519049N00545311EA0204602058
B1139244519051N00545304EA0204402056
B1139254519053N00545297EA0204402056
B1139264519055N00545290EA0204302055
B1139274519057N00545284EA0204202054
B1139284519059N00545277EA0204002052
B1139294519061N00545270EA0203902051
B1139304519063N00545263EA0203802050
B1139314519065N00545257EA0203702049
B1139324519067N00545250EA0203602048
B1139334519069N00545243EA0203402046
B1139344519071N00545236EA0203202044
B1139354519073N00545229EA0203102043
B1139364519075N00545222EA0202902041
B1139374519077N00545216EA0202902041
B1139384519079N00545209EA0202902041
B1139394519081N00545202EA0202802040
B1139404519083N00545195EA0202702039
B1139414519085N00545188EA0202502037
B1139424519087N00545181EA0202402036
B1139434519089N00545175EA0202302035
B1139444519091N00545168EA0202202034
B1139454519094N00545161EA0202102033
B1139464519096N00545155EA0202002032
B1139474519098N00545148EA0201902031
B1139484519101N00545141EA0201802030
B1139494519103N00545135EA0201602028
B1139504519105N00545128EA0201502027
B1139514519108N00545122EA0201402026
B1139524519110N00545115EA0201302025
B1139534519113N00545109EA0201202024
B1139544519116N00545102EA0201102023
B1139554519118N00545096EA0201002022
B1139564519121N00545089EA0201002022
B1139574519123N00545083EA0200802020
B1139584519125N00545076EA0200802020
B1139594519128N00545069EA0200702019
B1140004519130N00545063EA0200602018
B1140014519132N00545056EA0200602018
B1140024519134N00545049EA0200502017
B1140034519136N00545042EA0200302015
B1140044519138N00545035EA0200302015
B1140054519140N00545029EA0200202014
B1140064519143N00545022EA0200002012
B1140074519145N00545016EA0199902011
B1140084519149N00545011EA0200002012
B1140094519153N00545008EA0200002012
B1140104519158N00545006EA0200002012
B1140114519163N00545007EA0200002012
B1140124519168N00545010EA0200302015
B1140134519172N00545014EA0200402016
B1140144519176N00545020EA0200602018
B1140154519178N00545027EA0200702019
B1140164519178N00545035EA0200802020
B1140174519177N00545042EA0200902021
B1140184519175N00545048EA0201002022
B1140194519171N00545053EA0201302025
B1140204519167N00545056EA0201502027
B1140214519163N00545057EA0201502027
B1140224519158N00545057EA0201702029
B1140234519154N00545054EA0201802030
B1140244519151N00545049EA0202002032
B1140254519149N00545044EA0202002032
B1140264519149N00545037EA0202202034
B1140274519150N00545031EA0202202034
B1140284519152N00545025EA0202302035
B1140294519156N00545020EA0202502037
B1140304519160N00545017EA0202502037
B1140314519165N00545016EA0202602038
B1140324519171N00545017EA0202802040
B1140334519175N00545020EA0202902041
B1140344519180N00545024EA0203002042
B1140354519183N00545031EA0203102043
B1140364519185N00545038EA0203102043
B1140374519185N00545045EA0203202044
B1140384519184N00545052EA0203202044
B1140394519182N00545058EA0203302045
B1140404519178N00545063EA0203502047
B1140414519174N00545066EA0203702049
B1140424519169N00545067EA0203802050
B1140434519165N00545066EA0203802050
B1140444519161N00545063EA0203802050
B1140454519158N00545059EA0203902051
B1140464519156N00545053EA0204002052
B1140474519156N00545047EA0204102053
B1140484519157N00545040EA0204402056
B1140494519159N00545035EA0204702059
B1140504519163N00545030EA0204902061
B1140514519167N00545027EA0205102063
B1140524519173N00545026EA0205102063
B1140534519178N00545027EA0205302065
B1140544519183N00545030EA0205402066
B1140554519187N00545035EA0205602068
B1140564519190N00545041EA0205802070
B1140574519191N00545048EA0205902071
B1140584519192N00545055EA0206002072
B1140594519191N00545062EA0206002072
B1141004519188N00545068EA0206002072
B1141014519185N00545073EA0206102073
B1141024519181N00545076EA0206302075
B1141034519176N00545077EA0206302075
B1141044519172N00545076EA0206402076
B1141054519168N00545073EA0206502077
B1141064519165N00545068EA0206602078
B1141074519163N00545062EA0206702079
B1141084519163N00545056EA0206902081
B1141094519164N00545050EA0207002082
B1141104519166N00545044EA0207202084
B1141114519170N00545040EA0207402086
B1141124519175N00545037EA0207402086
B1141134519180N00545036EA0207402086
B1141144519185N00545037EA0207602088
B1141154519190N00545040EA0207702089
B1141164519194N00545045EA0207802090
B1141174519197N00545051EA0207902091
B1141184519198N00545058EA0207902091
B1141194519199N00545065EA0208102093
B1141204519198N00545072EA0208102093
B1141214519195N00545078EA0208302095
B1141224519191N00545083EA0208402096
B1141234519187N00545086EA0208602098
B1141244519183N00545087EA0208702099
B1141254519178N00545086EA0209002102
B1141264519175N00545082EA0209102103
B1141274519172N00545078EA0209202104
B1141284519170N00545072EA0209302105
B1141294519170N00545066EA0209302105
B1141304519171N00545059EA0209402106
B1141314519174N00545054EA0209602108
B1141324519177N00545049EA0209702109
B1141334519182N00545046EA0209902111
B1141344519187N00545045EA0210002112
B1141354519192N00545047EA0210202114
B1141364519197N00545050EA0210402116
B1141374519201N00545055EA0210402116
B1141384519204N00545061EA0210502117
B1141394519205N00545068EA0210602118
B1141404519206N00545076EA0210802120
B1141414519204N00545083EA0210902121
B1141424519202N00545089EA0211002122
B1141434519198N00545093EA0211202124
B1141444519194N00545096EA0211302125
B1141454519189N00545097EA0211402126
B1141464519185N00545095EA0211502127
B1141474519181N00545092EA0211602128
B1141484519178N00545087EA0211702129
B1141494519177N00545081EA0211802130
B1141504519177N00545075EA0211802130
B1141514519178N00545069EA0211902131
B1141524519181N00545063EA0212002132
B1141534519184N00545059EA0212102133
B1141544519189N00545056EA0212102133
B1141554519194N00545055EA0212302135
B1141564519199N00545057EA0212302135
B1141574519204N00545060EA0212502137
B1141584519208N00545065EA0212602138
B1141594519211N00545071EA0212802140
B1142004519212N00545078EA0212802140
B1142014519212N00545086EA0212902141
B1142024519211N00545093EA0213102143
B1142034519208N00545099EA0213302145
B1142044519205N00545103EA0213502147
B1142054519201N00545106EA0213602148
B1142064519196N00545106EA0213802150
B1142074519192N00545105EA0213802150
B1142084519188N00545102EA0213902151
B1142094519185N00545097EA0214002152
B1142104519184N00545091EA0214102153
B1142114519184N00545084EA0214302155
B1142124519185N00545078EA0214402156
B1142134519188N00545073EA0214502157
B1142144519192N00545068EA0214602158
B1142154519196N00545066EA0214702159
B1142164519201N00545065EA0214902161
B1142174519206N00545067EA0215002162
B1142184519211N00545070EA0215102163
B1142194519215N00545075EA0215302165
B1142204519218N00545081EA0215502167
B1142214519219N00545089EA0215502167
B1142224519219N00545096EA0215602168
B1142234519218N00545103EA0215702169
B1142244519215N00545109EA0215902171
B1142254519212N00545113EA0216002172
B1142264519207N00545116EA0216202174
B1142274519203N00545116EA0216302175
B1142284519198N00545115EA0216502177
B1142294519195N00545111EA0216702179
B1142304519192N00545106EA0216702179
B1142314519191N00545100EA0216902181
B1142324519191N00545094EA0217102183
B1142334519192N00545088EA0217202184
B1142344519195N00545082EA0217402186
B1142354519199N00545078EA0217402186
B1142364519203N00545075EA0217602188
B1142374519209N00545075EA0217702189
B1142384519214N00545076EA0217802190
B1142394519218N00545080EA0218002192
B1142404519222N00545085EA0218102193
B1142414519225N00545092EA0218302195
B1142424519226N00545099EA0218402196
B1142434519226N00545106EA0218602198
B1142444519225N00545113EA0218702199
B1142454519222N00545119EA0218902201
B1142464519218N00545123EA0219002202
B1142474519214N00545125EA0219102203
B1142484519209N00545126EA0219302205
B1142494519205N00545124EA0219402206
B1142504519201N00545121EA0219502207
B1142514519199N00545116EA0219602208
B1142524519197N00545110EA0219702209
B1142534519198N00545103EA0219802210
B1142544519199N00545097EA0219902211
B1142554519202N00545092EA0220102213
B1142564519206N00545088EA0220102213
B1142574519211N00545085EA0220402216
B1142584519216N00545085EA0220502217
B1142594519221N00545086EA0220502217
B1143004519226N00545090EA0220602218
B1143014519229N00545095EA0220602218
B1143024519232N00545102EA0220602218
B1143034519233N00545109EA0220702219
B1143044519233N00545116EA0220802220
B1143054519231N00545123EA0220902221
B1143064519229N00545129EA0220902221
B1143074519225N00545133EA0221102223
B1143084519221N00545135EA0221102223
B1143094519216N00545136EA0221202224
B1143104519212N00545134EA0221302225
B1143114519208N00545130EA0221502227
B1143124519206N00545125EA0221702229
B1143134519204N00545119EA0221802230
B1143144519205N00545113EA0221902231
B1143154519206N00545107EA0222002232
B1143164519209N00545101EA0222102233
B1143174519213N00545097EA0222102233
B1143184519218N00545095EA0222202234
B1143194519223N00545095EA0222402236
B1143204519228N00545096EA0222602238
B1143214519233N00545100EA0222602238
B1143224519236N00545105EA0222702239
B1143234519239N00545112EA0222802240
B1143244519240N00545119EA0223002242
B1143254519240N00545127EA0223202244
B1143264519238N00545133EA0223202244
B1143274519235N00545139EA0223302245
B1143284519232N00545143EA0223402246
B1143294519227N00545145EA0223702249
B1143304519223N00545145EA0223802250
B1143314519218N00545143EA0223802250
B1143324519215N00545140EA0223902251
B1143334519212N00545135EA0224102253
B1143344519211N00545129EA0224102253
B1143354519211N00545122EA0224302255
B1143364519213N00545116EA0224602258
B1143374519216N00545111EA0224702259
B1143384519220N00545107EA0224902261
B1143394519225N00545105EA0224902261
B1143404519230N00545104EA0225002262
B1143414519235N00545106EA0225102263
B1143424519240N00545110EA0225102263
B1143434519243N00545116EA0225202264
B1143444519246N00545122EA0225302265
B1143454519247N00545129EA0225302265
B1143464519247N00545137EA0225502267
B1143474519245N00545143EA0225702269
B1143484519242N00545149EA0225702269
B1143494519238N00545153EA0225802270
B1143504519234N00545155EA0225802270
B1143514519229N00545155EA0225902271
B1143524519225N00545153EA0226002272
B1143534519222N00545149EA0226002272
B1143544519218N00545145EA0225902271
B1143554519214N00545140EA0225802270
B1143564519210N00545136EA0225602268
B1143574519207N00545131EA0225602268
B1143584519203N00545127EA0225402266
B1143594519199N00545122EA0225302265
B1144004519195N00545118EA0225202264
B1144014519192N00545113EA0225002262
B1144024519188N00545108EA0224902261
B1144034519184N00545104EA0224802260
B1144044519180N00545099EA0224702259
B1144054519177N00545095EA0224502257
B1144064519173N00545090EA0224402256
B1144074519169N00545086EA0224302255
B1144084519165N00545081EA0224202254
B1144094519161N00545077EA0224002252
B1144104519158N00545073EA0223902251
B1144114519154N00545069EA0223902251
B1144124519150N00545065EA0223802250
B1144134519145N00545061EA0223702249
B1144144519142N00545057EA0223502247
B1144154519138N00545052EA0223402246
B1144164519133N00545048EA0223302245
B1144174519130N00545044EA0223202244
B1144184519126N00545040EA0223102243
B1144194519122N00545036EA0223002242
B1144204519118N00545032EA0222902241
B1144214519114N00545027EA0222802240
B1144224519110N00545023EA0222702239
B1144234519106N00545018EA0222602238
B1144244519102N00545014EA0222502237
B1144254519099N00545009EA0222302235
B1144264519095N00545005EA0222202234
B1144274519091N00545001EA0222002232
B1144284519087N00544996EA0221802230
B1144294519083N00544992EA0221702229
B1144304519080N00544987EA0221602228
B1144314519076N00544983EA0221402226
B1144324519072N00544979EA0221302225
B1144334519068N00544975EA0221102223
B1144344519064N00544971EA0220902221
B1144354519060N00544967EA0220802220
B1144364519056N00544962EA0220702219
B1144374519052N00544958EA0220602218
B1144384519048N00544954EA0220602218
B1144394519044N00544949EA0220402216
B1144404519041N00544945EA0220202214
B1144414519037N00544940EA0220102213
B1144424519033N00544935EA0220002212
B1144434519030N00544930EA0219902211
B1144444519026N00544925EA0219802210
B1144454519023N00544921EA0219602208
B1144464519019N00544916EA0219502207
B1144474519016N00544911EA0219302205
B1144484519012N00544906EA0219202204
B1144494519009N00544901EA0219102203
B1144504519006N00544895EA0218902201
B1144514519002N00544890EA0218802200
B1144524518999N00544885EA0218702199
B1144534518995N00544881EA0218602198
B1144544518992N00544876EA0218502197
B1144554518988N00544871EA0218402196
B1144564518985N00544866EA0218402196
B1144574518981N00544861EA0218202194
B1144584518978N00544856EA0218002192
B1144594518974N00544851EA0218002192
B1145004518971N00544846EA0217802190
B1145014518967N00544841EA0217802190
B1145024518964N00544836EA0217702189
B1145034518961N00544831EA0217602188
B1145044518957N00544826EA0217502187
B1145054518954N00544821EA0217402186
B1145064518951N00544815EA0217302185
B1145074518947N00544810EA0217102183
B1145084518944N00544805EA0216902181
B1145094518941N00544800EA0216802180
B1145104518938N00544794EA0216702179
B1145114518935N00544789EA0216502177
B1145124518932N00544783EA0216302175
B1145134518929N00544778EA0216302175
B1145144518926N00544772EA0216202174
B1145154518923N00544766EA0216102173
B1145164518920N00544761EA0216102173
B1145174518917N00544755EA0215902171
B1145184518914N00544749EA0215802170
B1145194518912N00544743EA0215602168
B1145204518909N00544738EA0215602168
B1145214518906N00544732EA0215502167
B1145224518903N00544726EA0215402166
B1145234518900N00544721EA0215202164
B1145244518897N00544715EA0215102163
B1145254518894N00544710EA0214902161
B1145264518891N00544704EA0214902161
B1145274518888N00544699EA0214802160
B1145284518884N00544694EA0214702159
B1145294518881N00544688EA0214602158
B1145304518878N00544682EA0214502157
B1145314518875N00544677EA0214302155
B1145324518872N00544671EA0214202154
B1145334518869N00544666EA0214102153
B1145344518867N00544660EA0214002152
B1145354518864N00544654EA0213802150
B1145364518861N00544649EA0213802150
B1145374518858N00544643EA0213702149
B1145384518855N00544638EA0213502147
B1145394518852N00544632EA0213402146
B1145404518849N00544626EA0213302145
B1145414518846N00544621EA0213202144
B1145424518843N00544615EA0213202144
B1145434518841N00544609EA0213102143
B1145444518838N00544603EA0212902141
B1145454518836N00544597EA0212802140
B1145464518833N00544591EA0212702139
B1145474518831N00544585EA0212602138
B1145484518828N00544578EA0212502137
B1145494518826N00544572EA0212502137
B1145504518824N00544566EA0212302135
B1145514518822N00544560EA0212102133
B1145524518820N00544553EA0212002132
B1145534518818N00544547EA0211802130
B1145544518815N00544541EA0211702129
B1145554518813N00544534EA0211602128
B1145564518811N00544528EA0211502127
B1145574518808N00544522EA0211402126
B1145584518806N00544516EA0211302125
B1145594518803N00544510EA0211202124
B1146004518801N00544504EA0211002122
B1146014518799N00544498EA0210902121
B1146024518796N00544491EA0210702119
B1146034518794N00544485EA0210602118
B1146044518792N00544479EA0210402116
B1146054518789N00544473EA0210302115
B1146064518787N00544466EA0210302115
B1146074518785N00544460EA0210102113
B1146084518783N00544454EA0210002112
B1146094518780N00544448EA0209802110
B1146104518778N00544441EA0209602108
B1146114518776N00544435EA0209502107
B1146124518773N00544429EA0209402106
B1146134518771N00544423EA0209302105
B1146144518768N00544417EA0209102103
B1146154518765N00544411EA0209002102
B1146164518763N00544406EA0209002102
B1146174518760N00544400EA0208902101
B1146184518757N00544394EA0208802100
B1146194518755N00544388EA0208802100
B1146204518752N00544382EA0208602098
B1146214518749N00544376EA0208502097
B1146224518747N00544370EA0208302095
B1146234518744N00544365EA0208202094
B1146244518741N00544359EA0208102093
B1146254518738N00544354EA0208002092
B1146264518734N00544348EA0207802090
B1146274518731N00544343EA0207702089
B1146284518728N00544337EA0207702089
B1146294518725N00544332EA0207502087
B1146304518723N00544326EA0207502087
B1146314518720N00544320EA0207402086
B1146324518717N00544314EA0207202084
B1146334518714N00544308EA0207102083
B1146344518712N00544302EA0207002082
B1146354518709N00544296EA0206902081
B1146364518707N00544290EA0206802080
B1146374518704N00544284EA0206702079
B1146384518702N00544278EA0206502077
B1146394518699N00544272EA0206402076
B1146404518697N00544266EA0206402076
B1146414518695N00544260EA0206202074
B1146424518692N00544254EA0206102073
B1146434518690N00544248EA0206002072
B1146444518687N00544242EA0205902071
B1146454518685N00544235EA0205802070
B1146464518683N00544229EA0205702069
B1146474518680N00544223EA0205602068
B1146484518678N00544217EA0205502067
B1146494518676N00544211EA0205302065
B1146504518673N00544204EA0205202064
B1146514518671N00544198EA0205102063
B1146524518669N00544192EA0205002062
B1146534518667N00544186EA0204802060
B1146544518664N00544179EA0204702059
B1146554518662N00544173EA0204602058
B1146564518660N00544167EA0204402056
B1146574518657N00544161EA0204302055
B1146584518655N00544155EA0204302055
B1146594518652N00544149EA0204102053
B1147004518650N00544143EA0203902051
B1147014518647N00544137EA0203902051
B1147024518645N00544131EA0203702049
B1147034518642N00544125EA0203602048
B1147044518640N00544118EA0203502047
B1147054518638N00544112EA0203402046
B1147064518636N00544106EA0203302045
B1147074518634N00544099EA0203202044
B1147084518631N00544093EA0203102043
B1147094518629N00544087EA0203002042
B1147104518627N00544081EA0202902041
B1147114518624N00544074EA0202802040
B1147124518622N00544068EA0202702039
B1147134518620N00544062EA0202502037
B1147144518618N00544056EA0202402036
B1147154518616N00544049EA0202302035
B1147164518613N00544043EA0202202034
B1147174518611N00544037EA0202102033
B1147184518609N00544031EA0201902031
B1147194518606N00544025EA0201802030
B1147204518604N00544019EA0201702029
B1147214518601N00544013EA0201702029
B1147224518599N00544006EA0201602028
B1147234518598N00544000EA0201702029
B1147244518598N00543994EA0201802030
B1147254518600N00543988EA0202002032
B1147264518604N00543983EA0202102033
B1147274518608N00543979EA0202102033
B1147284518613N00543977EA0202302035
B1147294518618N00543978EA0202502037
B1147304518623N00543980EA0202502037
B1147314518627N00543984EA0202502037
B1147324518631N00543990EA0202602038
B1147334518633N00543997EA0202702039
B1147344518634N00544004EA0202802040
B1147354518633N00544011EA0203002042
B1147364518631N00544018EA0203202044
B1147374518628N00544023EA0203402046
B1147384518624N00544027EA0203602048
B1147394518620N00544028EA0203702049
B1147404518615N00544028EA0203902051
B1147414518611N00544026EA0204102053
B1147424518608N00544021EA0204302055
B1147434518606N00544016EA0204402056
B1147444518605N00544010EA0204602058
B1147454518605N00544003EA0204702059
B1147464518607N00543997EA0204802060
B1147474518611N00543992EA0205002062
B1147484518615N00543989EA0205202064
B1147494518620N00543987EA0205302065
B1147504518625N00543988EA0205502067
B1147514518630N00543990EA0205602068
B1147524518634N00543994EA0205802070
B1147534518638N00544000EA0206002072
B1147544518640N00544007EA0206102073
B1147554518641N00544014EA0206202074
B1147564518640N00544022EA0206302075
B1147574518638N00544028EA0206402076
B1147584518635N00544033EA0206502077
B1147594518631N00544037EA0206702079
B1148004518626N00544038EA0206802080
B1148014518622N00544038EA0206802080
B1148024518618N00544035EA0206902081
B1148034518614N00544031EA0207202084
B1148044518612N00544025EA0207202084
B1148054518612N00544019EA0207302085
B1148064518612N00544013EA0207402086
B1148074518614N00544007EA0207602088
B1148084518618N00544002EA0207602088
B1148094518622N00543999EA0207802090
B1148104518627N00543997EA0207902091
B1148114518632N00543998EA0208102093
B1148124518637N00544000EA0208202094
B1148134518642N00544004EA0208202094
B1148144518645N00544010EA0208202094
B1148154518647N00544017EA0208302095
B1148164518648N00544025EA0208402096
B1148174518647N00544032EA0208602098
B1148184518645N00544038EA0208802100
B1148194518641N00544043EA0208902101
B1148204518637N00544047EA0208902101
B1148214518633N00544048EA0209002102
B1148224518628N00544047EA0209202104
B1148234518624N00544045EA0209402106
B1148244518621N00544040EA0209602108
B1148254518619N00544035EA0209702109
B1148264518619N00544029EA0209902111
B1148274518619N00544022EA0210002112
B1148284518622N00544016EA0210202114
B1148294518625N00544011EA0210302115
B1148304518629N00544008EA0210502117
B1148314518634N00544007EA0210602118
B1148324518640N00544007EA0210502117
B1148334518644N00544010EA0210802120
B1148344518649N00544015EA0210902121
B1148354518652N00544021EA0210902121
B1148364518654N00544027EA0211102123
B1148374518655N00544035EA0211302125
B1148384518654N00544042EA0211502127
B1148394518651N00544048EA0211602128
B1148404518648N00544053EA0211602128
B1148414518644N00544057EA0211702129
B1148424518639N00544058EA0211902131
B1148434518635N00544057EA0212002132
B1148444518631N00544054EA0212102133
B1148454518628N00544050EA0212202134
B1148464518626N00544044EA0212402136
B1148474518625N00544038EA0212502137
B1148484518626N00544032EA0212602138
B1148494518629N00544026EA0212702139
B1148504518632N00544021EA0212802140
B1148514518637N00544018EA0212802140
B1148524518642N00544017EA0212902141
B1148534518647N00544017EA0213102143
B1148544518652N00544020EA0213202144
B1148554518656N00544025EA0213402146
B1148564518659N00544031EA0213402146
B1148574518661N00544038EA0213702149
B1148584518661N00544045EA0213902151
B1148594518660N00544052EA0214102153
B1149004518658N00544058EA0214102153
B1149014518655N00544063EA0214202154
B1149024518651N00544066EA0214402156
B1149034518646N00544068EA0214502157
B1149044518642N00544067EA0214702159
B1149054518638N00544064EA0214802160
B1149064518635N00544059EA0215002162
B1149074518633N00544054EA0215002162
B1149084518632N00544047EA0215202164
B1149094518633N00544041EA0215202164
B1149104518636N00544035EA0215202164
B1149114518639N00544031EA0215402166
B1149124518644N00544027EA0215502167
B1149134518649N00544026EA0215602168
B1149144518654N00544027EA0215702169
B1149154518659N00544030EA0215902171
B1149164518663N00544035EA0216002172
B1149174518666N00544041EA0216002172
B1149184518668N00544048EA0216202174
B1149194518668N00544055EA0216302175
B1149204518667N00544062EA0216302175
B1149214518665N00544068EA0216402176
B1149224518661N00544073EA0216502177
B1149234518657N00544076EA0216702179
B1149244518653N00544077EA0216802180
B1149254518648N00544076EA0216902181
B1149264518645N00544073EA0217102183
B1149274518642N00544069EA0217202184
B1149284518640N00544063EA0217402186
B1149294518639N00544057EA0217502187
B1149304518640N00544051EA0217602188
B1149314518643N00544045EA0217602188
B1149324518646N00544040EA0217902191
B1149334518651N00544037EA0218002192
B1149344518656N00544036EA0218202194
B1149354518661N00544037EA0218302195
B1149364518666N00544040EA0218402196
B1149374518670N00544045EA0218502197
B1149384518673N00544051EA0218602198
B1149394518675N00544058EA0218802200
B1149404518675N00544065EA0218802200
B1149414518674N00544072EA0218902201
B1149424518672N00544079EA0219002202
B1149434518668N00544083EA0219102203
B1149444518664N00544086EA0219102203
B1149454518659N00544087EA0219202204
B1149464518655N00544086EA0219302205
B1149474518651N00544083EA0219402206
B1149484518648N00544078EA0219602208
B1149494518647N00544073EA0219702209
B1149504518646N00544066EA0219802210
B1149514518647N00544060EA0220002212
B1149524518650N00544054EA0220202214
B1149534518654N00544050EA0220402216
B1149544518658N00544047EA0220502217
B1149554518663N00544046EA0220702219
B1149564518668N00544047EA0220802220
B1149574518673N00544050EA0220902221
B1149584518677N00544055EA0221102223
B1149594518680N00544061EA0221302225
B1150004518682N00544068EA0221302225
B1150014518682N00544076EA0221402226
B1150024518681N00544083EA0221502227
B1150034518678N00544089EA0221702229
B1150044518675N00544093EA0221902231
B1150054518671N00544096EA0222102233
B1150064518666N00544097EA0222302235
B1150074518662N00544096EA0222402236
B1150084518658N00544093EA0222502237
B1150094518655N00544088EA0222502237
B1150104518653N00544082EA0222702239
B1150114518653N00544076EA0223002242
B1150124518654N00544069EA0223102243
B1150134518657N00544064EA0223102243
B1150144518661N00544059EA0223202244
B1150154518665N00544057EA0223302245
B1150164518670N00544056EA0223502247
B1150174518676N00544057EA0223502247
B1150184518680N00544060EA0223702249
B1150194518684N00544065EA0223802250
B1150204518687N00544071EA0223902251
B1150214518689N00544078EA0224102253
B1150224518689N00544086EA0224202254
B1150234518688N00544093EA0224302255
B1150244518685N00544099EA0224302255
B1150254518682N00544103EA0224402256
B1150264518677N00544106EA0224602258
B1150274518673N00544107EA0224602258
B1150284518668N00544105EA0224702259
B1150294518665N00544102EA0224802260
B1150304518662N00544097EA0224902261
B1150314518660N00544092EA0225002262
B1150324518660N00544085EA0225102263
B1150334518661N00544079EA0225202264
B1150344518664N00544073EA0225202264
B1150354518668N00544069EA0225402266
B1150364518672N00544066EA0225602268
B1150374518678N00544065EA0225702269
B1150384518683N00544067EA0225802270
B1150394518687N00544070EA0225902271
B1150404518691N00544075EA0226102273
B1150414518694N00544082EA0226202274
B1150424518696N00544089EA0226202274
B1150434518696N00544096EA0226402276
B1150444518694N00544103EA0226502277
B1150454518692N00544109EA0226702279
B1150464518688N00544113EA0226802280
B1150474518684N00544116EA0227002282
B1150484518679N00544117EA0227002282
B1150494518675N00544115EA0227102283
B1150504518671N00544112EA0227102283
B1150514518669N00544107EA0227202284
B1150524518667N00544101EA0227302285
B1150534518667N00544095EA0227502287
B1150544518668N00544088EA0227702289
B1150554518671N00544083EA0227802290
B1150564518675N00544079EA0227902291
B1150574518680N00544076EA0228002292
B1150584518685N00544075EA0228102293
B1150594518690N00544077EA0228202294
B1151004518695N00544080EA0228502297
B1151014518699N00544085EA0228602298
B1151024518701N00544092EA0228602298
B1151034518703N00544099EA0228702299
B1151044518703N00544106EA0228802300
B1151054518701N00544113EA0229002302
B1151064518699N00544119EA0229102303
B1151074518695N00544123EA0229202304
B1151084518691N00544126EA0229302305
B1151094518686N00544126EA0229302305
B1151104518682N00544125EA0229402306
B1151114518678N00544121EA0229502307
B1151124518675N00544116EA0229702309
B1151134518674N00544110EA0229902311
B1151144518674N00544104EA0229902311
B1151154518675N00544098EA0230002312
B1151164518678N00544092EA0230002312
B1151174518682N00544088EA0230202314
B1151184518687N00544086EA0230302315
B1151194518692N00544085EA0230502317
B1151204518697N00544087EA0230602318
B1151214518702N00544090EA0230802320
B1151224518706N00544095EA0231002322
B1151234518708N00544102EA0231102323
B1151244518710N00544109EA0231402326
B1151254518710N00544116EA0231602328
B1151264518708N00544123EA0231602328
B1151274518705N00544129EA0231702329
B1151284518702N00544133EA0231702329
B1151294518697N00544136EA0231802330
B1151304518693N00544136EA0231802330
B1151314518688N00544134EA0231902331
B1151324518685N00544131EA0232002332
B1151334518682N00544126EA0232102333
B1151344518681N00544120EA0232202334
B1151354518681N00544113EA0232302335
B1151364518682N00544107EA0232402336
B1151374518685N00544102EA0232502337
B1151384518689N00544098EA0232602338
B1151394518694N00544095EA0232802340
B1151404518699N00544095EA0233002342
B1151414518704N00544097EA0233002342
B1151424518709N00544100EA0233102343
B1151434518713N00544106EA0233302345
B1151444518715N00544112EA0233402346
B1151454518717N00544119EA0233502347
B1151464518716N00544127EA0233702349
B1151474518715N00544133EA0233802350
B1151484518712N00544139EA0233902351
B1151494518708N00544143EA0234002352
B1151504518704N00544146EA0234202354
B1151514518699N00544146EA0234302355
B1151524518695N00544144EA0234502357
B1151534518692N00544140EA0234702359
B1151544518689N00544135EA0234902361
B1151554518688N00544129EA0235002362
B1151564518688N00544123EA0235102363
B1151574518690N00544117EA0235302365
B1151584518692N00544111EA0235502367
B1151594518696N00544107EA0235602368
B1152004518701N00544105EA0235602368
B1152014518706N00544105EA0235702369
B1152024518711N00544107EA0235902371
B1152034518716N00544110EA0236002372
B1152044518721N00544114EA0235802370
B1152054518726N00544118EA0235702369
B1152064518731N00544122EA0235602368
B1152074518736N00544127EA0235502367
B1152084518741N00544131EA0235402366
B1152094518746N00544135EA0235202364
B1152104518751N00544139EA0235202364
B1152114518756N00544144EA0235002362
B1152124518761N00544148EA0235002362
B1152134518767N00544152EA0234902361
B1152144518772N00544156EA0234902361
B1152154518777N00544161EA0234702359
B1152164518782N00544165EA0234602358
B1152174518787N00544169EA0234502357
B1152184518792N00544173EA0234402356
B1152194518797N00544176EA0234302355
B1152204518802N00544180EA0234202354
B1152214518808N00544184EA0234102353
B1152224518813N00544187EA0234002352
B1152234518818N00544191EA0233902351
B1152244518823N00544194EA0233702349
B1152254518829N00544198EA0233602348
B1152264518834N00544201EA0233502347
B1152274518839N00544205EA0233402346
B1152284518844N00544208EA0233302345
B1152294518850N00544212EA0233202344
B1152304518855N00544216EA0233102343
B1152314518860N00544220EA0233002342
B1152324518865N00544224EA0232902341
B1152334518870N00544228EA0232802340
B1152344518875N00544232EA0232702339
B1152354518880N00544236EA0232602338
B1152364518886N00544240EA0232402336
B1152374518891N00544244EA0232302335
B1152384518896N00544247EA0232202334
B1152394518901N00544251EA0232102333
B1152404518907N00544254EA0232002332
B1152414518912N00544258EA0231902331
B1152424518917N00544262EA0231802330
B1152434518922N00544265EA0231702329
B1152444518927N00544270EA0231502327
B1152454518932N00544274EA0231402326
B1152464518937N00544278EA0231302325
B1152474518942N00544282EA0231202324
B1152484518948N00544286EA0231002322
B1152494518953N00544289EA0230802320
B1152504518958N00544293EA0230802320
B1152514518963N00544297EA0230602318
B1152524518968N00544300EA0230602318
B1152534518974N00544304EA0230502317
B1152544518979N00544307EA0230302315
B1152554518984N00544311EA0230102313
B1152564518990N00544315EA0229902311
B1152574518995N00544318EA0229802310
B1152584519000N00544322EA0229802310
B1152594519005N00544326EA0229702309
B1153004519010N00544330EA0229602308
B1153014519015N00544335EA0229502307
B1153024519020N00544339EA0229402306
B1153034519025N00544344EA0229202304
B1153044519030N00544349EA0229102303
B1153054519035N00544353EA0229002302
B1153064519039N00544358EA0228902301
B1153074519044N00544362EA0228902301
B1153084519049N00544367EA0228902301
B1153094519054N00544371EA0228802300
B1153104519059N00544375EA0228802300
B1153114519065N00544379EA0228702299
B1153124519070N00544382EA0228602298
B1153134519075N00544386EA0228402296
B1153144519080N00544389EA0228302295
B1153154519086N00544392EA0228202294
B1153164519091N00544395EA0228102293
B1153174519097N00544399EA0227902291
B1153184519102N00544402EA0227902291
B1153194519107N00544405EA0227802290
B1153204519113N00544408EA0227702289
B1153214519118N00544411EA0227702289
B1153224519123N00544414EA0227602288
B1153234519129N00544417EA0227602288
B1153244519134N00544420EA0227402286
B1153254519140N00544423EA0227302285
B1153264519145N00544427EA0227202284
B1153274519150N00544430EA0227102283
B1153284519156N00544433EA0227002282
B1153294519161N00544436EA0226902281
B1153304519166N00544439EA0226802280
B1153314519172N00544442EA0226702279
B1153324519177N00544446EA0226702279
B1153334519183N00544449EA0226602278
B1153344519188N00544452EA0226502277
B1153354519193N00544455EA0226402276
B1153364519199N00544458EA0226302275
B1153374519204N00544461EA0226302275
B1153384519210N00544464EA0226202274
B1153394519215N00544467EA0226102273
B1153404519221N00544470EA0226002272
B1153414519226N00544473EA0225902271
B1153424519231N00544475EA0225802270
B1153434519237N00544478EA0225602268
B1153444519242N00544480EA0225602268
B1153454519248N00544483EA0225502267
B1153464519254N00544485EA0225402266
B1153474519259N00544487EA0225302265
B1153484519265N00544489EA0225202264
B1153494519270N00544491EA0225102263
B1153504519276N00544493EA0225002262
B1153514519282N00544495EA0224802260
B1153524519287N00544497EA0224702259
B1153534519293N00544498EA0224702259
B1153544519299N00544500EA0224502257
B1153554519304N00544501EA0224402256
B1153564519310N00544503EA0224202254
B1153574519316N00544504EA0224202254
B1153584519321N00544506EA0224102253
B1153594519327N00544507EA0224002252
B1154004519333N00544509EA0223802250
B1154014519338N00544510EA0223702249
B1154024519344N00544512EA0223502247
B1154034519350N00544514EA0223302245
B1154044519355N00544515EA0223202244
B1154054519361N00544517EA0223102243
B1154064519367N00544519EA0223102243
B1154074519372N00544521EA0223002242
B1154084519378N00544523EA0222802240
B1154094519383N00544526EA0222702239
B1154104519389N00544528EA0222602238
B1154114519395N00544530EA0222502237
B1154124519400N00544531EA0222302235
B1154134519406N00544533EA0222202234
B1154144519411N00544535EA0222102233
B1154154519417N00544537EA0222002232
B1154164519423N00544538EA0221802230
B1154174519428N00544540EA0221702229
B1154184519434N00544542EA0221702229
B1154194519440N00544544EA0221602228
B1154204519445N00544545EA0221402226
B1154214519451N00544547EA0221302225
B1154224519457N00544548EA0221202224
B1154234519462N00544550EA0221102223
B1154244519468N00544552EA0221002222
B1154254519474N00544554EA0220802220
B1154264519479N00544555EA0220702219
B1154274519485N00544557EA0220602218
B1154284519491N00544559EA0220502217
B1154294519496N00544561EA0220402216
B1154304519502N00544563EA0220202214
B1154314519507N00544564EA0220202214
B1154324519513N00544566EA0220102213
B1154334519519N00544568EA0220002212
B1154344519524N00544570EA0219902211
B1154354519530N00544571EA0219802210
B1154364519536N00544573EA0219702209
B1154374519541N00544575EA0219602208
B1154384519547N00544577EA0219502207
B1154394519552N00544579EA0219402206
B1154404519558N00544581EA0219302205
B1154414519564N00544583EA0219202204
B1154424519569N00544585EA0219002202
B1154434519575N00544587EA0219002202
B1154444519581N00544589EA0218902201
B1154454519586N00544591EA0218802200
B1154464519592N00544594EA0218702199
B1154474519597N00544596EA0218602198
B1154484519603N00544598EA0218502197
B1154494519608N00544601EA0218402196
B1154504519614N00544603EA0218302195
B1154514519619N00544606EA0218202194
B1154524519625N00544608EA0218102193
B1154534519630N00544610EA0218002192
B1154544519636N00544613EA0217902191
B1154554519642N00544615EA0217802190
B1154564519647N00544617EA0217702189
B1154574519653N00544619EA0217602188
B1154584519658N00544621EA0217502187
B1154594519664N00544623EA0217402186
B1155004519670N00544625EA0217302185
B1155014519675N00544626EA0217302185
B1155024519681N00544628EA0217102183
B1155034519687N00544630EA0217002182
B1155044519692N00544632EA0216902181
B1155054519698N00544634EA0216802180
B1155064519704N00544635EA0216602178
B1155074519709N00544637EA0216502177
B1155084519715N00544639EA0216402176
B1155094519721N00544640EA0216202174
B1155104519726N00544642EA0216102173
B1155114519732N00544644EA0216002172
B1155124519737N00544646EA0215902171
B1155134519743N00544648EA0215802170
B1155144519749N00544649EA0215702169
B1155154519754N00544651EA0215502167
B1155164519760N00544652EA0215402166
B1155174519766N00544654EA0215302165
B1155184519771N00544656EA0215202164
B1155194519777N00544658EA0215002162
B1155204519782N00544660EA0214902161
B1155214519788N00544663EA0214702159
B1155224519794N00544665EA0214602158
B1155234519799N00544667EA0214502157
B1155244519805N00544670EA0214402156
B1155254519810N00544672EA0214302155
B1155264519816N00544675EA0214202154
B1155274519821N00544677EA0214102153
B1155284519827N00544680EA0213902151
B1155294519832N00544682EA0213802150
B1155304519838N00544684EA0213702149
B1155314519843N00544687EA0213602148
B1155324519849N00544689EA0213502147
B1155334519855N00544691EA0213402146
B1155344519860N00544694EA0213302145
B1155354519866N00544696EA0213302145
B1155364519871N00544698EA0213202144
B1155374519877N00544700EA0213102143
B1155384519882N00544702EA0212902141
B1155394519888N00544705EA0212702139
B1155404519894N00544707EA0212602138
B1155414519899N00544709EA0212602138
B1155424519905N00544711EA0212502137
B1155434519910N00544713EA0212402136
B1155444519916N00544715EA0212302135
B1155454519922N00544717EA0212102133
B1155464519926N00544720EA0212302135
B1155474519930N00544726EA0212402136
B1155484519933N00544732EA0212502137
B1155494519934N00544740EA0212602138
B1155504519933N00544747EA0212602138
B1155514519932N00544754EA0212702139
B1155524519929N00544759EA0212902141
B1155534519925N00544763EA0213002142
B1155544519921N00544766EA0213102143
B1155554519916N00544766EA0213302145
B1155564519912N00544764EA0213502147
B1155574519908N00544760EA0213602148
B1155584519906N00544755EA0213702149
B1155594519905N00544749EA0213902151
B1156004519905N00544742EA0214002152
B1156014519907N00544736EA0214102153
B1156024519910N00544731EA0214302155
B1156034519914N00544727EA0214402156
B1156044519919N00544725EA0214502157
B1156054519924N00544725EA0214602158
B1156064519929N00544727EA0214702159
B1156074519933N00544731EA0214802160
B1156084519937N00544736EA0214902161
B1156094519940N00544743EA0214802160
B1156104519941N00544750EA0214802160
B1156114519940N00544757EA0215002162
B1156124519939N00544764EA0215202164
B1156134519936N00544769EA0215302165
B1156144519932N00544773EA0215502167
B1156154519927N00544775EA0215602168
B1156164519923N00544775EA0215802170
B1156174519919N00544773EA0215802170
B1156184519915N00544769EA0215902171
B1156194519913N00544764EA0216002172
B1156204519912N00544758EA0216202174
B1156214519912N00544752EA0216302175
B1156224519914N00544746EA0216302175
B1156234519917N00544740EA0216502177
B1156244519921N00544737EA0216502177
B1156254519926N00544735EA0216502177
B1156264519931N00544735EA0216602178
B1156274519936N00544737EA0216702179
B1156284519941N00544741EA0216802180
B1156294519944N00544746EA0216902181
B1156304519947N00544753EA0217002182
B1156314519948N00544760EA0217102183
B1156324519947N00544767EA0217202184
B1156334519945N00544774EA0217102183
B1156344519942N00544779EA0217202184
B1156354519938N00544783EA0217302185
B1156364519934N00544785EA0217402186
B1156374519929N00544785EA0217502187
B1156384519925N00544783EA0217802190
B1156394519922N00544779EA0218002192
B1156404519920N00544774EA0218102193
B1156414519919N00544767EA0218202194
B1156424519919N00544761EA0218302195
B1156434519921N00544755EA0218402196
B1156444519924N00544750EA0218502197
B1156454519928N00544746EA0218502197
B1156464519933N00544744EA0218602198
B1156474519938N00544744EA0218702199
B1156484519943N00544747EA0218802200
B1156494519948N00544751EA0218902201
B1156504519951N00544756EA0219102203
B1156514519954N00544763EA0219202204
B1156524519954N00544770EA0219302205
B1156534519954N00544778EA0219402206
B1156544519952N00544784EA0219502207
B1156554519949N00544790EA0219602208
B1156564519945N00544793EA0219802210
B1156574519941N00544795EA0219902211
B1156584519936N00544795EA0220202214
B1156594519932N00544792EA0220302215
B1157004519929N00544788EA0220502217
B1157014519926N00544783EA0220602218
B1157024519925N00544777EA0220702219
B1157034519926N00544770EA0220802220
B1157044519928N00544764EA0221002222
B1157054519931N00544759EA0221102223
B1157064519935N00544756EA0221102223
B1157074519940N00544754EA0221302225
B1157084519945N00544754EA0221502227
B1157094519950N00544757EA0221602228
B1157104519955N00544761EA0221502227
B1157114519958N00544766EA0221602228
B1157124519961N00544773EA0221902231
B1157134519961N00544781EA0221902231
B1157144519961N00544788EA0222002232
B1157154519959N00544794EA0222102233
B1157164519956N00544800EA0222202234
B1157174519952N00544803EA0222402236
B1157184519947N00544805EA0222402236
B1157194519943N00544804EA0222402236
B1157204519939N00544802EA0222502237
B1157214519935N00544798EA0222702239
B1157224519933N00544793EA0222702239
B1157234519932N00544786EA0222702239
B1157244519933N00544780EA0222902241
B1157254519935N00544774EA0223002242
B1157264519938N00544769EA0223102243
B1157274519943N00544765EA0223302245
B1157284519947N00544764EA0223402246
B1157294519953N00544764EA0223402246
B1157304519958N00544767EA0223602248
B1157314519962N00544771EA0223702249
B1157324519965N00544777EA0223802250
B1157334519968N00544783EA0223902251
B1157344519968N00544791EA0224102253
B1157354519968N00544798EA0224302255
B1157364519966N00544804EA0224302255
B1157374519962N00544810EA0224402256
B1157384519958N00544813EA0224602258
B1157394519954N00544815EA0224702259
B1157404519949N00544814EA0224802260
B1157414519945N00544812EA0224902261
B1157424519942N00544808EA0225002262
B1157434519940N00544802EA0225002262
B1157444519939N00544796EA0225002262
B1157454519940N00544789EA0225102263
B1157464519942N00544783EA0225202264
B1157474519945N00544778EA0225302265
B1157484519950N00544775EA0225502267
B1157494519955N00544774EA0225702269
B1157504519960N00544774EA0225802270
B1157514519965N00544776EA0225802270
B1157524519969N00544781EA0225802270
B1157534519972N00544787EA0225902271
B1157544519975N00544794EA0226102273
B1157554519975N00544801EA0226302275
B1157564519974N00544808EA0226402276
B1157574519972N00544815EA0226402276
B1157584519969N00544820EA0226502277
B1157594519965N00544823EA0226602278
B1158004519961N00544825EA0226802280
B1158014519956N00544824EA0226802280
B1158024519952N00544821EA0226902281
B1158034519949N00544817EA0227002282
B1158044519947N00544811EA0227102283
B1158054519946N00544805EA0227102283
B1158064519947N00544799EA0227102283
B1158074519949N00544793EA0227202284
B1158084519953N00544788EA0227402286
B1158094519957N00544785EA0227502287
B1158104519962N00544783EA0227602288
B1158114519967N00544784EA0227702289
B1158124519972N00544786EA0228002292
B1158134519976N00544791EA0228102293
B1158144519980N00544797EA0228302295
B1158154519982N00544804EA0228302295
B1158164519982N00544811EA0228402296
B1158174519981N00544818EA0228502297
B1158184519979N00544825EA0228502297
B1158194519976N00544830EA0228702299
B1158204519972N00544833EA0228902301
B1158214519967N00544834EA0229002302
B1158224519963N00544834EA0229102303
B1158234519959N00544831EA0229202304
B1158244519956N00544827EA0229302305
B1158254519954N00544821EA0229302305
B1158264519953N00544815EA0229502307
B1158274519954N00544808EA0229602308
B1158284519956N00544802EA0229602308
B1158294519960N00544798EA0229702309
B1158304519964N00544794EA0229802310
B1158314519969N00544793EA0230002312
B1158324519974N00544794EA0230202314
B1158334519979N00544796EA0230302315
B1158344519983N00544801EA0230402316
B1158354519987N00544807EA0230502317
B1158364519989N00544814EA0230602318
B1158374519989N00544821EA0230602318
B1158384519988N00544828EA0230602318
B1158394519986N00544835EA0230802320
B1158404519982N00544840EA0230902321
B1158414519978N00544843EA0231002322
B1158424519974N00544844EA0231102323
B1158434519969N00544843EA0231302325
B1158444519966N00544840EA0231302325
B1158454519962N00544836EA0231602328
B1158464519961N00544830EA0231602328
B1158474519960N00544824EA0231802330
B1158484519961N00544818EA0232002332
B1158494519963N00544812EA0232102333
B1158504519967N00544807EA0232202334
B1158514519971N00544804EA0232302335
B1158524519976N00544803EA0232402336
B1158534519981N00544804EA0232502337
B1158544519986N00544806EA0232602338
B1158554519991N00544811EA0232702339
B1158564519994N00544817EA0232802340
B1158574519997N00544824EA0232702339
B1158584520001N00544831EA0232502337
B1158594520004N00544837EA0232402336
B1159004520008N00544844EA0232302335
B1159014520011N00544851EA0232202334
B1159024520015N00544857EA0232102333
B1159034520018N00544864EA0232002332
B1159044520021N00544871EA0231902331
B1159054520024N00544878EA0231802330
B1159064520027N00544885EA0231702329
B1159074520031N00544892EA0231602328
B1159084520034N00544899EA0231502327
B1159094520037N00544906EA0231402326
B1159104520040N00544913EA0231302325
B1159114520043N00544920EA0231202324
B1159124520046N00544927EA0231002322
B1159134520049N00544934EA0231002322
B1159144520052N00544941EA0230902321
B1159154520056N00544948EA0230802320
B1159164520059N00544955EA0230702319
B1159174520062N00544962EA0230602318
B1159184520065N00544969EA0230402316
B1159194520068N00544976EA0230302315
B1159204520071N00544983EA0230202314
B1159214520074N00544990EA0230102313
B1159224520077N00544997EA0229902311
B1159234520080N00545005EA0229802310
B1159244520083N00545012EA0229602308
B1159254520086N00545019EA0229502307
B1159264520089N00545026EA0229502307
B1159274520092N00545033EA0229302305
B1159284520095N00545040EA0229202304
B1159294520098N00545048EA0229102303
B1159304520101N00545055EA0228902301
B1159314520103N00545062EA0228702299
B1159324520106N00545070EA0228602298
B1159334520108N00545077EA0228502297
B1159344520111N00545085EA0228302295
B1159354520113N00545092EA0228302295
B1159364520116N00545099EA0228202294
B1159374520119N00545107EA0228002292
B1159384520121N00545114EA0227902291
B1159394520124N00545122EA0227802290
B1159404520126N00545129EA0227702289
B1159414520129N00545137EA0227602288
B1159424520132N00545144EA0227402286
B1159434520134N00545151EA0227302285
B1159444520137N00545159EA0227202284
B1159454520139N00545166EA0227102283
B1159464520142N00545174EA0227102283
B1159474520144N00545181EA0227002282
B1159484520147N00545189EA0226902281
B1159494520149N00545196EA0226802280
B1159504520152N00545204EA0226702279
B1159514520154N00545211EA0226602278
B1159524520157N00545219EA0226402276
B1159534520159N00545226EA0226302275
B1159544520161N00545234EA0226202274
B1159554520164N00545241EA0226102273
B1159564520166N00545249EA0226102273
B1159574520169N00545256EA0226002272
B1159584520171N00545264EA0225802270
B1159594520174N00545271EA0225702269
B1200004520176N00545279EA0225602268
B1200014520179N00545286EA0225502267
B1200024520182N00545293EA0225402266
B1200034520185N00545300EA0225302265
B1200044520188N00545308EA0225202264
B1200054520190N00545315EA0225102263
B1200064520193N00545322EA0224902261
B1200074520196N00545330EA0224702259
B1200084520199N00545337EA0224602258
B1200094520201N00545344EA0224502257
B1200104520204N00545352EA0224302255
B1200114520206N00545359EA0224202254
B1200124520209N00545366EA0224102253
B1200134520212N00545374EA0223902251
B1200144520214N00545381EA0223802250
B1200154520217N00545389EA0223702249
B1200164520219N00545396EA0223602248
B1200174520222N00545404EA0223502247
B1200184520224N00545411EA0223502247
B1200194520226N00545419EA0223302245
B1200204520229N00545427EA0223302245
B1200214520231N00545434EA0223202244
B1200224520233N00545442EA0223002242
B1200234520235N00545450EA0222902241
B1200244520237N00545457EA0222802240
B1200254520239N00545465EA0222702239
B1200264520240N00545473EA0222602238
B1200274520242N00545481EA0222502237
B1200284520244N00545489EA0222302235
B1200294520245N00545497EA0222202234
B1200304520247N00545505EA0222102233
B1200314520249N00545512EA0222002232
B1200324520251N00545520EA0221902231
B1200334520253N00545528EA0221802230
B1200344520254N00545536EA0221602228
B1200354520256N00545544EA0221502227
B1200364520258N00545552EA0221402226
B1200374520260N00545559EA0221302225
B1200384520262N00545567EA0221302225
B1200394520264N00545575EA0221102223
B1200404520266N00545583EA0221002222
B1200414520268N00545590EA0220902221
B1200424520270N00545598EA0220902221
B1200434520273N00545605EA0220802220
B1200444520275N00545613EA0220702219
B1200454520278N00545620EA0220502217
B1200464520281N00545628EA0220402216
B1200474520283N00545635EA0220302215
B1200484520286N00545642EA0220202214
B1200494520289N00545649EA0220102213
B1200504520292N00545656EA0220002212
B1200514520295N00545663EA0219902211
B1200524520299N00545670EA0219702209
B1200534520302N00545677EA0219602208
B1200544520305N00545684EA0219502207
B1200554520308N00545691EA0219402206
B1200564520311N00545699EA0219302205
B1200574520314N00545706EA0219202204
B1200584520317N00545713EA0219102203
B1200594520320N00545720EA0219002202
B1201004520323N00545727EA0218902201
B1201014520325N00545735EA0218802200
B1201024520328N00545742EA0218702199
B1201034520331N00545749EA0218602198
B1201044520334N00545756EA0218502197
B1201054520337N00545764EA0218402196
B1201064520339N00545771EA0218202194
B1201074520342N00545778EA0218102193
B1201084520345N00545786EA0218102193
B1201094520347N00545793EA0218002192
B1201104520350N00545801EA0217802190
B1201114520352N00545808EA0217702189
B1201124520355N00545815EA0217602188
B1201134520358N00545822EA0217502187
B1201144520361N00545829EA0217502187
B1201154520365N00545836EA0217402186
B1201164520368N00545843EA0217302185
B1201174520371N00545850EA0217202184
B1201184520374N00545857EA0217102183
B1201194520377N00545864EA0217002182
B1201204520380N00545871EA0216802180
B1201214520383N00545878EA0216702179
B1201224520387N00545885EA0216602178
B1201234520390N00545892EA0216502177
B1201244520393N00545899EA0216402176
B1201254520397N00545906EA0216302175
B1201264520400N00545913EA0216202174
B1201274520403N00545920EA0216002172
B1201284520406N00545927EA0215902171
B1201294520409N00545934EA0215802170
B1201304520412N00545941EA0215602168
B1201314520415N00545948EA0215502167
B1201324520418N00545955EA0215402166
B1201334520421N00545962EA0215202164
B1201344520424N00545969EA0215002162
B1201354520427N00545976EA0214902161
B1201364520431N00545983EA0214702159
B1201374520434N00545990EA0214702159
B1201384520437N00545997EA0214502157
B1201394520440N00546005EA0214402156
B1201404520442N00546012EA0214302155
B1201414520445N00546019EA0214202154
B1201424520448N00546026EA0214102153
B1201434520451N00546034EA0214002152
B1201444520454N00546041EA0213902151
B1201454520457N00546048EA0213702149
B1201464520460N00546055EA0213602148
B1201474520463N00546062EA0213502147
B1201484520466N00546069EA0213502147
B1201494520468N00546077EA0213302145
B1201504520471N00546084EA0213202144
B1201514520474N00546091EA0213102143
B1201524520477N00546098EA0212902141
B1201534520480N00546105EA0212802140
B1201544520483N00546113EA0212702139
B1201554520486N00546120EA0212602138
B1201564520489N00546127EA0212502137
B1201574520492N00546134EA0212402136
B1201584520495N00546141EA0212302135
B1201594520498N00546148EA0212202134
B1202004520501N00546155EA0212102133
B1202014520504N00546162EA0212102133
B1202024520507N00546169EA0211902131
B1202034520510N00546176EA0211902131
B1202044520513N00546183EA0211802130
B1202054520516N00546191EA0211702129
B1202064520519N00546198EA0211602128
B1202074520522N00546205EA0211502127
B1202084520525N00546212EA0211402126
B1202094520528N00546219EA0211302125
B1202104520531N00546226EA0211202124
B1202114520534N00546234EA0211102123
B1202124520537N00546241EA0211002122
B1202134520540N00546248EA0210902121
B1202144520544N00546254EA0210702119
B1202154520547N00546261EA0210702119
B1202164520550N00546268EA0210502117
B1202174520554N00546275EA0210402116
B1202184520557N00546281EA0210302115
B1202194520561N00546288EA0210102113
B1202204520565N00546294EA0210002112
B1202214520569N00546300EA0209902111
B1202224520573N00546306EA0209802110
B1202234520577N00546313EA0209702109
B1202244520581N00546319EA0209602108
B1202254520585N00546325EA0209502107
B1202264520589N00546331EA0209402106
B1202274520593N00546337EA0209302105
B1202284520595N00546343EA0209502107
B1202294520596N00546351EA0209902111
B1202304520596N00546358EA0210102113
B1202314520594N00546365EA0210402116
B1202324520591N00546370EA0210702119
B1202334520587N00546374EA0211002122
B1202344520583N00546376EA0211302125
B1202354520578N00546376EA0211502127
B1202364520574N00546374EA0211702129
B1202374520571N00546370EA0212002132
B1202384520568N00546365EA0212302135
B1202394520567N00546359EA0212602138
B1202404520568N00546352EA0212902141
B1202414520570N00546346EA0213202144
B1202424520573N00546341EA0213602148
B1202434520577N00546337EA0213902151
B1202444520582N00546335EA0214102153
B1202454520587N00546335EA0214402156
B1202464520592N00546337EA0214702159
B1202474520596N00546341EA0215002162
B1202484520600N00546347EA0215302165
B1202494520602N00546354EA0215602168
B1202504520603N00546361EA0215802170
B1202514520603N00546368EA0216002172
B1202524520601N00546375EA0216402176
B1202534520598N00546380EA0216702179
B1202544520594N00546384EA0217002182
B1202554520590N00546386EA0217202184
B1202564520585N00546386EA0217602188
B1202574520581N00546383EA0217902191
B1202584520578N00546380EA0218202194
B1202594520575N00546374EA0218402196
B1203004520574N00546368EA0218602198
B1203014520575N00546362EA0218902201
B1203024520577N00546356EA0219002202
B1203034520580N00546350EA0219202204
B1203044520584N00546347EA0219502207
B1203054520589N00546345EA0219702209
B1203064520594N00546345EA0220002212
B1203074520599N00546347EA0220302215
B1203084520603N00546351EA0220602218
B1203094520607N00546357EA0220902221
B1203104520609N00546364EA0221202224
B1203114520610N00546371EA0221502227
B1203124520610N00546378EA0221802230
B1203134520608N00546385EA0222202234
B1203144520605N00546390EA0222502237
B1203154520601N00546394EA0222602238
B1203164520596N00546396EA0222902241
B1203174520592N00546395EA0223302245
B1203184520588N00546393EA0223502247
B1203194520584N00546389EA0223802250
B1203204520582N00546384EA0224002252
B1203214520581N00546377EA0224402256
B1203224520582N00546371EA0224702259
B1203234520584N00546365EA0225102263
B1203244520587N00546360EA0225402266
B1203254520591N00546356EA0225602268
B1203264520596N00546355EA0225802270
B1203274520601N00546355EA0226102273
B1203284520606N00546357EA0226302275
B1203294520611N00546361EA0226402276
B1203304520614N00546367EA0226702279
B1203314520616N00546374EA0226902281
B1203324520617N00546381EA0227202284
B1203334520616N00546388EA0227702289
B1203344520614N00546395EA0227902291
B1203354520611N00546400EA0228202294
B1203364520607N00546404EA0228502297
B1203374520603N00546405EA0228802300
B1203384520598N00546405EA0229002302
B1203394520594N00546403EA0229202304
B1203404520591N00546399EA0229402306
B1203414520589N00546393EA0229602308
B1203424520588N00546387EA0229802310
B1203434520589N00546380EA0230102313
B1203444520591N00546375EA0230502317
B1203454520594N00546370EA0230702319
B1203464520598N00546366EA0231102323
B1203474520603N00546364EA0231402326
B1203484520608N00546365EA0231502327
B1203494520613N00546367EA0231802330
B1203504520618N00546371EA0232202334
B1203514520621N00546377EA0232302335
B1203524520623N00546384EA0232502337
B1203534520624N00546391EA0232902341
B1203544520623N00546399EA0233202344
B1203554520621N00546405EA0233502347
B1203564520618N00546410EA0233802350
B1203574520614N00546414EA0234002352
B1203584520610N00546415EA0234302355
B1203594520605N00546415EA0234602358
B1204004520601N00546412EA0234802360
B1204014520598N00546408EA0235002362
B1204024520596N00546403EA0235302365
B1204034520595N00546396EA0235602368
B1204044520596N00546390EA0235902371
B1204054520598N00546384EA0236102373
B1204064520601N00546379EA0236402376
B1204074520605N00546376EA0236602378
B1204084520610N00546374EA0236902381
B1204094520616N00546375EA0237002382
B1204104520621N00546377EA0237202384
B1204114520625N00546382EA0237502387
B1204124520628N00546387EA0237702389
B1204134520630N00546394EA0238002392
B1204144520631N00546402EA0238202394
B1204154520630N00546409EA0238502397
B1204164520628N00546415EA0238902401
B1204174520625N00546420EA0239202404
B1204184520621N00546424EA0239502407
B1204194520616N00546425EA0239802410
B1204204520612N00546424EA0240002412
B1204214520608N00546422EA0240302415
B1204224520605N00546418EA0240602418
B1204234520603N00546412EA0240902421
B1204244520602N00546406EA0241202424
B1204254520603N00546399EA0241502427
B1204264520605N00546393EA0241902431
B1204274520608N00546389EA0242102433
B1204284520613N00546385EA0242302435
B1204294520618N00546384EA0242502437
B1204304520623N00546384EA0242802440
B1204314520628N00546387EA0243002442
B1204324520632N00546392EA0243402446
B1204334520635N00546398EA0243702449
B1204344520637N00546405EA0244002452
B1204354520638N00546412EA0244302455
B1204364520637N00546419EA0244502457
B1204374520635N00546425EA0244702459
B1204384520631N00546430EA0244902461
B1204394520627N00546434EA0245302465
B1204404520623N00546435EA0245602468
B1204414520618N00546434EA0246002472
B1204424520614N00546431EA0246202474
B1204434520611N00546427EA0246502477
B1204444520609N00546421EA0246802480
B1204454520609N00546415EA0247002482
B1204464520610N00546409EA0247202484
B1204474520612N00546403EA0247602488
B1204484520615N00546398EA0247802490
B1204494520620N00546395EA0248002492
B1204504520625N00546394EA0248502497
B1204514520630N00546394EA0248802500
B1204524520635N00546397EA0249002502
B1204534520639N00546402EA0249302505
B1204544520642N00546408EA0249602508
B1204554520644N00546415EA0249802510
B1204564520645N00546422EA0250202514
B1204574520644N00546429EA0250402516
B1204584520642N00546435EA0250702519
B1204594520638N00546440EA0251102523
B1205004520634N00546444EA0251402526
B1205014520630N00546445EA0251602528
B1205024520625N00546444EA0251802530
B1205034520621N00546441EA0252202534
B1205044520618N00546437EA0252302535
B1205054520616N00546431EA0252602538
B1205064520616N00546425EA0252902541
B1205074520617N00546418EA0253202544
B1205084520619N00546412EA0253502547
B1205094520623N00546408EA0253702549
B1205104520627N00546405EA0254102553
B1205114520632N00546403EA0254302555
B1205124520637N00546404EA0254502557
B1205134520642N00546407EA0254902561
B1205144520646N00546412EA0255102563
B1205154520649N00546418EA0255302565
B1205164520651N00546425EA0255502567
B1205174520652N00546432EA0255702569
B1205184520651N00546439EA0256102573
B1205194520648N00546446EA0256302575
B1205204520645N00546450EA0256602578
B1205214520641N00546453EA0256802580
B1205224520636N00546455EA0257202584
B1205234520632N00546454EA0257302585
B1205244520628N00546451EA0257802590
B1205254520625N00546446EA0258102593
B1205264520623N00546440EA0258502597
B1205274520623N00546434EA0258802600
B1205284520624N00546428EA0259202604
B1205294520626N00546422EA0259502607
B1205304520630N00546417EA0259902611
B1205314520634N00546414EA0260102613
B1205324520639N00546413EA0260502617
B1205334520644N00546414EA0260802620
B1205344520649N00546417EA0261202624
B1205354520653N00546422EA0261502627
B1205364520656N00546428EA0261802630
B1205374520658N00546435EA0262102633
B1205384520659N00546442EA0262302635
B1205394520657N00546450EA0262602638
B1205404520655N00546456EA0263002642
B1205414520652N00546460EA0263202644
B1205424520647N00546463EA0263602648
B1205434520643N00546464EA0263802650
B1205444520638N00546463EA0264102653
B1205454520635N00546460EA0264502657
B1205464520632N00546456EA0264802660
B1205474520630N00546450EA0265002662
B1205484520630N00546443EA0265202664
B1205494520631N00546437EA0265602668
B1205504520633N00546431EA0265902671
B1205514520637N00546427EA0266102673
B1205524520641N00546424EA0266302675
B1205534520646N00546423EA0266602678
B1205544520652N00546424EA0266902681
B1205554520656N00546427EA0267102683
B1205564520660N00546432EA0267402686
B1205574520663N00546438EA0267602688
B1205584520665N00546445EA0267902691
B1205594520665N00546453EA0268102693
B1206004520664N00546460EA0268302695
B1206014520662N00546466EA0268702699
B1206024520658N00546470EA0268902701
B1206034520654N00546473EA0269202704
B1206044520650N00546474EA0269502707
B1206054520645N00546473EA0269802710
B1206064520641N00546470EA0270102713
B1206074520638N00546465EA0270402716
B1206084520637N00546459EA0270802720
B1206094520636N00546453EA0271202724
B1206104520638N00546447EA0271602728
B1206114520640N00546441EA0271902731
B1206124520644N00546436EA0272302735
B1206134520649N00546434EA0272502737
B1206144520654N00546433EA0272802740
B1206154520659N00546434EA0273102743
B1206164520664N00546437EA0273302745
B1206174520668N00546442EA0273602748
B1206184520671N00546448EA0273902751
B1206194520672N00546456EA0274202754
B1206204520672N00546463EA0274402756
B1206214520671N00546470EA0274902761
B1206224520669N00546476EA0275202764
B1206234520665N00546480EA0275402766
B1206244520661N00546483EA0275602768
B1206254520656N00546484EA0275902771
B1206264520652N00546483EA0276202774
B1206274520648N00546479EA0276502777
B1206284520645N00546475EA0277002782
B1206294520644N00546469EA0277202784
B1206304520643N00546462EA0277502787
B1206314520645N00546456EA0277802790
B1206324520647N00546450EA0278102793
B1206334520651N00546446EA0278402796
B1206344520656N00546443EA0278702799
B1206354520661N00546443EA0279002802
B1206364520666N00546444EA0279302805
B1206374520671N00546447EA0279502807
B1206384520675N00546452EA0279802810
B1206394520678N00546459EA0280102813
B1206404520679N00546466EA0280402816
B1206414520679N00546473EA0280802820
B1206424520678N00546480EA0281102823
B1206434520675N00546486EA0281402826
B1206444520672N00546490EA0281702829
B1206454520667N00546493EA0282002832
B1206464520663N00546494EA0282302835
B1206474520658N00546492EA0282702839
B1206484520655N00546489EA0282902841
B1206494520652N00546484EA0283202844
B1206504520650N00546478EA0283602848
B1206514520649N00546471EA0283502847
B1206524520647N00546465EA0283402846
B1206534520646N00546458EA0283302845
B1206544520644N00546452EA0283102843
B1206554520642N00546445EA0283002842
B1206564520641N00546438EA0282902841
B1206574520639N00546432EA0282802840
B1206584520637N00546425EA0282702839
B1206594520635N00546419EA0282702839
B1207004520633N00546413EA0282602838
B1207014520630N00546406EA0282502837
B1207024520628N00546400EA0282402836
B1207034520626N00546393EA0282302835
B1207044520624N00546387EA0282102833
B1207054520622N00546380EA0282002832
B1207064520620N00546374EA0281802830
B1207074520618N00546368EA0281802830
B1207084520616N00546361EA0281702829
B1207094520614N00546355EA0281502827
B1207104520612N00546349EA0281402826
B1207114520610N00546342EA0281302825
B1207124520608N00546336EA0281302825
B1207134520606N00546329EA0281202824
B1207144520604N00546323EA0281002822
B1207154520602N00546316EA0281002822
B1207164520600N00546310EA0280902821
B1207174520599N00546303EA0280702819
B1207184520597N00546296EA0280602818
B1207194520596N00546289EA0280502817
B1207204520594N00546283EA0280402816
B1207214520593N00546276EA0280302815
B1207224520591N00546269EA0280202814
B1207234520590N00546262EA0280102813
B1207244520589N00546256EA0280002812
B1207254520587N00546249EA0279902811
B1207264520586N00546242EA0279702809
B1207274520585N00546235EA0279702809
B1207284520583N00546228EA0279602808
B1207294520582N00546222EA0279502807
B1207304520581N00546215EA0279402806
B1207314520580N00546208EA0279402806
B1207324520578N00546201EA0279202804
B1207334520577N00546194EA0279002802
B1207344520576N00546187EA0278902801
B1207354520575N00546180EA0278802800
B1207364520573N00546174EA0278702799
B1207374520572N00546167EA0278602798
B1207384520571N00546160EA0278402796
B1207394520570N00546153EA0278302795
B1207404520568N00546146EA0278202794
B1207414520567N00546139EA0278002792
B1207424520566N00546132EA0277902791
B1207434520565N00546126EA0277802790
B1207444520564N00546119EA0277702789
B1207454520562N00546112EA0277602788
B1207464520561N00546105EA0277402786
B1207474520559N00546098EA0277302785
B1207484520558N00546091EA0277202784
B1207494520557N00546085EA0277102783
B1207504520556N00546078EA0277002782
B1207514520555N00546071EA0276902781
B1207524520554N00546064EA0276802780
B1207534520553N00546057EA0276702779
B1207544520552N00546050EA0276502777
B1207554520551N00546043EA0276402776
B1207564520550N00546036EA0276302775
B1207574520549N00546029EA0276202774
B1207584520548N00546022EA0276202774
B1207594520547N00546015EA0276102773
B1208004520546N00546008EA0276002772
B1208014520545N00546001EA0275802770
B1208024520544N00545994EA0275802770
B1208034520543N00545987EA0275602768
B1208044520542N00545980EA0275502767
B1208054520541N00545973EA0275502767
B1208064520541N00545966EA0275402766
B1208074520540N00545959EA0275302765
B1208084520539N00545952EA0275202764
B1208094520539N00545945EA0275102763
B1208104520538N00545938EA0275002762
B1208114520537N00545931EA0274802760
B1208124520536N00545924EA0274802760
B1208134520536N00545917EA0274702759
B1208144520535N00545910EA0274502757
B1208154520534N00545903EA0274402756
B1208164520533N00545896EA0274402756
B1208174520532N00545889EA0274202754
B1208184520531N00545882EA0274102753
B1208194520530N00545875EA0274102753
B1208204520529N00545868EA0274002752
B1208214520528N00545861EA0273902751
B1208224520527N00545854EA0273802750
B1208234520526N00545847EA0273702749
B1208244520525N00545840EA0273602748
B1208254520524N00545833EA0273502747
B1208264520523N00545826EA0273502747
B1208274520522N00545820EA0273302745
B1208284520521N00545813EA0273202744
B1208294520520N00545806EA0273102743
B1208304520518N00545799EA0273002742
B1208314520517N00545792EA0272902741
B1208324520516N00545785EA0272702739
B1208334520515N00545778EA0272602738
B1208344520514N00545771EA0272502737
B1208354520513N00545764EA0272402736
B1208364520512N00545757EA0272202734
B1208374520511N00545750EA0272102733
B1208384520510N00545743EA0271902731
B1208394520509N00545736EA0271902731
B1208404520508N00545730EA0271702729
B1208414520506N00545723EA0271502727
B1208424520505N00545716EA0271402726
B1208434520504N00545709EA0271302725
B1208444520502N00545702EA0271202724
B1208454520501N00545695EA0271002722
B1208464520500N00545688EA0270802720
B1208474520499N00545681EA0270702719
B1208484520498N00545675EA0270702719
B1208494520497N00545668EA0270602718
B1208504520496N00545661EA0270502717
B1208514520495N00545654EA0270302715
B1208524520494N00545647EA0270302715
B1208534520493N00545640EA0270102713
B1208544520492N00545633EA0270102713
B1208554520491N00545626EA0269902711
B1208564520490N00545619EA0269902711
B1208574520489N00545612EA0269702709
B1208584520489N00545605EA0269602708
B1208594520488N00545598EA0269402706
B1209004520488N00545591EA0269302705
B1209014520487N00545584EA0269202704
B1209024520486N00545577EA0269102703
B1209034520486N00545570EA0269002702
B1209044520485N00545562EA0268802700
B1209054520485N00545555EA0268702699
B1209064520484N00545548EA0268602698
B1209074520484N00545541EA0268502697
B1209084520483N00545534EA0268302695
B1209094520483N00545527EA0268202694
B1209104520482N00545520EA0268102693
B1209114520482N00545513EA0268002692
B1209124520482N00545506EA0267902691
B1209134520481N00545498EA0267702689
B1209144520481N00545491EA0267502687
B1209154520481N00545484EA0267502687
B1209164520480N00545477EA0267402686
B1209174520480N00545470EA0267302685
B1209184520480N00545463EA0267202684
B1209194520480N00545456EA0267002682
B1209204520479N00545448EA0267002682
B1209214520479N00545441EA0266802680
B1209224520479N00545434EA0266702679
B1209234520479N00545427EA0266602678
B1209244520478N00545420EA0266602678
B1209254520478N00545413EA0266502677
B1209264520477N00545406EA0266302675
B1209274520477N00545399EA0266202674
B1209284520476N00545392EA0266202674
B1209294520476N00545384EA0266102673
B1209304520475N00545377EA0265902671
B1209314520475N00545370EA0265802670
B1209324520474N00545363EA0265702669
B1209334520473N00545356EA0265602668
B1209344520472N00545349EA0265602668
B1209354520472N00545342EA0265502667
B1209364520471N00545335EA0265402666
B1209374520470N00545328EA0265302665
B1209384520469N00545321EA0265102663
B1209394520468N00545314EA0265102663
B1209404520467N00545307EA0264902661
B1209414520466N00545300EA0264902661
B1209424520465N00545293EA0264802660
B1209434520464N00545286EA0264702659
B1209444520463N00545279EA0264502657
B1209454520462N00545273EA0264402656
B1209464520461N00545266EA0264302655
B1209474520459N00545259EA0264202654
B1209484520458N00545252EA0264102653
B1209494520457N00545245EA0263902651
B1209504520456N00545238EA0263802650
B1209514520455N00545231EA0263702649
B1209524520454N00545224EA0263502647
B1209534520453N00545217EA0263502647
B1209544520452N00545210EA0263302645
B1209554520451N00545203EA0263102643
B1209564520450N00545196EA0263002642
B1209574520449N00545189EA0263002642
B1209584520449N00545182EA0262902641
B1209594520448N00545175EA0262802640
B1210004520447N00545168EA0262702639
B1210014520446N00545161EA0262602638
B1210024520446N00545154EA0262502637
B1210034520445N00545147EA0262402636
B1210044520444N00545140EA0262402636
B1210054520443N00545133EA0262302635
B1210064520444N00545127EA0262702639
B1210074520447N00545121EA0262902641
B1210084520450N00545116EA0263102643
B1210094520454N00545113EA0263302645
B1210104520459N00545111EA0263402646
B1210114520465N00545112EA0263402646
B1210124520470N00545115EA0263602648
B1210134520474N00545120EA0263802650
B1210144520477N00545126EA0263902651
B1210154520479N00545133EA0263902651
B1210164520479N00545140EA0264102653
B1210174520478N00545147EA0264102653
B1210184520476N00545153EA0264302655
B1210194520473N00545158EA0264502657
B1210204520469N00545161EA0264602658
B1210214520464N00545163EA0264802660
B1210224520460N00545162EA0264802660
B1210234520456N00545159EA0265002662
B1210244520453N00545154EA0265202664
B1210254520451N00545149EA0265302665
B1210264520450N00545142EA0265502667
B1210274520451N00545136EA0265602668
B1210284520454N00545130EA0265802670
B1210294520457N00545126EA0266102673
B1210304520462N00545122EA0266102673
B1210314520467N00545121EA0266202674
B1210324520472N00545122EA0266302675
B1210334520477N00545125EA0266302675
B1210344520481N00545130EA0266402676
B1210354520484N00545136EA0266602678
B1210364520486N00545143EA0266702679
B1210374520486N00545150EA0266702679
B1210384520485N00545157EA0266802680
B1210394520483N00545163EA0266902681
B1210404520479N00545168EA0266902681
B1210414520475N00545171EA0267102683
B1210424520471N00545172EA0267202684
B1210434520466N00545171EA0267302685
B1210444520463N00545168EA0267402686
B1210454520460N00545164EA0267502687
B1210464520458N00545158EA0267602688
B1210474520457N00545152EA0267702689
B1210484520458N00545146EA0267802690
B1210494520461N00545140EA0268002692
B1210504520464N00545135EA0268202694
B1210514520469N00545132EA0268302695
B1210524520474N00545131EA0268502697
B1210534520479N00545132EA0268502697
B1210544520484N00545135EA0268602698
B1210554520488N00545140EA0268802700
B1210564520491N00545146EA0268902701
B1210574520493N00545153EA0269102703
B1210584520493N00545160EA0269302705
B1210594520492N00545167EA0269302705
B1211004520490N00545173EA0269402706
B1211014520486N00545178EA0269602708
B1211024520482N00545181EA0269802710
B1211034520477N00545182EA0269802710
B1211044520473N00545181EA0270102713
B1211054520469N00545178EA0270202714
B1211064520466N00545173EA0270302715
B1211074520465N00545168EA0270502717
B1211084520464N00545161EA0270602718
B1211094520465N00545155EA0270802720
B1211104520468N00545149EA0271002722
B1211114520471N00545145EA0271002722
B1211124520476N00545142EA0271202724
B1211134520481N00545141EA0271302725
B1211144520486N00545142EA0271402726
B1211154520491N00545145EA0271502727
B1211164520495N00545150EA0271602728
B1211174520498N00545156EA0271802730
B1211184520500N00545163EA0271802730
B1211194520500N00545170EA0272002732
B1211204520499N00545178EA0272102733
B1211214520496N00545184EA0272202734
B1211224520493N00545188EA0272402736
B1211234520489N00545191EA0272402736
B1211244520484N00545192EA0272502737
B1211254520480N00545191EA0272602738
B1211264520476N00545188EA0272702739
B1211274520473N00545183EA0272902741
B1211284520471N00545177EA0272902741
B1211294520471N00545171EA0273102743
B1211304520472N00545164EA0273102743
B1211314520475N00545159EA0273302745
B1211324520479N00545154EA0273402746
B1211334520483N00545152EA0273502747
B1211344520488N00545151EA0273602748
B1211354520493N00545152EA0273702749
B1211364520498N00545155EA0273802750
B1211374520502N00545160EA0274102753
B1211384520505N00545166EA0274202754
B1211394520507N00545173EA0274402756
B1211404520507N00545181EA0274502757
B1211414520506N00545188EA0274702759
B1211424520503N00545194EA0274802760
B1211434520500N00545198EA0274902761
B1211444520495N00545201EA0275102763
B1211454520491N00545202EA0275102763
B1211464520486N00545200EA0275202764
B1211474520483N00545197EA0275302765
B1211484520480N00545192EA0275302765
B1211494520478N00545187EA0275502767
B1211504520478N00545180EA0275602768
B1211514520479N00545174EA0275802770
B1211524520482N00545168EA0275902771
B1211534520486N00545164EA0275902771
B1211544520490N00545161EA0276002772
B1211554520495N00545160EA0276202774
B1211564520501N00545162EA0276402776
B1211574520505N00545165EA0276502777
B1211584520509N00545170EA0276602778
B1211594520512N00545176EA0276702779
B1212004520514N00545184EA0276902781
B1212014520514N00545191EA0277102783
B1212024520512N00545198EA0277302785
B1212034520510N00545204EA0277302785
B1212044520506N00545208EA0277402786
B1212054520502N00545211EA0277502787
B1212064520497N00545212EA0277402786
B1212074520493N00545210EA0277502787
B1212084520489N00545207EA0277702789
B1212094520487N00545202EA0277802790
B1212104520485N00545196EA0277902791
B1212114520485N00545190EA0278002792
B1212124520486N00545183EA0278202794
B1212134520489N00545178EA0278302795
B1212144520493N00545174EA0278402796
B1212154520498N00545171EA0278602798
B1212164520503N00545170EA0278602798
B1212174520508N00545172EA0278802800
B1212184520513N00545175EA0278802800
B1212194520516N00545180EA0278902801
B1212204520519N00545187EA0279302805
B1212214520521N00545194EA0279402806
B1212224520521N00545201EA0279502807
B1212234520519N00545208EA0279602808
B1212244520517N00545214EA0279702809
B1212254520513N00545218EA0279802810
B1212264520509N00545221EA0280002812
B1212274520504N00545221EA0280102813
B1212284520500N00545220EA0280302815
B1212294520496N00545216EA0280402816
B1212304520493N00545211EA0280602818
B1212314520492N00545205EA0280602818
B1212324520492N00545199EA0280602818
B1212334520493N00545193EA0280702819
B1212344520496N00545187EA0280902821
B1212354520500N00545183EA0281002822
B1212364520505N00545181EA0281102823
B1212374520510N00545180EA0281202824
B1212384520515N00545182EA0281202824
B1212394520520N00545185EA0281402826
B1212404520524N00545190EA0281402826
B1212414520526N00545197EA0281502827
B1212424520528N00545204EA0281602828
B1212434520528N00545211EA0281802830
B1212444520526N00545218EA0281902831
B1212454520523N00545224EA0281902831
B1212464520520N00545228EA0282102833
B1212474520515N00545231EA0282402836
B1212484520511N00545231EA0282502837
B1212494520506N00545229EA0282702839
B1212504520503N00545226EA0282802840
B1212514520500N00545221EA0282802840
B1212524520499N00545215EA0282902841
B1212534520499N00545208EA0282902841
B1212544520500N00545202EA0283002842
B1212554520503N00545197EA0283202844
B1212564520507N00545193EA0283302845
B1212574520512N00545190EA0283402846
B1212584520517N00545190EA0283602848
B1212594520523N00545189EA0283402846
B1213004520528N00545189EA0283302845
B1213014520534N00545188EA0283202844
B1213024520540N00545188EA0283202844
B1213034520545N00545187EA0283102843
B1213044520551N00545187EA0283102843
B1213054520557N00545187EA0282902841
B1213064520563N00545187EA0282902841
B1213074520568N00545187EA0282802840
B1213084520574N00545187EA0282702839
B1213094520580N00545187EA0282702839
B1213104520585N00545187EA0282602838
B1213114520591N00545188EA0282502837
B1213124520597N00545188EA0282402836
B1213134520603N00545188EA0282302835
B1213144520608N00545188EA0282202834
B1213154520614N00545187EA0282102833
B1213164520620N00545187EA0281902831
B1213174520625N00545186EA0281802830
B1213184520631N00545186EA0281602828
B1213194520637N00545186EA0281602828
B1213204520642N00545186EA0281502827
B1213214520648N00545186EA0281302825
B1213224520654N00545186EA0281202824
B1213234520660N00545186EA0281002822
B1213244520665N00545186EA0281002822
B1213254520671N00545186EA0280902821
B1213264520677N00545186EA0280802820
B1213274520682N00545186EA0280702819
B1213284520688N00545186EA0280502817
B1213294520694N00545186EA0280402816
B1213304520700N00545186EA0280302815
B1213314520705N00545186EA0280102813
B1213324520711N00545186EA0280002812
B1213334520717N00545185EA0279902811
B1213344520722N00545185EA0279802810
B1213354520728N00545185EA0279702809
B1213364520734N00545185EA0279702809
B1213374520739N00545184EA0279602808
B1213384520745N00545184EA0279502807
B1213394520751N00545184EA0279402806
B1213404520757N00545184EA0279302805
B1213414520762N00545184EA0279102803
B1213424520768N00545184EA0279002802
B1213434520774N00545184EA0278902801
B1213444520779N00545184EA0278802800
B1213454520785N00545184EA0278602798
B1213464520791N00545184EA0278502797
B1213474520797N00545185EA0278302795
B1213484520802N00545185EA0278102793
B1213494520808N00545185EA0278002792
B1213504520814N00545185EA0278002792
B1213514520819N00545185EA0277902791
B1213524520825N00545185EA0277802790
B1213534520831N00545185EA0277802790
B1213544520836N00545185EA0277702789
B1213554520842N00545185EA0277602788
B1213564520848N00545185EA0277502787
B1213574520854N00545185EA0277302785
B1213584520859N00545185EA0277202784
B1213594520865N00545185EA0277102783
B1214004520871N00545185EA0277002782
B1214014520876N00545185EA0276802780
B1214024520882N00545184EA0276702779
B1214034520888N00545184EA0276602778
B1214044520894N00545184EA0276502777
B1214054520899N00545183EA0276402776
B1214064520905N00545183EA0276302775
B1214074520911N00545183EA0276202774
B1214084520916N00545183EA0276002772
B1214094520922N00545183EA0275902771
B1214104520928N00545183EA0275902771
B1214114520933N00545182EA0275802770
B1214124520939N00545182EA0275702769
B1214134520945N00545182EA0275602768
B1214144520951N00545182EA0275402766
B1214154520956N00545182EA0275302765
B1214164520962N00545181EA0275202764
B1214174520968N00545181EA0275202764
B1214184520973N00545182EA0275102763
B1214194520979N00545182EA0275002762
B1214204520985N00545183EA0274902761
B1214214520990N00545183EA0274802760
B1214224520996N00545184EA0274702759
B1214234521002N00545184EA0274602758
B1214244521008N00545185EA0274502757
B1214254521013N00545185EA0274502757
B1214264521019N00545186EA0274302755
B1214274521025N00545186EA0274302755
B1214284521031N00545186EA0274102753
B1214294521036N00545187EA0274002752
B1214304521042N00545187EA0273902751
B1214314521048N00545188EA0273802750
B1214324521053N00545188EA0273702749
B1214334521059N00545189EA0273602748
B1214344521065N00545190EA0273502747
B1214354521071N00545191EA0273302745
B1214364521076N00545192EA0273202744
B1214374521082N00545193EA0273202744
B1214384521088N00545194EA0273002742
B1214394521093N00545195EA0272902741
B1214404521099N00545196EA0272802740
B1214414521105N00545197EA0272702739
B1214424521110N00545198EA0272502737
B1214434521116N00545199EA0272402736
B1214444521122N00545200EA0272302735
B1214454521128N00545200EA0272202734
B1214464521133N00545201EA0272102733
B1214474521139N00545201EA0272002732
B1214484521145N00545201EA0271902731
B1214494521150N00545201EA0271702729
B1214504521156N00545201EA0271602728
B1214514521162N00545201EA0271502727
B1214524521168N00545201EA0271402726
B1214534521173N00545201EA0271202724
B1214544521179N00545202EA0271102723
B1214554521185N00545202EA0271102723
B1214564521190N00545202EA0270902721
B1214574521196N00545202EA0270802720
B1214584521202N00545202EA0270702719
B1214594521208N00545202EA0270502717
B1215004521213N00545201EA0270302715
B1215014521219N00545201EA0270202714
B1215024521225N00545201EA0270202714
B1215034521230N00545200EA0270102713
B1215044521236N00545200EA0270002712
B1215054521242N00545200EA0269902711
B1215064521247N00545200EA0269702709
B1215074521253N00545200EA0269702709
B1215084521259N00545200EA0269602708
B1215094521265N00545201EA0269402706
B1215104521270N00545201EA0269302705
B1215114521276N00545201EA0269202704
B1215124521282N00545201EA0269102703
B1215134521287N00545201EA0268902701
B1215144521293N00545201EA0268802700
B1215154521299N00545201EA0268702699
B1215164521305N00545201EA0268602698
B1215174521310N00545201EA0268502697
B1215184521316N00545201EA0268402696
B1215194521322N00545201EA0268302695
B1215204521327N00545201EA0268302695
B1215214521333N00545201EA0268102693
B1215224521339N00545202EA0268002692
B1215234521345N00545202EA0267902691
B1215244521350N00545203EA0267802690
B1215254521356N00545203EA0267702689
B1215264521362N00545204EA0267502687
B1215274521367N00545204EA0267402686
B1215284521373N00545205EA0267202684
B1215294521379N00545205EA0267202684
B1215304521385N00545206EA0267102683
B1215314521390N00545207EA0266902681
B1215324521396N00545207EA0266802680
B1215334521402N00545208EA0266602678
B1215344521408N00545208EA0266502677
B1215354521413N00545209EA0266302675
B1215364521419N00545209EA0266202674
B1215374521425N00545210EA0266102673
B1215384521430N00545210EA0266002672
B1215394521436N00545210EA0265802670
B1215404521442N00545210EA0265702669
B1215414521448N00545210EA0265602668
B1215424521453N00545210EA0265502667
B1215434521459N00545210EA0265402666
B1215444521465N00545211EA0265202664
B1215454521470N00545211EA0265102663
B1215464521476N00545211EA0265102663
B1215474521482N00545211EA0264902661
B1215484521488N00545212EA0264902661
B1215494521493N00545212EA0264802660
B1215504521499N00545212EA0264702659
B1215514521505N00545212EA0264602658
B1215524521510N00545212EA0264502657
B1215534521516N00545212EA0264302655
B1215544521522N00545212EA0264302655
B1215554521527N00545211EA0264202654
B1215564521533N00545211EA0264102653
B1215574521539N00545211EA0264002652
B1215584521545N00545211EA0263902651
B1215594521550N00545211EA0263902651
B1216004521556N00545211EA0263802650
B1216014521562N00545212EA0263702649
B1216024521567N00545213EA0263602648
B1216034521573N00545213EA0263502647
B1216044521579N00545214EA0263302645
B1216054521585N00545215EA0263202644
B1216064521590N00545216EA0263102643
B1216074521596N00545217EA0263002642
B1216084521602N00545218EA0263002642
B1216094521607N00545220EA0262802640
B1216104521613N00545221EA0262802640
B1216114521619N00545223EA0262602638
B1216124521624N00545224EA0262502637
B1216134521630N00545225EA0262402636
B1216144521636N00545227EA0262202634
B1216154521641N00545228EA0262102633
B1216164521647N00545230EA0261902631
B1216174521653N00545231EA0261802630
B1216184521658N00545233EA0261602628
B1216194521664N00545234EA0261502627
B1216204521670N00545235EA0261402626
B1216214521675N00545237EA0261302625
B1216224521681N00545238EA0261302625
B1216234521687N00545240EA0261102623
B1216244521693N00545241EA0261002622
B1216254521698N00545242EA0261002622
B1216264521704N00545243EA0260902621
B1216274521710N00545244EA0260902621
B1216284521715N00545245EA0260802620
B1216294521721N00545246EA0260702619
B1216304521727N00545247EA0260502617
B1216314521732N00545248EA0260402616
B1216324521738N00545249EA0260302615
B1216334521744N00545250EA0260202614
B1216344521750N00545251EA0260102613
B1216354521755N00545252EA0259902611
B1216364521761N00545253EA0259902611
B1216374521767N00545254EA0259802610
B1216384521772N00545255EA0259602608
B1216394521778N00545255EA0259502607
B1216404521784N00545257EA0259402606
B1216414521790N00545258EA0259302605
B1216424521795N00545259EA0259202604
B1216434521801N00545260EA0259102603
B1216444521807N00545261EA0258902601
B1216454521812N00545263EA0258802600
B1216464521818N00545264EA0258602598
B1216474521824N00545265EA0258502597
B1216484521829N00545266EA0258402596
B1216494521835N00545268EA0258402596
B1216504521841N00545269EA0258202594
B1216514521846N00545270EA0258102593
B1216524521852N00545271EA0257902591
B1216534521858N00545272EA0257802590
B1216544521864N00545273EA0257802590
B1216554521869N00545274EA0257602588
B1216564521875N00545275EA0257502587
B1216574521881N00545276EA0257302585
B1216584521886N00545277EA0257202584
B1216594521892N00545278EA0257102583
B1217004521898N00545279EA0256902581
B1217014521903N00545281EA0256802580
B1217024521909N00545282EA0256702579
B1217034521915N00545283EA0256702579
B1217044521910N00545281EA0256602578
B1217054521905N00545280EA0256502577
B1217064521901N00545278EA0256302575
B1217074521896N00545276EA0256202574
B1217084521891N00545274EA0256002572
B1217094521886N00545272EA0255902571
B1217104521881N00545270EA0255802570
B1217114521877N00545268EA0255802570
B1217124521872N00545266EA0255702569
B1217134521867N00545264EA0255502567
B1217144521862N00545262EA0255302565
B1217154521858N00545260EA0255202564
B1217164521853N00545258EA0255002562
B1217174521848N00545256EA0254902561
B1217184521843N00545254EA0254702559
B1217194521838N00545252EA0254502557
B1217204521834N00545250EA0254402556
B1217214521829N00545248EA0254302555
B1217224521824N00545246EA0254202554
B1217234521819N00545244EA0254102553
B1217244521815N00545242EA0254002552
B1217254521810N00545240EA0253902551
B1217264521805N00545238EA0253802550
B1217274521800N00545236EA0253802550
B1217284521795N00545234EA0253702549
B1217294521791N00545232EA0253502547
B1217304521786N00545230EA0253402546
B1217314521781N00545228EA0253302545
B1217324521776N00545226EA0253102543
B1217334521772N00545224EA0253002542
B1217344521767N00545222EA0252902541
B1217354521762N00545220EA0252902541
B1217364521757N00545218EA0252802540
B1217374521752N00545216EA0252602538
B1217384521748N00545214EA0252602538
B1217394521743N00545212EA0252502537
B1217404521738N00545210EA0252302535
B1217414521733N00545208EA0252302535
B1217424521729N00545206EA0252102533
B1217434521724N00545204EA0252002532
B1217444521719N00545202EA0251902531
B1217454521714N00545200EA0251702529
B1217464521709N00545198EA0251702529
B1217474521705N00545196EA0251602528
B1217484521700N00545194EA0251502527
B1217494521695N00545192EA0251402526
B1217504521690N00545190EA0251302525
B1217514521686N00545188EA0251102523
B1217524521681N00545186EA0251002522
B1217534521676N00545184EA0250902521
B1217544521671N00545182EA0250802520
B1217554521666N00545180EA0250702519
B1217564521662N00545178EA0250602518
B1217574521657N00545176EA0250402516
B1217584521652N00545174EA0250302515
B1217594521647N00545172EA0250202514
B1218004521643N00545170EA0250102513
B1218014521638N00545169EA0249802510
B1218024521633N00545167EA0249802510
B1218034521628N00545165EA0249602508
B1218044521623N00545163EA0249502507
B1218054521619N00545161EA0249402506
B1218064521614N00545159EA0249202504
B1218074521609N00545157EA0249202504
B1218084521604N00545155EA0249002502
B1218094521600N00545153EA0249002502
B1218104521595N00545151EA0248902501
B1218114521590N00545149EA0248802500
B1218124521585N00545147EA0248802500
B1218134521581N00545145EA0248702499
B1218144521576N00545143EA0248502497
B1218154521571N00545141EA0248402496
B1218164521566N00545139EA0248302495
B1218174521561N00545137EA0248202494
B1218184521557N00545135EA0248102493
B1218194521552N00545133EA0248002492
B1218204521547N00545131EA0247902491
B1218214521542N00545129EA0247702489
B1218224521538N00545127EA0247602488
B1218234521533N00545125EA0247502487
B1218244521528N00545123EA0247402486
B1218254521523N00545121EA0247302485
B1218264521518N00545119EA0247202484
B1218274521514N00545117EA0247102483
B1218284521509N00545115EA0247002482
B1218294521504N00545113EA0246902481
B1218304521499N00545111EA0246802480
B1218314521495N00545109EA0246602478
B1218324521490N00545107EA0246502477
B1218334521485N00545105EA0246302475
B1218344521480N00545103EA0246302475
B1218354521475N00545101EA0246202474
B1218364521471N00545099EA0246102473
B1218374521466N00545097EA0246002472
B1218384521461N00545095EA0246002472
B1218394521456N00545093EA0245902471
B1218404521452N00545091EA0245802470
B1218414521447N00545089EA0245702469
B1218424521442N00545087EA0245602468
B1218434521437N00545085EA0245502467
B1218444521433N00545083EA0245402466
B1218454521428N00545081EA0245202464
B1218464521423N00545079EA0245102463
B1218474521418N00545077EA0244902461
B1218484521413N00545075EA0244802460
B1218494521409N00545073EA0244602458
B1218504521404N00545071EA0244402456
B1218514521399N00545069EA0244302455
B1218524521394N00545067EA0244302455
B1218534521390N00545065EA0244102453
B1218544521385N00545063EA0244002452
B1218554521380N00545061EA0243902451
B1218564521375N00545059EA0243802450
B1218574521370N00545057EA0243702449
B1218584521366N00545055EA0243602448
B1218594521361N00545053EA0243502447
B1219004521356N00545051EA0243402446
B1219014521351N00545049EA0243302445
B1219024521347N00545047EA0243202444
B1219034521342N00545045EA0243102443
B1219044521337N00545043EA0243002442
B1219054521332N00545041EA0242902441
B1219064521328N00545039EA0242702439
B1219074521323N00545037EA0242602438
B1219084521318N00545035EA0242402436
B1219094521313N00545033EA0242302435
B1219104521308N00545031EA0242202434
B1219114521304N00545029EA0242102433
B1219124521299N00545027EA0242002432
B1219134521294N00545025EA0241902431
B1219144521289N00545023EA0241802430
B1219154521285N00545021EA0241702429
B1219164521280N00545019EA0241602428
B1219174521275N00545017EA0241402426
B1219184521270N00545015EA0241302425
B1219194521265N00545013EA0241202424
B1219204521261N00545011EA0241002422
B1219214521256N00545009EA0240802420
B1219224521251N00545007EA0240802420
B1219234521246N00545005EA0240702419
B1219244521242N00545003EA0240502417
B1219254521237N00545001EA0240402416
B1219264521232N00544999EA0240302415
B1219274521227N00544997EA0240102413
B1219284521223N00544995EA0240002412
B1219294521218N00544993EA0239902411
B1219304521213N00544991EA0239802410
B1219314521208N00544989EA0239602408
B1219324521203N00544987EA0239502407
B1219334521199N00544985EA0239402406
B1219344521194N00544983EA0239302405
B1219354521189N00544981EA0239202404
B1219364521184N00544979EA0239102403
B1219374521180N00544977EA0239002402
B1219384521175N00544975EA0238902401
B1219394521170N00544973EA0238902401
B1219404521165N00544971EA0238802400
B1219414521161N00544969EA0238702399
B1219424521156N00544967EA0238602398
B1219434521151N00544965EA0238502397
B1219444521146N00544963EA0238402396
B1219454521141N00544961EA0238402396
B1219464521137N00544959EA0238302395
B1219474521132N00544957EA0238202394
B1219484521127N00544955EA0238102393
B1219494521122N00544953EA0238002392
B1219504521118N00544951EA0238002392
B1219514521113N00544949EA0237802390
B1219524521108N00544947EA0237702389
B1219534521103N00544945EA0237502387
B1219544521098N00544943EA0237502387
B1219554521094N00544941EA0237302385
B1219564521089N00544939EA0237202384
B1219574521084N00544937EA0237202384
B1219584521079N00544935EA0237102383
B1219594521075N00544933EA0236902381
B1220004521070N00544931EA0236802380
B1220014521065N00544929EA0236602378
B1220024521060N00544927EA0236502377
B1220034521056N00544925EA0236502377
B1220044521051N00544923EA0236302375
B1220054521046N00544921EA0236102373
B1220064521041N00544919EA0236002372
B1220074521036N00544917EA0235902371
B1220084521032N00544915EA0235802370
B1220094521027N00544913EA0235702369
B1220104521022N00544911EA0235702369
B1220114521017N00544909EA0235502367
B1220124521013N00544907EA0235402366
B1220134521008N00544905EA0235202364
B1220144521003N00544903EA0235002362
B1220154520998N00544901EA0234902361
B1220164520994N00544899EA0234802360
B1220174520989N00544897EA0234702359
B1220184520984N00544895EA0234502357
B1220194520979N00544893EA0234402356
B1220204520974N00544891EA0234202354
B1220214520970N00544889EA0234102353
B1220224520965N00544886EA0234002352
B1220234520960N00544884EA0233802350
B1220244520955N00544882EA0233702349
B1220254520951N00544880EA0233602348
B1220264520946N00544878EA0233602348
B1220274520941N00544876EA0233502347
B1220284520936N00544874EA0233402346
B1220294520932N00544872EA0233202344
B1220304520927N00544870EA0233002342
B1220314520922N00544868EA0232902341
B1220324520917N00544866EA0232802340
B1220334520912N00544864EA0232702339
B1220344520908N00544862EA0232602338
B1220354520903N00544860EA0232502337
B1220364520898N00544858EA0232402336
B1220374520893N00544856EA0232302335
B1220384520889N00544854EA0232102333
B1220394520884N00544852EA0232002332
B1220404520879N00544850EA0231902331
B1220414520874N00544848EA0231702329
B1220424520870N00544846EA0231702329
B1220434520865N00544844EA0231702329
B1220444520860N00544842EA0231502327
B1220454520855N00544840EA0231402326
B1220464520850N00544838EA0231302325
B1220474520846N00544836EA0231202324
B1220484520841N00544834EA0231002322
B1220494520836N00544832EA0230902321
B1220504520831N00544830EA0230802320
B1220514520827N00544828EA0230702319
B1220524520822N00544826EA0230502317
B1220534520817N00544824EA0230402316
B1220544520812N00544822EA0230302315
B1220554520808N00544820EA0230202314
B1220564520803N00544818EA0230102313
B1220574520798N00544816EA0230002312
B1220584520793N00544814EA0229902311
B1220594520789N00544812EA0229702309
B1221004520784N00544810EA0229602308
B1221014520779N00544808EA0229502307
B1221024520774N00544806EA0229402306
B1221034520769N00544804EA0229302305
B1221044520765N00544802EA0229102303
B1221054520760N00544800EA0228902301
B1221064520755N00544798EA0228702299
B1221074520750N00544796EA0228602298
B1221084520746N00544794EA0228402296
B1221094520741N00544792EA0228302295
B1221104520736N00544790EA0228202294
B1221114520731N00544788EA0228202294
B1221124520727N00544786EA0228102293
B1221134520722N00544784EA0228002292
B1221144520717N00544782EA0227902291
B1221154520712N00544779EA0227802290
B1221164520707N00544777EA0227702289
B1221174520703N00544775EA0227502287
B1221184520698N00544773EA0227302285
B1221194520693N00544771EA0227202284
B1221204520688N00544769EA0227102283
B1221214520684N00544767EA0227002282
B1221224520679N00544765EA0226902281
B1221234520674N00544763EA0226802280
B1221244520669N00544761EA0226602278
B1221254520665N00544759EA0226402276
B1221264520660N00544757EA0226302275
B1221274520655N00544755EA0226102273
B1221284520650N00544753EA0225902271
B1221294520646N00544751EA0225902271
B1221304520641N00544749EA0225702269
B1221314520636N00544747EA0225702269
B1221324520631N00544745EA0225602268
B1221334520626N00544743EA0225502267
B1221344520622N00544741EA0225402266
B1221354520617N00544739EA0225302265
B1221364520612N00544737EA0225202264
B1221374520607N00544735EA0225102263
B1221384520603N00544733EA0225002262
B1221394520598N00544731EA0224902261
B1221404520593N00544729EA0224802260
B1221414520588N00544727EA0224702259
B1221424520584N00544725EA0224602258
B1221434520579N00544723EA0224402256
B1221444520574N00544721EA0224202254
B1221454520569N00544719EA0224102253
B1221464520565N00544717EA0223902251
B1221474520560N00544715EA0223802250
B1221484520555N00544713EA0223602248
B1221494520550N00544711EA0223502247
B1221504520545N00544709EA0223402246
B1221514520541N00544707EA0223202244
B1221524520536N00544704EA0223002242
B1221534520531N00544702EA0222902241
B1221544520526N00544700EA0222902241
B1221554520522N00544698EA0222702239
B1221564520517N00544696EA0222602238
B1221574520512N00544694EA0222402236
B1221584520507N00544692EA0222402236
B1221594520503N00544690EA0222302235
B1222004520498N00544688EA0222202234
B1222014520493N00544686EA0222102233
B1222024520488N00544684EA0222002232
B1222034520484N00544682EA0221802230
B1222044520479N00544680EA0221702229
B1222054520474N00544678EA0221602228
B1222064520469N00544676EA0221402226
B1222074520464N00544674EA0221302225
B1222084520460N00544672EA0221202224
B1222094520455N00544670EA0221002222
B1222104520450N00544668EA0220902221
B1222114520445N00544666EA0220702219
B1222124520441N00544664EA0220602218
B1222134520436N00544662EA0220502217
B1222144520431N00544660EA0220402216
B1222154520426N00544658EA0220302215
B1222164520422N00544656EA0220202214
B1222174520417N00544654EA0220102213
B1222184520412N00544652EA0220002212
B1222194520407N00544650EA0219902211
B1222204520403N00544648EA0219702209
B1222214520398N00544645EA0219602208
B1222224520393N00544643EA0219502207
B1222234520388N00544641EA0219402206
B1222244520383N00544639EA0219302205
B1222254520379N00544637EA0219102203
B1222264520374N00544635EA0219002202
B1222274520369N00544633EA0218902201
B1222284520364N00544631EA0218702199
B1222294520360N00544629EA0218602198
B1222304520355N00544627EA0218502197
B1222314520350N00544625EA0218402196
B1222324520345N00544623EA0218302195
B1222334520341N00544621EA0218202194
B1222344520336N00544619EA0218002192
B1222354520331N00544617EA0217902191
B1222364520326N00544615EA0217802190
B1222374520322N00544613EA0217602188
B1222384520317N00544611EA0217502187
B1222394520312N00544609EA0217402186
B1222404520307N00544607EA0217302185
B1222414520303N00544605EA0217302185
B1222424520298N00544603EA0217102183
B1222434520293N00544601EA0217002182
B1222444520288N00544599EA0216902181
B1222454520283N00544597EA0216902181
B1222464520279N00544594EA0216802180
B1222474520274N00544592EA0216702179
B1222484520269N00544590EA0216602178
B1222494520264N00544588EA0216402176
B1222504520260N00544586EA0216302175
B1222514520255N00544584EA0216202174
B1222524520250N00544582EA0216102173
B1222534520245N00544580EA0215902171
B1222544520241N00544578EA0215802170
B1222554520236N00544576EA0215602168
B1222564520231N00544574EA0215502167
B1222574520226N00544572EA0215402166
B1222584520222N00544570EA0215302165
B1222594520217N00544568EA0215202164
B1223004520212N00544566EA0215002162
B1223014520207N00544564EA0214802160
B1223024520203N00544562EA0214702159
B1223034520198N00544560EA0214602158
B1223044520193N00544558EA0214502157
B1223054520188N00544556EA0214502157
B1223064520183N00544554EA0214402156
B1223074520179N00544552EA0214302155
B1223084520174N00544549EA0214102153
B1223094520169N00544547EA0214002152
B1223104520164N00544545EA0213902151
B1223114520160N00544543EA0213802150
B1223124520155N00544541EA0213602148
B1223134520150N00544539EA0213502147
B1223144520145N00544537EA0213402146
B1223154520141N00544535EA0213302145
B1223164520136N00544533EA0213202144
B1223174520131N00544531EA0213202144
B1223184520126N00544529EA0213002142
B1223194520122N00544527EA0212902141
B1223204520117N00544525EA0212802140
B1223214520112N00544523EA0212802140
B1223224520107N00544521EA0212602138
B1223234520103N00544519EA0212502137
B1223244520098N00544517EA0212402136
B1223254520093N00544515EA0212402136
B1223264520088N00544513EA0212202134
B1223274520084N00544511EA0212002132
B1223284520079N00544508EA0211902131
B1223294520074N00544506EA0211702129
B1223304520069N00544504EA0211602128
B1223314520064N00544502EA0211502127
B1223324520060N00544500EA0211402126
B1223334520055N00544498EA0211202124
B1223344520050N00544496EA0211102123
B1223354520045N00544494EA0210902121
B1223364520041N00544492EA0210702119
B1223374520036N00544490EA0210602118
B1223384520031N00544488EA0210502117
B1223394520026N00544486EA0210502117
B1223404520022N00544484EA0210302115
B1223414520017N00544482EA0210202114
B1223424520012N00544480EA0210002112
B1223434520007N00544478EA0209902111
B1223444520003N00544476EA0209702109
B1223454519998N00544474EA0209602108
B1223464519993N00544471EA0209502107
B1223474519988N00544469EA0209302105
B1223484519984N00544467EA0209202104
B1223494519979N00544465EA0209102103
B1223504519974N00544463EA0209002102
B1223514519969N00544461EA0208902101
B1223524519965N00544459EA0208802100
B1223534519960N00544457EA0208702099
B1223544519955N00544455EA0208502097
B1223554519950N00544453EA0208302095
B1223564519945N00544451EA0208202094
B1223574519941N00544449EA0208102093
B1223584519936N00544447EA0208002092
B1223594519931N00544445EA0207902091
B1224004519926N00544443EA0207802090
B1224014519922N00544441EA0207702089
B1224024519917N00544439EA0207602088
B1224034519912N00544437EA0207502087
B1224044519907N00544434EA0207302085
B1224054519903N00544432EA0207202084
B1224064519898N00544430EA0207202084
B1224074519893N00544428EA0207002082
B1224084519888N00544426EA0206902081
B1224094519884N00544424EA0206702079
B1224104519879N00544422EA0206702079
B1224114519874N00544420EA0206602078
B1224124519869N00544418EA0206402076
B1224134519865N00544416EA0206302075
B1224144519860N00544414EA0206202074
B1224154519855N00544412EA0206102073
B1224164519850N00544410EA0206002072
B1224174519846N00544408EA0205902071
B1224184519841N00544406EA0205802070
B1224194519836N00544404EA0205702069
B1224204519831N00544401EA0205602068
B1224214519827N00544399EA0205402066
B1224224519822N00544397EA0205302065
B1224234519817N00544395EA0205102063
B1224244519812N00544393EA0205002062
B1224254519808N00544391EA0204902061
B1224264519803N00544389EA0204802060
B1224274519798N00544387EA0204702059
B1224284519793N00544385EA0204602058
B1224294519789N00544383EA0204502057
B1224304519784N00544381EA0204402056
B1224314519779N00544379EA0204302055
B1224324519774N00544377EA0204202054
B1224334519769N00544375EA0204002052
B1224344519765N00544373EA0203902051
B1224354519760N00544370EA0203902051
B1224364519755N00544368EA0203702049
B1224374519750N00544366EA0203602048
B1224384519746N00544364EA0203502047
B1224394519741N00544362EA0203402046
B1224404519736N00544360EA0203302045
B1224414519731N00544358EA0203102043
B1224424519727N00544356EA0203102043
B1224434519722N00544354EA0203002042
B1224444519717N00544352EA0202902041
B1224454519712N00544350EA0202802040
B1224464519708N00544348EA0202802040
B1224474519703N00544346EA0202602038
B1224484519698N00544344EA0202502037
B1224494519693N00544342EA0202302035
B1224504519689N00544339EA0202202034
B1224514519684N00544337EA0202102033
B1224524519679N00544335EA0202002032
B1224534519674N00544333EA0201902031
B1224544519670N00544331EA0201702029
B1224554519665N00544329EA0201602028
B1224564519660N00544327EA0201502027
B1224574519655N00544325EA0201402026
B1224584519651N00544323EA0201402026
B1224594519646N00544321EA0201202024
B1225004519641N00544319EA0201002022
B1225014519636N00544317EA0200902021
B1225024519632N00544315EA0200902021
B1225034519627N00544313EA0200702019
B1225044519622N00544310EA0200502017
B1225054519617N00544308EA0200502017
B1225064519613N00544306EA0200302015
B1225074519608N00544304EA0200202014
B1225084519603N00544302EA0200102013
B1225094519598N00544300EA0200002012
B1225104519594N00544298EA0199902011
B1225114519589N00544296EA0199702009
B1225124519584N00544294EA0199602008
B1225134519579N00544292EA0199502007
B1225144519575N00544290EA0199502007
B1225154519570N00544288EA0199402006
B1225164519565N00544286EA0199202004
B1225174519560N00544283EA0199002002
B1225184519556N00544281EA0198902001
B1225194519551N00544279EA0198802000
B1225204519546N00544277EA0198701999
B1225214519541N00544275EA0198601998
B1225224519537N00544273EA0198501997
B1225234519532N00544271EA0198501997
B1225244519527N00544269EA0198401996
B1225254519522N00544267EA0198301995
B1225264519517N00544265EA0198201994
B1225274519513N00544263EA0198101993
B1225284519508N00544261EA0198001992
B1225294519503N00544259EA0197901991
B1225304519498N00544256EA0197801990
B1225314519494N00544254EA0197601988
B1225324519489N00544252EA0197501987
B1225334519484N00544250EA0197401986
B1225344519479N00544248EA0197301985
B1225354519475N00544246EA0197201984
B1225364519470N00544244EA0197101983
B1225374519465N00544242EA0197001982
B1225384519460N00544240EA0196901981
B1225394519456N00544238EA0196801980
B1225404519451N00544236EA0196601978
B1225414519446N00544234EA0196601978
B1225424519441N00544231EA0196401976
B1225434519437N00544229EA0196301975
B1225444519432N00544227EA0196101973
B1225454519427N00544225EA0196101973
B1225464519422N00544223EA0195901971
B1225474519418N00544221EA0195801970
B1225484519413N00544219EA0195701969
B1225494519408N00544217EA0195501967
B1225504519403N00544215EA0195401966
B1225514519399N00544213EA0195301965
B1225524519394N00544211EA0195101963
B1225534519389N00544209EA0195101963
B1225544519384N00544206EA0195001962
B1225554519380N00544204EA0194901961
B1225564519375N00544202EA0194801960
B1225574519370N00544200EA0194701959
B1225584519365N00544198EA0194601958
B1225594519361N00544196EA0194501957
B1226004519356N00544194EA0194301955
B1226014519351N00544192EA0194201954
B1226024519346N00544190EA0194001952
B1226034519342N00544188EA0193901951
B1226044519337N00544186EA0193801950
B1226054519332N00544183EA0193701949
B1226064519327N00544181EA0193501947
B1226074519323N00544179EA0193401946
B1226084519318N00544177EA0193301945
B1226094519313N00544175EA0193101943
B1226104519308N00544173EA0193101943
B1226114519304N00544171EA0193101943
B1226124519299N00544169EA0192901941
B1226134519294N00544167EA0192801940
B1226144519289N00544165EA0192701939
B1226154519285N00544163EA0192601938
B1226164519280N00544160EA0192501937
B1226174519275N00544158EA0192501937
B1226184519270N00544156EA0192401936
B1226194519266N00544154EA0192201934
B1226204519261N00544152EA0192101933
B1226214519256N00544150EA0192101933
B1226224519251N00544148EA0192001932
B1226234519247N00544146EA0191901931
B1226244519242N00544144EA0191701929
B1226254519237N00544142EA0191501927
B1226264519232N00544140EA0191301925
B1226274519228N00544137EA0191301925
B1226284519223N00544135EA0191201924
B1226294519218N00544133EA0191001922
B1226304519213N00544131EA0190901921
B1226314519209N00544129EA0190801920
B1226324519204N00544127EA0190701919
B1226334519199N00544125EA0190601918
B1226344519194N00544123EA0190501917
B1226354519190N00544121EA0190301915
B1226364519185N00544119EA0190301915
B1226374519180N00544117EA0190101913
B1226384519175N00544114EA0190001912
B1226394519171N00544112EA0189901911
B1226404519166N00544110EA0189701909
B1226414519161N00544108EA0189601908
B1226424519156N00544106EA0189501907
B1226434519152N00544104EA0189401906
B1226444519147N00544102EA0189201904
B1226454519142N00544100EA0189101903
B1226464519137N00544098EA0189001902
B1226474519133N00544096EA0189001902
B1226484519128N00544093EA0188901901
B1226494519123N00544091EA0188701899
B1226504519118N00544089EA0188601898
B1226514519114N00544087EA0188501897
B1226524519109N00544085EA0188301895
B1226534519104N00544083EA0188201894
B1226544519099N00544081EA0188101893
B1226554519095N00544079EA0188001892
B1226564519090N00544077EA0187801890
B1226574519085N00544075EA0187601888
B1226584519080N00544072EA0187501887
B1226594519076N00544070EA0187401886
B1227004519071N00544068EA0187301885
B1227014519066N00544066EA0187101883
B1227024519061N00544064EA0187001882
B1227034519057N00544062EA0186901881
B1227044519052N00544060EA0186801880
B1227054519047N00544058EA0186701879
B1227064519043N00544056EA0186501877
B1227074519038N00544054EA0186401876
B1227084519033N00544051EA0186201874
B1227094519028N00544049EA0186101873
B1227104519024N00544047EA0186001872
B1227114519019N00544045EA0185801870
B1227124519014N00544043EA0185801870
B1227134519009N00544041EA0185701869
B1227144519005N00544039EA0185601868
B1227154519000N00544037EA0185401866
B1227164518995N00544035EA0185301865
B1227174518990N00544032EA0185201864
B1227184518986N00544030EA0185101863
B1227194518981N00544028EA0185001862
B1227204518976N00544026EA0184801860
B1227214518971N00544024EA0184701859
B1227224518967N00544022EA0184501857
B1227234518962N00544020EA0184401856
B1227244518957N00544018EA0184201854
B1227254518952N00544016EA0184101853
B1227264518948N00544013EA0183901851
B1227274518943N00544011EA0183801850
B1227284518938N00544009EA0183601848
B1227294518933N00544007EA0183401846
B1227304518929N00544005EA0183401846
B1227314518924N00544003EA0183201844
B1227324518919N00544001EA0183201844
B1227334518914N00543999EA0183001842
B1227344518910N00543997EA0182901841
B1227354518905N00543994EA0182801840
B1227364518900N00543992EA0182701839
B1227374518895N00543990EA0182501837
B1227384518891N00543988EA0182401836
B1227394518886N00543986EA0182201834
B1227404518881N00543984EA0182201834
B1227414518876N00543982EA0182101833
B1227424518872N00543980EA0181901831
B1227434518867N00543978EA0181801830
B1227444518862N00543975EA0181601828
B1227454518857N00543973EA0181501827
B1227464518853N00543971EA0181401826
B1227474518848N00543969EA0181201824
B1227484518843N00543967EA0181201824
B1227494518838N00543965EA0181001822
B1227504518834N00543963EA0180901821
B1227514518829N00543961EA0180701819
B1227524518824N00543959EA0180601818
B1227534518819N00543956EA0180501817
B1227544518815N00543954EA0180401816
B1227554518810N00543952EA0180201814
B1227564518805N00543950EA0180201814
B1227574518801N00543948EA0180001812
B1227584518796N00543946EA0179801810
B1227594518791N00543944EA0179701809
B1228004518786N00543942EA0179601808
B1228014518782N00543939EA0179501807
B1228024518777N00543937EA0179401806
B1228034518772N00543935EA0179201804
B1228044518767N00543933EA0179101803
B1228054518763N00543931EA0178901801
B1228064518758N00543929EA0178801800
B1228074518753N00543927EA0178701799
B1228084518748N00543925EA0178501797
B1228094518744N00543923EA0178401796
B1228104518739N00543920EA0178301795
B1228114518734N00543918EA0178101793
B1228124518729N00543916EA0178101793
B1228134518725N00543914EA0177901791
B1228144518720N00543912EA0177801790
B1228154518715N00543910EA0177701789
B1228164518710N00543908EA0177601788
B1228174518706N00543906EA0177401786
B1228184518701N00543903EA0177201784
B1228194518696N00543901EA0177201784
B1228204518691N00543899EA0177001782
B1228214518687N00543897EA0176801780
B1228224518682N00543895EA0176701779
B1228234518677N00543893EA0176601778
B1228244518672N00543891EA0176401776
B1228254518668N00543889EA0176301775
B1228264518663N00543886EA0176201774
B1228274518658N00543884EA0176001772
B1228284518653N00543882EA0175901771
B1228294518649N00543880EA0175801770
B1228304518644N00543878EA0175601768
B1228314518639N00543876EA0175501767
B1228324518635N00543874EA0175401766
B1228334518630N00543872EA0175301765
B1228344518625N00543869EA0175101763
B1228354518620N00543867EA0175001762
B1228364518616N00543865EA0174901761
B1228374518611N00543863EA0174801760
B1228384518606N00543861EA0174501757
B1228394518601N00543859EA0174401756
B1228404518597N00543857EA0174301755
B1228414518592N00543855EA0174201754
B1228424518587N00543852EA0174101753
B1228434518582N00543850EA0174001752
B1228444518578N00543848EA0173901751
B1228454518573N00543846EA0173801750
B1228464518568N00543844EA0173601748
B1228474518563N00543842EA0173401746
B1228484518559N00543840EA0173301745
B1228494518554N00543837EA0173201744
B1228504518549N00543835EA0173001742
B1228514518544N00543833EA0173001742
B1228524518540N00543831EA0172801740
B1228534518535N00543829EA0172701739
B1228544518530N00543827EA0172701739
B1228554518526N00543825EA0172601738
B1228564518521N00543823EA0172501737
B1228574518516N00543820EA0172401736
B1228584518511N00543818EA0172201734
B1228594518507N00543816EA0172101733
B1229004518502N00543814EA0172101733
B1229014518497N00543812EA0172001732
B1229024518492N00543810EA0171901731
B1229034518488N00543808EA0171801730
B1229044518483N00543805EA0171601728
B1229054518478N00543803EA0171501727
B1229064518473N00543801EA0171401726
B1229074518469N00543799EA0171301725
B1229084518464N00543797EA0171101723
B1229094518459N00543795EA0171001722
B1229104518454N00543793EA0170801720
B1229114518450N00543791EA0170701719
B1229124518445N00543788EA0170601718
B1229134518440N00543786EA0170501717
B1229144518435N00543784EA0170401716
B1229154518431N00543782EA0170201714
B1229164518426N00543780EA0170101713
B1229174518421N00543778EA0170001712
B1229184518417N00543776EA0169901711
B1229194518412N00543773EA0169701709
B1229204518407N00543771EA0169601708
B1229214518402N00543769EA0169401706
B1229224518398N00543767EA0169301705
B1229234518393N00543765EA0169201704
B1229244518388N00543763EA0169201704
B1229254518383N00543761EA0169001702
B1229264518379N00543758EA0168901701
B1229274518374N00543756EA0168801700
B1229284518369N00543754EA0168701699
B1229294518364N00543752EA0168601698
B1229304518360N00543750EA0168501697
B1229314518355N00543748EA0168401696
B1229324518350N00543746EA0168401696
B1229334518345N00543743EA0168201694
B1229344518341N00543741EA0168101693
B1229354518336N00543739EA0168001692
B1229364518331N00543737EA0167901691
B1229374518327N00543735EA0167601688
B1229384518322N00543733EA0167501687
B1229394518317N00543731EA0167401686
B1229404518312N00543728EA0167301685
B1229414518308N00543726EA0167201684
B1229424518303N00543724EA0167101683
B1229434518298N00543722EA0167001682
B1229444518293N00543720EA0166801680
B1229454518289N00543718EA0166701679
B1229464518284N00543716EA0166601678
B1229474518279N00543713EA0166501677
B1229484518274N00543711EA0166401676
B1229494518270N00543709EA0166201674
B1229504518265N00543707EA0166101673
B1229514518260N00543705EA0165901671
B1229524518255N00543703EA0165901671
B1229534518251N00543700EA0165801670
B1229544518246N00543698EA0165701669
B1229554518241N00543696EA0165501667
B1229564518237N00543694EA0165401666
B1229574518232N00543692EA0165301665
B1229584518227N00543690EA0165201664
B1229594518222N00543688EA0165101663
B1230004518218N00543685EA0164901661
B1230014518213N00543683EA0164801660
B1230024518208N00543681EA0164701659
B1230034518203N00543679EA0164601658
B1230044518199N00543677EA0164401656
B1230054518194N00543675EA0164301655
B1230064518189N00543672EA0164201654
B1230074518184N00543670EA0164001652
B1230084518180N00543668EA0163901651
B1230094518175N00543666EA0163801650
B1230104518170N00543664EA0163601648
B1230114518166N00543662EA0163601648
B1230124518161N00543660EA0163501647
B1230134518156N00543657EA0163401646
B1230144518151N00543655EA0163301645
B1230154518147N00543653EA0163101643
B1230164518142N00543651EA0163001642
B1230174518137N00543649EA0162901641
B1230184518132N00543647EA0162701639
B1230194518128N00543644EA0162501637
B1230204518123N00543642EA0162401636
B1230214518118N00543640EA0162301635
B1230224518113N00543638EA0162301635
B1230234518109N00543636EA0162201634
B1230244518104N00543634EA0162001632
B1230254518099N00543632EA0161901631
B1230264518095N00543629EA0161801630
B1230274518090N00543627EA0161701629
B1230284518085N00543625EA0161501627
B1230294518080N00543623EA0161401626
B1230304518076N00543621EA0161401626
B1230314518071N00543619EA0161301625
B1230324518066N00543616EA0161201624
B1230334518061N00543614EA0161001622
B1230344518057N00543612EA0160901621
B1230354518052N00543610EA0160801620
B1230364518047N00543608EA0160801620
B1230374518042N00543606EA0160701619
B1230384518038N00543603EA0160501617
B1230394518033N00543601EA0160401616
B1230404518028N00543599EA0160301615
B1230414518024N00543597EA0160201614
B1230424518019N00543595EA0160101613
B1230434518014N00543593EA0160001612
B1230444518009N00543590EA0159901611
B1230454518005N00543588EA0159801610
B1230464518000N00543586EA0159601608
B1230474517995N00543584EA0159501607
B1230484517990N00543582EA0159401606
B1230494517986N00543580EA0159201604
B1230504517981N00543577EA0159101603
B1230514517976N00543575EA0159101603
B1230524517972N00543573EA0159001602
B1230534517967N00543571EA0158801600
B1230544517962N00543569EA0158701599
B1230554517957N00543567EA0158501597
B1230564517953N00543564EA0158301595
B1230574517948N00543562EA0158301595
B1230584517943N00543560EA0158101593
B1230594517938N00543558EA0158001592
B1231004517934N00543556EA0157801590
B1231014517929N00543554EA0157701589
B1231024517924N00543551EA0157601588
B1231034517919N00543549EA0157401586
B1231044517915N00543547EA0157201584
B1231054517910N00543545EA0157101583
B1231064517905N00543543EA0156901581
B1231074517901N00543541EA0156801580
B1231084517896N00543538EA0156601578
B1231094517891N00543536EA0156501577
B1231104517886N00543534EA0156401576
B1231114517882N00543532EA0156301575
B1231124517877N00543530EA0156101573
B1231134517872N00543527EA0156001572
B1231144517867N00543525EA0155901571
B1231154517863N00543523EA0155801570
B1231164517858N00543521EA0155701569
B1231174517853N00543519EA0155601568
B1231184517849N00543517EA0155501567
B1231194517844N00543514EA0155401566
B1231204517839N00543512EA0155301565
B1231214517834N00543510EA0155101563
B1231224517830N00543508EA0155101563
B1231234517825N00543506EA0154901561
B1231244517820N00543504EA0154801560
B1231254517815N00543501EA0154701559
B1231264517811N00543499EA0154501557
B1231274517806N00543497EA0154301555
B1231284517801N00543495EA0154201554
B1231294517797N00543493EA0154101553
B1231304517792N00543490EA0154001552
B1231314517787N00543488EA0153901551
B1231324517782N00543486EA0153801550
B1231334517778N00543484EA0153801550
B1231344517773N00543482EA0153601548
B1231354517768N00543480EA0153501547
B1231364517763N00543477EA0153401546
B1231374517759N00543475EA0153301545
B1231384517754N00543473EA0153201544
B1231394517749N00543471EA0153101543
B1231404517745N00543469EA0153001542
B1231414517740N00543466EA0152901541
B1231424517735N00543464EA0152801540
B1231434517730N00543462EA0152701539
B1231444517726N00543460EA0152501537
B1231454517721N00543458EA0152401536
B1231464517716N00543456EA0152201534
B1231474517711N00543453EA0152101533
B1231484517707N00543451EA0151901531
B1231494517702N00543449EA0151901531
B1231504517697N00543447EA0151801530
B1231514517693N00543445EA0151601528
B1231524517688N00543442EA0151501527
B1231534517683N00543440EA0151301525
B1231544517678N00543438EA0151101523
B1231554517674N00543436EA0151001522
B1231564517669N00543434EA0150901521
B1231574517664N00543431EA0150701519
B1231584517659N00543429EA0150701519
B1231594517655N00543427EA0150501517
B1232004517650N00543425EA0150301515
B1232014517645N00543423EA0150201514
B1232024517641N00543420EA0150201514
B1232034517636N00543418EA0150101513
B1232044517631N00543416EA0149901511
B1232054517626N00543414EA0149801510
B1232064517622N00543412EA0149801510
B1232074517617N00543410EA0149701509
B1232084517612N00543407EA0149601508
B1232094517608N00543405EA0149501507
B1232104517603N00543403EA0149301505
B1232114517598N00543401EA0149201504
B1232124517593N00543399EA0149001502
B1232134517589N00543396EA0148901501
B1232144517584N00543394EA0148801500
B1232154517579N00543392EA0148701499
B1232164517574N00543390EA0148501497
B1232174517570N00543388EA0148401496
B1232184517565N00543385EA0148301495
B1232194517560N00543383EA0148101493
B1232204517556N00543381EA0148001492
B1232214517551N00543379EA0147901491
B1232224517546N00543377EA0147701489
B1232234517541N00543374EA0147601488
B1232244517537N00543372EA0147501487
B1232254517532N00543370EA0147401486
B1232264517527N00543368EA0147201484
B1232274517523N00543366EA0147101483
B1232284517518N00543363EA0146901481
B1232294517513N00543361EA0146901481
B1232304517508N00543359EA0146701479
B1232314517504N00543357EA0146601478
B1232324517499N00543355EA0146601478
B1232334517494N00543352EA0146501477
B1232344517489N00543350EA0146501477
B1232354517485N00543348EA0146301475
B1232364517480N00543346EA0146201474
B1232374517475N00543344EA0146201474
B1232384517471N00543341EA0146101473
B1232394517466N00543339EA0146001472
B1232404517461N00543337EA0145901471
B1232414517456N00543335EA0145801470
B1232424517452N00543333EA0145601468
B1232434517447N00543330EA0145501467
B1232444517442N00543328EA0145401466
B1232454517438N00543326EA0145301465
B1232464517433N00543324EA0145201464
B1232474517428N00543322EA0145101463
B1232484517423N00543319EA0145001462
B1232494517419N00543317EA0144901461
B1232504517414N00543315EA0144701459
B1232514517409N00543313EA0144601458
B1232524517404N00543310EA0144401456
B1232534517400N00543308EA0144401456
B1232544517395N00543306EA0144301455
B1232554517390N00543304EA0144101453
B1232564517386N00543302EA0144001452
B1232574517381N00543299EA0143901451
B1232584517376N00543297EA0143701449
B1232594517371N00543295EA0143601448
B1233004517367N00543293EA0143401446
B1233014517362N00543291EA0143301445
B1233024517357N00543288EA0143201444
B1233034517353N00543286EA0143101443
B1233044517348N00543284EA0143001442
B1233054517343N00543282EA0142801440
B1233064517338N00543280EA0142701439
B1233074517334N00543277EA0142601438
B1233084517329N00543275EA0142401436
B1233094517324N00543273EA0142301435
B1233104517320N00543271EA0142101433
B1233114517315N00543268EA0142001432
B1233124517310N00543266EA0141901431
B1233134517305N00543264EA0141801430
B1233144517301N00543262EA0141701429
B1233154517296N00543260EA0141501427
B1233164517291N00543257EA0141401426
B1233174517287N00543255EA0141301425
B1233184517282N00543253EA0141201424
B1233194517277N00543251EA0141001422
B1233204517272N00543249EA0140901421
B1233214517268N00543246EA0140801420
B1233224517263N00543244EA0140801420
B1233234517258N00543242EA0140701419
B1233244517253N00543240EA0140601418
B1233254517249N00543237EA0140401416
B1233264517244N00543235EA0140301415
B1233274517239N00543233EA0140101413
B1233284517235N00543231EA0140001412
B1233294517230N00543229EA0139901411
B1233304517225N00543226EA0139801410
B1233314517220N00543224EA0139601408
B1233324517216N00543222EA0139501407
B1233334517211N00543220EA0139401406
B1233344517206N00543217EA0139301405
B1233354517202N00543215EA0139201404
B1233364517197N00543213EA0139101403
B1233374517192N00543211EA0139001402
B1233384517187N00543209EA0138901401
B1233394517183N00543206EA0138801400
B1233404517178N00543204EA0138601398
B1233414517173N00543202EA0138501397
B1233424517169N00543200EA0138401396
B1233434517164N00543197EA0138201394
B1233444517159N00543195EA0138201394
B1233454517154N00543193EA0138001392
B1233464517150N00543191EA0137901391
B1233474517145N00543188EA0137701389
B1233484517140N00543186EA0137601388
B1233494517136N00543184EA0137501387
B1233504517131N00543182EA0137401386
B1233514517126N00543180EA0137301385
B1233524517121N00543177EA0137201384
B1233534517117N00543175EA0137001382
B1233544517112N00543173EA0136901381
B1233554517107N00543171EA0136901381
B1233564517103N00543168EA0136801380
B1233574517098N00543166EA0136701379
B1233584517093N00543164EA0136601378
B1233594517088N00543162EA0136501377
B1234004517084N00543159EA0136301375
B1234014517079N00543157EA0136201374
B1234024517074N00543155EA0136101373
B1234034517070N00543153EA0135901371
B1234044517065N00543151EA0135801370
B1234054517060N00543148EA0135601368
B1234064517055N00543146EA0135501367
B1234074517051N00543144EA0135301365
B1234084517046N00543142EA0135201364
B1234094517041N00543139EA0135201364
B1234104517037N00543137EA0135101363
B1234114517032N00543135EA0135001362
B1234124517027N00543133EA0134801360
B1234134517022N00543130EA0134601358
B1234144517018N00543128EA0134501357
B1234154517013N00543126EA0134301355
B1234164517008N00543124EA0134201354
B1234174517004N00543121EA0134101353
B1234184516999N00543119EA0133901351
B1234194516994N00543117EA0133901351
B1234204516990N00543115EA0133701349
B1234214516985N00543112EA0133601348
B1234224516980N00543110EA0133501347
B1234234516975N00543108EA0133301345
B1234244516971N00543106EA0133201344
B1234254516966N00543103EA0133101343
B1234264516961N00543101EA0133101343
B1234274516957N00543099EA0132901341
B1234284516952N00543097EA0132801340
B1234294516947N00543094EA0132801340
B1234304516942N00543092EA0132701339
B1234314516938N00543090EA0132601338
B1234324516933N00543088EA0132401336
B1234334516928N00543085EA0132201334
B1234344516924N00543083EA0132101333
B1234354516919N00543081EA0131901331
B1234364516914N00543079EA0131801330
B1234374516909N00543077EA0131601328
B1234384516905N00543074EA0131601328
B1234394516900N00543072EA0131501327
B1234404516895N00543070EA0131301325
B1234414516891N00543068EA0131101323
B1234424516886N00543065EA0131001322
B1234434516881N00543063EA0130901321
B1234444516876N00543061EA0130801320
B1234454516872N00543058EA0130701319
B1234464516867N00543056EA0130601318
B1234474516862N00543054EA0130501317
B1234484516858N00543052EA0130401316
B1234494516853N00543049EA0130301315
B1234504516848N00543047EA0130101313
B1234514516844N00543045EA0130001312
B1234524516839N00543043EA0130001312
B1234534516834N00543040EA0129801310
B1234544516829N00543038EA0129701309
B1234554516825N00543036EA0129601308
B1234564516820N00543034EA0129501307
B1234574516815N00543031EA0129401306
B1234584516811N00543029EA0129301305
B1234594516806N00543027EA0129101303
B1235004516801N00543025EA0129001302
B1235014516796N00543022EA0128901301
B1235024516792N00543020EA0128801300
B1235034516787N00543018EA0128601298
B1235044516782N00543016EA0128501297
B1235054516778N00543013EA0128401296
B1235064516773N00543011EA0128301295
B1235074516768N00543009EA0128201294
B1235084516764N00543007EA0128101293
B1235094516759N00543004EA0128001292
B1235104516754N00543002EA0127901291
B1235114516749N00543000EA0127801290
B1235124516745N00542998EA0127601288
B1235134516740N00542995EA0127401286
B1235144516735N00542993EA0127301285
B1235154516731N00542991EA0127201284
B1235164516726N00542988EA0127001282
B1235174516721N00542986EA0126901281
B1235184516716N00542984EA0126801280
B1235194516712N00542982EA0126701279
B1235204516707N00542979EA0126601278
B1235214516702N00542977EA0126501277
B1235224516698N00542975EA0126401276
B1235234516693N00542973EA0126201274
B1235244516688N00542970EA0126101273
B1235254516684N00542968EA0126001272
B1235264516679N00542966EA0125901271
B1235274516674N00542964EA0125801270
B1235284516669N00542961EA0125601268
B1235294516665N00542959EA0125601268
B1235304516660N00542957EA0125401266
B1235314516655N00542954EA0125301265
B1235324516651N00542952EA0125201264
B1235334516646N00542950EA0125001262
B1235344516641N00542948EA0125001262
B1235354516637N00542945EA0124901261
B1235364516632N00542943EA0124701259
B1235374516627N00542941EA0124601258
B1235384516622N00542939EA0124401256
B1235394516618N00542936EA0124401256
B1235404516613N00542934EA0124301255
B1235414516608N00542932EA0124101253
B1235424516604N00542929EA0124001252
B1235434516599N00542927EA0123801250
B1235444516594N00542925EA0123701249
B1235454516589N00542923EA0123601248
B1235464516585N00542920EA0123501247
B1235474516580N00542918EA0123301245
B1235484516575N00542916EA0123301245
B1235494516571N00542913EA0123101243
B1235504516566N00542911EA0123001242
B1235514516561N00542909EA0122901241
B1235524516557N00542907EA0122801240
B1235534516552N00542904EA0122801240
B1235544516547N00542902EA0122601238
B1235554516542N00542900EA0122501237
B1235564516538N00542897EA0122401236
B1235574516533N00542895EA0122301235
B1235584516528N00542893EA0122201234
B1235594516524N00542891EA0122001232
B1236004516519N00542888EA0121901231
B1236014516514N00542886EA0121801230
B1236024516510N00542884EA0121701229
B1236034516505N00542881EA0121601228
B1236044516500N00542879EA0121501227
B1236054516495N00542877EA0121401226
B1236064516491N00542875EA0121201224
B1236074516486N00542872EA0121101223
B1236084516481N00542870EA0120901221
B1236094516477N00542868EA0120801220
B1236104516472N00542865EA0120701219
B1236114516467N00542863EA0120501217
B1236124516463N00542861EA0120401216
B1236134516458N00542859EA0120301215
B1236144516453N00542856EA0120201214
B1236154516449N00542854EA0120101213
B1236164516444N00542852EA0120001212
B1236174516439N00542849EA0119901211
B1236184516434N00542847EA0119701209
B1236194516430N00542845EA0119601208
B1236204516425N00542843EA0119401206
B1236214516420N00542840EA0119301205
B1236224516416N00542838EA0119301205
B1236234516411N00542836EA0119201204
B1236244516406N00542833EA0119001202
B1236254516402N00542831EA0118801200
B1236264516397N00542829EA0118701199
B1236274516392N00542826EA0118601198
B1236284516387N00542824EA0118401196
B1236294516383N00542822EA0118201194
B1236304516378N00542820EA0118101193
B1236314516373N00542817EA0118101193
B1236324516369N00542815EA0117901191
B1236334516364N00542813EA0117801190
B1236344516359N00542810EA0117701189
B1236354516355N00542808EA0117601188
B1236364516350N00542806EA0117501187
B1236374516345N00542803EA0117401186
B1236384516340N00542801EA0117201184
B1236394516336N00542799EA0117001182
B1236404516331N00542797EA0116901181
B1236414516326N00542794EA0116801180
B1236424516322N00542792EA0116601178
B1236434516317N00542790EA0116501177
B1236444516312N00542787EA0116401176
B1236454516308N00542785EA0116201174
B1236464516303N00542783EA0116101173
B1236474516298N00542780EA0116001172
B1236484516294N00542778EA0115901171
B1236494516289N00542776EA0115801170
B1236504516284N00542773EA0115701169
B1236514516279N00542771EA0115701169
B1236524516275N00542769EA0115501167
B1236534516270N00542767EA0115401166
B1236544516265N00542764EA0115301165
B1236554516261N00542762EA0115201164
B1236564516256N00542760EA0115101163
B1236574516251N00542757EA0115001162
B1236584516247N00542755EA0114801160
B1236594516242N00542753EA0114701159
B1237004516237N00542750EA0114601158
B1237014516233N00542748EA0114401156
B1237024516228N00542746EA0114401156
B1237034516223N00542743EA0114201154
B1237044516218N00542741EA0114101153
B1237054516214N00542739EA0113901151
B1237064516209N00542736EA0113801150
B1237074516204N00542734EA0113601148
B1237084516200N00542732EA0113701149
B1237094516195N00542730EA0113601148
B1237104516190N00542727EA0113501147
B1237114516186N00542725EA0113401146
B1237124516181N00542723EA0113401146
B1237134516176N00542720EA0113201144
B1237144516172N00542718EA0113101143
B1237154516167N00542716EA0113101143
B1237164516162N00542713EA0112901141
B1237174516158N00542711EA0112801140
B1237184516153N00542709EA0112701139
B1237194516148N00542706EA0112601138
B1237204516143N00542704EA0112401136
B1237214516139N00542702EA0112301135
B1237224516134N00542699EA0112101133
B1237234516129N00542697EA0112001132
B1237244516125N00542695EA0111901131
B1237254516120N00542692EA0111801130
B1237264516115N00542690EA0111701129
B1237274516111N00542688EA0111501127
B1237284516106N00542685EA0111301125
B1237294516101N00542683EA0111301125
B1237304516097N00542681EA0111201124
B1237314516092N00542678EA0111101123
B1237324516087N00542676EA0111001122
B1237334516083N00542674EA0110901121
B1237344516078N00542671EA0110801120
B1237354516073N00542669EA0110701119
B1237364516068N00542667EA0110501117
B1237374516064N00542664EA0110401116
B1237384516059N00542662EA0110401116
B1237394516054N00542660EA0110201114
B1237404516050N00542657EA0110101113
B1237414516045N00542655EA0110001112
B1237424516040N00542653EA0109901111
B1237434516036N00542650EA0109701109
B1237444516031N00542648EA0109601108
B1237454516026N00542646EA0109501107
B1237464516022N00542643EA0109401106
B1237474516017N00542641EA0109401106
B1237484516012N00542639EA0109201104
B1237494516008N00542636EA0109101103
B1237504516003N00542634EA0109001102
B1237514515998N00542632EA0108801100
B1237524515993N00542629EA0108701099
B1237534515989N00542627EA0108601098
B1237544515984N00542625EA0108501097
B1237554515979N00542622EA0108301095
B1237564515975N00542620EA0108301095
B1237574515970N00542618EA0108201094
B1237584515965N00542615EA0108101093
B1237594515961N00542613EA0108001092
B1238004515956N00542611EA0107801090
B1238014515951N00542608EA0107601088
B1238024515947N00542606EA0107501087
B1238034515942N00542604EA0107401086
B1238044515937N00542601EA0107301085
B1238054515933N00542599EA0107201084
B1238064515928N00542596EA0107101083
B1238074515923N00542594EA0106901081
B1238084515919N00542592EA0106701079
B1238094515914N00542589EA0106601078
B1238104515909N00542587EA0106501077
B1238114515905N00542585EA0106401076
B1238124515900N00542582EA0106301075
B1238134515895N00542580EA0106101073
B1238144515890N00542578EA0106001072
B1238154515886N00542575EA0105801070
B1238164515881N00542573EA0105801070
B1238174515876N00542571EA0105601068
B1238184515872N00542568EA0105601068
B1238194515867N00542566EA0105401066
B1238204515862N00542564EA0105301065
B1238214515858N00542561EA0105201064
B1238224515853N00542559EA0105101063
B1238234515848N00542556EA0104901061
B1238244515844N00542554EA0104701059
B1238254515839N00542552EA0104701059
B1238264515834N00542549EA0104501057
B1238274515830N00542547EA0104401056
B1238284515825N00542545EA0104301055
B1238294515820N00542542EA0104201054
B1238304515816N00542540EA0104101053
B1238314515811N00542538EA0103901051
B1238324515806N00542535EA0103701049
B1238334515802N00542533EA0103701049
B1238344515797N00542530EA0103601048
B1238354515792N00542528EA0103401046
B1238364515788N00542526EA0103301045
B1238374515783N00542523EA0103301045
B1238384515778N00542521EA0103101043
B1238394515774N00542519EA0103001042
B1238404515769N00542516EA0102801040
B1238414515764N00542514EA0102801040
B1238424515759N00542511EA0102701039
B1238434515755N00542509EA0102601038
B1238444515750N00542507EA0102501037
B1238454515745N00542504EA0102401036
B1238464515741N00542502EA0102301035
B1238474515736N00542500EA0102101033
B1238484515731N00542497EA0102001032
B1238494515727N00542495EA0101801030
B1238504515722N00542493EA0101601028
B1238514515717N00542490EA0101601028
B1238524515713N00542488EA0101501027
B1238534515708N00542485EA0101401026
B1238544515703N00542483EA0101201024
B1238554515699N00542481EA0101101023
B1238564515694N00542478EA0100901021
B1238574515689N00542476EA0100701019
B1238584515685N00542473EA0100601018
B1238594515680N00542471EA0100601018
B1239004515675N00542469EA0100501017
B1239014515671N00542466EA0100401016
B1239024515666N00542464EA0100301015
B1239034515661N00542462EA0100201014
B1239044515657N00542459EA0100101013
B1239054515652N00542457EA0100001012
B1239064515647N00542454EA0099901011
B1239074515643N00542452EA0099701009
B1239084515638N00542450EA0099501007
B1239094515633N00542447EA0099401006
B1239104515629N00542445EA0099201004
B1239114515624N00542442EA0099101003
B1239124515619N00542440EA0099001002
B1239134515615N00542438EA0098901001
B1239144515610N00542435EA0098700999
B1239154515605N00542433EA0098600998
B1239164515601N00542431EA0098500997
B1239174515596N00542428EA0098400996
B1239184515591N00542426EA0098300995
B1239194515587N00542423EA0098200994
B1239204515582N00542421EA0098100993
B1239214515577N00542419EA0097900991
B1239224515573N00542416EA0097800990
B1239234515568N00542414EA0097700989
B1239244515563N00542411EA0097500987
B1239254515559N00542409EA0097400986
B1239264515554N00542407EA0097300985
B1239274515549N00542404EA0097100983
B1239284515545N00542402EA0097000982
B1239294515540N00542399EA0096900981
B1239304515535N00542397EA0096800980
B1239314515531N00542395EA0096600978
B1239324515526N00542392EA0096500977
B1239334515521N00542390EA0096400976
B1239344515517N00542387EA0096300975
B1239354515512N00542385EA0096200974
B1239364515507N00542382EA0096000972
B1239374515503N00542380EA0095900971
B1239384515498N00542378EA0095700969
B1239394515493N00542375EA0095600968
B1239404515489N00542373EA0095400966
B1239414515484N00542370EA0095400966
B1239424515479N00542368EA0095200964
B1239434515475N00542366EA0095100963
B1239444515470N00542363EA0095000962
B1239454515465N00542361EA0094900961
B1239464515461N00542358EA0094800960
B1239474515456N00542356EA0094700959
B1239484515451N00542354EA0094600958
B1239494515447N00542351EA0094400956
B1239504515442N00542349EA0094300955
B1239514515437N00542346EA0094200954
B1239524515433N00542344EA0094100953
B1239534515428N00542341EA0094000952
B1239544515423N00542339EA0093800950
B1239554515419N00542337EA0093600948
B1239564515414N00542334EA0093500947
B1239574515409N00542332EA0093300945
B1239584515405N00542329EA0093200944
B1239594515400N00542327EA0093100943
B1240004515395N00542325EA0092800940
B1240014515391N00542322EA0092700939
B1240024515386N00542320EA0092700939
B1240034515381N00542317EA0092600938
B1240044515377N00542315EA0092300935
B1240054515372N00542312EA0092200934
B1240064515367N00542310EA0092200934
B1240074515363N00542308EA0092100933
B1240084515358N00542305EA0091900931
B1240094515353N00542303EA0091800930
B1240104515349N00542300EA0091800930
B1240114515344N00542298EA0091600928
B1240124515339N00542295EA0091400926
B1240134515335N00542293EA0091300925
B1240144515330N00542291EA0091200924
B1240154515325N00542288EA0091000922
B1240164515321N00542286EA0091000922
B1240174515316N00542283EA0090800920
B1240184515311N00542281EA0090700919
B1240194515307N00542278EA0090600918
B1240204515302N00542276EA0090500917
B1240214515298N00542273EA0090300915
B1240224515293N00542271EA0090200914
B1240234515288N00542269EA0090200914
B1240244515284N00542266EA0090000912
B1240254515279N00542264EA0089900911
B1240264515274N00542261EA0089800910
B1240274515270N00542259EA0089700909
B1240284515265N00542256EA0089500907
B1240294515260N00542254EA0089400906
B1240304515256N00542251EA0089300905
B1240314515251N00542249EA0089200904
B1240324515246N00542247EA0089100903
B1240334515242N00542244EA0089000902
B1240344515237N00542242EA0088900901
B1240354515232N00542239EA0088800900
B1240364515228N00542237EA0088700899
B1240374515223N00542234EA0088600898
B1240384515218N00542232EA0088400896
B1240394515214N00542229EA0088300895
B1240404515209N00542227EA0088200894
B1240414515204N00542224EA0088000892
B1240424515200N00542222EA0087900891
B1240434515195N00542220EA0087800890
B1240444515190N00542217EA0087700889
B1240454515186N00542215EA0087700889
B1240464515181N00542212EA0087600888
B1240474515177N00542210EA0087500887
B1240484515172N00542207EA0087400886
B1240494515167N00542205EA0087200884
B1240504515163N00542202EA0087100883
B1240514515158N00542200EA0087000882
B1240524515153N00542197EA0086900881
B1240534515149N00542195EA0086800880
B1240544515144N00542192EA0086700879
B1240554515139N00542190EA0086500877
B1240564515135N00542188EA0086400876
B1240574515130N00542185EA0086300875
B1240584515125N00542183EA0086200874
B1240594515121N00542180EA0086000872
B1241004515116N00542178EA0086000872
B1241014515111N00542175EA0085900871
B1241024515107N00542173EA0085700869
B1241034515102N00542170EA0085600868
B1241044515098N00542168EA0085400866
B1241054515093N00542165EA0085300865
B1241064515088N00542163EA0085200864
B1241074515084N00542160EA0085200864
B1241084515079N00542158EA0085000862
B1241094515074N00542155EA0084900861
B1241104515070N00542153EA0084900861
B1241114515065N00542150EA0084800860
B1241124515060N00542148EA0084700859
B1241134515056N00542145EA0084600858
B1241144515051N00542143EA0084400856
B1241154515046N00542140EA0084300855
B1241164515042N00542138EA0084200854
B1241174515037N00542136EA0084000852
B1241184515033N00542133EA0083900851
B1241194515028N00542131EA0083700849
B1241204515023N00542128EA0083600848
B1241214515019N00542126EA0083400846
B1241224515014N00542123EA0083300845
B1241234515009N00542121EA0083200844
B1241244515005N00542118EA0083100843
B1241254515000N00542116EA0083000842
B1241264514995N00542113EA0082900841
B1241274514991N00542111EA0082800840
B1241284514986N00542108EA0082700839
B1241294514981N00542106EA0082500837
B1241304514977N00542103EA0082400836
B1241314514972N00542101EA0082200834
B1241324514968N00542098EA0082100833
B1241334514963N00542096EA0081900831
B1241344514958N00542093EA0081700829
B1241354514954N00542091EA0081600828
B1241364514949N00542088EA0081500827
B1241374514944N00542086EA0081400826
B1241384514940N00542083EA0081300825
B1241394514935N00542081EA0081200824
B1241404514930N00542078EA0081000822
B1241414514926N00542076EA0081000822
B1241424514921N00542073EA0080900821
B1241434514917N00542070EA0080700819
B1241444514912N00542068EA0080600818
B1241454514907N00542065EA0080500817
B1241464514903N00542063EA0080400816
B1241474514898N00542060EA0080300815
B1241484514893N00542058EA0080200814
B1241494514889N00542055EA0080100813
B1241504514884N00542053EA0080000812
B1241514514879N00542050EA0079800810
B1241524514875N00542048EA0079800810
B1241534514870N00542045EA0079700809
B1241544514866N00542043EA0079600808
B1241554514861N00542040EA0079500807
B1241564514856N00542038EA0079400806
B1241574514852N00542035EA0079200804
B1241584514847N00542033EA0079100803
B1241594514842N00542030EA0079000802
B1242004514838N00542028EA0078800800
B1242014514833N00542025EA0078600798
B1242024514829N00542023EA0078600798
B1242034514824N00542020EA0078400796
B1242044514819N00542017EA0078300795
B1242054514815N00542015EA0078200794
B1242064514810N00542012EA0078100793
B1242074514805N00542010EA0078000792
B1242084514801N00542007EA0077800790
B1242094514796N00542005EA0077800790
B1242104514792N00542002EA0077700789
B1242114514787N00542000EA0077600788
B1242124514782N00541997EA0077400786
B1242134514778N00541995EA0077300785
B1242144514773N00541992EA0077100783
B1242154514768N00541990EA0077100783
B1242164514764N00541987EA0076900781
B1242174514759N00541984EA0076800780
B1242184514755N00541982EA0076600778
B1242194514750N00541979EA0076500777
B1242204514745N00541977EA0076400776
B1242214514741N00541974EA0076200774
B1242224514736N00541972EA0076100773
B1242234514731N00541969EA0076000772
B1242244514727N00541967EA0075900771
B1242254514722N00541964EA0075800770
B1242264514718N00541961EA0075700769
B1242274514713N00541959EA0075600768
B1242284514708N00541956EA0075500767
B1242294514704N00541954EA0075300765
B1242304514699N00541951EA0075200764
B1242314514694N00541949EA0075100763
B1242324514690N00541946EA0074900761
B1242334514685N00541943EA0074800760
B1242344514681N00541941EA0074700759
B1242354514676N00541938EA0074600758
B1242364514671N00541936EA0074400756
B1242374514667N00541933EA0074300755
B1242384514662N00541931EA0074200754
B1242394514658N00541928EA0074100753
B1242404514653N00541925EA0074000752
B1242414514648N00541923EA0073800750
B1242424514644N00541920EA0073700749
B1242434514639N00541918EA0073600748
B1242444514634N00541915EA0073400746
B1242454514630N00541913EA0073300745
B1242464514625N00541910EA0073200744
B1242474514621N00541907EA0073100743
B1242484514616N00541905EA0072900741
B1242494514611N00541902EA0072800740
B1242504514607N00541900EA0072700739
B1242514514602N00541897EA0072500737
B1242524514598N00541894EA0072400736
B1242534514593N00541892EA0072300735
B1242544514588N00541889EA0072200734
B1242554514584N00541887EA0072000732
B1242564514579N00541884EA0071800730
B1242574514575N00541881EA0071700729
B1242584514570N00541879EA0071600728
B1242594514565N00541876EA0071400726
B1243004514561N00541874EA0071300725
B1243014514556N00541871EA0071200724
B1243024514551N00541868EA0071100723
B1243034514547N00541866EA0070900721
B1243044514542N00541863EA0070800720
B1243054514538N00541861EA0070800720
B1243064514533N00541858EA0070600718
B1243074514528N00541855EA0070400716
B1243084514524N00541853EA0070300715
B1243094514519N00541850EA0070300715
B1243104514515N00541848EA0070100713
B1243114514510N00541845EA0070100713
B1243124514505N00541842EA0070000712
B1243134514501N00541840EA0069900711
B1243144514496N00541837EA0069800710
B1243154514492N00541834EA0069700709
B1243164514487N00541832EA0069600708
B1243174514482N00541829EA0069500707
B1243184514478N00541827EA0069400706
B1243194514473N00541824EA0069300705
B1243204514469N00541821EA0069200704
B1243214514464N00541819EA0069100703
B1243224514459N00541816EA0068900701
B1243234514455N00541813EA0068800700
B1243244514450N00541811EA0068800700
B1243254514446N00541808EA0068600698
B1243264514441N00541805EA0068400696
B1243274514436N00541803EA0068300695
B1243284514432N00541800EA0068200694
B1243294514427N00541797EA0068000692
B1243304514423N00541795EA0068000692
B1243314514418N00541792EA0067800690
B1243324514414N00541789EA0067700689
B1243334514409N00541787EA0067600688
B1243344514404N00541784EA0067500687
B1243354514400N00541782EA0067400686
B1243364514395N00541779EA0067200684
B1243374514391N00541776EA0067100683
B1243384514386N00541774EA0066900681
B1243394514381N00541771EA0066800680
B1243404514377N00541768EA0066600678
B1243414514372N00541766EA0066600678
B1243424514368N00541763EA0066400676
B1243434514363N00541760EA0066300675
B1243444514358N00541757EA0066200674
B1243454514354N00541755EA0066100673
B1243464514349N00541752EA0065900671
B1243474514345N00541749EA0065800670
B1243484514340N00541747EA0065700669
B1243494514336N00541744EA0065600668
B1243504514331N00541741EA0065400666
B1243514514326N00541739EA0065300665
B1243524514322N00541736EA0065200664
B1243534514317N00541733EA0065100663
B1243544514313N00541731EA0065000662
B1243554514308N00541728EA0064800660
B1243564514304N00541725EA0064700659
B1243574514299N00541723EA0064600658
B1243584514294N00541720EA0064500657
B1243594514290N00541717EA0064400656
B1244004514285N00541714EA0064300655
B1244014514281N00541712EA0064200654
B1244024514276N00541709EA0064100653
B1244034514271N00541706EA0063900651
B1244044514267N00541704EA0063800650
B1244054514262N00541701EA0063700649
B1244064514258N00541698EA0063500647
B1244074514253N00541695EA0063400646
B1244084514249N00541693EA0063300645
B1244094514244N00541690EA0063100643
B1244104514240N00541687EA0063000642
B1244114514235N00541684EA0062800640
B1244124514230N00541682EA0062800640
B1244134514226N00541679EA0062700639
B1244144514221N00541676EA0062600638
B1244154514217N00541674EA0062500637
B1244164514212N00541671EA0062400636
B1244174514208N00541668EA0062200634
B1244184514203N00541665EA0062200634
B1244194514198N00541663EA0062000632
B1244204514194N00541660EA0061900631
B1244214514189N00541657EA0061900631
B1244224514185N00541654EA0061800630
B1244234514180N00541652EA0061700629
B1244244514176N00541649EA0061600628
B1244254514171N00541646EA0061500627
B1244264514167N00541643EA0061300625
B1244274514162N00541640EA0061300625
B1244284514157N00541638EA0061100623
B1244294514153N00541635EA0060900621
B1244304514148N00541632EA0060800620
B1244314514144N00541629EA0060700619
B1244324514139N00541627EA0060600618
B1244334514135N00541624EA0060500617
B1244344514130N00541621EA0060400616
B1244354514126N00541618EA0060200614
B1244364514121N00541615EA0060200614
B1244374514116N00541613EA0060100613
B1244384514112N00541610EA0060000612
B1244394514107N00541607EA0059900611
B1244404514103N00541604EA0059800610
B1244414514098N00541601EA0059600608
B1244424514094N00541598EA0059500607
B1244434514089N00541596EA0059300605
B1244444514085N00541593EA0059200604
B1244454514080N00541590EA0059000602
B1244464514076N00541587EA0058900601
B1244474514071N00541584EA0058800600
B1244484514067N00541582EA0058600598
B1244494514062N00541579EA0058500597
B1244504514058N00541576EA0058400596
B1244514514053N00541573EA0058200594
B1244524514048N00541570EA0058100593
B1244534514044N00541567EA0058000592
B1244544514039N00541564EA0057900591
B1244554514035N00541562EA0057700589
B1244564514030N00541559EA0057600588
B1244574514026N00541556EA0057400586
B1244584514021N00541553EA0057300585
B1244594514017N00541550EA0057100583
B1245004514012N00541547EA0057000582
B1245014514008N00541544EA0056900581
B1245024514003N00541541EA0056800580
B1245034513999N00541538EA0056600578
B1245044513994N00541536EA0056500577
B1245054513990N00541533EA0056500577
B1245064513985N00541530EA0056400576
B1245074513981N00541527EA0056200574
B1245084513976N00541524EA0056100573
B1245094513972N00541521EA0056000572
B1245104513967N00541518EA0055800570
B1245114513963N00541515EA0055700569
B1245124513958N00541512EA0055500567
B1245134513954N00541509EA0055400566
B1245144513949N00541506EA0055300565
B1245154513945N00541503EA0055200564
B1245164513940N00541500EA0055100563
B1245174513936N00541497EA0055000562
B1245184513931N00541494EA0054800560
B1245194513927N00541491EA0054800560
B1245204513922N00541488EA0054700559
B1245214513918N00541485EA0054600558
B1245224513913N00541482EA0054500557
B1245234513909N00541479EA0054400556
B1245244513904N00541476EA0054300555
B1245254513900N00541473EA0054200554
B1245264513896N00541470EA0054100553
B1245274513891N00541467EA0054000552
B1245284513887N00541464EA0053800550
B1245294513882N00541461EA0053700549
B1245304513878N00541458EA0053500547
B1245314513873N00541455EA0053400546
B1245324513869N00541452EA0053300545
B1245334513864N00541449EA0053100543
B1245344513860N00541446EA0053000542
B1245354513856N00541442EA0052900541
B1245364513851N00541439EA0052800540
B1245374513847N00541436EA0052600538
B1245384513842N00541433EA0052400536
B1245394513838N00541430EA0052400536
B1245404513834N00541426EA0052300535
B1245414513831N00541423EA0052000532
B1245424513828N00541419EA0051700529
B1245434513827N00541414EA0051400526
B1245444513826N00541408EA0051200524
B1245454513826N00541403EA0051000522
B1245464513827N00541397EA0050600518
B1245474513829N00541392EA0050400516
B1245484513831N00541387EA0050100513
B1245494513834N00541383EA0049800510
B1245504513838N00541380EA0049600508
B1245514513842N00541377EA0049400506
B1245524513838N00541381EA0049200504
B1245534513834N00541382EA0049000502
B1245544513830N00541382EA0048700499
B1245554513826N00541381EA0048500497
B1245564513822N00541379EA0048200494
B1245574513819N00541376EA0047900491
B1245584513817N00541372EA0047800490
B1245594513815N00541367EA0047600488
B1246004513814N00541362EA0047400486
B1246014513813N00541356EA0047100483
B1246024513814N00541350EA0046800480
B1246034513816N00541345EA0046500477
B1246044513818N00541340EA0046300475
B1246054513816N00541348EA0046200474
B1246064513814N00541353EA0046000472
B1246074513811N00541358EA0045800470
B1246084513808N00541362EA0045600468
B1246094513804N00541364EA0045300465
B1246104513800N00541366EA0045100463
B1246114513796N00541366EA0045000462
B1246124513792N00541365EA0044700459
B1246134513789N00541363EA0044400456
B1246144513786N00541360EA0044100453
B1246154513783N00541356EA0043900451
B1246164513781N00541351EA0043500447
B1246174513780N00541346EA0043300445
B1246184513780N00541340EA0043000442
B1246194513782N00541348EA0042900441
B1246204513784N00541354EA0042700439
B1246214513784N00541361EA0042500437
B1246224513784N00541367EA0042200434
B1246234513783N00541373EA0042000432
B1246244513781N00541379EA0041800430
B1246254513778N00541384EA0041500427
B1246264513775N00541388EA0041300425
B1246274513772N00541391EA0041100423
B1246284513768N00541393EA0040800420
B1246294513764N00541393EA0040600418
B1246304513760N00541393EA0040300415
B1246314513756N00541391EA0040100413
B1246324513762N00541392EA0039900411
B1246334513766N00541395EA0039700409
B1246344513770N00541399EA0039400406
B1246354513774N00541403EA0039200404
B1246364513777N00541409EA0038900401
B1246374513779N00541415EA0038700399
B1246384513780N00541421EA0038400396
B1246394513780N00541428EA0038200394
B1246404513780N00541434EA0037900391
B1246414513779N00541440EA0037700389
B1246424513777N00541446EA0037500387
B1246434513774N00541451EA0037300385
B1246444513778N00541445EA0037200384
B1246454513781N00541441EA0036900381
B1246464513785N00541439EA0036600378
B1246474513789N00541437EA0036400376
B1246484513794N00541437EA0036200374
B1246494513799N00541438EA0035900371
B1246504513803N00541440EA0035600368
B1246514513807N00541443EA0035300365
B1246524513811N00541447EA0035100363
B1246534513814N00541452EA0034800360
B1246544513817N00541458EA0034600358
B1246554513815N00541451EA0034500357
B1246564513815N00541446EA0034200354
B1246574513815N00541440EA0034000352
B1246584513816N00541435EA0033800350
B1246594513818N00541429EA0033500347
B1247004513821N00541425EA0033300345
B1247014513824N00541421EA0033000342
B1247024513828N00541418EA0032800340
B1247034513833N00541417EA0032500337
B1247044513837N00541416EA0032300335
B1247054513842N00541417EA0032000332
B1247064513837N00541415EA0031900331
B1247074513834N00541413EA0031600328
B1247084513831N00541410EA0031400326
B1247094513828N00541405EA0031200324
B1247104513826N00541400EA0030900321
B1247114513826N00541395EA0030700319
B1247124513825N00541389EA0030500317
B1247134513826N00541384EA0030200314
B1247144513828N00541378EA0030000312
B1247154513830N00541373EA0029700309
B1247164513833N00541369EA0029500307
B1247174513837N00541366EA0029300305
B1247184513833N00541371EA0029100303
B1247194513829N00541373EA0028900301
B1247204513825N00541375EA0028700299
B1247214513821N00541375EA0028400296
B1247224513817N00541374EA0028200294
B1247234513814N00541372EA0028000292
B1247244513811N00541369EA0027800290
B1247254513808N00541365EA0027600288
B1247264513806N00541360EA0027300285
B1247274513805N00541355EA0027100283
B1247284513805N00541349EA0026900281
B1247294513805N00541344EA0026600278
B1247304513807N00541338EA0026400276
B1247314513806N00541346EA0026200274
B1247324513805N00541352EA0025900271
B1247334513803N00541358EA0025600268
B1247344513801N00541363EA0025400266
B1247354513797N00541367EA0025100263
B1247364513794N00541370EA0024900261
B1247374513790N00541372EA0024600258
B1247384513786N00541372EA0024400256
B1247394513782N00541372EA0024100253
B1247404513782N00541372EA0023800250
B1247414513782N00541372EA0023800250
B1247424513782N00541372EA0023800250
B1247434513782N00541372EA0023800250
B1247444513782N00541372EA0023800250
B1247454513782N00541372EA0023800250
B1247464513782N00541372EA0023700249
B1247474513782N00541372EA0023700249
B1247484513782N00541372EA0023800250
B1247494513782N00541372EA0023800250
B1247504513782N00541372EA0023800250
B1247514513782N00541372EA0023800250
B1247524513782N00541372EA0023800250
B1247534513782N00541372EA0023800250
B1247544513782N00541372EA0023800250
B1247554513782N00541372EA0023800250
B1247564513782N00541372EA0023800250
B1247574513782N00541372EA0023800250
B1247584513782N00541372EA0023800250
B1247594513782N00541372EA0023800250
