AXCT FlyLog example
HFDTEDATE:280326,01
HFPLTPILOTINCHARGE:Pilote Demo
HFGTYGLIDERTYPE:Voile EN-B
HFGIDGLIDERID:
B1315004518390N00553220EA0097800990
B1315014518390N00553220EA0097800990
B1315024518390N00553220EA0097700989
B1315034518390N00553220EA0097800990
B1315044518390N00553220EA0097900991
B1315054518390N00553220EA0097800990
B1315064518390N00553220EA0097800990
B1315074518390N00553220EA0097800990
B1315084518390N00553220EA0097800990
B1315094518390N00553220EA0097800990
B1315104518390N00553220EA0097800990
B1315114518390N00553220EA0097800990
B1315124518390N00553220EA0097800990
B1315134518390N00553220EA0097800990
B1315144518390N00553220EA0097800990
B1315154518390N00553220EA0097800990
B1315164518390N00553220EA0097800990
B1315174518390N00553220EA0097800990
B1315184518390N00553220EA0097800990
B1315194518390N00553220EA0097800990
B1315204518390N00553220EA0097800990
B1315214518390N00553220EA0097800990
B1315224518390N00553220EA0097800990
B1315234518390N00553220EA0097800990
B1315244518390N00553220EA0097800990
B1315254518390N00553220EA0097900991
B1315264518390N00553220EA0097800990
B1315274518390N00553220EA0097800990
B1315284518390N00553220EA0097800990
B1315294518390N00553220EA0097800990
B1315304518385N00553215EA0097600988
B1315314518380N00553210EA0097600988
B1315324518374N00553205EA0097600988
B1315334518369N00553199EA0097400986
B1315344518364N00553194EA0097300985
B1315354518359N00553189EA0097100983
B1315364518353N00553184EA0097000982
B1315374518348N00553180EA0097000982
B1315384518343N00553175EA0096800980
B1315394518337N00553171EA0096700979
B1315404518332N00553166EA0096600978
B1315414518326N00553162EA0096500977
B1315424518321N00553158EA0096300975
B1315434518315N00553153EA0096200974
B1315444518310N00553148EA0096100973
B1315454518304N00553144EA0096000972
B1315464518299N00553139EA0095900971
B1315474518294N00553135EA0095800970
B1315484518288N00553130EA0095700969
B1315494518283N00553126EA0095600968
B1315504518277N00553121EA0095500967
B1315514518272N00553117EA0095400966
B1315524518266N00553112EA0095200964
B1315534518261N00553108EA0095100963
B1315544518256N00553103EA0095000962
B1315554518250N00553098EA0094800960
B1315564518245N00553093EA0094700959
B1315574518240N00553088EA0094700959
B1315584518234N00553084EA0094500957
B1315594518229N00553079EA0094400956
B1316004518223N00553074EA0094400956
B1316014518218N00553070EA0094200954
B1316024518212N00553066EA0094000952
B1316034518207N00553062EA0093900951
B1316044518201N00553058EA0093800950
B1316054518196N00553053EA0093600948
B1316064518190N00553049EA0093500947
B1316074518185N00553044EA0093400946
B1316084518179N00553040EA0093300945
B1316094518174N00553036EA0093200944
B1316104518168N00553031EA0093100943
B1316114518163N00553027EA0093000942
B1316124518158N00553022EA0092900941
B1316134518152N00553018EA0092800940
B1316144518147N00553013EA0092600938
B1316154518141N00553008EA0092500937
B1316164518136N00553004EA0092500937
B1316174518131N00552999EA0092400936
B1316184518125N00552994EA0092300935
B1316194518120N00552989EA0092200934
B1316204518115N00552984EA0092100933
B1316214518110N00552979EA0092100933
B1316224518104N00552974EA0092000932
B1316234518099N00552969EA0091800930
B1316244518094N00552963EA0091800930
B1316254518089N00552958EA0091700929
B1316264518084N00552952EA0091500927
B1316274518079N00552947EA0091400926
B1316284518074N00552941EA0091300925
B1316294518069N00552935EA0091100923
B1316304518064N00552930EA0091000922
B1316314518059N00552924EA0091000922
B1316324518054N00552918EA0090800920
B1316334518049N00552912EA0090700919
B1316344518045N00552906EA0090500917
B1316354518040N00552901EA0090400916
B1316364518035N00552895EA0090300915
B1316374518030N00552889EA0090200914
B1316384518025N00552883EA0090000912
B1316394518020N00552878EA0089900911
B1316404518015N00552872EA0089800910
B1316414518010N00552866EA0089700909
B1316424518005N00552860EA0089700909
B1316434518001N00552854EA0089600908
B1316444517996N00552848EA0089400906
B1316454517991N00552843EA0089300905
B1316464517986N00552837EA0089200904
B1316474517981N00552831EA0089000902
B1316484517976N00552825EA0088900901
B1316494517971N00552820EA0088700899
B1316504517966N00552814EA0088600898
B1316514517963N00552807EA0088800900
B1316524517961N00552800EA0088900901
B1316534517960N00552792EA0089200904
B1316544517960N00552784EA0089500907
B1316554517962N00552777EA0089800910
B1316564517966N00552771EA0090000912
B1316574517969N00552767EA0090200914
B1316584517974N00552765EA0090300915
B1316594517978N00552766EA0090500917
B1317004517981N00552768EA0090900921
B1317014517984N00552771EA0091000922
B1317024517986N00552776EA0091200924
B1317034517986N00552782EA0091500927
B1317044517985N00552788EA0091700929
B1317054517982N00552793EA0091900931
B1317064517979N00552797EA0092100933
B1317074517974N00552799EA0092300935
B1317084517969N00552800EA0092500937
B1317094517963N00552798EA0092700939
B1317104517958N00552795EA0092900941
B1317114517954N00552790EA0093100943
B1317124517950N00552783EA0093300945
B1317134517948N00552775EA0093600948
B1317144517947N00552767EA0093800950
B1317154517948N00552759EA0094000952
B1317164517950N00552752EA0094100953
B1317174517953N00552747EA0094300955
B1317184517957N00552743EA0094400956
B1317194517961N00552741EA0094600958
B1317204517965N00552741EA0094800960
B1317214517969N00552744EA0095000962
B1317224517972N00552747EA0095200964
B1317234517973N00552752EA0095300965
B1317244517974N00552758EA0095500967
B1317254517972N00552764EA0095600968
B1317264517970N00552769EA0095800970
B1317274517966N00552773EA0095900971
B1317284517961N00552775EA0096200974
B1317294517956N00552776EA0096400976
B1317304517950N00552774EA0096700979
B1317314517945N00552770EA0096900981
B1317324517941N00552765EA0097200984
B1317334517938N00552758EA0097400986
B1317344517935N00552751EA0097600988
B1317354517935N00552742EA0097700989
B1317364517936N00552735EA0097900991
B1317374517938N00552728EA0098100993
B1317384517941N00552722EA0098400996
B1317394517945N00552719EA0098600998
B1317404517949N00552717EA0098901001
B1317414517953N00552717EA0098901001
B1317424517957N00552720EA0099101003
B1317434517960N00552724EA0099301005
B1317444517961N00552729EA0099501007
B1317454517961N00552734EA0099801010
B1317464517960N00552740EA0100101013
B1317474517957N00552745EA0100301015
B1317484517953N00552749EA0100501017
B1317494517948N00552751EA0100701019
B1317504517943N00552752EA0101001022
B1317514517938N00552750EA0101201024
B1317524517933N00552746EA0101401026
B1317534517928N00552741EA0101601028
B1317544517925N00552734EA0101901031
B1317554517923N00552726EA0102101033
B1317564517922N00552718EA0102401036
B1317574517923N00552710EA0102601038
B1317584517925N00552703EA0102801040
B1317594517929N00552698EA0103101043
B1318004517933N00552694EA0103301045
B1318014517937N00552693EA0103501047
B1318024517941N00552693EA0103701049
B1318034517945N00552696EA0104001052
B1318044517947N00552700EA0104201054
B1318054517949N00552705EA0104401056
B1318064517949N00552710EA0104601058
B1318074517947N00552716EA0104901061
B1318084517944N00552721EA0105101063
B1318094517940N00552725EA0105401066
B1318104517936N00552727EA0105601068
B1318114517930N00552727EA0105901071
B1318124517925N00552725EA0106101073
B1318134517920N00552722EA0106401076
B1318144517915N00552716EA0106601078
B1318154517912N00552709EA0106901081
B1318164517910N00552701EA0107101083
B1318174517910N00552693EA0107201084
B1318184517911N00552686EA0107501087
B1318194517913N00552679EA0107701089
B1318204517916N00552674EA0107901091
B1318214517920N00552670EA0108001092
B1318224517925N00552669EA0108301095
B1318234517929N00552669EA0108501097
B1318244517932N00552672EA0108601098
B1318254517935N00552676EA0108801100
B1318264517936N00552681EA0109101103
B1318274517936N00552687EA0109201104
B1318284517935N00552692EA0109501107
B1318294517932N00552697EA0109701109
B1318304517928N00552701EA0109801110
B1318314517923N00552703EA0110101113
B1318324517917N00552703EA0110301115
B1318334517912N00552701EA0110501117
B1318344517907N00552697EA0110801120
B1318354517903N00552692EA0110901121
B1318364517900N00552685EA0111201124
B1318374517898N00552677EA0111401126
B1318384517897N00552669EA0111601128
B1318394517898N00552661EA0111801130
B1318404517901N00552654EA0112001132
B1318414517904N00552649EA0112201134
B1318424517908N00552646EA0112401136
B1318434517912N00552644EA0112701139
B1318444517916N00552645EA0112901141
B1318454517920N00552648EA0113001142
B1318464517922N00552652EA0113201144
B1318474517924N00552657EA0113401146
B1318484517924N00552663EA0113601148
B1318494517922N00552668EA0113901151
B1318504517919N00552673EA0114101153
B1318514517915N00552677EA0114301155
B1318524517910N00552679EA0114401156
B1318534517905N00552679EA0114601158
B1318544517899N00552677EA0114801160
B1318554517894N00552673EA0115001162
B1318564517890N00552667EA0115201164
B1318574517887N00552660EA0115401166
B1318584517885N00552652EA0115601168
B1318594517885N00552644EA0115801170
B1319004517886N00552636EA0116001172
B1319014517888N00552630EA0116201174
B1319024517892N00552625EA0116301175
B1319034517896N00552622EA0116501177
B1319044517900N00552620EA0116801180
B1319054517904N00552621EA0116901181
B1319064517908N00552624EA0117101183
B1319074517910N00552628EA0117401186
B1319084517911N00552633EA0117601188
B1319094517911N00552639EA0117901191
B1319104517909N00552645EA0118201194
B1319114517906N00552649EA0118401196
B1319124517902N00552653EA0118601198
B1319134517897N00552655EA0118701199
B1319144517892N00552655EA0118801200
B1319154517886N00552653EA0119101203
B1319164517881N00552648EA0119401206
B1319174517877N00552643EA0119601208
B1319184517874N00552635EA0119801210
B1319194517873N00552628EA0120101213
B1319204517872N00552619EA0120201214
B1319214517874N00552612EA0120501217
B1319224517876N00552605EA0120601218
B1319234517879N00552600EA0121001222
B1319244517884N00552597EA0121301225
B1319254517888N00552596EA0121501227
B1319264517892N00552597EA0121701229
B1319274517895N00552600EA0121901231
B1319284517898N00552604EA0122201234
B1319294517899N00552609EA0122401236
B1319304517898N00552615EA0122601238
B1319314517897N00552621EA0122701239
B1319324517894N00552625EA0123001242
B1319334517889N00552629EA0123101243
B1319344517884N00552631EA0123301245
B1319354517879N00552630EA0123501247
B1319364517874N00552628EA0123701249
B1319374517869N00552624EA0123901251
B1319384517865N00552618EA0124101253
B1319394517862N00552611EA0124301255
B1319404517860N00552603EA0124501257
B1319414517860N00552595EA0124601258
B1319424517861N00552587EA0125001262
B1319434517864N00552581EA0125101263
B1319444517867N00552576EA0125301265
B1319454517871N00552573EA0125501267
B1319464517876N00552572EA0125601268
B1319474517880N00552573EA0125801270
B1319484517883N00552576EA0126101273
B1319494517885N00552580EA0126301275
B1319504517886N00552586EA0126501277
B1319514517886N00552591EA0126801280
B1319524517884N00552597EA0127001282
B1319534517881N00552602EA0127301285
B1319544517877N00552605EA0127501287
B1319554517872N00552607EA0127701289
B1319564517866N00552606EA0127901291
B1319574517861N00552604EA0128201294
B1319584517856N00552599EA0128301295
B1319594517852N00552593EA0128501297
B1320004517849N00552586EA0128801300
B1320014517848N00552578EA0129101303
B1320024517846N00552570EA0129001302
B1320034517844N00552561EA0128801300
B1320044517843N00552552EA0128801300
B1320054517841N00552544EA0128701299
B1320064517839N00552535EA0128601298
B1320074517837N00552526EA0128501297
B1320084517836N00552518EA0128401296
B1320094517834N00552509EA0128401296
B1320104517833N00552500EA0128201294
B1320114517831N00552492EA0128201294
B1320124517830N00552483EA0128101293
B1320134517829N00552474EA0128001292
B1320144517827N00552465EA0127901291
B1320154517826N00552457EA0127801290
B1320164517825N00552448EA0127701289
B1320174517823N00552439EA0127601288
B1320184517822N00552430EA0127501287
B1320194517821N00552422EA0127401286
B1320204517819N00552413EA0127401286
B1320214517818N00552404EA0127201284
B1320224517816N00552395EA0127101283
B1320234517815N00552387EA0127101283
B1320244517813N00552378EA0127001282
B1320254517812N00552369EA0126801280
B1320264517810N00552361EA0126701279
B1320274517808N00552352EA0126501277
B1320284517807N00552343EA0126401276
B1320294517805N00552335EA0126301275
B1320304517804N00552326EA0126101273
B1320314517802N00552317EA0126001272
B1320324517801N00552308EA0125901271
B1320334517800N00552300EA0125801270
B1320344517798N00552291EA0125601268
B1320354517797N00552282EA0125401266
B1320364517796N00552273EA0125301265
B1320374517794N00552265EA0125201264
B1320384517793N00552256EA0125001262
B1320394517792N00552247EA0124901261
B1320404517791N00552238EA0124801260
B1320414517789N00552230EA0124701259
B1320424517788N00552221EA0124601258
B1320434517787N00552212EA0124501257
B1320444517786N00552203EA0124401256
B1320454517785N00552195EA0124301255
B1320464517783N00552186EA0124201254
B1320474517782N00552177EA0124101253
B1320484517781N00552168EA0124001252
B1320494517779N00552160EA0123901251
B1320504517777N00552151EA0123901251
B1320514517776N00552142EA0123701249
B1320524517774N00552134EA0123601248
B1320534517773N00552125EA0123501247
B1320544517771N00552116EA0123401246
B1320554517770N00552108EA0123301245
B1320564517768N00552099EA0123201244
B1320574517767N00552090EA0123101243
B1320584517765N00552081EA0123101243
B1320594517764N00552073EA0122901241
B1321004517762N00552064EA0122901241
B1321014517761N00552055EA0122901241
B1321024517760N00552047EA0122801240
B1321034517758N00552038EA0122601238
B1321044517757N00552029EA0122501237
B1321054517755N00552020EA0122401236
B1321064517754N00552012EA0122301235
B1321074517753N00552003EA0122201234
B1321084517751N00551994EA0122101233
B1321094517750N00551985EA0122001232
B1321104517748N00551977EA0121901231
B1321114517747N00551968EA0121901231
B1321124517745N00551959EA0121701229
B1321134517744N00551950EA0121601228
B1321144517743N00551942EA0121501227
B1321154517742N00551933EA0121401226
B1321164517741N00551924EA0121301225
B1321174517740N00551915EA0121201224
B1321184517739N00551906EA0121101223
B1321194517738N00551898EA0121001222
B1321204517737N00551889EA0121001222
B1321214517737N00551880EA0120901221
B1321224517736N00551871EA0120801220
B1321234517735N00551862EA0120701219
B1321244517734N00551854EA0120601218
B1321254517733N00551845EA0120501217
B1321264517733N00551836EA0120301215
B1321274517732N00551827EA0120301215
B1321284517731N00551818EA0120201214
B1321294517730N00551810EA0120001212
B1321304517729N00551801EA0119901211
B1321314517729N00551792EA0119801210
B1321324517728N00551783EA0119801210
B1321334517728N00551774EA0119701209
B1321344517727N00551766EA0119601208
B1321354517727N00551757EA0119501207
B1321364517726N00551748EA0119401206
B1321374517726N00551739EA0119301205
B1321384517725N00551730EA0119101203
B1321394517724N00551721EA0118901201
B1321404517724N00551713EA0118801200
B1321414517723N00551704EA0118701199
B1321424517722N00551695EA0118601198
B1321434517721N00551686EA0118501197
B1321444517720N00551677EA0118401196
B1321454517719N00551669EA0118301195
B1321464517718N00551660EA0118201194
B1321474517717N00551651EA0118001192
B1321484517716N00551642EA0117901191
B1321494517715N00551633EA0117901191
B1321504517715N00551626EA0118101193
B1321514517717N00551618EA0118301195
B1321524517720N00551612EA0118501197
B1321534517723N00551608EA0118601198
B1321544517728N00551606EA0118901201
B1321554517732N00551605EA0119101203
B1321564517736N00551607EA0119301205
B1321574517739N00551611EA0119401206
B1321584517741N00551615EA0119601208
B1321594517741N00551621EA0119801210
B1322004517740N00551627EA0119901211
B1322014517738N00551632EA0120001212
B1322024517734N00551636EA0120301215
B1322034517730N00551639EA0120601218
B1322044517725N00551640EA0120701219
B1322054517719N00551639EA0121001222
B1322064517714N00551636EA0121201224
B1322074517709N00551631EA0121401226
B1322084517706N00551624EA0121601228
B1322094517703N00551617EA0121801230
B1322104517702N00551609EA0122101233
B1322114517703N00551601EA0122101233
B1322124517704N00551594EA0122401236
B1322134517707N00551588EA0122501237
B1322144517711N00551584EA0122701239
B1322154517715N00551581EA0122901241
B1322164517720N00551581EA0123301245
B1322174517723N00551583EA0123301245
B1322184517726N00551587EA0123501247
B1322194517728N00551591EA0123701249
B1322204517729N00551597EA0123801250
B1322214517728N00551603EA0124101253
B1322224517725N00551608EA0124201254
B1322234517722N00551612EA0124401256
B1322244517717N00551615EA0124601258
B1322254517712N00551616EA0124701259
B1322264517706N00551615EA0124901261
B1322274517701N00551611EA0125101263
B1322284517697N00551606EA0125401266
B1322294517693N00551600EA0125701269
B1322304517691N00551592EA0125801270
B1322314517690N00551584EA0126101273
B1322324517690N00551576EA0126201274
B1322334517692N00551569EA0126401276
B1322344517695N00551563EA0126501277
B1322354517699N00551559EA0126801280
B1322364517703N00551557EA0127001282
B1322374517707N00551557EA0127101283
B1322384517711N00551559EA0127301285
B1322394517714N00551563EA0127501287
B1322404517716N00551568EA0127801290
B1322414517716N00551573EA0128001292
B1322424517715N00551579EA0128201294
B1322434517713N00551584EA0128301295
B1322444517709N00551588EA0128501297
B1322454517704N00551591EA0128701299
B1322464517699N00551592EA0128801300
B1322474517694N00551590EA0129001302
B1322484517688N00551587EA0129201304
B1322494517684N00551582EA0129301305
B1322504517680N00551575EA0129601308
B1322514517678N00551568EA0129801310
B1322524517677N00551560EA0129901311
B1322534517678N00551552EA0130101313
B1322544517680N00551545EA0130401316
B1322554517683N00551539EA0130701319
B1322564517687N00551535EA0131001322
B1322574517691N00551533EA0131201324
B1322584517695N00551533EA0131201324
B1322594517699N00551535EA0131501327
B1323004517702N00551539EA0131801330
B1323014517703N00551544EA0131901331
B1323024517704N00551549EA0132201334
B1323034517703N00551555EA0132301335
B1323044517700N00551560EA0132501337
B1323054517696N00551564EA0132801340
B1323064517692N00551567EA0133001342
B1323074517686N00551568EA0133101343
B1323084517681N00551566EA0133401346
B1323094517676N00551563EA0133601348
B1323104517671N00551557EA0133801350
B1323114517668N00551551EA0134001352
B1323124517665N00551543EA0134101353
B1323134517665N00551535EA0134201354
B1323144517665N00551527EA0134401356
B1323154517667N00551520EA0134501357
B1323164517670N00551515EA0134801360
B1323174517674N00551511EA0134901361
B1323184517679N00551509EA0135201364
B1323194517683N00551509EA0135401366
B1323204517686N00551511EA0135601368
B1323214517689N00551515EA0135701369
B1323224517691N00551520EA0136001372
B1323234517691N00551525EA0136301375
B1323244517690N00551531EA0136501377
B1323254517687N00551536EA0136701379
B1323264517684N00551540EA0136901381
B1323274517679N00551543EA0137201384
B1323284517673N00551543EA0137501387
B1323294517668N00551542EA0137701389
B1323304517663N00551538EA0137901391
B1323314517658N00551533EA0138201394
B1323324517655N00551526EA0138501397
B1323334517653N00551518EA0138701399
B1323344517652N00551510EA0138901401
B1323354517653N00551503EA0139201404
B1323364517655N00551496EA0139401406
B1323374517658N00551490EA0139701409
B1323384517662N00551486EA0139901411
B1323394517666N00551485EA0140101413
B1323404517670N00551485EA0140301415
B1323414517674N00551487EA0140501417
B1323424517677N00551491EA0140801420
B1323434517678N00551496EA0141001422
B1323444517679N00551502EA0141201424
B1323454517677N00551507EA0141301425
B1323464517675N00551512EA0141501427
B1323474517671N00551516EA0141601428
B1323484517666N00551519EA0141801430
B1323494517661N00551519EA0142001432
B1323504517655N00551518EA0142201434
B1323514517650N00551514EA0142501437
B1323524517646N00551508EA0142601438
B1323534517642N00551502EA0142801440
B1323544517640N00551494EA0143001442
B1323554517640N00551486EA0143301445
B1323564517641N00551478EA0143601448
B1323574517643N00551471EA0143801450
B1323584517646N00551466EA0144001452
B1323594517650N00551462EA0144201454
B1324004517654N00551460EA0144501457
B1324014517658N00551461EA0144601458
B1324024517662N00551463EA0144801460
B1324034517664N00551467EA0145101463
B1324044517666N00551472EA0145301465
B1324054517666N00551478EA0145501467
B1324064517665N00551483EA0145601468
B1324074517662N00551489EA0145801470
B1324084517658N00551492EA0146001472
B1324094517653N00551495EA0146201474
B1324104517648N00551495EA0146401476
B1324114517642N00551493EA0146601478
B1324124517637N00551489EA0146701479
B1324134517633N00551484EA0146801480
B1324144517630N00551477EA0147001482
B1324154517628N00551469EA0147101483
B1324164517627N00551461EA0147301485
B1324174517628N00551454EA0147401486
B1324184517630N00551447EA0147601488
B1324194517634N00551441EA0147801490
B1324204517638N00551438EA0147901491
B1324214517642N00551436EA0148101493
B1324224517646N00551437EA0148301495
B1324234517649N00551439EA0148401496
B1324244517652N00551443EA0148601498
B1324254517653N00551448EA0148701499
B1324264517654N00551454EA0148801500
B1324274517652N00551460EA0149001502
B1324284517649N00551465EA0149201504
B1324294517645N00551468EA0149401506
B1324304517640N00551471EA0149601508
B1324314517635N00551471EA0149801510
B1324324517630N00551469EA0149901511
B1324334517625N00551465EA0150101513
B1324344517620N00551459EA0150301515
B1324354517617N00551452EA0150601518
B1324364517615N00551445EA0150701519
B1324374517615N00551437EA0150901521
B1324384517616N00551429EA0151101523
B1324394517618N00551422EA0151301525
B1324404517621N00551417EA0151401526
B1324414517625N00551414EA0151401526
B1324424517630N00551412EA0151701529
B1324434517634N00551413EA0152001532
B1324444517637N00551415EA0152201534
B1324454517640N00551419EA0152501537
B1324464517641N00551424EA0152701539
B1324474517641N00551430EA0152901541
B1324484517639N00551436EA0153101543
B1324494517637N00551441EA0153201544
B1324504517633N00551444EA0153401546
B1324514517628N00551446EA0153601548
B1324524517622N00551447EA0153801550
B1324534517617N00551445EA0153901551
B1324544517612N00551441EA0154101553
B1324554517608N00551435EA0154301555
B1324564517604N00551428EA0154501557
B1324574517603N00551420EA0154701559
B1324584517602N00551412EA0154901561
B1324594517603N00551404EA0155101563
B1325004517606N00551398EA0155401566
B1325014517609N00551393EA0155501567
B1325024517613N00551389EA0155701569
B1325034517617N00551388EA0155801570
B1325044517621N00551389EA0156001572
B1325054517625N00551391EA0156201574
B1325064517627N00551395EA0156401576
B1325074517629N00551401EA0156601578
B1325084517628N00551406EA0156801580
B1325094517627N00551412EA0157101583
B1325104517624N00551417EA0157301585
B1325114517620N00551420EA0157401586
B1325124517615N00551422EA0157601588
B1325134517609N00551422EA0157901591
B1325144517604N00551420EA0158201594
B1325154517599N00551416EA0158401596
B1325164517595N00551410EA0158601598
B1325174517592N00551403EA0158701599
B1325184517590N00551395EA0158901601
B1325194517590N00551387EA0159001602
B1325204517591N00551380EA0159201604
B1325214517593N00551373EA0159401606
B1325224517597N00551368EA0159501607
B1325234517601N00551365EA0159701609
B1325244517605N00551364EA0160001612
B1325254517609N00551365EA0160301615
B1325264517612N00551367EA0160501617
B1325274517615N00551372EA0160701619
B1325284517616N00551377EA0160901621
B1325294517616N00551383EA0161101623
B1325304517614N00551388EA0161201624
B1325314517611N00551393EA0161401626
B1325324517607N00551396EA0161601628
B1325334517602N00551398EA0161801630
B1325344517597N00551398EA0162001632
B1325354517591N00551396EA0162201634
B1325364517586N00551392EA0162401636
B1325374517582N00551386EA0162501637
B1325384517579N00551379EA0162701639
B1325394517578N00551371EA0162901641
B1325404517577N00551363EA0163001642
B1325414517579N00551355EA0163401646
B1325424517581N00551349EA0163601648
B1325434517584N00551344EA0163801650
B1325444517588N00551341EA0164001652
B1325454517593N00551340EA0164201654
B1325464517597N00551341EA0164301655
B1325474517600N00551343EA0164501657
B1325484517603N00551348EA0164601658
B1325494517604N00551353EA0164801660
B1325504517603N00551359EA0165001662
B1325514517602N00551364EA0165101663
B1325524517598N00551369EA0165301665
B1325534517594N00551372EA0165401666
B1325544517589N00551374EA0165501667
B1325554517584N00551374EA0165701669
B1325564517578N00551372EA0166001672
B1325574517574N00551367EA0166201674
B1325584517569N00551361EA0166401676
B1325594517567N00551354EA0166601678
B1326004517565N00551346EA0166801680
B1326014517565N00551338EA0167201684
B1326024517566N00551331EA0167401686
B1326034517569N00551324EA0167601688
B1326044517572N00551319EA0167701689
B1326054517576N00551316EA0167901691
B1326064517580N00551315EA0168001692
B1326074517584N00551317EA0168201694
B1326084517588N00551319EA0168401696
B1326094517590N00551324EA0168701699
B1326104517591N00551329EA0168801700
B1326114517591N00551335EA0169001702
B1326124517589N00551340EA0169101703
B1326134517586N00551345EA0169301705
B1326144517582N00551348EA0169301705
B1326154517576N00551350EA0169501707
B1326164517571N00551350EA0169701709
B1326174517566N00551347EA0169901711
B1326184517561N00551343EA0170101713
B1326194517557N00551337EA0170201714
B1326204517554N00551330EA0170301715
B1326214517552N00551322EA0170501717
B1326224517552N00551314EA0170601718
B1326234517554N00551306EA0170801720
B1326244517556N00551300EA0170901721
B1326254517560N00551295EA0171101723
B1326264517564N00551292EA0171301725
B1326274517568N00551291EA0171401726
B1326284517572N00551292EA0171601728
B1326294517575N00551295EA0171701729
B1326304517578N00551300EA0171901731
B1326314517579N00551305EA0172101733
B1326324517578N00551311EA0172301735
B1326334517576N00551317EA0172401736
B1326344517573N00551321EA0172501737
B1326354517569N00551324EA0172701739
B1326364517564N00551326EA0172801740
B1326374517558N00551325EA0172901741
B1326384517553N00551323EA0173001742
B1326394517548N00551318EA0173201744
B1326404517544N00551312EA0173301745
B1326414517541N00551305EA0173501747
B1326424517540N00551297EA0173701749
B1326434517540N00551289EA0174001752
B1326444517541N00551282EA0174201754
B1326454517544N00551275EA0174301755
B1326464517548N00551271EA0174501757
B1326474517552N00551268EA0174701759
B1326484517556N00551267EA0174801760
B1326494517560N00551268EA0174901761
B1326504517564N00551270EA0174801760
B1326514517569N00551272EA0174701759
B1326524517573N00551273EA0174501757
B1326534517578N00551275EA0174401756
B1326544517582N00551276EA0174201754
B1326554517587N00551278EA0174101753
B1326564517591N00551279EA0174001752
B1326574517595N00551281EA0173801750
B1326584517600N00551282EA0173701749
B1326594517604N00551284EA0173701749
B1327004517609N00551285EA0173601748
B1327014517613N00551287EA0173601748
B1327024517618N00551288EA0173501747
B1327034517622N00551290EA0173401746
B1327044517627N00551291EA0173201744
B1327054517631N00551292EA0173201744
B1327064517636N00551294EA0173101743
B1327074517640N00551295EA0172901741
B1327084517645N00551296EA0172901741
B1327094517649N00551297EA0172801740
B1327104517654N00551298EA0172601738
B1327114517659N00551299EA0172401736
B1327124517663N00551300EA0172301735
B1327134517668N00551301EA0172201734
B1327144517672N00551303EA0172001732
B1327154517677N00551304EA0171901731
B1327164517681N00551306EA0171901731
B1327174517686N00551307EA0171701729
B1327184517690N00551309EA0171701729
B1327194517694N00551311EA0171501727
B1327204517699N00551313EA0171401726
B1327214517703N00551315EA0171201724
B1327224517707N00551317EA0171101723
B1327234517712N00551319EA0170901721
B1327244517716N00551321EA0170801720
B1327254517720N00551323EA0170601718
B1327264517724N00551325EA0170501717
B1327274517729N00551327EA0170401716
B1327284517733N00551330EA0170301715
B1327294517737N00551332EA0170201714
B1327304517741N00551335EA0170201714
B1327314517745N00551337EA0170101713
B1327324517749N00551339EA0169901711
B1327334517754N00551342EA0169801710
B1327344517758N00551344EA0169701709
B1327354517762N00551347EA0169501707
B1327364517766N00551349EA0169501707
B1327374517771N00551351EA0169401706
B1327384517775N00551353EA0169301705
B1327394517779N00551355EA0169101703
B1327404517783N00551357EA0169001702
B1327414517788N00551360EA0168901701
B1327424517792N00551362EA0168801700
B1327434517796N00551364EA0168701699
B1327444517800N00551366EA0168501697
B1327454517805N00551368EA0168401696
B1327464517809N00551370EA0168301695
B1327474517813N00551372EA0168201694
B1327484517818N00551374EA0168101693
B1327494517822N00551376EA0167901691
B1327504517826N00551378EA0167901691
B1327514517831N00551379EA0167801690
B1327524517835N00551381EA0167701689
B1327534517840N00551382EA0167601688
B1327544517844N00551384EA0167501687
B1327554517849N00551386EA0167401686
B1327564517853N00551387EA0167301685
B1327574517857N00551389EA0167101683
B1327584517862N00551390EA0166901681
B1327594517866N00551392EA0166801680
B1328004517871N00551393EA0166701679
B1328014517875N00551394EA0166701679
B1328024517880N00551396EA0166601678
B1328034517884N00551397EA0166401676
B1328044517889N00551399EA0166201674
B1328054517893N00551400EA0166101673
B1328064517898N00551401EA0165901671
B1328074517903N00551402EA0165901671
B1328084517907N00551402EA0165801670
B1328094517912N00551403EA0165701669
B1328104517916N00551404EA0165601668
B1328114517921N00551405EA0165401666
B1328124517925N00551407EA0165401666
B1328134517930N00551408EA0165201664
B1328144517935N00551409EA0165201664
B1328154517939N00551410EA0165101663
B1328164517944N00551410EA0165001662
B1328174517948N00551411EA0164901661
B1328184517953N00551412EA0164701659
B1328194517958N00551413EA0164701659
B1328204517962N00551414EA0164501657
B1328214517967N00551415EA0164401656
B1328224517971N00551415EA0164301655
B1328234517976N00551416EA0164201654
B1328244517981N00551417EA0164101653
B1328254517985N00551418EA0164001652
B1328264517990N00551419EA0163901651
B1328274517994N00551420EA0163801650
B1328284517999N00551421EA0163701649
B1328294518004N00551422EA0163601648
B1328304518008N00551423EA0163501647
B1328314518013N00551424EA0163301645
B1328324518017N00551425EA0163301645
B1328334518022N00551426EA0163201644
B1328344518026N00551428EA0163001642
B1328354518031N00551429EA0162901641
B1328364518035N00551431EA0162801640
B1328374518040N00551433EA0162601638
B1328384518044N00551434EA0162501637
B1328394518048N00551436EA0162401636
B1328404518053N00551438EA0162301635
B1328414518057N00551440EA0162101633
B1328424518061N00551442EA0162001632
B1328434518066N00551444EA0161901631
B1328444518070N00551446EA0161701629
B1328454518074N00551448EA0161601628
B1328464518079N00551450EA0161501627
B1328474518083N00551452EA0161401626
B1328484518087N00551454EA0161201624
B1328494518092N00551456EA0161101623
B1328504518096N00551458EA0161001622
B1328514518100N00551460EA0160801620
B1328524518105N00551461EA0160601618
B1328534518109N00551463EA0160501617
B1328544518113N00551465EA0160401616
B1328554518118N00551468EA0160301615
B1328564518122N00551469EA0160101613
B1328574518126N00551471EA0159901611
B1328584518131N00551473EA0159901611
B1328594518135N00551475EA0159701609
B1329004518139N00551477EA0159601608
B1329014518144N00551479EA0159401606
B1329024518148N00551481EA0159301605
B1329034518152N00551483EA0159201604
B1329044518156N00551485EA0159101603
B1329054518161N00551487EA0159001602
B1329064518165N00551489EA0158801600
B1329074518169N00551491EA0158701599
B1329084518174N00551494EA0158601598
B1329094518178N00551496EA0158501597
B1329104518182N00551498EA0158301595
B1329114518186N00551500EA0158201594
B1329124518190N00551503EA0158101593
B1329134518195N00551505EA0157901591
B1329144518199N00551508EA0157801590
B1329154518203N00551510EA0157701589
B1329164518207N00551513EA0157601588
B1329174518211N00551515EA0157401586
B1329184518215N00551518EA0157301585
B1329194518220N00551520EA0157201584
B1329204518224N00551523EA0157101583
B1329214518228N00551525EA0156901581
B1329224518232N00551528EA0156801580
B1329234518236N00551530EA0156701579
B1329244518240N00551533EA0156601578
B1329254518244N00551535EA0156501577
B1329264518248N00551538EA0156301575
B1329274518253N00551540EA0156201574
B1329284518257N00551543EA0156201574
B1329294518261N00551546EA0156101573
B1329304518265N00551548EA0155901571
B1329314518269N00551551EA0155801570
B1329324518273N00551553EA0155801570
B1329334518277N00551556EA0155601568
B1329344518281N00551559EA0155501567
B1329354518285N00551561EA0155401566
B1329364518289N00551564EA0155401566
B1329374518294N00551566EA0155301565
B1329384518298N00551569EA0155101563
B1329394518302N00551571EA0155001562
B1329404518306N00551574EA0154901561
B1329414518310N00551576EA0154801560
B1329424518314N00551579EA0154701559
B1329434518318N00551582EA0154601558
B1329444518322N00551585EA0154401556
B1329454518326N00551588EA0154401556
B1329464518330N00551592EA0154301555
B1329474518333N00551595EA0154101553
B1329484518337N00551598EA0154001552
B1329494518341N00551601EA0153901551
B1329504518345N00551605EA0153801550
B1329514518349N00551608EA0153801550
B1329524518352N00551612EA0153701549
B1329534518355N00551616EA0153801550
B1329544518355N00551621EA0153901551
B1329554518355N00551627EA0154101553
B1329564518353N00551633EA0154301555
B1329574518350N00551637EA0154301555
B1329584518345N00551641EA0154401556
B1329594518340N00551642EA0154601558
B1330004518335N00551641EA0154801560
B1330014518330N00551639EA0154901561
B1330024518325N00551634EA0155001562
B1330034518321N00551628EA0155101563
B1330044518318N00551621EA0155201564
B1330054518317N00551613EA0155401566
B1330064518317N00551605EA0155601568
B1330074518318N00551598EA0155801570
B1330084518321N00551591EA0155901571
B1330094518324N00551587EA0156001572
B1330104518329N00551584EA0156201574
B1330114518333N00551583EA0156301575
B1330124518337N00551585EA0156401576
B1330134518340N00551588EA0156501577
B1330144518342N00551592EA0156501577
B1330154518343N00551598EA0156701579
B1330164518342N00551603EA0156701579
B1330174518340N00551609EA0156801580
B1330184518337N00551613EA0157001582
B1330194518333N00551617EA0157101583
B1330204518328N00551618EA0157201584
B1330214518322N00551617EA0157301585
B1330224518317N00551615EA0157501587
B1330234518312N00551610EA0157601588
B1330244518308N00551604EA0157601588
B1330254518305N00551596EA0157701589
B1330264518304N00551588EA0157801590
B1330274518304N00551580EA0158001592
B1330284518306N00551573EA0158101593
B1330294518309N00551567EA0158201594
B1330304518312N00551562EA0158401596
B1330314518316N00551560EA0158701599
B1330324518321N00551559EA0158801600
B1330334518324N00551561EA0158901601
B1330344518328N00551564EA0159101603
B1330354518330N00551568EA0159301605
B1330364518330N00551574EA0159501607
B1330374518330N00551580EA0159601608
B1330384518328N00551585EA0159801610
B1330394518324N00551589EA0159901611
B1330404518320N00551593EA0159901611
B1330414518315N00551594EA0160101613
B1330424518309N00551593EA0160201614
B1330434518304N00551590EA0160201614
B1330444518299N00551585EA0160401616
B1330454518295N00551579EA0160501617
B1330464518293N00551572EA0160601618
B1330474518292N00551564EA0160801620
B1330484518292N00551556EA0160801620
B1330494518293N00551548EA0160801620
B1330504518296N00551542EA0161001622
B1330514518300N00551538EA0161101623
B1330524518304N00551535EA0161301625
B1330534518308N00551535EA0161401626
B1330544518312N00551537EA0161501627
B1330554518315N00551540EA0161801630
B1330564518317N00551544EA0161801630
B1330574518318N00551550EA0161901631
B1330584518317N00551556EA0162001632
B1330594518315N00551561EA0162101633
B1331004518312N00551566EA0162201634
B1331014518307N00551568EA0162301635
B1331024518302N00551570EA0162401636
B1331034518296N00551569EA0162401636
B1331044518291N00551566EA0162501637
B1331054518286N00551561EA0162501637
B1331064518283N00551555EA0162601638
B1331074518280N00551547EA0162701639
B1331084518279N00551539EA0162801640
B1331094518279N00551531EA0162801640
B1331104518281N00551524EA0163001642
B1331114518284N00551518EA0163201644
B1331124518288N00551514EA0163301645
B1331134518292N00551511EA0163401646
B1331144518296N00551511EA0163601648
B1331154518300N00551513EA0163701649
B1331164518303N00551516EA0163701649
B1331174518305N00551521EA0163701649
B1331184518305N00551526EA0164001652
B1331194518305N00551532EA0164101653
B1331204518302N00551537EA0164201654
B1331214518299N00551542EA0164301655
B1331224518294N00551544EA0164501657
B1331234518289N00551545EA0164601658
B1331244518284N00551544EA0164701659
B1331254518278N00551541EA0164701659
B1331264518274N00551537EA0164901661
B1331274518270N00551530EA0165101663
B1331284518268N00551523EA0165101663
B1331294518267N00551515EA0165201664
B1331304518267N00551507EA0165301665
B1331314518269N00551499EA0165401666
B1331324518272N00551494EA0165501667
B1331334518275N00551489EA0165701669
B1331344518280N00551487EA0165901671
B1331354518284N00551487EA0166001672
B1331364518288N00551489EA0165901671
B1331374518291N00551492EA0166101673
B1331384518292N00551497EA0166101673
B1331394518293N00551502EA0166201674
B1331404518292N00551508EA0166401676
B1331414518290N00551513EA0166501677
B1331424518286N00551518EA0166701679
B1331434518282N00551520EA0166801680
B1331444518276N00551521EA0166701679
B1331454518271N00551520EA0166901681
B1331464518266N00551517EA0167101683
B1331474518261N00551512EA0167201684
B1331484518257N00551506EA0167301685
B1331494518255N00551498EA0167501687
B1331504518254N00551490EA0167601688
B1331514518255N00551482EA0167701689
B1331524518256N00551475EA0167801690
B1331534518259N00551469EA0167801690
B1331544518263N00551465EA0167801690
B1331554518267N00551463EA0167801690
B1331564518271N00551463EA0167901691
B1331574518275N00551465EA0168001692
B1331584518278N00551468EA0168201694
B1331594518280N00551473EA0168301695
B1332004518280N00551479EA0168401696
B1332014518279N00551484EA0168401696
B1332024518277N00551489EA0168401696
B1332034518273N00551494EA0168401696
B1332044518269N00551496EA0168501697
B1332054518264N00551497EA0168501697
B1332064518258N00551496EA0168601698
B1332074518253N00551493EA0168701699
B1332084518248N00551488EA0168701699
B1332094518245N00551481EA0168801700
B1332104518242N00551473EA0168901701
B1332114518242N00551465EA0169101703
B1332124518242N00551457EA0169201704
B1332134518244N00551450EA0169301705
B1332144518247N00551445EA0169401706
B1332154518251N00551441EA0169601708
B1332164518255N00551439EA0169701709
B1332174518259N00551439EA0169801710
B1332184518263N00551441EA0169901711
B1332194518266N00551444EA0170101713
B1332204518268N00551449EA0170201714
B1332214518268N00551455EA0170301715
B1332224518267N00551460EA0170301715
B1332234518264N00551466EA0170401716
B1332244518261N00551470EA0170401716
B1332254518256N00551472EA0170401716
B1332264518251N00551473EA0170401716
B1332274518245N00551472EA0170401716
B1332284518240N00551468EA0170701719
B1332294518236N00551463EA0170801720
B1332304518232N00551456EA0170901721
B1332314518230N00551449EA0171001722
B1332324518229N00551441EA0171101723
B1332334518230N00551433EA0171201724
B1332344518232N00551426EA0171301725
B1332354518235N00551420EA0171301725
B1332364518239N00551416EA0171401726
B1332374518243N00551414EA0171501727
B1332384518247N00551414EA0171601728
B1332394518251N00551417EA0171701729
B1332404518253N00551420EA0171801730
B1332414518255N00551425EA0171901731
B1332424518255N00551431EA0171901731
B1332434518254N00551437EA0172201734
B1332444518252N00551442EA0172301735
B1332454518248N00551446EA0172401736
B1332464518243N00551448EA0172501737
B1332474518238N00551449EA0172601738
B1332484518232N00551447EA0172801740
B1332494518227N00551444EA0172801740
B1332504518223N00551439EA0172801740
B1332514518219N00551432EA0173001742
B1332524518217N00551424EA0173001742
B1332534518217N00551416EA0173101743
B1332544518217N00551408EA0173101743
B1332554518219N00551401EA0173301745
B1332564518222N00551396EA0173401746
B1332574518226N00551392EA0173501747
B1332584518231N00551390EA0173501747
B1332594518235N00551390EA0173601748
B1333004518238N00551393EA0173701749
B1333014518241N00551396EA0173501747
B1333024518243N00551401EA0173701749
B1333034518243N00551407EA0173701749
B1333044518242N00551413EA0173901751
B1333054518239N00551418EA0174001752
B1333064518235N00551422EA0174201754
B1333074518230N00551424EA0174201754
B1333084518225N00551425EA0174401756
B1333094518220N00551423EA0174501757
B1333104518215N00551419EA0174601758
B1333114518210N00551414EA0174701759
B1333124518207N00551407EA0174901761
B1333134518205N00551400EA0174901761
B1333144518204N00551392EA0175101763
B1333154518205N00551384EA0175201764
B1333164518207N00551377EA0175301765
B1333174518210N00551371EA0175401766
B1333184518214N00551368EA0175601768
B1333194518218N00551366EA0175601768
B1333204518222N00551366EA0175701769
B1333214518226N00551369EA0175801770
B1333224518229N00551372EA0175801770
B1333234518230N00551378EA0176001772
B1333244518230N00551383EA0176101773
B1333254518229N00551389EA0176301775
B1333264518226N00551394EA0176401776
B1333274518222N00551398EA0176601778
B1333284518218N00551400EA0176601778
B1333294518212N00551400EA0176701779
B1333304518207N00551399EA0176901781
B1333314518202N00551395EA0177001782
B1333324518197N00551390EA0177101783
B1333334518194N00551383EA0177301785
B1333344518192N00551375EA0177401786
B1333354518192N00551367EA0177501787
B1333364518192N00551359EA0177601788
B1333374518195N00551352EA0177701789
B1333384518198N00551347EA0177801790
B1333394518202N00551343EA0177901791
B1333404518206N00551342EA0178101793
B1333414518210N00551342EA0178201794
B1333424518214N00551345EA0178401796
B1333434518216N00551349EA0178501797
B1333444518218N00551354EA0178601798
B1333454518218N00551359EA0178801800
B1333464518216N00551365EA0178801800
B1333474518214N00551370EA0179001802
B1333484518210N00551374EA0179101803
B1333494518205N00551376EA0179201804
B1333504518200N00551376EA0179301805
B1333514518194N00551374EA0179601808
B1333524518188N00551373EA0179501807
B1333534518182N00551371EA0179401806
B1333544518176N00551369EA0179401806
B1333554518170N00551367EA0179301805
B1333564518164N00551365EA0179101803
B1333574518158N00551363EA0179001802
B1333584518152N00551361EA0178901801
B1333594518146N00551359EA0178801800
B1334004518140N00551357EA0178801800
B1334014518135N00551354EA0178601798
B1334024518129N00551352EA0178601798
B1334034518123N00551350EA0178501797
B1334044518117N00551348EA0178301795
B1334054518111N00551345EA0178301795
B1334064518105N00551343EA0178101793
B1334074518099N00551340EA0178001792
B1334084518093N00551338EA0177901791
B1334094518087N00551335EA0177801790
B1334104518081N00551332EA0177701789
B1334114518076N00551329EA0177701789
B1334124518070N00551327EA0177601788
B1334134518064N00551324EA0177501787
B1334144518058N00551321EA0177501787
B1334154518052N00551318EA0177401786
B1334164518046N00551316EA0177301785
B1334174518040N00551313EA0177201784
B1334184518035N00551310EA0177001782
B1334194518029N00551307EA0176901781
B1334204518023N00551305EA0176801780
B1334214518017N00551302EA0176701779
B1334224518011N00551299EA0176601778
B1334234518005N00551296EA0176401776
B1334244517999N00551294EA0176301775
B1334254517993N00551291EA0176201774
B1334264517987N00551289EA0176201774
B1334274517982N00551286EA0176001772
B1334284517976N00551284EA0175901771
B1334294517970N00551281EA0175801770
B1334304517964N00551279EA0175601768
B1334314517958N00551276EA0175501767
B1334324517952N00551274EA0175401766
B1334334517946N00551272EA0175301765
B1334344517940N00551270EA0175101763
B1334354517934N00551268EA0175101763
B1334364517928N00551266EA0175001762
B1334374517922N00551263EA0174901761
B1334384517916N00551261EA0174801760
B1334394517910N00551259EA0174701759
B1334404517905N00551257EA0174601758
B1334414517899N00551254EA0174501757
B1334424517893N00551252EA0174401756
B1334434517887N00551250EA0174301755
B1334444517881N00551247EA0174301755
B1334454517875N00551245EA0174201754
B1334464517869N00551243EA0174101753
B1334474517863N00551241EA0173901751
B1334484517857N00551239EA0173801750
B1334494517851N00551236EA0173701749
B1334504517845N00551233EA0173601748
B1334514517839N00551231EA0173501747
B1334524517834N00551228EA0173401746
B1334534517828N00551225EA0173301745
B1334544517822N00551223EA0173101743
B1334554517816N00551219EA0173001742
B1334564517810N00551217EA0173001742
B1334574517804N00551214EA0172801740
B1334584517799N00551210EA0172801740
B1334594517793N00551207EA0172701739
B1335004517787N00551205EA0172501737
B1335014517781N00551202EA0172401736
B1335024517775N00551199EA0172301735
B1335034517769N00551196EA0172101733
B1335044517763N00551193EA0172001732
B1335054517758N00551191EA0171901731
B1335064517752N00551188EA0171801730
B1335074517746N00551185EA0171701729
B1335084517740N00551182EA0171601728
B1335094517734N00551180EA0171401726
B1335104517728N00551177EA0171301725
B1335114517722N00551175EA0171201724
B1335124517716N00551172EA0171201724
B1335134517710N00551170EA0171101723
B1335144517705N00551167EA0171001722
B1335154517699N00551165EA0170901721
B1335164517693N00551163EA0170801720
B1335174517687N00551160EA0170701719
B1335184517681N00551158EA0170601718
B1335194517675N00551156EA0170501717
B1335204517669N00551154EA0170301715
B1335214517663N00551152EA0170201714
B1335224517657N00551150EA0170001712
B1335234517651N00551148EA0170001712
B1335244517645N00551146EA0169801710
B1335254517639N00551145EA0169801710
B1335264517633N00551143EA0169701709
B1335274517627N00551141EA0169601708
B1335284517621N00551139EA0169401706
B1335294517615N00551137EA0169301705
B1335304517609N00551136EA0169201704
B1335314517603N00551134EA0169101703
B1335324517597N00551132EA0169001702
B1335334517591N00551130EA0168901701
B1335344517585N00551128EA0168701699
B1335354517580N00551126EA0168601698
B1335364517574N00551124EA0168501697
B1335374517568N00551122EA0168401696
B1335384517562N00551120EA0168301695
B1335394517556N00551117EA0168101693
B1335404517550N00551115EA0168001692
B1335414517544N00551113EA0167901691
B1335424517538N00551110EA0167801690
B1335434517532N00551108EA0167601688
B1335444517526N00551106EA0167601688
B1335454517520N00551103EA0167401686
B1335464517514N00551101EA0167301685
B1335474517508N00551099EA0167101683
B1335484517502N00551096EA0166901681
B1335494517497N00551094EA0166901681
B1335504517491N00551092EA0166801680
B1335514517485N00551089EA0166701679
B1335524517479N00551087EA0166601678
B1335534517473N00551084EA0166501677
B1335544517467N00551082EA0166301675
B1335554517461N00551080EA0166101673
B1335564517455N00551078EA0166001672
B1335574517449N00551075EA0165901671
B1335584517443N00551073EA0165801670
B1335594517437N00551071EA0165701669
B1336004517431N00551068EA0165701669
B1336014517426N00551066EA0165501667
B1336024517420N00551063EA0165401666
B1336034517414N00551060EA0165401666
B1336044517408N00551057EA0165301665
B1336054517402N00551054EA0165101663
B1336064517396N00551050EA0165001662
B1336074517391N00551047EA0164901661
B1336084517385N00551044EA0164801660
B1336094517379N00551042EA0164701659
B1336104517373N00551039EA0164501657
B1336114517367N00551036EA0164401656
B1336124517361N00551033EA0164301655
B1336134517355N00551030EA0164201654
B1336144517350N00551028EA0164201654
B1336154517344N00551025EA0164101653
B1336164517338N00551022EA0163901651
B1336174517332N00551019EA0163801650
B1336184517326N00551016EA0163601648
B1336194517320N00551013EA0163501647
B1336204517315N00551010EA0163401646
B1336214517309N00551008EA0163301645
B1336224517303N00551005EA0163201644
B1336234517297N00551003EA0163101643
B1336244517291N00551001EA0163001642
B1336254517285N00550998EA0162901641
B1336264517279N00550996EA0162801640
B1336274517273N00550993EA0162701639
B1336284517267N00550991EA0162501637
B1336294517261N00550989EA0162401636
B1336304517255N00550987EA0162301635
B1336314517249N00550985EA0162301635
B1336324517243N00550983EA0162201634
B1336334517237N00550981EA0162001632
B1336344517232N00550978EA0161901631
B1336354517226N00550976EA0161901631
B1336364517220N00550974EA0161801630
B1336374517214N00550972EA0161601628
B1336384517208N00550970EA0161501627
B1336394517202N00550968EA0161401626
B1336404517196N00550966EA0161401626
B1336414517190N00550963EA0161201624
B1336424517184N00550961EA0161001622
B1336434517178N00550959EA0161001622
B1336444517172N00550956EA0160901621
B1336454517166N00550953EA0160701619
B1336464517161N00550951EA0160701619
B1336474517155N00550948EA0160601618
B1336484517149N00550945EA0160501617
B1336494517143N00550942EA0160401616
B1336504517137N00550939EA0160301615
B1336514517131N00550937EA0160201614
B1336524517125N00550934EA0160101613
B1336534517119N00550932EA0160101613
B1336544517113N00550929EA0159901611
B1336554517107N00550928EA0159701609
B1336564517102N00550926EA0159601608
B1336574517096N00550924EA0159501607
B1336584517090N00550922EA0159301605
B1336594517084N00550920EA0159201604
B1337004517078N00550918EA0159101603
B1337014517072N00550916EA0159001602
B1337024517066N00550914EA0158901601
B1337034517060N00550911EA0158801600
B1337044517054N00550909EA0158701599
B1337054517048N00550906EA0158501597
B1337064517042N00550904EA0158501597
B1337074517036N00550901EA0158401596
B1337084517030N00550899EA0158301595
B1337094517024N00550897EA0158101593
B1337104517019N00550894EA0158001592
B1337114517013N00550892EA0157901591
B1337124517007N00550890EA0157701589
B1337134517001N00550887EA0157701589
B1337144516995N00550885EA0157601588
B1337154516989N00550883EA0157401586
B1337164516983N00550880EA0157301585
B1337174516977N00550878EA0157201584
B1337184516971N00550875EA0157001582
B1337194516965N00550872EA0156901581
B1337204516960N00550869EA0156801580
B1337214516954N00550866EA0156701579
B1337224516948N00550863EA0156601578
B1337234516942N00550861EA0156601578
B1337244516936N00550858EA0156501577
B1337254516930N00550855EA0156401576
B1337264516924N00550853EA0156201574
B1337274516918N00550850EA0156101573
B1337284516913N00550847EA0156001572
B1337294516907N00550844EA0155901571
B1337304516901N00550842EA0155801570
B1337314516896N00550837EA0155901571
B1337324516892N00550831EA0156001572
B1337334516889N00550824EA0156101573
B1337344516888N00550816EA0156301575
B1337354516888N00550808EA0156401576
B1337364516889N00550801EA0156501577
B1337374516892N00550794EA0156501577
B1337384516895N00550790EA0156801580
B1337394516899N00550787EA0156901581
B1337404516904N00550786EA0157001582
B1337414516908N00550787EA0157001582
B1337424516911N00550790EA0157101583
B1337434516913N00550795EA0157201584
B1337444516914N00550800EA0157301585
B1337454516913N00550806EA0157401586
B1337464516911N00550811EA0157401586
B1337474516908N00550816EA0157401586
B1337484516904N00550819EA0157501587
B1337494516899N00550821EA0157601588
B1337504516893N00550820EA0157701589
B1337514516888N00550817EA0157901591
B1337524516883N00550813EA0158001592
B1337534516879N00550807EA0158101593
B1337544516877N00550799EA0158201594
B1337554516875N00550792EA0158301595
B1337564516875N00550784EA0158401596
B1337574516877N00550776EA0158501597
B1337584516879N00550770EA0158701599
B1337594516883N00550765EA0158801600
B1338004516887N00550762EA0158801600
B1338014516891N00550762EA0158901601
B1338024516895N00550763EA0158901601
B1338034516898N00550766EA0159101603
B1338044516901N00550771EA0159301605
B1338054516901N00550776EA0159301605
B1338064516901N00550782EA0159401606
B1338074516899N00550787EA0159401606
B1338084516896N00550792EA0159601608
B1338094516891N00550795EA0159701609
B1338104516886N00550796EA0159801610
B1338114516881N00550796EA0160001612
B1338124516875N00550793EA0160201614
B1338134516870N00550789EA0160301615
B1338144516867N00550782EA0160501617
B1338154516864N00550775EA0160601618
B1338164516863N00550767EA0160801620
B1338174516863N00550759EA0160901621
B1338184516864N00550752EA0161101623
B1338194516867N00550745EA0161101623
B1338204516871N00550741EA0161001622
B1338214516875N00550738EA0161201624
B1338224516879N00550738EA0161201624
B1338234516883N00550739EA0161301625
B1338244516886N00550742EA0161401626
B1338254516888N00550747EA0161501627
B1338264516889N00550752EA0161501627
B1338274516888N00550758EA0161601628
B1338284516886N00550764EA0161701629
B1338294516883N00550768EA0161901631
B1338304516878N00550771EA0161801630
B1338314516873N00550772EA0162001632
B1338324516868N00550772EA0162101633
B1338334516862N00550769EA0162201634
B1338344516858N00550764EA0162401636
B1338354516854N00550758EA0162601638
B1338364516851N00550750EA0162701639
B1338374516850N00550742EA0162701639
B1338384516850N00550734EA0162701639
B1338394516852N00550727EA0162901641
B1338404516855N00550721EA0163001642
B1338414516858N00550717EA0163101643
B1338424516863N00550714EA0163201644
B1338434516867N00550714EA0163301645
B1338444516871N00550715EA0163501647
B1338454516874N00550718EA0163601648
B1338464516876N00550723EA0163701649
B1338474516876N00550729EA0163701649
B1338484516876N00550734EA0163801650
B1338494516874N00550740EA0164001652
B1338504516870N00550744EA0164101653
B1338514516866N00550747EA0164301655
B1338524516860N00550748EA0164301655
B1338534516855N00550747EA0164501657
B1338544516850N00550744EA0164601658
B1338554516845N00550740EA0164801660
B1338564516841N00550733EA0164901661
B1338574516839N00550726EA0165101663
B1338584516838N00550718EA0165301665
B1338594516838N00550710EA0165401666
B1339004516840N00550703EA0165501667
B1339014516842N00550697EA0165601668
B1339024516846N00550692EA0165701669
B1339034516850N00550690EA0165701669
B1339044516854N00550689EA0165801670
B1339054516858N00550691EA0165901671
B1339064516861N00550694EA0165901671
B1339074516863N00550699EA0166101673
B1339084516864N00550705EA0166101673
B1339094516863N00550710EA0166301675
B1339104516861N00550716EA0166301675
B1339114516857N00550720EA0166501677
B1339124516853N00550723EA0166601678
B1339134516848N00550724EA0166701679
B1339144516842N00550723EA0166801680
B1339154516837N00550720EA0166901681
B1339164516832N00550715EA0167001682
B1339174516829N00550709EA0167101683
B1339184516826N00550701EA0167201684
B1339194516825N00550693EA0167301685
B1339204516825N00550685EA0167401686
B1339214516827N00550678EA0167401686
B1339224516830N00550672EA0167501687
B1339234516834N00550668EA0167601688
B1339244516838N00550666EA0167701689
B1339254516842N00550665EA0167901691
B1339264516846N00550667EA0168001692
B1339274516849N00550671EA0168201694
B1339284516851N00550675EA0168301695
B1339294516851N00550681EA0168401696
B1339304516851N00550687EA0168501697
B1339314516848N00550692EA0168601698
B1339324516845N00550696EA0168801700
B1339334516840N00550699EA0168901701
B1339344516835N00550700EA0169101703
B1339354516829N00550699EA0169201704
B1339364516824N00550696EA0169301705
B1339374516820N00550691EA0169401706
B1339384516816N00550684EA0169601708
B1339394516814N00550677EA0169701709
B1339404516813N00550669EA0169801710
B1339414516813N00550661EA0170001712
B1339424516815N00550653EA0170001712
B1339434516818N00550648EA0170101713
B1339444516822N00550643EA0170201714
B1339454516826N00550641EA0170201714
B1339464516830N00550641EA0170401716
B1339474516834N00550643EA0170401716
B1339484516837N00550647EA0170501717
B1339494516838N00550651EA0170701719
B1339504516839N00550657EA0170701719
B1339514516838N00550663EA0170901721
B1339524516836N00550668EA0171001722
B1339534516832N00550672EA0171001722
B1339544516827N00550675EA0171101723
B1339554516822N00550678EA0171001722
B1339564516817N00550681EA0170801720
B1339574516812N00550684EA0170701719
B1339584516807N00550687EA0170601718
B1339594516802N00550690EA0170401716
B1340004516797N00550693EA0170401716
B1340014516791N00550696EA0170201714
B1340024516786N00550699EA0170201714
B1340034516781N00550702EA0170201714
B1340044516776N00550704EA0170001712
B1340054516770N00550706EA0169901711
B1340064516765N00550709EA0169801710
B1340074516760N00550712EA0169701709
B1340084516754N00550714EA0169601708
B1340094516749N00550716EA0169401706
B1340104516743N00550718EA0169401706
B1340114516738N00550720EA0169301705
B1340124516732N00550723EA0169201704
B1340134516727N00550725EA0169101703
B1340144516722N00550727EA0168901701
B1340154516716N00550730EA0168801700
B1340164516711N00550732EA0168701699
B1340174516706N00550734EA0168501697
B1340184516700N00550737EA0168401696
B1340194516695N00550740EA0168401696
B1340204516690N00550743EA0168201694
B1340214516685N00550746EA0168101693
B1340224516680N00550749EA0168001692
B1340234516675N00550752EA0167901691
B1340244516670N00550755EA0167801690
B1340254516664N00550758EA0167601688
B1340264516659N00550761EA0167501687
B1340274516654N00550764EA0167501687
B1340284516649N00550767EA0167301685
B1340294516644N00550771EA0167201684
B1340304516639N00550774EA0167101683
B1340314516634N00550777EA0167001682
B1340324516629N00550781EA0166801680
B1340334516624N00550784EA0166701679
B1340344516619N00550787EA0166601678
B1340354516614N00550790EA0166401676
B1340364516609N00550793EA0166301675
B1340374516604N00550796EA0166201674
B1340384516599N00550799EA0166101673
B1340394516594N00550803EA0166001672
B1340404516589N00550806EA0165901671
B1340414516584N00550809EA0165801670
B1340424516579N00550812EA0165701669
B1340434516573N00550815EA0165601668
B1340444516568N00550818EA0165501667
B1340454516563N00550821EA0165401666
B1340464516558N00550824EA0165301665
B1340474516553N00550827EA0165301665
B1340484516548N00550830EA0165201664
B1340494516543N00550833EA0165001662
B1340504516537N00550836EA0165001662
B1340514516532N00550839EA0164901661
B1340524516527N00550842EA0164901661
B1340534516522N00550844EA0164801660
B1340544516517N00550847EA0164701659
B1340554516512N00550850EA0164601658
B1340564516506N00550853EA0164501657
B1340574516501N00550856EA0164401656
B1340584516496N00550859EA0164301655
B1340594516491N00550862EA0164201654
B1341004516486N00550865EA0164101653
B1341014516481N00550868EA0164001652
B1341024516476N00550872EA0163801650
B1341034516471N00550875EA0163801650
B1341044516466N00550879EA0163701649
B1341054516461N00550882EA0163501647
B1341064516456N00550886EA0163501647
B1341074516451N00550889EA0163401646
B1341084516447N00550893EA0163301645
B1341094516442N00550896EA0163101643
B1341104516437N00550900EA0163001642
B1341114516433N00550904EA0162901641
B1341124516428N00550908EA0162801640
B1341134516423N00550912EA0162701639
B1341144516419N00550916EA0162601638
B1341154516414N00550920EA0162401636
B1341164516410N00550924EA0162301635
B1341174516405N00550928EA0162201634
B1341184516401N00550932EA0162001632
B1341194516396N00550936EA0161901631
B1341204516392N00550941EA0161801630
B1341214516387N00550945EA0161701629
B1341224516382N00550949EA0161601628
B1341234516378N00550952EA0161501627
B1341244516373N00550956EA0161301625
B1341254516369N00550960EA0161201624
B1341264516364N00550965EA0161101623
B1341274516360N00550969EA0160901621
B1341284516355N00550973EA0160701619
B1341294516351N00550978EA0160601618
B1341304516347N00550982EA0160501617
B1341314516342N00550986EA0160401616
B1341324516338N00550990EA0160301615
B1341334516333N00550994EA0160301615
B1341344516329N00550999EA0160201614
B1341354516325N00551003EA0160101613
B1341364516320N00551008EA0160001612
B1341374516316N00551012EA0159901611
B1341384516312N00551016EA0159801610
B1341394516307N00551021EA0159701609
B1341404516303N00551025EA0159601608
B1341414516299N00551029EA0159501607
B1341424516294N00551034EA0159401606
B1341434516290N00551038EA0159401606
B1341444516286N00551043EA0159301605
B1341454516282N00551048EA0159201604
B1341464516278N00551052EA0159201604
B1341474516274N00551057EA0159101603
B1341484516270N00551062EA0158901601
B1341494516266N00551066EA0158801600
B1341504516262N00551071EA0158601598
B1341514516258N00551076EA0158501597
B1341524516254N00551081EA0158401596
B1341534516250N00551086EA0158301595
B1341544516246N00551090EA0158201594
B1341554516241N00551095EA0158101593
B1341564516237N00551099EA0158101593
B1341574516233N00551104EA0157901591
B1341584516229N00551109EA0157801590
B1341594516225N00551114EA0157701589
B1342004516221N00551118EA0157701589
B1342014516217N00551123EA0157601588
B1342024516213N00551128EA0157501587
B1342034516208N00551132EA0157501587
B1342044516204N00551136EA0157301585
B1342054516200N00551141EA0157201584
B1342064516195N00551145EA0157101583
B1342074516191N00551149EA0157001582
B1342084516186N00551154EA0156801580
B1342094516182N00551158EA0156701579
B1342104516178N00551162EA0156601578
B1342114516173N00551166EA0156601578
B1342124516169N00551170EA0156501577
B1342134516164N00551175EA0156501577
B1342144516160N00551179EA0156401576
B1342154516155N00551183EA0156301575
B1342164516150N00551186EA0156201574
B1342174516146N00551190EA0156101573
B1342184516141N00551194EA0156001572
B1342194516137N00551199EA0155901571
B1342204516132N00551203EA0155801570
B1342214516128N00551207EA0155701569
B1342224516123N00551211EA0155701569
B1342234516118N00551215EA0155601568
B1342244516114N00551218EA0155501567
B1342254516109N00551222EA0155401566
B1342264516105N00551227EA0155301565
B1342274516100N00551231EA0155201564
B1342284516095N00551235EA0155101563
B1342294516091N00551239EA0155001562
B1342304516086N00551242EA0154901561
B1342314516081N00551246EA0154701559
B1342324516077N00551250EA0154701559
B1342334516072N00551254EA0154601558
B1342344516067N00551257EA0154501557
B1342354516062N00551260EA0154301555
B1342364516057N00551263EA0154201554
B1342374516052N00551267EA0154101553
B1342384516047N00551270EA0154001552
B1342394516042N00551273EA0153901551
B1342404516037N00551276EA0153801550
B1342414516032N00551279EA0153701549
B1342424516027N00551282EA0153501547
B1342434516021N00551285EA0153401546
B1342444516016N00551288EA0153301545
B1342454516011N00551291EA0153201544
B1342464516006N00551294EA0153101543
B1342474516001N00551298EA0153001542
B1342484515996N00551301EA0152901541
B1342494515991N00551304EA0152801540
B1342504515986N00551307EA0152601538
B1342514515981N00551310EA0152501537
B1342524515976N00551313EA0152401536
B1342534515970N00551316EA0152401536
B1342544515965N00551319EA0152201534
B1342554515960N00551322EA0152101533
B1342564515955N00551325EA0152001532
B1342574515950N00551328EA0151901531
B1342584515945N00551331EA0151801530
B1342594515940N00551334EA0151701529
B1343004515935N00551337EA0151601528
B1343014515930N00551340EA0151501527
B1343024515924N00551343EA0151401526
B1343034515919N00551346EA0151201524
B1343044515914N00551348EA0151101523
B1343054515909N00551351EA0150901521
B1343064515904N00551354EA0150801520
B1343074515898N00551357EA0150701519
B1343084515893N00551360EA0150701519
B1343094515888N00551363EA0150601518
B1343104515883N00551366EA0150601518
B1343114515878N00551369EA0150401516
B1343124515872N00551371EA0150301515
B1343134515867N00551374EA0150101513
B1343144515862N00551377EA0150001512
B1343154515857N00551380EA0149901511
B1343164515852N00551381EA0150001512
B1343174515846N00551379EA0150001512
B1343184515841N00551376EA0150201514
B1343194515837N00551371EA0150301515
B1343204515833N00551364EA0150401516
B1343214515831N00551356EA0150501517
B1343224515830N00551348EA0150601518
B1343234515831N00551340EA0150801520
B1343244515833N00551333EA0150901521
B1343254515836N00551328EA0151201524
B1343264515840N00551324EA0151201524
B1343274515844N00551322EA0151201524
B1343284515848N00551322EA0151401526
B1343294515852N00551324EA0151401526
B1343304515855N00551328EA0151401526
B1343314515856N00551333EA0151501527
B1343324515857N00551339EA0151501527
B1343334515855N00551344EA0151801530
B1343344515853N00551350EA0151801530
B1343354515849N00551354EA0152001532
B1343364515844N00551356EA0152201534
B1343374515839N00551357EA0152201534
B1343384515833N00551355EA0152301535
B1343394515828N00551352EA0152301535
B1343404515824N00551346EA0152401536
B1343414515820N00551339EA0152501537
B1343424515818N00551332EA0152501537
B1343434515818N00551324EA0152801540
B1343444515818N00551316EA0152801540
B1343454515820N00551309EA0152901541
B1343464515824N00551303EA0153101543
B1343474515828N00551300EA0153201544
B1343484515832N00551298EA0153401546
B1343494515836N00551298EA0153401546
B1343504515840N00551300EA0153501547
B1343514515842N00551304EA0153401546
B1343524515844N00551309EA0153501547
B1343534515844N00551315EA0153701549
B1343544515843N00551321EA0153801550
B1343554515840N00551326EA0153801550
B1343564515836N00551330EA0153901551
B1343574515831N00551332EA0154001552
B1343584515826N00551332EA0154201554
B1343594515821N00551331EA0154301555
B1344004515816N00551327EA0154301555
B1344014515811N00551322EA0154501557
B1344024515808N00551315EA0154601558
B1344034515806N00551307EA0154701559
B1344044515805N00551299EA0154801560
B1344054515806N00551291EA0154901561
B1344064515808N00551284EA0155001562
B1344074515811N00551279EA0155101563
B1344084515815N00551275EA0155101563
B1344094515819N00551274EA0155301565
B1344104515824N00551274EA0155401566
B1344114515827N00551276EA0155501567
B1344124515830N00551280EA0155701569
B1344134515831N00551285EA0155601568
B1344144515831N00551291EA0155601568
B1344154515830N00551297EA0155801570
B1344164515827N00551302EA0156001572
B1344174515823N00551306EA0156101573
B1344184515819N00551308EA0156201574
B1344194515813N00551308EA0156301575
B1344204515808N00551306EA0156401576
B1344214515803N00551303EA0156401576
B1344224515798N00551297EA0156401576
B1344234515795N00551290EA0156601578
B1344244515793N00551282EA0156701579
B1344254515793N00551274EA0156701579
B1344264515794N00551267EA0156801580
B1344274515796N00551260EA0156901581
B1344284515799N00551255EA0157001582
B1344294515803N00551251EA0156901581
B1344304515807N00551250EA0157001582
B1344314515811N00551250EA0157101583
B1344324515815N00551252EA0157201584
B1344334515818N00551256EA0157201584
B1344344515819N00551262EA0157201584
B1344354515819N00551267EA0157301585
B1344364515817N00551273EA0157401586
B1344374515815N00551278EA0157701589
B1344384515811N00551282EA0157801590
B1344394515806N00551284EA0157801590
B1344404515800N00551284EA0157901591
B1344414515795N00551282EA0158001592
B1344424515790N00551278EA0158101593
B1344434515786N00551273EA0158301595
B1344444515782N00551266EA0158301595
B1344454515781N00551258EA0158301595
B1344464515780N00551250EA0158301595
B1344474515781N00551242EA0158501597
B1344484515783N00551235EA0158501597
B1344494515787N00551230EA0158701599
B1344504515791N00551227EA0158801600
B1344514515795N00551225EA0158901601
B1344524515799N00551226EA0158901601
B1344534515803N00551229EA0159101603
B1344544515805N00551233EA0159201604
B1344554515806N00551238EA0159401606
B1344564515806N00551243EA0159501607
B1344574515805N00551249EA0159601608
B1344584515802N00551254EA0159701609
B1344594515798N00551258EA0159901611
B1345004515793N00551260EA0160001612
B1345014515788N00551260EA0160101613
B1345024515782N00551258EA0160201614
B1345034515777N00551254EA0160301615
B1345044515773N00551248EA0160401616
B1345054515770N00551241EA0160501617
B1345064515768N00551233EA0160601618
B1345074515768N00551225EA0160801620
B1345084515769N00551218EA0160801620
B1345094515771N00551211EA0160801620
B1345104515774N00551206EA0161001622
B1345114515778N00551202EA0161101623
B1345124515783N00551201EA0161201624
B1345134515787N00551202EA0161401626
B1345144515790N00551205EA0161601628
B1345154515793N00551209EA0161701629
B1345164515794N00551214EA0161801630
B1345174515794N00551220EA0161901631
B1345184515792N00551225EA0161901631
B1345194515789N00551230EA0161901631
B1345204515785N00551234EA0162001632
B1345214515780N00551236EA0162201634
B1345224515775N00551236EA0162301635
B1345234515769N00551234EA0162301635
B1345244515764N00551229EA0162401636
B1345254515760N00551224EA0162401636
B1345264515757N00551217EA0162501637
B1345274515756N00551209EA0162601638
B1345284515755N00551201EA0162701639
B1345294515756N00551193EA0162701639
B1345304515759N00551186EA0162901641
B1345314515762N00551181EA0163001642
B1345324515766N00551178EA0163001642
B1345334515770N00551177EA0163101643
B1345344515775N00551178EA0163201644
B1345354515778N00551181EA0163201644
B1345364515780N00551185EA0163301645
B1345374515782N00551190EA0163401646
B1345384515781N00551196EA0163401646
B1345394515780N00551201EA0163401646
B1345404515777N00551206EA0163501647
B1345414515772N00551210EA0163601648
B1345424515767N00551212EA0163701649
B1345434515762N00551211EA0163701649
B1345444515757N00551209EA0163801650
B1345454515752N00551205EA0164001652
B1345464515748N00551199EA0164001652
B1345474515745N00551192EA0164201654
B1345484515743N00551184EA0164401656
B1345494515743N00551176EA0164601658
B1345504515744N00551169EA0164601658
B1345514515746N00551162EA0164901661
B1345524515750N00551157EA0165001662
B1345534515754N00551154EA0165001662
B1345544515758N00551153EA0165101663
B1345554515762N00551154EA0165201664
B1345564515766N00551157EA0165301665
B1345574515768N00551161EA0165401666
B1345584515769N00551166EA0165601668
B1345594515769N00551172EA0165701669
B1346004515767N00551178EA0165701669
B1346014515764N00551182EA0165801670
B1346024515760N00551186EA0165901671
B1346034515755N00551187EA0166001672
B1346044515749N00551187EA0166101673
B1346054515744N00551185EA0166101673
B1346064515739N00551181EA0166301675
B1346074515735N00551175EA0166301675
B1346084515732N00551167EA0166401676
B1346094515730N00551159EA0166501677
B1346104515730N00551151EA0166601678
B1346114515732N00551144EA0166601678
B1346124515734N00551138EA0166801680
B1346134515738N00551133EA0166901681
B1346144515742N00551130EA0167101683
B1346154515746N00551129EA0167101683
B1346164515750N00551130EA0167201684
B1346174515753N00551133EA0167301685
B1346184515756N00551137EA0167501687
B1346194515757N00551142EA0167501687
B1346204515756N00551148EA0167601688
B1346214515754N00551154EA0167701689
B1346224515751N00551158EA0167801690
B1346234515747N00551162EA0167801690
B1346244515742N00551163EA0167801690
B1346254515736N00551163EA0167901691
B1346264515731N00551160EA0168001692
B1346274515726N00551156EA0168101693
B1346284515722N00551150EA0168201694
B1346294515719N00551143EA0168201694
B1346304515718N00551135EA0168301695
B1346314515718N00551127EA0168201694
B1346324515719N00551119EA0168301695
B1346334515721N00551111EA0168301695
B1346344515723N00551103EA0168101693
B1346354515724N00551095EA0168001692
B1346364515726N00551087EA0167901691
B1346374515728N00551079EA0167801690
B1346384515730N00551071EA0167601688
B1346394515732N00551063EA0167501687
B1346404515734N00551056EA0167401686
B1346414515736N00551048EA0167301685
B1346424515738N00551040EA0167201684
B1346434515740N00551032EA0167101683
B1346444515742N00551025EA0166901681
B1346454515745N00551017EA0166801680
B1346464515747N00551009EA0166701679
B1346474515749N00551002EA0166601678
B1346484515752N00550994EA0166501677
B1346494515754N00550986EA0166401676
B1346504515756N00550979EA0166301675
B1346514515758N00550971EA0166201674
B1346524515761N00550964EA0166001672
B1346534515763N00550956EA0165901671
B1346544515766N00550949EA0165801670
B1346554515768N00550941EA0165801670
B1346564515771N00550934EA0165601668
B1346574515774N00550927EA0165501667
B1346584515776N00550919EA0165501667
B1346594515779N00550912EA0165401666
B1347004515781N00550904EA0165201664
B1347014515784N00550897EA0165201664
B1347024515786N00550889EA0165001662
B1347034515788N00550882EA0164901661
B1347044515791N00550874EA0164801660
B1347054515793N00550867EA0164701659
B1347064515796N00550860EA0164601658
B1347074515798N00550852EA0164501657
B1347084515801N00550845EA0164301655
B1347094515803N00550837EA0164201654
B1347104515805N00550829EA0164101653
B1347114515808N00550822EA0164001652
B1347124515810N00550815EA0163901651
B1347134515813N00550807EA0163801650
B1347144515815N00550800EA0163601648
B1347154515818N00550792EA0163501647
B1347164515820N00550785EA0163501647
B1347174515823N00550778EA0163401646
B1347184515826N00550771EA0163301645
B1347194515829N00550764EA0163101643
B1347204515831N00550756EA0162901641
B1347214515834N00550749EA0162801640
B1347224515837N00550742EA0162701639
B1347234515839N00550734EA0162601638
B1347244515842N00550727EA0162501637
B1347254515845N00550721EA0162401636
B1347264515848N00550714EA0162301635
B1347274515851N00550707EA0162101633
B1347284515854N00550700EA0162001632
B1347294515857N00550693EA0161801630
B1347304515860N00550686EA0161701629
B1347314515863N00550679EA0161501627
B1347324515866N00550672EA0161401626
B1347334515869N00550665EA0161301625
B1347344515872N00550658EA0161201624
B1347354515875N00550651EA0161101623
B1347364515878N00550645EA0161001622
B1347374515881N00550638EA0160901621
B1347384515885N00550632EA0160801620
B1347394515888N00550626EA0160701619
B1347404515891N00550619EA0160601618
B1347414515895N00550613EA0160601618
B1347424515898N00550607EA0160501617
B1347434515902N00550601EA0160401616
B1347444515906N00550595EA0160201614
B1347454515909N00550590EA0160101613
B1347464515913N00550584EA0160101613
B1347474515917N00550578EA0160001612
B1347484515921N00550573EA0159901611
B1347494515925N00550567EA0159801610
B1347504515929N00550562EA0159701609
B1347514515932N00550557EA0159601608
B1347524515936N00550551EA0159501607
B1347534515940N00550545EA0159301605
B1347544515944N00550540EA0159201604
B1347554515948N00550534EA0159001602
B1347564515952N00550529EA0158801600
B1347574515956N00550524EA0158701599
B1347584515960N00550519EA0158601598
B1347594515964N00550514EA0158501597
B1348004515968N00550509EA0158301595
B1348014515972N00550504EA0158201594
B1348024515976N00550499EA0158101593
B1348034515980N00550494EA0158001592
B1348044515984N00550489EA0157901591
B1348054515988N00550484EA0157801590
B1348064515992N00550478EA0157601588
B1348074515996N00550473EA0157501587
B1348084516000N00550468EA0157401586
B1348094516004N00550463EA0157301585
B1348104516008N00550457EA0157201584
B1348114516012N00550452EA0157101583
B1348124516016N00550447EA0156901581
B1348134516020N00550442EA0156801580
B1348144516024N00550437EA0156701579
B1348154516028N00550432EA0156501577
B1348164516032N00550427EA0156401576
B1348174516036N00550422EA0156301575
B1348184516040N00550417EA0156201574
B1348194516044N00550411EA0156001572
B1348204516048N00550406EA0155901571
B1348214516052N00550401EA0155801570
B1348224516056N00550396EA0155701569
B1348234516060N00550391EA0155601568
B1348244516064N00550386EA0155501567
B1348254516068N00550381EA0155401566
B1348264516072N00550379EA0155601568
B1348274516077N00550378EA0155701569
B1348284516081N00550379EA0155801570
B1348294516084N00550383EA0156001572
B1348304516086N00550387EA0156101573
B1348314516087N00550393EA0156301575
B1348324516086N00550398EA0156501577
B1348334516084N00550404EA0156601578
B1348344516081N00550408EA0156701579
B1348354516076N00550411EA0156801580
B1348364516071N00550413EA0157001582
B1348374516066N00550412EA0157301585
B1348384516060N00550409EA0157501587
B1348394516056N00550405EA0157501587
B1348404516052N00550398EA0157601588
B1348414516049N00550391EA0157801590
B1348424516048N00550383EA0158001592
B1348434516048N00550375EA0158101593
B1348444516050N00550368EA0158201594
B1348454516052N00550361EA0158601598
B1348464516056N00550357EA0158701599
B1348474516060N00550354EA0159001602
B1348484516064N00550354EA0159301605
B1348494516068N00550355EA0159401606
B1348504516071N00550359EA0159601608
B1348514516073N00550363EA0159901611
B1348524516074N00550369EA0160101613
B1348534516073N00550375EA0160201614
B1348544516071N00550380EA0160401616
B1348554516068N00550384EA0160801620
B1348564516063N00550387EA0160901621
B1348574516058N00550389EA0161101623
B1348584516053N00550388EA0161201624
B1348594516047N00550385EA0161401626
B1349004516043N00550380EA0161601628
B1349014516039N00550374EA0161801630
B1349024516036N00550366EA0161901631
B1349034516035N00550358EA0162101633
B1349044516036N00550350EA0162301635
B1349054516037N00550343EA0162401636
B1349064516040N00550337EA0162601638
B1349074516044N00550333EA0162801640
B1349084516048N00550330EA0163001642
B1349094516052N00550330EA0163201644
B1349104516056N00550331EA0163301645
B1349114516059N00550335EA0163501647
B1349124516061N00550339EA0163701649
B1349134516062N00550345EA0163901651
B1349144516061N00550351EA0164201654
B1349154516059N00550356EA0164301655
B1349164516055N00550360EA0164601658
B1349174516051N00550363EA0164801660
B1349184516045N00550364EA0164901661
B1349194516040N00550363EA0165101663
B1349204516035N00550360EA0165201664
B1349214516030N00550356EA0165401666
B1349224516026N00550349EA0165601668
B1349234516024N00550342EA0165701669
B1349244516023N00550334EA0165901671
B1349254516023N00550326EA0166201674
B1349264516025N00550319EA0166401676
B1349274516028N00550313EA0166701679
B1349284516031N00550308EA0166801680
B1349294516036N00550306EA0167101683
B1349304516040N00550306EA0167201684
B1349314516044N00550307EA0167401686
B1349324516047N00550311EA0167601688
B1349334516049N00550316EA0167701689
B1349344516049N00550321EA0168101693
B1349354516048N00550327EA0168201694
B1349364516046N00550332EA0168501697
B1349374516042N00550337EA0168601698
B1349384516038N00550339EA0168701699
B1349394516033N00550340EA0168901701
B1349404516027N00550339EA0169001702
B1349414516022N00550336EA0169101703
B1349424516017N00550331EA0169201704
B1349434516014N00550325EA0169301705
B1349444516011N00550317EA0169501707
B1349454516010N00550309EA0169701709
B1349464516011N00550301EA0169701709
B1349474516013N00550294EA0169901711
B1349484516015N00550288EA0170201714
B1349494516019N00550284EA0170401716
B1349504516023N00550282EA0170501717
B1349514516028N00550282EA0170701719
B1349524516031N00550283EA0170801720
B1349534516034N00550287EA0171001722
B1349544516036N00550292EA0171201724
B1349554516037N00550297EA0171401726
B1349564516036N00550303EA0171601728
B1349574516033N00550308EA0171901731
B1349584516030N00550313EA0172201734
B1349594516025N00550315EA0172401736
B1350004516020N00550316EA0172601738
B1350014516014N00550315EA0172701739
B1350024516009N00550312EA0172901741
B1350034516005N00550307EA0173101743
B1350044516001N00550300EA0173201744
B1350054515999N00550292EA0173401746
B1350064515998N00550284EA0173501747
B1350074515998N00550277EA0173601748
B1350084516000N00550269EA0173801750
B1350094516003N00550264EA0174001752
B1350104516007N00550260EA0174301755
B1350114516011N00550258EA0174301755
B1350124516015N00550257EA0174501757
B1350134516019N00550259EA0174801760
B1350144516022N00550263EA0174901761
B1350154516024N00550268EA0175101763
B1350164516024N00550274EA0175301765
B1350174516023N00550279EA0175501767
B1350184516021N00550284EA0175701769
B1350194516017N00550289EA0175801770
B1350204516012N00550291EA0176101773
B1350214516007N00550292EA0176301775
B1350224516002N00550291EA0176501777
B1350234515996N00550287EA0176501777
B1350244515992N00550282EA0176701779
B1350254515988N00550275EA0176801780
B1350264515986N00550268EA0177101783
B1350274515985N00550260EA0177101783
B1350284515986N00550252EA0177301785
B1350294515988N00550245EA0177501787
B1350304515991N00550239EA0177701789
B1350314515995N00550235EA0178001792
B1350324515999N00550233EA0178201794
B1350334516003N00550233EA0178301795
B1350344516007N00550235EA0178501797
B1350354516010N00550239EA0178601798
B1350364516011N00550244EA0178701799
B1350374516012N00550250EA0178901801
B1350384516011N00550255EA0179001802
B1350394516008N00550261EA0179101803
B1350404516004N00550265EA0179401806
B1350414516000N00550267EA0179501807
B1350424515994N00550268EA0179601808
B1350434515989N00550266EA0179801810
B1350444515984N00550263EA0180101813
B1350454515979N00550258EA0180301815
B1350464515976N00550251EA0180501817
B1350474515973N00550243EA0180701819
B1350484515973N00550235EA0180901821
B1350494515973N00550227EA0181001822
B1350504515975N00550220EA0181301825
B1350514515979N00550215EA0181401826
B1350524515982N00550211EA0181501827
B1350534515987N00550209EA0181601828
B1350544515991N00550209EA0181701829
B1350554515994N00550211EA0181901831
B1350564515997N00550215EA0182201834
B1350574515999N00550220EA0182401836
B1350584515999N00550226EA0182601838
B1350594515998N00550232EA0182801840
B1351004515995N00550237EA0182901841
B1351014515991N00550241EA0183101843
B1351024515987N00550243EA0183201844
B1351034515981N00550244EA0183401846
B1351044515976N00550242EA0183501847
B1351054515971N00550239EA0183701849
B1351064515966N00550233EA0183801850
B1351074515963N00550226EA0183901851
B1351084515961N00550219EA0184101853
B1351094515960N00550211EA0184301855
B1351104515961N00550203EA0184501857
B1351114515963N00550196EA0184701859
B1351124515966N00550190EA0184701859
B1351134515970N00550187EA0184901861
B1351144515974N00550185EA0185101863
B1351154515979N00550185EA0185401866
B1351164515982N00550187EA0185501867
B1351174515985N00550191EA0185601868
B1351184515986N00550196EA0185801870
B1351194515987N00550202EA0186001872
B1351204515985N00550208EA0186301875
B1351214515983N00550213EA0186401876
B1351224515979N00550217EA0186501877
B1351234515974N00550219EA0186701879
B1351244515969N00550219EA0187001882
B1351254515963N00550218EA0187201884
B1351264515958N00550214EA0187401886
B1351274515954N00550209EA0187601888
B1351284515950N00550202EA0187801890
B1351294515948N00550194EA0188001892
B1351304515948N00550186EA0188101893
B1351314515949N00550178EA0188201894
B1351324515951N00550171EA0188401896
B1351334515954N00550166EA0188601898
B1351344515958N00550162EA0188801900
B1351354515962N00550161EA0189001902
B1351364515966N00550161EA0189301905
B1351374515970N00550163EA0189501907
B1351384515973N00550167EA0189601908
B1351394515974N00550173EA0189801910
B1351404515974N00550178EA0189901911
B1351414515973N00550184EA0190101913
B1351424515970N00550189EA0190201914
B1351434515966N00550193EA0190401916
B1351444515961N00550195EA0190601918
B1351454515956N00550195EA0190801920
B1351464515950N00550193EA0191001922
B1351474515945N00550190EA0191201924
B1351484515941N00550184EA0191401926
B1351494515938N00550177EA0191601928
B1351504515936N00550169EA0191701929
B1351514515935N00550161EA0191901931
B1351524515936N00550154EA0192101933
B1351534515938N00550147EA0192401936
B1351544515942N00550142EA0192601938
B1351554515946N00550138EA0192801940
B1351564515950N00550137EA0192901941
B1351574515954N00550137EA0193101943
B1351584515958N00550140EA0193201944
B1351594515960N00550144EA0193401946
B1352004515962N00550149EA0193501947
B1352014515962N00550154EA0193701949
B1352024515960N00550160EA0194001952
B1352034515957N00550165EA0194101953
B1352044515953N00550169EA0194201954
B1352054515948N00550171EA0194301955
B1352064515943N00550171EA0194501957
B1352074515938N00550169EA0194701959
B1352084515933N00550165EA0194901961
B1352094515928N00550160EA0195201964
B1352104515925N00550153EA0195401966
B1352114515923N00550145EA0195501967
B1352124515923N00550137EA0195701969
B1352134515924N00550129EA0195801970
B1352144515926N00550122EA0195901971
B1352154515929N00550117EA0196101973
B1352164515933N00550114EA0196301975
B1352174515938N00550110EA0196201974
B1352184515942N00550106EA0196101973
B1352194515947N00550103EA0196001972
B1352204515951N00550099EA0195901971
B1352214515956N00550095EA0195801970
B1352224515960N00550091EA0195701969
B1352234515965N00550087EA0195601968
B1352244515969N00550084EA0195601968
B1352254515974N00550080EA0195501967
B1352264515978N00550076EA0195301965
B1352274515983N00550072EA0195101963
B1352284515987N00550069EA0195001962
B1352294515992N00550065EA0195001962
B1352304515996N00550062EA0194801960
B1352314516001N00550058EA0194701959
B1352324516005N00550055EA0194601958
B1352334516010N00550052EA0194401956
B1352344516014N00550048EA0194401956
B1352354516019N00550044EA0194301955
B1352364516023N00550041EA0194201954
B1352374516028N00550037EA0194101953
B1352384516032N00550034EA0194001952
B1352394516037N00550030EA0193901951
B1352404516041N00550026EA0193701949
B1352414516046N00550023EA0193601948
B1352424516050N00550019EA0193501947
B1352434516055N00550016EA0193301945
B1352444516060N00550013EA0193201944
B1352454516064N00550010EA0193101943
B1352464516069N00550006EA0193001942
B1352474516073N00550003EA0192901941
B1352484516078N00549999EA0192901941
B1352494516082N00549996EA0192701939
B1352504516087N00549993EA0192601938
B1352514516092N00549989EA0192401936
B1352524516096N00549986EA0192301935
B1352534516101N00549983EA0192201934
B1352544516105N00549980EA0192001932
B1352554516110N00549977EA0191901931
B1352564516115N00549974EA0191901931
B1352574516119N00549971EA0191801930
B1352584516124N00549968EA0191701929
B1352594516128N00549964EA0191701929
B1353004516133N00549961EA0191501927
B1353014516138N00549958EA0191501927
B1353024516142N00549955EA0191301925
B1353034516147N00549952EA0191201924
B1353044516152N00549949EA0191001922
B1353054516156N00549946EA0190901921
B1353064516161N00549944EA0190801920
B1353074516166N00549941EA0190601918
B1353084516170N00549938EA0190501917
B1353094516175N00549935EA0190501917
B1353104516180N00549932EA0190401916
B1353114516184N00549930EA0190301915
B1353124516189N00549927EA0190201914
B1353134516194N00549925EA0190101913
B1353144516198N00549923EA0190001912
B1353154516203N00549920EA0189901911
B1353164516208N00549918EA0189801910
B1353174516213N00549915EA0189701909
B1353184516217N00549912EA0189501907
B1353194516222N00549909EA0189401906
B1353204516227N00549907EA0189301905
B1353214516231N00549904EA0189101903
B1353224516236N00549901EA0189001902
B1353234516241N00549899EA0188901901
B1353244516245N00549896EA0188801900
B1353254516250N00549894EA0188801900
B1353264516255N00549891EA0188601898
B1353274516259N00549888EA0188501897
B1353284516264N00549885EA0188401896
B1353294516269N00549882EA0188201894
B1353304516273N00549880EA0188201894
B1353314516278N00549877EA0188001892
B1353324516283N00549874EA0187901891
B1353334516287N00549872EA0187701889
B1353344516292N00549869EA0187701889
B1353354516297N00549866EA0187601888
B1353364516302N00549864EA0187501887
B1353374516306N00549861EA0187401886
B1353384516311N00549859EA0187301885
B1353394516316N00549856EA0187201884
B1353404516320N00549853EA0187101883
B1353414516325N00549850EA0186901881
B1353424516330N00549848EA0186801880
B1353434516334N00549846EA0186601878
B1353444516339N00549843EA0186601878
B1353454516344N00549841EA0186501877
B1353464516349N00549839EA0186301875
B1353474516353N00549836EA0186201874
B1353484516358N00549834EA0186101873
B1353494516363N00549832EA0185901871
B1353504516368N00549830EA0185801870
B1353514516372N00549829EA0185701869
B1353524516377N00549827EA0185601868
B1353534516382N00549826EA0185501867
B1353544516387N00549825EA0185301865
B1353554516392N00549823EA0185301865
B1353564516396N00549821EA0185201864
B1353574516401N00549820EA0185101863
B1353584516406N00549818EA0185001862
B1353594516411N00549816EA0184901861
B1354004516415N00549815EA0184801860
B1354014516420N00549813EA0184701859
B1354024516425N00549811EA0184601858
B1354034516430N00549809EA0184501857
B1354044516435N00549808EA0184301855
B1354054516439N00549806EA0184201854
B1354064516444N00549804EA0184001852
B1354074516449N00549803EA0183901851
B1354084516454N00549801EA0183801850
B1354094516458N00549800EA0183701849
B1354104516463N00549799EA0183601848
B1354114516468N00549798EA0183501847
B1354124516473N00549797EA0183401846
B1354134516478N00549795EA0183201844
B1354144516482N00549794EA0183101843
B1354154516487N00549793EA0183101843
B1354164516492N00549791EA0183001842
B1354174516497N00549790EA0182901841
B1354184516502N00549789EA0182801840
B1354194516506N00549787EA0182701839
B1354204516511N00549786EA0182601838
B1354214516516N00549784EA0182501837
B1354224516521N00549783EA0182301835
B1354234516526N00549782EA0182301835
B1354244516530N00549781EA0182201834
B1354254516535N00549780EA0182101833
B1354264516540N00549779EA0182001832
B1354274516545N00549778EA0181901831
B1354284516549N00549777EA0181901831
B1354294516554N00549776EA0181801830
B1354304516559N00549775EA0181601828
B1354314516564N00549774EA0181501827
B1354324516569N00549774EA0181401826
B1354334516573N00549773EA0181201824
B1354344516578N00549772EA0181101823
B1354354516583N00549771EA0181001822
B1354364516588N00549769EA0180901821
B1354374516593N00549768EA0180801820
B1354384516597N00549767EA0180701819
B1354394516602N00549766EA0180501817
B1354404516607N00549764EA0180401816
B1354414516612N00549763EA0180301815
B1354424516617N00549762EA0180201814
B1354434516621N00549761EA0180101813
B1354444516626N00549760EA0180001812
B1354454516631N00549759EA0179901811
B1354464516636N00549757EA0179801810
B1354474516641N00549756EA0179701809
B1354484516645N00549755EA0179601808
B1354494516650N00549753EA0179401806
B1354504516655N00549752EA0179301805
B1354514516660N00549750EA0179201804
B1354524516664N00549748EA0179101803
B1354534516669N00549746EA0179001802
B1354544516674N00549744EA0178901801
B1354554516679N00549742EA0178801800
B1354564516683N00549741EA0178701799
B1354574516688N00549739EA0178601798
B1354584516693N00549737EA0178501797
B1354594516698N00549735EA0178301795
B1355004516703N00549733EA0178201794
B1355014516707N00549732EA0178201794
B1355024516712N00549730EA0178001792
B1355034516717N00549728EA0177901791
B1355044516722N00549727EA0177801790
B1355054516726N00549725EA0177601788
B1355064516731N00549724EA0177601788
B1355074516736N00549723EA0177401786
B1355084516741N00549722EA0177401786
B1355094516746N00549721EA0177201784
B1355104516750N00549720EA0177101783
B1355114516755N00549719EA0177001782
B1355124516760N00549718EA0176901781
B1355134516765N00549717EA0176801780
B1355144516770N00549717EA0176701779
B1355154516774N00549716EA0176501777
B1355164516779N00549715EA0176401776
B1355174516784N00549715EA0176301775
B1355184516789N00549714EA0176201774
B1355194516793N00549714EA0176201774
B1355204516798N00549713EA0176101773
B1355214516803N00549713EA0176001772
B1355224516808N00549713EA0175901771
B1355234516813N00549713EA0175801770
B1355244516817N00549712EA0175701769
B1355254516822N00549712EA0175601768
B1355264516827N00549712EA0175401766
B1355274516832N00549711EA0175301765
B1355284516836N00549710EA0175201764
B1355294516841N00549710EA0175201764
B1355304516846N00549709EA0175001762
B1355314516851N00549708EA0174901761
B1355324516855N00549707EA0174801760
B1355334516860N00549707EA0174701759
B1355344516865N00549706EA0174501757
B1355354516870N00549705EA0174401756
B1355364516875N00549705EA0174201754
B1355374516879N00549704EA0174101753
B1355384516884N00549703EA0173901751
B1355394516889N00549703EA0173801750
B1355404516894N00549703EA0173701749
B1355414516898N00549703EA0173601748
B1355424516903N00549702EA0173601748
B1355434516908N00549702EA0173401746
B1355444516913N00549702EA0173201744
B1355454516917N00549702EA0173001742
B1355464516922N00549702EA0172901741
B1355474516927N00549702EA0172801740
B1355484516932N00549702EA0172601738
B1355494516936N00549702EA0172601738
B1355504516941N00549702EA0172501737
B1355514516946N00549702EA0172401736
B1355524516950N00549703EA0172201734
B1355534516955N00549703EA0172101733
B1355544516960N00549703EA0172001732
B1355554516965N00549704EA0171901731
B1355564516969N00549704EA0171901731
B1355574516974N00549705EA0171801730
B1355584516979N00549705EA0171701729
B1355594516983N00549706EA0171701729
B1356004516988N00549706EA0171501727
B1356014516993N00549706EA0171401726
B1356024516997N00549706EA0171401726
B1356034517002N00549707EA0171301725
B1356044517007N00549707EA0171201724
B1356054517011N00549708EA0171001722
B1356064517016N00549708EA0170901721
B1356074517021N00549709EA0170701719
B1356084517025N00549709EA0170601718
B1356094517030N00549710EA0170501717
B1356104517035N00549711EA0170401716
B1356114517035N00549717EA0170301715
B1356124517036N00549723EA0170301715
B1356134517037N00549729EA0170301715
B1356144517038N00549736EA0170201714
B1356154517039N00549742EA0170001712
B1356164517040N00549748EA0169901711
B1356174517041N00549754EA0169801710
B1356184517042N00549760EA0169701709
B1356194517042N00549767EA0169601708
B1356204517043N00549773EA0169501707
B1356214517044N00549779EA0169301705
B1356224517045N00549785EA0169201704
B1356234517046N00549791EA0169101703
B1356244517047N00549798EA0169001702
B1356254517048N00549804EA0168901701
B1356264517049N00549810EA0168701699
B1356274517049N00549816EA0168601698
B1356284517050N00549823EA0168501697
B1356294517051N00549829EA0168301695
B1356304517052N00549835EA0168201694
B1356314517053N00549841EA0168101693
B1356324517054N00549847EA0167901691
B1356334517055N00549854EA0167801690
B1356344517056N00549860EA0167701689
B1356354517057N00549866EA0167601688
B1356364517057N00549872EA0167601688
B1356374517058N00549879EA0167501687
B1356384517059N00549885EA0167401686
B1356394517060N00549891EA0167201684
B1356404517061N00549897EA0167101683
B1356414517062N00549903EA0167001682
B1356424517063N00549910EA0167001682
B1356434517064N00549916EA0166801680
B1356444517064N00549922EA0166701679
B1356454517065N00549928EA0166601678
B1356464517066N00549934EA0166501677
B1356474517067N00549941EA0166401676
B1356484517068N00549947EA0166401676
B1356494517069N00549953EA0166201674
B1356504517070N00549959EA0166001672
B1356514517071N00549966EA0165901671
B1356524517072N00549972EA0165701669
B1356534517072N00549978EA0165501667
B1356544517073N00549984EA0165401666
B1356554517074N00549990EA0165201664
B1356564517075N00549997EA0165101663
B1356574517076N00550003EA0165101663
B1356584517077N00550009EA0164901661
B1356594517078N00550015EA0164801660
B1357004517079N00550021EA0164601658
B1357014517080N00550028EA0164501657
B1357024517081N00550034EA0164401656
B1357034517081N00550040EA0164301655
B1357044517082N00550046EA0164101653
B1357054517083N00550052EA0164001652
B1357064517084N00550059EA0163901651
B1357074517085N00550065EA0163701649
B1357084517086N00550071EA0163601648
B1357094517087N00550077EA0163401646
B1357104517088N00550084EA0163301645
B1357114517089N00550090EA0163201644
B1357124517090N00550096EA0163201644
B1357134517090N00550102EA0163001642
B1357144517091N00550108EA0162901641
B1357154517092N00550115EA0162701639
B1357164517093N00550121EA0162601638
B1357174517094N00550127EA0162501637
B1357184517095N00550133EA0162401636
B1357194517096N00550139EA0162301635
B1357204517097N00550146EA0162201634
B1357214517098N00550152EA0162001632
B1357224517099N00550158EA0162001632
B1357234517100N00550164EA0161901631
B1357244517100N00550170EA0161801630
B1357254517101N00550177EA0161601628
B1357264517102N00550183EA0161401626
B1357274517103N00550189EA0161201624
B1357284517104N00550195EA0161101623
B1357294517105N00550201EA0161001622
B1357304517106N00550208EA0160901621
B1357314517107N00550214EA0160801620
B1357324517108N00550220EA0160701619
B1357334517109N00550226EA0160601618
B1357344517110N00550232EA0160501617
B1357354517110N00550239EA0160301615
B1357364517111N00550245EA0160101613
B1357374517112N00550251EA0160001612
B1357384517113N00550257EA0159801610
B1357394517114N00550263EA0159801610
B1357404517115N00550270EA0159601608
B1357414517116N00550276EA0159401606
B1357424517117N00550282EA0159301605
B1357434517118N00550288EA0159201604
B1357444517119N00550294EA0159001602
B1357454517120N00550301EA0158901601
B1357464517121N00550307EA0158701599
B1357474517122N00550313EA0158601598
B1357484517122N00550319EA0158501597
B1357494517123N00550325EA0158401596
B1357504517124N00550332EA0158301595
B1357514517125N00550338EA0158201594
B1357524517126N00550344EA0158101593
B1357534517127N00550350EA0158001592
B1357544517128N00550356EA0157901591
B1357554517129N00550363EA0157801590
B1357564517130N00550369EA0157801590
B1357574517131N00550375EA0157601588
B1357584517132N00550381EA0157501587
B1357594517133N00550387EA0157401586
B1358004517134N00550394EA0157301585
B1358014517134N00550400EA0157101583
B1358024517135N00550406EA0156901581
B1358034517136N00550412EA0156801580
B1358044517137N00550418EA0156701579
B1358054517138N00550425EA0156501577
B1358064517139N00550431EA0156401576
B1358074517140N00550437EA0156301575
B1358084517141N00550443EA0156201574
B1358094517142N00550449EA0156101573
B1358104517143N00550456EA0156001572
B1358114517144N00550462EA0156001572
B1358124517145N00550468EA0155801570
B1358134517146N00550474EA0155701569
B1358144517147N00550480EA0155601568
B1358154517148N00550487EA0155401566
B1358164517149N00550493EA0155301565
B1358174517149N00550499EA0155201564
B1358184517150N00550505EA0155101563
B1358194517151N00550511EA0155001562
B1358204517152N00550517EA0154901561
B1358214517153N00550524EA0154801560
B1358224517154N00550530EA0154601558
B1358234517155N00550536EA0154501557
B1358244517156N00550542EA0154401556
B1358254517157N00550548EA0154301555
B1358264517158N00550555EA0154201554
B1358274517159N00550561EA0154101553
B1358284517160N00550567EA0154001552
B1358294517161N00550573EA0153901551
B1358304517162N00550579EA0153801550
B1358314517163N00550586EA0153701549
B1358324517164N00550592EA0153601548
B1358334517165N00550598EA0153501547
B1358344517166N00550604EA0153401546
B1358354517166N00550610EA0153201544
B1358364517167N00550617EA0153001542
B1358374517168N00550623EA0153001542
B1358384517169N00550629EA0152901541
B1358394517170N00550635EA0152701539
B1358404517171N00550641EA0152601538
B1358414517172N00550647EA0152501537
B1358424517173N00550654EA0152401536
B1358434517174N00550660EA0152201534
B1358444517175N00550666EA0152101533
B1358454517176N00550672EA0152001532
B1358464517177N00550678EA0151901531
B1358474517178N00550685EA0151801530
B1358484517179N00550691EA0151701529
B1358494517180N00550697EA0151601528
B1358504517181N00550703EA0151501527
B1358514517182N00550709EA0151401526
B1358524517183N00550715EA0151301525
B1358534517184N00550722EA0151101523
B1358544517185N00550728EA0151001522
B1358554517186N00550734EA0150801520
B1358564517187N00550740EA0150701519
B1358574517188N00550746EA0150501517
B1358584517189N00550753EA0150401516
B1358594517190N00550759EA0150301515
B1359004517190N00550765EA0150201514
B1359014517191N00550771EA0150101513
B1359024517192N00550777EA0150101513
B1359034517193N00550783EA0149901511
B1359044517194N00550790EA0149901511
B1359054517195N00550796EA0149801510
B1359064517196N00550802EA0149701509
B1359074517197N00550808EA0149501507
B1359084517198N00550814EA0149401506
B1359094517199N00550821EA0149301505
B1359104517200N00550827EA0149201504
B1359114517201N00550833EA0149101503
B1359124517202N00550839EA0149001502
B1359134517203N00550845EA0148901501
B1359144517204N00550851EA0148801500
B1359154517205N00550858EA0148601498
B1359164517206N00550864EA0148401496
B1359174517207N00550870EA0148301495
B1359184517208N00550876EA0148201494
B1359194517209N00550882EA0148001492
B1359204517210N00550888EA0147901491
B1359214517211N00550895EA0147801490
B1359224517212N00550901EA0147701489
B1359234517213N00550907EA0147601488
B1359244517214N00550913EA0147401486
B1359254517215N00550919EA0147301485
B1359264517216N00550926EA0147201484
B1359274517217N00550932EA0147101483
B1359284517218N00550938EA0147001482
B1359294517219N00550944EA0146901481
B1359304517220N00550950EA0146801480
B1359314517221N00550956EA0146601478
B1359324517222N00550963EA0146601478
B1359334517223N00550969EA0146401476
B1359344517224N00550975EA0146301475
B1359354517225N00550981EA0146201474
B1359364517226N00550987EA0146101473
B1359374517227N00550993EA0146001472
B1359384517228N00551000EA0145901471
B1359394517229N00551006EA0145801470
B1359404517230N00551012EA0145701469
B1359414517231N00551018EA0145501467
B1359424517232N00551024EA0145401466
B1359434517233N00551030EA0145201464
B1359444517234N00551037EA0145101463
B1359454517235N00551043EA0145101463
B1359464517236N00551049EA0145001462
B1359474517237N00551055EA0144801460
B1359484517238N00551061EA0144701459
B1359494517239N00551067EA0144601458
B1359504517240N00551074EA0144501457
B1359514517241N00551080EA0144301455
B1359524517242N00551086EA0144201454
B1359534517243N00551092EA0144201454
B1359544517244N00551098EA0144101453
B1359554517245N00551104EA0144001452
B1359564517246N00551111EA0143901451
B1359574517247N00551117EA0143801450
B1359584517248N00551123EA0143701449
B1359594517249N00551129EA0143601448
B1400004517250N00551135EA0143501447
B1400014517251N00551141EA0143401446
B1400024517252N00551148EA0143301445
B1400034517253N00551154EA0143201444
B1400044517254N00551160EA0143101443
B1400054517255N00551166EA0143001442
B1400064517256N00551172EA0142901441
B1400074517257N00551178EA0142801440
B1400084517258N00551185EA0142601438
B1400094517259N00551191EA0142501437
B1400104517260N00551197EA0142401436
B1400114517261N00551203EA0142201434
B1400124517262N00551209EA0142001432
B1400134517263N00551215EA0141901431
B1400144517264N00551222EA0141801430
B1400154517265N00551228EA0141601428
B1400164517266N00551234EA0141501427
B1400174517267N00551240EA0141401426
B1400184517268N00551246EA0141301425
B1400194517269N00551252EA0141101423
B1400204517270N00551258EA0141001422
B1400214517271N00551265EA0140901421
B1400224517272N00551271EA0140901421
B1400234517273N00551277EA0140801420
B1400244517274N00551283EA0140601418
B1400254517275N00551289EA0140501417
B1400264517276N00551295EA0140401416
B1400274517277N00551302EA0140301415
B1400284517278N00551308EA0140301415
B1400294517279N00551314EA0140101413
B1400304517280N00551320EA0140001412
B1400314517281N00551326EA0139801410
B1400324517282N00551332EA0139701409
B1400334517283N00551338EA0139601408
B1400344517284N00551345EA0139401406
B1400354517285N00551351EA0139301405
B1400364517286N00551357EA0139201404
B1400374517287N00551363EA0139101403
B1400384517288N00551369EA0139001402
B1400394517289N00551375EA0138901401
B1400404517290N00551382EA0138801400
B1400414517292N00551388EA0138601398
B1400424517293N00551394EA0138501397
B1400434517294N00551400EA0138301395
B1400444517295N00551406EA0138201394
B1400454517296N00551412EA0138101393
B1400464517297N00551418EA0138001392
B1400474517298N00551425EA0137901391
B1400484517299N00551431EA0137801390
B1400494517300N00551437EA0137601388
B1400504517301N00551443EA0137401386
B1400514517302N00551449EA0137301385
B1400524517303N00551455EA0137201384
B1400534517304N00551461EA0137101383
B1400544517305N00551468EA0136901381
B1400554517306N00551474EA0136801380
B1400564517307N00551480EA0136701379
B1400574517308N00551486EA0136601378
B1400584517309N00551492EA0136501377
B1400594517310N00551498EA0136401376
B1401004517311N00551505EA0136301375
B1401014517312N00551511EA0136301375
B1401024517313N00551517EA0136101373
B1401034517314N00551523EA0135901371
B1401044517316N00551529EA0135901371
B1401054517317N00551535EA0135801370
B1401064517318N00551541EA0135601368
B1401074517319N00551548EA0135301365
B1401084517320N00551554EA0135201364
B1401094517321N00551560EA0135001362
B1401104517322N00551566EA0134801360
B1401114517323N00551572EA0134601358
B1401124517324N00551578EA0134501357
B1401134517325N00551584EA0134401356
B1401144517326N00551590EA0134201354
B1401154517327N00551597EA0134101353
B1401164517328N00551603EA0134001352
B1401174517329N00551609EA0133801350
B1401184517330N00551615EA0133701349
B1401194517331N00551621EA0133601348
B1401204517332N00551627EA0133501347
B1401214517334N00551633EA0133301345
B1401224517335N00551640EA0133201344
B1401234517336N00551646EA0133001342
B1401244517337N00551652EA0132901341
B1401254517338N00551658EA0132801340
B1401264517339N00551664EA0132801340
B1401274517340N00551670EA0132601338
B1401284517341N00551676EA0132601338
B1401294517342N00551683EA0132401336
B1401304517343N00551689EA0132301335
B1401314517344N00551695EA0132101333
B1401324517345N00551701EA0132001332
B1401334517346N00551707EA0131901331
B1401344517347N00551713EA0131801330
B1401354517349N00551719EA0131601328
B1401364517350N00551725EA0131501327
B1401374517351N00551732EA0131401326
B1401384517352N00551738EA0131301325
B1401394517353N00551744EA0131201324
B1401404517354N00551750EA0131001322
B1401414517355N00551756EA0130901321
B1401424517356N00551762EA0130701319
B1401434517357N00551768EA0130601318
B1401444517358N00551775EA0130501317
B1401454517359N00551781EA0130301315
B1401464517360N00551787EA0130301315
B1401474517361N00551793EA0130101313
B1401484517363N00551799EA0130001312
B1401494517364N00551805EA0129801310
B1401504517365N00551811EA0129801310
B1401514517366N00551817EA0129601308
B1401524517367N00551824EA0129501307
B1401534517368N00551830EA0129301305
B1401544517369N00551836EA0129201304
B1401554517370N00551842EA0129001302
B1401564517371N00551848EA0128901301
B1401574517372N00551854EA0128801300
B1401584517373N00551860EA0128701299
B1401594517375N00551866EA0128701299
B1402004517376N00551873EA0128601298
B1402014517377N00551879EA0128401296
B1402024517378N00551885EA0128301295
B1402034517379N00551891EA0128201294
B1402044517380N00551897EA0128101293
B1402054517381N00551903EA0128001292
B1402064517382N00551909EA0127901291
B1402074517383N00551915EA0127801290
B1402084517384N00551921EA0127701289
B1402094517386N00551928EA0127601288
B1402104517387N00551934EA0127401286
B1402114517388N00551940EA0127301285
B1402124517389N00551946EA0127201284
B1402134517390N00551952EA0127001282
B1402144517391N00551958EA0126901281
B1402154517392N00551964EA0126801280
B1402164517393N00551970EA0126701279
B1402174517394N00551977EA0126601278
B1402184517396N00551983EA0126401276
B1402194517397N00551989EA0126301275
B1402204517398N00551995EA0126201274
B1402214517399N00552001EA0126101273
B1402224517400N00552007EA0126001272
B1402234517401N00552013EA0125901271
B1402244517402N00552019EA0125801270
B1402254517403N00552025EA0125701269
B1402264517404N00552032EA0125601268
B1402274517406N00552038EA0125401266
B1402284517407N00552044EA0125301265
B1402294517408N00552050EA0125301265
B1402304517409N00552056EA0125101263
B1402314517410N00552062EA0125001262
B1402324517411N00552068EA0125001262
B1402334517412N00552074EA0124801260
B1402344517413N00552080EA0124701259
B1402354517415N00552087EA0124601258
B1402364517416N00552093EA0124501257
B1402374517417N00552099EA0124301255
B1402384517418N00552105EA0124201254
B1402394517419N00552111EA0124101253
B1402404517420N00552117EA0124001252
B1402414517421N00552123EA0123901251
B1402424517422N00552129EA0123801250
B1402434517424N00552135EA0123701249
B1402444517425N00552142EA0123601248
B1402454517426N00552148EA0123401246
B1402464517427N00552154EA0123301245
B1402474517428N00552160EA0123101243
B1402484517429N00552166EA0123001242
B1402494517430N00552172EA0122901241
B1402504517432N00552178EA0122701239
B1402514517433N00552184EA0122601238
B1402524517434N00552190EA0122401236
B1402534517435N00552196EA0122301235
B1402544517436N00552203EA0122201234
B1402554517437N00552209EA0122101233
B1402564517438N00552215EA0122001232
B1402574517440N00552221EA0121801230
B1402584517441N00552227EA0121801230
B1402594517442N00552233EA0121601228
B1403004517443N00552239EA0121501227
B1403014517444N00552245EA0121401226
B1403024517445N00552251EA0121301225
B1403034517446N00552257EA0121101223
B1403044517448N00552264EA0121001222
B1403054517449N00552270EA0120801220
B1403064517450N00552276EA0120701219
B1403074517451N00552282EA0120601218
B1403084517452N00552288EA0120501217
B1403094517453N00552294EA0120401216
B1403104517454N00552300EA0120301215
B1403114517456N00552306EA0120201214
B1403124517457N00552312EA0120001212
B1403134517458N00552318EA0119901211
B1403144517459N00552324EA0119801210
B1403154517460N00552331EA0119701209
B1403164517461N00552337EA0119601208
B1403174517463N00552343EA0119401206
B1403184517464N00552349EA0119301205
B1403194517465N00552355EA0119201204
B1403204517466N00552361EA0119101203
B1403214517467N00552367EA0119001202
B1403224517468N00552373EA0118901201
B1403234517470N00552379EA0118801200
B1403244517471N00552385EA0118601198
B1403254517472N00552391EA0118501197
B1403264517473N00552398EA0118401196
B1403274517474N00552404EA0118201194
B1403284517475N00552410EA0118101193
B1403294517477N00552416EA0117901191
B1403304517478N00552422EA0117801190
B1403314517479N00552428EA0117701189
B1403324517480N00552434EA0117501187
B1403334517481N00552440EA0117401186
B1403344517483N00552446EA0117301185
B1403354517484N00552452EA0117201184
B1403364517485N00552458EA0117101183
B1403374517486N00552464EA0117001182
B1403384517487N00552471EA0116801180
B1403394517488N00552477EA0116701179
B1403404517490N00552483EA0116601178
B1403414517491N00552489EA0116401176
B1403424517492N00552495EA0116301175
B1403434517493N00552501EA0116201174
B1403444517494N00552507EA0116101173
B1403454517496N00552513EA0116001172
B1403464517497N00552519EA0115901171
B1403474517498N00552525EA0115701169
B1403484517499N00552531EA0115601168
B1403494517500N00552537EA0115501167
B1403504517502N00552543EA0115401166
B1403514517503N00552550EA0115201164
B1403524517504N00552556EA0115101163
B1403534517505N00552562EA0115001162
B1403544517506N00552568EA0114901161
B1403554517508N00552574EA0114701159
B1403564517509N00552580EA0114601158
B1403574517510N00552586EA0114501157
B1403584517511N00552592EA0114401156
B1403594517512N00552598EA0114301155
B1404004517514N00552604EA0114101153
B1404014517515N00552610EA0114001152
B1404024517516N00552616EA0113901151
B1404034517517N00552622EA0113801150
B1404044517518N00552628EA0113601148
B1404054517520N00552635EA0113601148
B1404064517521N00552641EA0113501147
B1404074517522N00552647EA0113401146
B1404084517523N00552653EA0113301145
B1404094517524N00552659EA0113201144
B1404104517526N00552665EA0113001142
B1404114517527N00552671EA0112901141
B1404124517528N00552677EA0112801140
B1404134517529N00552683EA0112701139
B1404144517531N00552689EA0112501137
B1404154517532N00552695EA0112301135
B1404164517533N00552701EA0112201134
B1404174517534N00552707EA0112101133
B1404184517535N00552713EA0112001132
B1404194517537N00552719EA0111901131
B1404204517538N00552725EA0111801130
B1404214517539N00552732EA0111701129
B1404224517540N00552738EA0111501127
B1404234517542N00552744EA0111401126
B1404244517543N00552750EA0111301125
B1404254517544N00552756EA0111201124
B1404264517545N00552762EA0111001122
B1404274517546N00552768EA0110901121
B1404284517548N00552774EA0110801120
B1404294517549N00552780EA0110701119
B1404304517550N00552786EA0110501117
B1404314517551N00552792EA0110401116
B1404324517553N00552798EA0110401116
B1404334517554N00552804EA0110301115
B1404344517555N00552810EA0110101113
B1404354517556N00552816EA0109901111
B1404364517558N00552822EA0109801110
B1404374517559N00552828EA0109701109
B1404384517560N00552834EA0109601108
B1404394517561N00552840EA0109401106
B1404404517563N00552846EA0109301105
B1404414517564N00552853EA0109101103
B1404424517565N00552859EA0109101103
B1404434517566N00552865EA0109001102
B1404444517568N00552871EA0108901101
B1404454517569N00552877EA0108801100
B1404464517570N00552883EA0108701099
B1404474517571N00552889EA0108601098
B1404484517573N00552895EA0108501097
B1404494517574N00552901EA0108401096
B1404504517575N00552907EA0108401096
B1404514517576N00552913EA0108201094
B1404524517578N00552919EA0108101093
B1404534517579N00552925EA0107901091
B1404544517580N00552931EA0107901091
B1404554517582N00552937EA0107701089
B1404564517583N00552943EA0107601088
B1404574517584N00552949EA0107501087
B1404584517585N00552955EA0107301085
B1404594517587N00552961EA0107201084
B1405004517588N00552967EA0107101083
B1405014517589N00552973EA0107001082
B1405024517590N00552979EA0106801080
B1405034517592N00552985EA0106701079
B1405044517593N00552991EA0106601078
B1405054517594N00552997EA0106301075
B1405064517596N00553003EA0106301075
B1405074517597N00553010EA0106201074
B1405084517598N00553016EA0106001072
B1405094517599N00553022EA0105901071
B1405104517601N00553028EA0105801070
B1405114517602N00553034EA0105801070
B1405124517603N00553040EA0105701069
B1405134517605N00553046EA0105601068
B1405144517606N00553052EA0105501067
B1405154517607N00553058EA0105401066
B1405164517608N00553064EA0105301065
B1405174517610N00553070EA0105201064
B1405184517611N00553076EA0105201064
B1405194517612N00553082EA0105101063
B1405204517614N00553088EA0104901061
B1405214517615N00553094EA0104901061
B1405224517616N00553100EA0104701059
B1405234517618N00553106EA0104601058
B1405244517619N00553112EA0104401056
B1405254517620N00553118EA0104201054
B1405264517621N00553124EA0104101053
B1405274517623N00553130EA0104001052
B1405284517624N00553136EA0104001052
B1405294517625N00553142EA0103901051
B1405304517627N00553148EA0103701049
B1405314517628N00553154EA0103601048
B1405324517629N00553160EA0103501047
B1405334517631N00553166EA0103401046
B1405344517632N00553172EA0103301045
B1405354517633N00553178EA0103201044
B1405364517635N00553184EA0103101043
B1405374517636N00553190EA0103001042
B1405384517637N00553196EA0102901041
B1405394517639N00553202EA0102901041
B1405404517640N00553208EA0102701039
B1405414517641N00553214EA0102701039
B1405424517643N00553220EA0102501037
B1405434517644N00553226EA0102301035
B1405444517645N00553232EA0102201034
B1405454517647N00553238EA0102001032
B1405464517648N00553244EA0102001032
B1405474517649N00553250EA0101901031
B1405484517651N00553256EA0101701029
B1405494517652N00553262EA0101601028
B1405504517653N00553268EA0101501027
B1405514517655N00553274EA0101401026
B1405524517656N00553280EA0101301025
B1405534517657N00553286EA0101101023
B1405544517659N00553292EA0101001022
B1405554517660N00553298EA0100901021
B1405564517661N00553304EA0100801020
B1405574517663N00553310EA0100601018
B1405584517664N00553316EA0100501017
B1405594517665N00553322EA0100401016
B1406004517667N00553328EA0100201014
B1406014517668N00553334EA0100201014
B1406024517669N00553340EA0100001012
B1406034517671N00553346EA0099901011
B1406044517672N00553352EA0099701009
B1406054517673N00553358EA0099601008
B1406064517675N00553364EA0099501007
B1406074517676N00553370EA0099401006
B1406084517678N00553376EA0099301005
B1406094517679N00553382EA0099201004
B1406104517680N00553388EA0099201004
B1406114517682N00553394EA0099001002
B1406124517683N00553400EA0098901001
B1406134517684N00553406EA0098801000
B1406144517686N00553412EA0098700999
B1406154517687N00553418EA0098600998
B1406164517689N00553424EA0098400996
B1406174517690N00553430EA0098300995
B1406184517691N00553436EA0098100993
B1406194517693N00553442EA0098000992
B1406204517694N00553448EA0097900991
B1406214517695N00553454EA0097800990
B1406224517697N00553460EA0097600988
B1406234517698N00553466EA0097500987
B1406244517700N00553472EA0097400986
B1406254517701N00553478EA0097300985
B1406264517702N00553484EA0097300985
B1406274517704N00553490EA0097100983
B1406284517705N00553495EA0097000982
B1406294517707N00553501EA0096900981
B1406304517708N00553507EA0096700979
B1406314517709N00553513EA0096600978
B1406324517711N00553519EA0096400976
B1406334517712N00553525EA0096300975
B1406344517714N00553531EA0096200974
B1406354517715N00553537EA0096100973
B1406364517716N00553543EA0096000972
B1406374517718N00553549EA0095800970
B1406384517719N00553555EA0095700969
B1406394517721N00553561EA0095600968
B1406404517722N00553567EA0095500967
B1406414517724N00553573EA0095300965
B1406424517725N00553579EA0095200964
B1406434517726N00553585EA0095100963
B1406444517728N00553591EA0095000962
B1406454517729N00553597EA0094900961
B1406464517731N00553603EA0094700959
B1406474517732N00553609EA0094500957
B1406484517734N00553615EA0094400956
B1406494517735N00553621EA0094300955
B1406504517736N00553626EA0094200954
B1406514517738N00553632EA0094100953
B1406524517739N00553638EA0094000952
B1406534517741N00553644EA0093900951
B1406544517742N00553650EA0093800950
B1406554517744N00553656EA0093700949
B1406564517745N00553662EA0093500947
B1406574517746N00553668EA0093300945
B1406584517748N00553674EA0093100943
B1406594517749N00553680EA0093000942
B1407004517751N00553686EA0092900941
B1407014517752N00553692EA0092800940
B1407024517754N00553698EA0092700939
B1407034517755N00553704EA0092600938
B1407044517757N00553710EA0092500937
B1407054517758N00553716EA0092400936
B1407064517760N00553721EA0092200934
B1407074517761N00553727EA0092100933
B1407084517763N00553733EA0092000932
B1407094517764N00553739EA0091900931
B1407104517766N00553745EA0091700929
B1407114517767N00553751EA0091600928
B1407124517768N00553757EA0091500927
B1407134517770N00553763EA0091300925
B1407144517771N00553769EA0091200924
B1407154517773N00553775EA0091100923
B1407164517774N00553781EA0090900921
B1407174517776N00553787EA0090800920
B1407184517777N00553792EA0090700919
B1407194517779N00553798EA0090700919
B1407204517780N00553804EA0090600918
B1407214517782N00553810EA0090400916
B1407224517783N00553816EA0090300915
B1407234517785N00553822EA0090100913
B1407244517786N00553828EA0090100913
B1407254517788N00553834EA0090000912
B1407264517789N00553840EA0089900911
B1407274517791N00553846EA0089800910
B1407284517792N00553852EA0089700909
B1407294517794N00553857EA0089600908
B1407304517795N00553863EA0089400906
B1407314517797N00553869EA0089300905
B1407324517799N00553875EA0089200904
B1407334517800N00553881EA0089000902
B1407344517802N00553887EA0088800900
B1407354517803N00553893EA0088700899
B1407364517805N00553899EA0088700899
B1407374517806N00553905EA0088500897
B1407384517808N00553910EA0088400896
B1407394517809N00553916EA0088300895
B1407404517811N00553922EA0088100893
B1407414517812N00553928EA0088100893
B1407424517814N00553934EA0087900891
B1407434517815N00553940EA0087800890
B1407444517817N00553946EA0087700889
B1407454517819N00553952EA0087700889
B1407464517820N00553957EA0087600888
B1407474517822N00553963EA0087400886
B1407484517823N00553969EA0087400886
B1407494517825N00553975EA0087200884
B1407504517826N00553981EA0087100883
B1407514517828N00553987EA0087000882
B1407524517829N00553993EA0086800880
B1407534517831N00553998EA0086700879
B1407544517833N00554004EA0086600878
B1407554517834N00554010EA0086500877
B1407564517836N00554016EA0086400876
B1407574517837N00554022EA0086300875
B1407584517839N00554028EA0086200874
B1407594517841N00554034EA0086200874
B1408004517842N00554039EA0085900871
B1408014517844N00554045EA0085800870
B1408024517845N00554051EA0085700869
B1408034517847N00554057EA0085600868
B1408044517849N00554063EA0085400866
B1408054517850N00554069EA0085300865
B1408064517852N00554074EA0085200864
B1408074517853N00554080EA0085100863
B1408084517855N00554086EA0084900861
B1408094517857N00554092EA0084900861
B1408104517858N00554098EA0084700859
B1408114517860N00554104EA0084600858
B1408124517862N00554109EA0084500857
B1408134517863N00554115EA0084400856
B1408144517865N00554121EA0084200854
B1408154517867N00554127EA0084000852
B1408164517868N00554133EA0083900851
B1408174517870N00554139EA0083700849
B1408184517871N00554144EA0083600848
B1408194517873N00554150EA0083500847
B1408204517875N00554156EA0083400846
B1408214517876N00554162EA0083200844
B1408224517878N00554168EA0083100843
B1408234517880N00554173EA0082900841
B1408244517881N00554179EA0082800840
B1408254517883N00554185EA0082600838
B1408264517885N00554191EA0082500837
B1408274517887N00554197EA0082400836
B1408284517888N00554202EA0082300835
B1408294517890N00554208EA0082200834
B1408304517892N00554214EA0082000832
B1408314517893N00554220EA0082000832
B1408324517895N00554225EA0081900831
B1408334517897N00554231EA0081700829
B1408344517898N00554237EA0081500827
B1408354517900N00554243EA0081400826
B1408364517902N00554248EA0081300825
B1408374517904N00554254EA0081100823
B1408384517905N00554260EA0081100823
B1408394517907N00554266EA0080900821
B1408404517909N00554272EA0080800820
B1408414517911N00554277EA0080600818
B1408424517912N00554283EA0080500817
B1408434517914N00554289EA0080300815
B1408444517916N00554294EA0080200814
B1408454517918N00554300EA0080100813
B1408464517919N00554306EA0080000812
B1408474517921N00554312EA0079800810
B1408484517923N00554317EA0079700809
B1408494517925N00554323EA0079600808
B1408504517927N00554329EA0079500807
B1408514517928N00554335EA0079400806
B1408524517930N00554340EA0079300805
B1408534517932N00554346EA0079200804
B1408544517934N00554352EA0079100803
B1408554517936N00554357EA0079000802
B1408564517938N00554363EA0078900801
B1408574517939N00554369EA0078700799
B1408584517941N00554374EA0078600798
B1408594517943N00554380EA0078500797
B1409004517945N00554386EA0078400796
B1409014517947N00554391EA0078200794
B1409024517949N00554397EA0078100793
B1409034517951N00554403EA0078000792
B1409044517953N00554408EA0077900791
B1409054517954N00554414EA0077700789
B1409064517956N00554419EA0077600788
B1409074517958N00554425EA0077500787
B1409084517960N00554431EA0077400786
B1409094517962N00554436EA0077300785
B1409104517964N00554442EA0077300785
B1409114517966N00554447EA0077100783
B1409124517968N00554453EA0077000782
B1409134517969N00554458EA0076800780
B1409144517969N00554463EA0076600778
B1409154517968N00554468EA0076400776
B1409164517966N00554472EA0076200774
B1409174517963N00554477EA0075900771
B1409184517960N00554480EA0075700769
B1409194517956N00554483EA0075400766
B1409204517951N00554484EA0075100763
B1409214517947N00554485EA0074900761
B1409224517951N00554486EA0074800760
B1409234517954N00554488EA0074400756
B1409244517957N00554491EA0074200754
B1409254517959N00554495EA0074000752
B1409264517960N00554499EA0073800750
B1409274517961N00554504EA0073500747
B1409284517960N00554509EA0073200744
B1409294517959N00554514EA0073000742
B1409304517957N00554518EA0072800740
B1409314517954N00554522EA0072500737
B1409324517951N00554526EA0072300735
B1409334517947N00554528EA0072000732
B1409344517951N00554524EA0071900731
B1409354517955N00554522EA0071600728
B1409364517959N00554521EA0071400726
B1409374517962N00554521EA0071100723
B1409384517966N00554522EA0070900721
B1409394517968N00554524EA0070700719
B1409404517971N00554528EA0070400716
B1409414517973N00554532EA0070100713
B1409424517973N00554536EA0069800710
B1409434517974N00554541EA0069700709
B1409444517973N00554546EA0069400706
B1409454517971N00554551EA0069200704
B1409464517969N00554555EA0069000702
B1409474517966N00554559EA0068700699
B1409484517968N00554551EA0068600698
B1409494517970N00554546EA0068400696
B1409504517973N00554541EA0068100693
B1409514517976N00554537EA0067900691
B1409524517980N00554534EA0067600688
B1409534517983N00554533EA0067400686
B1409544517987N00554533EA0067100683
B1409554517990N00554534EA0066900681
B1409564517994N00554536EA0066700679
B1409574517996N00554539EA0066400676
B1409584517998N00554543EA0066200674
B1409594517999N00554547EA0066000672
B1410004517999N00554552EA0065800670
B1410014517999N00554557EA0065600668
B1410024517998N00554562EA0065300665
B1410034517995N00554566EA0065100663
B1410044517994N00554558EA0065000662
B1410054517993N00554550EA0064900661
B1410064517994N00554543EA0064600658
B1410074517995N00554536EA0064400656
B1410084517997N00554530EA0064300655
B1410094518000N00554525EA0064000652
B1410104518003N00554521EA0063700649
B1410114518006N00554518EA0063500647
B1410124518010N00554516EA0063200644
B1410134518014N00554515EA0063000642
B1410144518017N00554515EA0062800640
B1410154518020N00554517EA0062500637
B1410164518023N00554520EA0062200634
B1410174518025N00554523EA0062000632
B1410184518027N00554527EA0061800630
B1410194518028N00554532EA0061500627
B1410204518022N00554527EA0061500627
B1410214518018N00554522EA0061200624
B1410224518015N00554517EA0061000622
B1410234518012N00554510EA0060700619
B1410244518010N00554503EA0060500617
B1410254518009N00554496EA0060300615
B1410264518009N00554489EA0060000612
B1410274518009N00554482EA0059800610
B1410284518011N00554475EA0059500607
B1410294518013N00554469EA0059200604
B1410304518016N00554464EA0059000602
B1410314518019N00554460EA0058700599
B1410324518015N00554464EA0058600598
B1410334518010N00554467EA0058300595
B1410344518006N00554468EA0058000592
B1410354518001N00554468EA0057700589
B1410364517996N00554466EA0057500587
B1410374517991N00554464EA0057200584
B1410384517987N00554460EA0057100583
B1410394517983N00554456EA0056900581
B1410404517979N00554450EA0056600578
B1410414517976N00554444EA0056400576
B1410424517977N00554450EA0056300575
B1410434517977N00554455EA0056000572
B1410444517976N00554460EA0055700569
B1410454517974N00554464EA0055500567
B1410464517971N00554469EA0055400566
B1410474517967N00554472EA0055100563
B1410484517963N00554474EA0054800560
B1410494517959N00554476EA0054500557
B1410504517954N00554476EA0054300555
B1410514517949N00554475EA0054000552
B1410524517953N00554478EA0053900551
B1410534517956N00554480EA0053600548
B1410544517958N00554484EA0053500547
B1410554517960N00554488EA0053200544
B1410564517960N00554493EA0053000542
B1410574517960N00554498EA0052800540
B1410584517959N00554503EA0052500537
B1410594517957N00554508EA0052200534
B1411004517954N00554512EA0052000532
B1411014517951N00554515EA0051700529
B1411024517947N00554518EA0051400526
B1411034517943N00554519EA0051200524
B1411044517947N00554517EA0051000522
B1411054517951N00554515EA0050800520
B1411064517955N00554515EA0050700519
B1411074517958N00554516EA0050400516
B1411084517961N00554518EA0050200514
B1411094517964N00554521EA0049900511
B1411104517965N00554525EA0049700509
B1411114517967N00554530EA0049400506
B1411124517967N00554534EA0049100503
B1411134517966N00554539EA0048800500
B1411144517965N00554544EA0048600498
B1411154517963N00554549EA0048300495
B1411164517960N00554553EA0048100493
B1411174517962N00554546EA0048000492
B1411184517965N00554541EA0047700489
B1411194517968N00554537EA0047500487
B1411204517972N00554534EA0047100483
B1411214517976N00554532EA0046800480
B1411224517979N00554532EA0046600478
B1411234517983N00554533EA0046300475
B1411244517986N00554534EA0046200474
B1411254517989N00554537EA0045900471
B1411264517991N00554541EA0045500467
B1411274517992N00554545EA0045300465
B1411284517992N00554550EA0045000462
B1411294517992N00554555EA0044800460
B1411304517991N00554560EA0044600458
B1411314517989N00554565EA0044300455
B1411324517986N00554569EA0044000452
B1411334517986N00554560EA0043900451
B1411344517986N00554553EA0043700449
B1411354517987N00554546EA0043500447
B1411364517989N00554540EA0043200444
B1411374517992N00554535EA0042900441
B1411384517995N00554531EA0042600438
B1411394517999N00554528EA0042400436
B1411404518002N00554526EA0042200434
B1411414518006N00554525EA0042000432
B1411424518009N00554526EA0041700429
B1411434518013N00554527EA0041500427
B1411444518015N00554530EA0041300425
B1411454518018N00554533EA0041000422
B1411464518019N00554538EA0040700419
B1411474518020N00554542EA0040500417
B1411484518020N00554547EA0040200414
B1411494518015N00554541EA0040100413
B1411504518012N00554535EA0039900411
B1411514518010N00554528EA0039600408
B1411524518008N00554521EA0039400406
B1411534518008N00554513EA0039200404
B1411544518008N00554506EA0038900401
B1411554518009N00554499EA0038700399
B1411564518011N00554493EA0038400396
B1411574518013N00554488EA0038200394
B1411584518016N00554483EA0037900391
B1411594518020N00554480EA0037800390
B1412004518023N00554478EA0037500387
B1412014518027N00554477EA0037300385
B1412024518022N00554479EA0037200384
B1412034518017N00554479EA0037000382
B1412044518012N00554479EA0036700379
B1412054518007N00554476EA0036500377
B1412064518002N00554473EA0036200374
B1412074517998N00554469EA0035900371
B1412084517994N00554464EA0035600368
B1412094517991N00554458EA0035400366
B1412104517989N00554451EA0035200364
B1412114517987N00554444EA0034900361
B1412124517987N00554436EA0034700359
B1412134517986N00554443EA0034600358
B1412144517985N00554448EA0034300355
B1412154517983N00554452EA0034100353
B1412164517980N00554456EA0033800350
B1412174517976N00554460EA0033600348
B1412184517972N00554462EA0033200344
B1412194517967N00554463EA0033000342
B1412204517963N00554463EA0032700339
B1412214517958N00554462EA0032400336
B1412224517953N00554460EA0032200334
B1412234517956N00554464EA0032000332
B1412244517958N00554467EA0031800330
B1412254517960N00554472EA0031500327
B1412264517960N00554477EA0031300325
B1412274517960N00554481EA0031000322
B1412284517958N00554486EA0030700319
B1412294517956N00554491EA0030500317
B1412304517953N00554495EA0030100313
B1412314517950N00554498EA0029800310
B1412324517946N00554501EA0029500307
B1412334517941N00554502EA0029300305
B1412344517946N00554501EA0029100303
B1412354517950N00554501EA0028800300
B1412364517953N00554503EA0028700299
B1412374517956N00554505EA0028400296
B1412384517958N00554509EA0028200294
B1412394517960N00554513EA0027900291
B1412404517961N00554517EA0027700289
B1412414517961N00554522EA0027500287
B1412424517960N00554527EA0027200284
B1412434517958N00554532EA0026900281
B1412444517956N00554536EA0026600278
B1412454517952N00554540EA0026300275
B1412464517956N00554534EA0026200274
B1412474517959N00554531EA0025900271
B1412484517963N00554528EA0025600268
B1412494517967N00554527EA0025400266
B1412504517970N00554527EA0025100263
B1412514517974N00554528EA0024800260
B1412524517977N00554530EA0024500257
B1412534517979N00554534EA0024300255
B1412544517981N00554538EA0024100253
B1412554517982N00554542EA0023900251
B1412564517982N00554547EA0023600248
B1412574517982N00554547EA0023300245
B1412584517982N00554547EA0023300245
B1412594517982N00554547EA0023300245
B1413004517982N00554547EA0023400246
B1413014517982N00554547EA0023300245
B1413024517982N00554547EA0023300245
B1413034517982N00554547EA0023300245
B1413044517982N00554547EA0023300245
B1413054517982N00554547EA0023300245
B1413064517982N00554547EA0023400246
B1413074517982N00554547EA0023300245
B1413084517982N00554547EA0023300245
B1413094517982N00554547EA0023300245
B1413104517982N00554547EA0023300245
B1413114517982N00554547EA0023300245
B1413124517982N00554547EA0023300245
B1413134517982N00554547EA0023300245
B1413144517982N00554547EA0023300245
B1413154517982N00554547EA0023300245
B1413164517982N00554547EA0023300245
