AXCT FlyLog example
HFDTEDATE:010826,01
HFPLTPILOTINCHARGE:Pilote Demo
HFGTYGLIDERTYPE:Voile EN-B
HFGIDGLIDERID:
B1159004523940N00610320EA0152801540
B1159014523940N00610320EA0152801540
B1159024523940N00610320EA0152801540
B1159034523940N00610320EA0152801540
B1159044523940N00610320EA0152801540
B1159054523940N00610320EA0152801540
B1159064523940N00610320EA0152801540
B1159074523940N00610320EA0152801540
B1159084523940N00610320EA0152801540
B1159094523940N00610320EA0152801540
B1159104523940N00610320EA0152801540
B1159114523940N00610320EA0152801540
B1159124523940N00610320EA0152801540
B1159134523940N00610320EA0152801540
B1159144523940N00610320EA0152801540
B1159154523940N00610320EA0152801540
B1159164523940N00610320EA0152801540
B1159174523940N00610320EA0152801540
B1159184523940N00610320EA0152901541
B1159194523940N00610320EA0152801540
B1159204523940N00610320EA0152701539
B1159214523940N00610320EA0152901541
B1159224523940N00610320EA0152701539
B1159234523940N00610320EA0152801540
B1159244523940N00610320EA0152801540
B1159254523940N00610320EA0152801540
B1159264523940N00610320EA0152801540
B1159274523940N00610320EA0152801540
B1159284523940N00610320EA0152801540
B1159294523940N00610320EA0152801540
B1159304523937N00610312EA0152701539
B1159314523934N00610304EA0152501537
B1159324523931N00610296EA0152401536
B1159334523927N00610288EA0152301535
B1159344523924N00610280EA0152201534
B1159354523921N00610272EA0152001532
B1159364523917N00610265EA0151901531
B1159374523914N00610257EA0151801530
B1159384523911N00610249EA0151701529
B1159394523907N00610241EA0151501527
B1159404523904N00610234EA0151501527
B1159414523900N00610226EA0151301525
B1159424523897N00610218EA0151101523
B1159434523894N00610210EA0151001522
B1159444523891N00610202EA0151001522
B1159454523887N00610194EA0150901521
B1159464523884N00610186EA0150801520
B1159474523881N00610179EA0150801520
B1159484523878N00610171EA0150701519
B1159494523874N00610163EA0150501517
B1159504523871N00610155EA0150401516
B1159514523868N00610147EA0150301515
B1159524523865N00610139EA0150101513
B1159534523861N00610131EA0150001512
B1159544523858N00610124EA0149801510
B1159554523854N00610116EA0149701509
B1159564523851N00610108EA0149501507
B1159574523848N00610100EA0149401506
B1159584523844N00610093EA0149301505
B1159594523841N00610085EA0149201504
B1200004523837N00610077EA0149201504
B1200014523834N00610069EA0149101503
B1200024523831N00610061EA0148901501
B1200034523828N00610053EA0148801500
B1200044523824N00610045EA0148701499
B1200054523821N00610038EA0148701499
B1200064523818N00610030EA0148601498
B1200074523815N00610022EA0148401496
B1200084523812N00610014EA0148301495
B1200094523808N00610006EA0148201494
B1200104523805N00609998EA0148001492
B1200114523802N00609990EA0147801490
B1200124523798N00609982EA0147701489
B1200134523795N00609974EA0147701489
B1200144523792N00609966EA0147501487
B1200154523789N00609958EA0147501487
B1200164523786N00609950EA0147401486
B1200174523783N00609942EA0147301485
B1200184523780N00609934EA0147201484
B1200194523777N00609926EA0147101483
B1200204523775N00609918EA0147001482
B1200214523772N00609910EA0146901481
B1200224523769N00609902EA0146801480
B1200234523768N00609894EA0146901481
B1200244523769N00609886EA0147101483
B1200254523770N00609880EA0147301485
B1200264523773N00609874EA0147401486
B1200274523777N00609871EA0147501487
B1200284523780N00609869EA0147601488
B1200294523784N00609870EA0147701489
B1200304523787N00609873EA0147801490
B1200314523790N00609877EA0147801490
B1200324523791N00609882EA0147901491
B1200334523790N00609888EA0148101493
B1200344523789N00609894EA0148201494
B1200354523786N00609899EA0148301495
B1200364523781N00609903EA0148401496
B1200374523776N00609906EA0148501497
B1200384523770N00609907EA0148601498
B1200394523764N00609905EA0148701499
B1200404523759N00609902EA0148901501
B1200414523754N00609897EA0149101503
B1200424523750N00609890EA0149201504
B1200434523748N00609882EA0149401506
B1200444523747N00609875EA0149501507
B1200454523747N00609867EA0149701509
B1200464523749N00609861EA0149901511
B1200474523752N00609855EA0150101513
B1200484523755N00609852EA0150101513
B1200494523759N00609851EA0150301515
B1200504523763N00609851EA0150401516
B1200514523766N00609854EA0150601518
B1200524523768N00609858EA0150601518
B1200534523769N00609864EA0150701519
B1200544523769N00609870EA0150801520
B1200554523767N00609875EA0150901521
B1200564523764N00609881EA0151101523
B1200574523760N00609885EA0151201524
B1200584523754N00609887EA0151301525
B1200594523749N00609888EA0151401526
B1201004523743N00609886EA0151601528
B1201014523737N00609883EA0151601528
B1201024523732N00609877EA0151701529
B1201034523729N00609871EA0151901531
B1201044523726N00609863EA0152101533
B1201054523726N00609855EA0152201534
B1201064523726N00609848EA0152301535
B1201074523728N00609842EA0152401536
B1201084523731N00609836EA0152401536
B1201094523734N00609833EA0152601538
B1201104523738N00609832EA0152701539
B1201114523742N00609833EA0152901541
B1201124523745N00609835EA0153001542
B1201134523747N00609840EA0153201544
B1201144523748N00609845EA0153301545
B1201154523748N00609851EA0153501547
B1201164523746N00609857EA0153601548
B1201174523742N00609862EA0153601548
B1201184523738N00609866EA0153601548
B1201194523733N00609869EA0153701549
B1201204523727N00609869EA0153701549
B1201214523721N00609867EA0153801550
B1201224523716N00609864EA0153801550
B1201234523711N00609858EA0153901551
B1201244523707N00609852EA0154101553
B1201254523705N00609844EA0154201554
B1201264523704N00609836EA0154301555
B1201274523705N00609829EA0154501557
B1201284523707N00609822EA0154601558
B1201294523709N00609818EA0154701559
B1201304523713N00609814EA0154801560
B1201314523717N00609813EA0154901561
B1201324523721N00609814EA0155001562
B1201334523724N00609817EA0155101563
B1201344523726N00609821EA0155301565
B1201354523727N00609827EA0155401566
B1201364523726N00609833EA0155501567
B1201374523724N00609839EA0155601568
B1201384523721N00609844EA0155701569
B1201394523716N00609848EA0155901571
B1201404523711N00609850EA0155901571
B1201414523705N00609850EA0156001572
B1201424523699N00609849EA0156001572
B1201434523694N00609845EA0156201574
B1201444523689N00609839EA0156301575
B1201454523686N00609833EA0156401576
B1201464523684N00609825EA0156601578
B1201474523683N00609817EA0156701579
B1201484523683N00609810EA0156801580
B1201494523685N00609803EA0156901581
B1201504523688N00609799EA0157101583
B1201514523692N00609796EA0157301585
B1201524523696N00609795EA0157401586
B1201534523699N00609796EA0157501587
B1201544523702N00609798EA0157701589
B1201554523704N00609803EA0157801590
B1201564523705N00609808EA0157901591
B1201574523705N00609814EA0158101593
B1201584523703N00609820EA0158201594
B1201594523699N00609825EA0158301595
B1202004523695N00609829EA0158401596
B1202014523689N00609831EA0158501597
B1202024523683N00609832EA0158601598
B1202034523678N00609830EA0158701599
B1202044523672N00609826EA0158901601
B1202054523668N00609820EA0159101603
B1202064523664N00609813EA0159301605
B1202074523662N00609806EA0159401606
B1202084523661N00609798EA0159601608
B1202094523662N00609791EA0159601608
B1202104523664N00609784EA0159701609
B1202114523667N00609780EA0159801610
B1202124523671N00609777EA0160001612
B1202134523675N00609776EA0160101613
B1202144523678N00609777EA0160201614
B1202154523681N00609780EA0160301615
B1202164523683N00609785EA0160501617
B1202174523684N00609790EA0160601618
B1202184523683N00609796EA0160801620
B1202194523681N00609802EA0160901621
B1202204523678N00609807EA0161001622
B1202214523673N00609811EA0161201624
B1202224523668N00609813EA0161301625
B1202234523662N00609813EA0161301625
B1202244523656N00609811EA0161501627
B1202254523651N00609807EA0161501627
B1202264523646N00609801EA0161601628
B1202274523643N00609794EA0161701629
B1202284523641N00609787EA0161901631
B1202294523640N00609779EA0162001632
B1202304523641N00609772EA0162001632
B1202314523643N00609765EA0162101633
B1202324523646N00609761EA0162101633
B1202334523650N00609758EA0162201634
B1202344523653N00609757EA0162301635
B1202354523657N00609758EA0162401636
B1202364523660N00609761EA0162501637
B1202374523662N00609766EA0162801640
B1202384523663N00609772EA0162901641
B1202394523662N00609778EA0163001642
B1202404523660N00609783EA0163101643
B1202414523656N00609788EA0163101643
B1202424523651N00609792EA0163201644
B1202434523646N00609794EA0163201644
B1202444523640N00609794EA0163301645
B1202454523634N00609792EA0163401646
B1202464523629N00609788EA0163501647
B1202474523624N00609782EA0163801650
B1202484523621N00609775EA0163901651
B1202494523619N00609768EA0164101653
B1202504523619N00609760EA0164201654
B1202514523620N00609753EA0164301655
B1202524523622N00609746EA0164401656
B1202534523625N00609742EA0164601658
B1202544523628N00609739EA0164701659
B1202554523632N00609738EA0164801660
B1202564523636N00609740EA0165001662
B1202574523639N00609743EA0165201664
B1202584523641N00609748EA0165301665
B1202594523641N00609753EA0165501667
B1203004523640N00609759EA0165601668
B1203014523638N00609765EA0165601668
B1203024523634N00609770EA0165701669
B1203034523630N00609774EA0165901671
B1203044523624N00609775EA0166001672
B1203054523618N00609775EA0166101673
B1203064523613N00609773EA0166301675
B1203074523607N00609769EA0166601678
B1203084523603N00609763EA0166801680
B1203094523600N00609756EA0166901681
B1203104523598N00609748EA0167101683
B1203114523597N00609741EA0167201684
B1203124523598N00609733EA0167301685
B1203134523600N00609727EA0167301685
B1203144523604N00609723EA0167601688
B1203154523607N00609720EA0167701689
B1203164523611N00609720EA0167801690
B1203174523615N00609721EA0167901691
B1203184523617N00609725EA0168101693
B1203194523619N00609729EA0168101693
B1203204523620N00609735EA0168101693
B1203214523619N00609741EA0168301695
B1203224523616N00609747EA0168501697
B1203234523613N00609752EA0168701699
B1203244523608N00609755EA0168801700
B1203254523603N00609757EA0168901701
B1203264523597N00609757EA0169001702
B1203274523591N00609754EA0169101703
B1203284523586N00609750EA0169101703
B1203294523581N00609744EA0169201704
B1203304523578N00609737EA0169401706
B1203314523576N00609729EA0169601708
B1203324523576N00609722EA0169701709
B1203334523577N00609714EA0169901711
B1203344523579N00609708EA0170001712
B1203354523582N00609704EA0170201714
B1203364523586N00609702EA0170301715
B1203374523590N00609701EA0170401716
B1203384523593N00609703EA0170501717
B1203394523596N00609706EA0170601718
B1203404523598N00609711EA0170501717
B1203414523598N00609717EA0170701719
B1203424523597N00609723EA0170701719
B1203434523595N00609728EA0170801720
B1203444523591N00609733EA0171001722
B1203454523586N00609737EA0171201724
B1203464523581N00609738EA0171301725
B1203474523575N00609740EA0171201724
B1203484523569N00609742EA0171101723
B1203494523563N00609744EA0171001722
B1203504523557N00609747EA0170901721
B1203514523551N00609749EA0170701719
B1203524523545N00609751EA0170601718
B1203534523539N00609753EA0170501717
B1203544523533N00609756EA0170401716
B1203554523527N00609758EA0170301715
B1203564523521N00609760EA0170101713
B1203574523515N00609762EA0170001712
B1203584523509N00609764EA0169901711
B1203594523503N00609766EA0169801710
B1204004523497N00609768EA0169701709
B1204014523491N00609770EA0169601708
B1204024523485N00609772EA0169401706
B1204034523479N00609774EA0169401706
B1204044523473N00609776EA0169201704
B1204054523467N00609778EA0169101703
B1204064523461N00609780EA0169101703
B1204074523455N00609782EA0168901701
B1204084523449N00609784EA0168801700
B1204094523443N00609787EA0168701699
B1204104523437N00609789EA0168601698
B1204114523432N00609792EA0168501697
B1204124523426N00609794EA0168401696
B1204134523420N00609796EA0168301695
B1204144523414N00609799EA0168301695
B1204154523408N00609801EA0168101693
B1204164523402N00609804EA0167901691
B1204174523396N00609806EA0167801690
B1204184523391N00609809EA0167701689
B1204194523385N00609811EA0167601688
B1204204523379N00609814EA0167601688
B1204214523373N00609816EA0167501687
B1204224523367N00609819EA0167401686
B1204234523361N00609822EA0167201684
B1204244523355N00609824EA0167101683
B1204254523350N00609827EA0166901681
B1204264523344N00609829EA0166801680
B1204274523338N00609831EA0166701679
B1204284523332N00609833EA0166601678
B1204294523326N00609835EA0166401676
B1204304523320N00609837EA0166301675
B1204314523314N00609839EA0166201674
B1204324523308N00609842EA0166101673
B1204334523302N00609844EA0165901671
B1204344523296N00609846EA0165801670
B1204354523290N00609848EA0165701669
B1204364523284N00609850EA0165501667
B1204374523278N00609853EA0165401666
B1204384523272N00609855EA0165201664
B1204394523266N00609858EA0165101663
B1204404523261N00609860EA0165101663
B1204414523255N00609863EA0164901661
B1204424523249N00609866EA0164701659
B1204434523243N00609869EA0164601658
B1204444523238N00609871EA0164501657
B1204454523232N00609874EA0164301655
B1204464523226N00609877EA0164201654
B1204474523220N00609880EA0164101653
B1204484523214N00609882EA0163901651
B1204494523209N00609885EA0163801650
B1204504523203N00609888EA0163701649
B1204514523197N00609891EA0163501647
B1204524523192N00609894EA0163501647
B1204534523186N00609897EA0163301645
B1204544523180N00609900EA0163201644
B1204554523175N00609903EA0163201644
B1204564523169N00609906EA0163101643
B1204574523163N00609909EA0163001642
B1204584523158N00609912EA0162901641
B1204594523152N00609915EA0162801640
B1205004523146N00609917EA0162801640
B1205014523140N00609920EA0162601638
B1205024523135N00609923EA0162601638
B1205034523129N00609926EA0162501637
B1205044523123N00609929EA0162401636
B1205054523118N00609932EA0162301635
B1205064523112N00609935EA0162201634
B1205074523106N00609938EA0162101633
B1205084523101N00609941EA0162001632
B1205094523095N00609944EA0161901631
B1205104523089N00609947EA0161801630
B1205114523084N00609950EA0161801630
B1205124523078N00609953EA0161601628
B1205134523072N00609956EA0161501627
B1205144523067N00609959EA0161401626
B1205154523061N00609962EA0161301625
B1205164523055N00609965EA0161101623
B1205174523050N00609969EA0161001622
B1205184523044N00609972EA0161001622
B1205194523039N00609976EA0160901621
B1205204523034N00609979EA0160701619
B1205214523029N00609983EA0160601618
B1205224523023N00609987EA0160501617
B1205234523018N00609991EA0160401616
B1205244523013N00609995EA0160301615
B1205254523008N00609999EA0160201614
B1205264523002N00610003EA0160101613
B1205274522997N00610007EA0160001612
B1205284522992N00610011EA0159901611
B1205294522987N00610015EA0159801610
B1205304522981N00610018EA0159601608
B1205314522976N00610022EA0159501607
B1205324522971N00610026EA0159401606
B1205334522966N00610030EA0159301605
B1205344522961N00610034EA0159201604
B1205354522955N00610038EA0159001602
B1205364522950N00610042EA0158901601
B1205374522945N00610046EA0158701599
B1205384522939N00610049EA0158601598
B1205394522934N00610053EA0158501597
B1205404522928N00610056EA0158301595
B1205414522923N00610060EA0158201594
B1205424522917N00610063EA0158101593
B1205434522912N00610066EA0158001592
B1205444522906N00610070EA0157901591
B1205454522901N00610073EA0157801590
B1205464522896N00610077EA0157701589
B1205474522890N00610080EA0157601588
B1205484522884N00610083EA0157501587
B1205494522879N00610086EA0157401586
B1205504522873N00610089EA0157401586
B1205514522867N00610092EA0157201584
B1205524522862N00610095EA0157101583
B1205534522856N00610098EA0157101583
B1205544522850N00610101EA0157101583
B1205554522845N00610104EA0156901581
B1205564522839N00610107EA0156801580
B1205574522833N00610110EA0156701579
B1205584522828N00610113EA0156601578
B1205594522822N00610117EA0156501577
B1206004522817N00610120EA0156301575
B1206014522811N00610123EA0156201574
B1206024522806N00610127EA0156101573
B1206034522800N00610130EA0156001572
B1206044522795N00610133EA0155901571
B1206054522789N00610136EA0155801570
B1206064522783N00610139EA0155601568
B1206074522778N00610143EA0155501567
B1206084522773N00610146EA0155401566
B1206094522767N00610150EA0155401566
B1206104522762N00610154EA0155301565
B1206114522756N00610157EA0155201564
B1206124522751N00610161EA0155101563
B1206134522746N00610164EA0155101563
B1206144522740N00610168EA0155001562
B1206154522735N00610172EA0154901561
B1206164522729N00610175EA0154801560
B1206174522724N00610179EA0154601558
B1206184522719N00610183EA0154501557
B1206194522713N00610186EA0154501557
B1206204522708N00610190EA0154401556
B1206214522702N00610193EA0154301555
B1206224522697N00610196EA0154201554
B1206234522691N00610200EA0154101553
B1206244522686N00610203EA0153901551
B1206254522680N00610206EA0153701549
B1206264522675N00610210EA0153601548
B1206274522669N00610213EA0153501547
B1206284522664N00610216EA0153401546
B1206294522658N00610220EA0153201544
B1206304522653N00610223EA0153001542
B1206314522647N00610226EA0152801540
B1206324522641N00610229EA0152701539
B1206334522636N00610232EA0152601538
B1206344522630N00610235EA0152501537
B1206354522624N00610238EA0152401536
B1206364522619N00610240EA0152301535
B1206374522613N00610243EA0152201534
B1206384522607N00610245EA0152101533
B1206394522601N00610247EA0151901531
B1206404522595N00610249EA0151801530
B1206414522589N00610251EA0151701529
B1206424522583N00610254EA0151601528
B1206434522577N00610256EA0151501527
B1206444522571N00610258EA0151301525
B1206454522565N00610259EA0151101523
B1206464522559N00610261EA0151001522
B1206474522553N00610263EA0150801520
B1206484522547N00610265EA0150701519
B1206494522541N00610267EA0150501517
B1206504522535N00610269EA0150401516
B1206514522528N00610271EA0150401516
B1206524522522N00610272EA0150201514
B1206534522516N00610274EA0150101513
B1206544522510N00610276EA0150001512
B1206554522504N00610277EA0149801510
B1206564522498N00610278EA0149701509
B1206574522492N00610280EA0149601508
B1206584522485N00610281EA0149501507
B1206594522479N00610282EA0149401506
B1207004522473N00610284EA0149301505
B1207014522467N00610285EA0149201504
B1207024522461N00610287EA0149101503
B1207034522455N00610289EA0149001502
B1207044522449N00610291EA0148901501
B1207054522443N00610292EA0148901501
B1207064522437N00610294EA0148801500
B1207074522431N00610296EA0148701499
B1207084522425N00610298EA0148601498
B1207094522419N00610301EA0148501497
B1207104522413N00610303EA0148401496
B1207114522407N00610306EA0148301495
B1207124522401N00610308EA0148201494
B1207134522395N00610310EA0148101493
B1207144522389N00610313EA0147901491
B1207154522383N00610315EA0147801490
B1207164522377N00610317EA0147801490
B1207174522371N00610319EA0147701489
B1207184522365N00610321EA0147501487
B1207194522359N00610323EA0147401486
B1207204522353N00610326EA0147201484
B1207214522348N00610328EA0147101483
B1207224522342N00610330EA0147001482
B1207234522336N00610332EA0146901481
B1207244522330N00610334EA0146801480
B1207254522324N00610336EA0146701479
B1207264522318N00610338EA0146601478
B1207274522312N00610341EA0146401476
B1207284522306N00610343EA0146301475
B1207294522300N00610345EA0146101473
B1207304522294N00610347EA0146001472
B1207314522288N00610349EA0145901471
B1207324522282N00610351EA0145801470
B1207334522276N00610353EA0145701469
B1207344522270N00610354EA0145601468
B1207354522264N00610356EA0145501467
B1207364522257N00610358EA0145401466
B1207374522251N00610360EA0145301465
B1207384522245N00610361EA0145101463
B1207394522239N00610363EA0145001462
B1207404522233N00610364EA0144901461
B1207414522227N00610366EA0144701459
B1207424522221N00610367EA0144601458
B1207434522214N00610369EA0144501457
B1207444522209N00610368EA0144701459
B1207454522203N00610365EA0145001462
B1207464522198N00610360EA0145001462
B1207474522194N00610354EA0145101463
B1207484522191N00610346EA0145401466
B1207494522190N00610338EA0145501467
B1207504522190N00610331EA0145601468
B1207514522191N00610324EA0145901471
B1207524522194N00610318EA0146101473
B1207534522197N00610315EA0146401476
B1207544522201N00610313EA0146501477
B1207554522205N00610313EA0146701479
B1207564522208N00610315EA0146801480
B1207574522211N00610319EA0147101483
B1207584522212N00610324EA0147301485
B1207594522212N00610330EA0147501487
B1208004522210N00610336EA0147701489
B1208014522208N00610342EA0147901491
B1208024522203N00610346EA0148101493
B1208034522198N00610349EA0148201494
B1208044522193N00610350EA0148301495
B1208054522187N00610349EA0148401496
B1208064522181N00610346EA0148601498
B1208074522176N00610341EA0148801500
B1208084522172N00610334EA0148901501
B1208094522170N00610327EA0149001502
B1208104522168N00610319EA0149201504
B1208114522169N00610312EA0149301505
B1208124522170N00610305EA0149601508
B1208134522173N00610299EA0149801510
B1208144522176N00610296EA0150101513
B1208154522180N00610294EA0150201514
B1208164522184N00610294EA0150401516
B1208174522187N00610297EA0150601518
B1208184522189N00610301EA0150801520
B1208194522191N00610306EA0151001522
B1208204522191N00610312EA0151201524
B1208214522189N00610318EA0151401526
B1208224522186N00610323EA0151601528
B1208234522182N00610327EA0151801530
B1208244522177N00610330EA0152001532
B1208254522171N00610331EA0152201534
B1208264522165N00610330EA0152401536
B1208274522160N00610327EA0152601538
B1208284522155N00610322EA0152801540
B1208294522151N00610315EA0153001542
B1208304522148N00610308EA0153101543
B1208314522147N00610300EA0153201544
B1208324522147N00610293EA0153401546
B1208334522149N00610286EA0153601548
B1208344522152N00610280EA0153801550
B1208354522155N00610277EA0154001552
B1208364522159N00610275EA0154201554
B1208374522163N00610276EA0154301555
B1208384522166N00610278EA0154501557
B1208394522168N00610282EA0154601558
B1208404522169N00610287EA0154801560
B1208414522169N00610293EA0155101563
B1208424522167N00610299EA0155101563
B1208434522164N00610305EA0155301565
B1208444522160N00610309EA0155501567
B1208454522155N00610312EA0155601568
B1208464522149N00610312EA0155801570
B1208474522143N00610311EA0156101573
B1208484522138N00610308EA0156301575
B1208494522133N00610303EA0156401576
B1208504522129N00610296EA0156501577
B1208514522127N00610289EA0156601578
B1208524522126N00610281EA0156701579
B1208534522126N00610273EA0156901581
B1208544522128N00610267EA0157001582
B1208554522130N00610262EA0157301585
B1208564522134N00610258EA0157401586
B1208574522138N00610257EA0157501587
B1208584522141N00610257EA0157701589
B1208594522145N00610260EA0157901591
B1209004522147N00610264EA0158001592
B1209014522148N00610269EA0158201594
B1209024522148N00610275EA0158301595
B1209034522146N00610281EA0158401596
B1209044522143N00610286EA0158501597
B1209054522139N00610290EA0158601598
B1209064522133N00610293EA0158801600
B1209074522128N00610294EA0158801600
B1209084522122N00610292EA0159001602
B1209094522116N00610289EA0159101603
B1209104522111N00610284EA0159301605
B1209114522108N00610277EA0159501607
B1209124522105N00610270EA0159701609
B1209134522104N00610262EA0159901611
B1209144522105N00610254EA0160001612
B1209154522106N00610248EA0160101613
B1209164522109N00610243EA0160301615
B1209174522113N00610239EA0160601618
B1209184522116N00610238EA0160701619
B1209194522120N00610239EA0160901621
B1209204522123N00610241EA0161101623
B1209214522126N00610245EA0161201624
B1209224522127N00610251EA0161401626
B1209234522126N00610257EA0161501627
B1209244522124N00610263EA0161601628
B1209254522121N00610268EA0161701629
B1209264522117N00610272EA0162001632
B1209274522112N00610274EA0162201634
B1209284522106N00610275EA0162301635
B1209294522100N00610273EA0162301635
B1209304522095N00610270EA0162501637
B1209314522090N00610265EA0162601638
B1209324522086N00610258EA0162901641
B1209334522084N00610250EA0163001642
B1209344522083N00610243EA0163101643
B1209354522083N00610235EA0163301645
B1209364522085N00610229EA0163501647
B1209374522088N00610224EA0163601648
B1209384522091N00610220EA0163901651
B1209394522095N00610219EA0164101653
B1209404522099N00610220EA0164301655
B1209414522102N00610223EA0164401656
B1209424522104N00610227EA0164601658
B1209434522105N00610232EA0164801660
B1209444522105N00610238EA0165001662
B1209454522103N00610244EA0165201664
B1209464522100N00610249EA0165401666
B1209474522095N00610253EA0165501667
B1209484522090N00610256EA0165601668
B1209494522084N00610256EA0165801670
B1209504522078N00610255EA0166001672
B1209514522073N00610251EA0166101673
B1209524522068N00610246EA0166201674
B1209534522065N00610239EA0166301675
B1209544522062N00610231EA0166401676
B1209554522061N00610224EA0166601678
B1209564522062N00610216EA0166801680
B1209574522064N00610210EA0167001682
B1209584522067N00610205EA0167301685
B1209594522070N00610202EA0167401686
B1210004522074N00610200EA0167601688
B1210014522078N00610201EA0167801690
B1210024522081N00610204EA0168101693
B1210034522083N00610208EA0168301695
B1210044522084N00610214EA0168501697
B1210054522083N00610220EA0168601698
B1210064522081N00610226EA0168901701
B1210074522078N00610231EA0169001702
B1210084522074N00610235EA0169301705
B1210094522068N00610237EA0169401706
B1210104522063N00610238EA0169501707
B1210114522057N00610236EA0169701709
B1210124522051N00610232EA0169901711
B1210134522047N00610227EA0170101713
B1210144522043N00610220EA0170301715
B1210154522041N00610212EA0170501717
B1210164522040N00610204EA0170701719
B1210174522041N00610197EA0170901721
B1210184522043N00610191EA0171201724
B1210194522046N00610186EA0171401726
B1210204522049N00610183EA0171601728
B1210214522053N00610182EA0171801730
B1210224522057N00610183EA0171801730
B1210234522060N00610186EA0172101733
B1210244522062N00610190EA0172301735
B1210254522063N00610196EA0172501737
B1210264522062N00610202EA0172801740
B1210274522060N00610207EA0172801740
B1210284522057N00610213EA0173001742
B1210294522052N00610216EA0173301745
B1210304522047N00610219EA0173401746
B1210314522041N00610219EA0173501747
B1210324522035N00610217EA0173701749
B1210334522030N00610213EA0173901751
B1210344522025N00610208EA0174001752
B1210354522021N00610201EA0174101753
B1210364522019N00610193EA0174401756
B1210374522019N00610185EA0174601758
B1210384522019N00610178EA0174801760
B1210394522021N00610172EA0174901761
B1210404522024N00610167EA0175101763
B1210414522028N00610164EA0175201764
B1210424522032N00610163EA0175501767
B1210434522035N00610164EA0175701769
B1210444522038N00610167EA0175901771
B1210454522040N00610172EA0176001772
B1210464522041N00610177EA0176001772
B1210474522040N00610183EA0176201774
B1210484522038N00610189EA0176301775
B1210494522035N00610194EA0176501777
B1210504522030N00610198EA0176601778
B1210514522025N00610200EA0176801780
B1210524522019N00610200EA0176901781
B1210534522013N00610198EA0177201784
B1210544522008N00610194EA0177401786
B1210554522003N00610188EA0177601788
B1210564522000N00610182EA0177801790
B1210574521998N00610174EA0178001792
B1210584521997N00610166EA0178101793
B1210594521998N00610159EA0178301795
B1211004522000N00610153EA0178501797
B1211014522003N00610148EA0178601798
B1211024522007N00610145EA0178901801
B1211034522011N00610144EA0179101803
B1211044522014N00610146EA0179201804
B1211054522017N00610149EA0179301805
B1211064522019N00610153EA0179401806
B1211074522020N00610159EA0179601808
B1211084522019N00610165EA0179701809
B1211094522017N00610171EA0180001812
B1211104522013N00610176EA0180101813
B1211114522009N00610179EA0180301815
B1211124522003N00610181EA0180501817
B1211134521997N00610181EA0180701819
B1211144521992N00610179EA0180901821
B1211154521986N00610175EA0181101823
B1211164521982N00610169EA0181201824
B1211174521978N00610162EA0181401826
B1211184521976N00610155EA0181601828
B1211194521976N00610147EA0181901831
B1211204521977N00610140EA0182101833
B1211214521979N00610134EA0182201834
B1211224521982N00610129EA0182501837
B1211234521986N00610126EA0182601838
B1211244521989N00610126EA0182601838
B1211254521993N00610127EA0182901841
B1211264521996N00610130EA0183001842
B1211274521998N00610135EA0183201844
B1211284521998N00610140EA0183401846
B1211294521998N00610146EA0183401846
B1211304521995N00610152EA0183601848
B1211314521992N00610157EA0183701849
B1211324521987N00610161EA0183901851
B1211334521982N00610163EA0184001852
B1211344521976N00610162EA0184301855
B1211354521970N00610160EA0184401856
B1211364521965N00610156EA0184601858
B1211374521960N00610150EA0184701859
B1211384521957N00610143EA0184901861
B1211394521955N00610136EA0185101863
B1211404521955N00610128EA0185201864
B1211414521956N00610121EA0185301865
B1211424521958N00610115EA0185501867
B1211434521961N00610110EA0185701869
B1211444521965N00610107EA0185901871
B1211454521969N00610105EA0185801870
B1211464521973N00610102EA0185601868
B1211474521977N00610099EA0185501867
B1211484521981N00610096EA0185301865
B1211494521985N00610093EA0185201864
B1211504521990N00610090EA0185101863
B1211514521994N00610088EA0184901861
B1211524521998N00610085EA0184801860
B1211534522002N00610082EA0184801860
B1211544522006N00610079EA0184701859
B1211554522011N00610076EA0184601858
B1211564522015N00610073EA0184401856
B1211574522019N00610070EA0184301855
B1211584522023N00610068EA0184201854
B1211594522027N00610065EA0184201854
B1212004522032N00610062EA0184001852
B1212014522036N00610059EA0183901851
B1212024522040N00610056EA0183801850
B1212034522044N00610054EA0183701849
B1212044522048N00610051EA0183601848
B1212054522053N00610048EA0183501847
B1212064522057N00610045EA0183401846
B1212074522061N00610042EA0183201844
B1212084522065N00610040EA0183101843
B1212094522069N00610037EA0183001842
B1212104522074N00610034EA0182901841
B1212114522078N00610031EA0182801840
B1212124522082N00610029EA0182601838
B1212134522086N00610026EA0182501837
B1212144522090N00610023EA0182401836
B1212154522095N00610020EA0182301835
B1212164522099N00610017EA0182301835
B1212174522103N00610014EA0182101833
B1212184522107N00610011EA0182001832
B1212194522111N00610008EA0181901831
B1212204522115N00610005EA0181701829
B1212214522119N00610002EA0181601828
B1212224522124N00609999EA0181601828
B1212234522128N00609996EA0181501827
B1212244522132N00609993EA0181301825
B1212254522136N00609990EA0181201824
B1212264522140N00609986EA0181101823
B1212274522144N00609983EA0181101823
B1212284522148N00609979EA0180901821
B1212294522152N00609975EA0180801820
B1212304522156N00609971EA0180601818
B1212314522160N00609968EA0180501817
B1212324522164N00609965EA0180301815
B1212334522168N00609961EA0180201814
B1212344522173N00609958EA0180101813
B1212354522177N00609955EA0180001812
B1212364522181N00609951EA0179901811
B1212374522185N00609948EA0179901811
B1212384522189N00609945EA0179701809
B1212394522193N00609941EA0179601808
B1212404522197N00609938EA0179501807
B1212414522201N00609935EA0179401806
B1212424522205N00609931EA0179301805
B1212434522209N00609928EA0179201804
B1212444522213N00609924EA0179101803
B1212454522217N00609920EA0179001802
B1212464522221N00609917EA0178901801
B1212474522225N00609913EA0178801800
B1212484522229N00609909EA0178701799
B1212494522233N00609906EA0178601798
B1212504522237N00609902EA0178501797
B1212514522241N00609898EA0178401796
B1212524522245N00609894EA0178401796
B1212534522249N00609890EA0178201794
B1212544522253N00609887EA0178101793
B1212554522257N00609883EA0178001792
B1212564522261N00609880EA0177901791
B1212574522265N00609876EA0177801790
B1212584522269N00609873EA0177701789
B1212594522273N00609869EA0177601788
B1213004522277N00609866EA0177401786
B1213014522281N00609862EA0177401786
B1213024522286N00609859EA0177301785
B1213034522290N00609856EA0177201784
B1213044522294N00609852EA0177101783
B1213054522298N00609849EA0176901781
B1213064522302N00609845EA0176801780
B1213074522306N00609841EA0176701779
B1213084522310N00609837EA0176701779
B1213094522314N00609834EA0176501777
B1213104522318N00609830EA0176301775
B1213114522322N00609826EA0176101773
B1213124522325N00609822EA0176001772
B1213134522329N00609818EA0175901771
B1213144522333N00609814EA0175801770
B1213154522337N00609811EA0175601768
B1213164522341N00609807EA0175601768
B1213174522345N00609803EA0175501767
B1213184522349N00609799EA0175401766
B1213194522353N00609795EA0175301765
B1213204522357N00609792EA0175101763
B1213214522361N00609788EA0175001762
B1213224522365N00609784EA0174901761
B1213234522369N00609780EA0174801760
B1213244522373N00609777EA0174801760
B1213254522377N00609773EA0174601758
B1213264522381N00609770EA0174501757
B1213274522385N00609766EA0174401756
B1213284522389N00609763EA0174301755
B1213294522394N00609759EA0174101753
B1213304522398N00609756EA0174001752
B1213314522402N00609753EA0173901751
B1213324522406N00609749EA0173801750
B1213334522410N00609746EA0173801750
B1213344522414N00609742EA0173601748
B1213354522418N00609738EA0173501747
B1213364522421N00609733EA0173401746
B1213374522425N00609729EA0173301745
B1213384522429N00609724EA0173201744
B1213394522433N00609720EA0173101743
B1213404522436N00609716EA0173001742
B1213414522440N00609711EA0173001742
B1213424522444N00609707EA0172901741
B1213434522448N00609702EA0172801740
B1213444522452N00609698EA0172701739
B1213454522455N00609694EA0172501737
B1213464522459N00609689EA0172401736
B1213474522463N00609687EA0172601738
B1213484522467N00609687EA0172801740
B1213494522470N00609690EA0172901741
B1213504522473N00609693EA0173101743
B1213514522474N00609698EA0173101743
B1213524522474N00609704EA0173201744
B1213534522473N00609710EA0173301745
B1213544522470N00609716EA0173401746
B1213554522466N00609720EA0173701749
B1213564522461N00609723EA0173901751
B1213574522455N00609724EA0174001752
B1213584522449N00609724EA0174101753
B1213594522444N00609721EA0174201754
B1214004522439N00609716EA0174301755
B1214014522435N00609710EA0174601758
B1214024522432N00609702EA0174901761
B1214034522431N00609694EA0175101763
B1214044522431N00609687EA0175201764
B1214054522432N00609680EA0175401766
B1214064522435N00609674EA0175601768
B1214074522438N00609671EA0176001772
B1214084522442N00609669EA0176101773
B1214094522446N00609669EA0176301775
B1214104522449N00609671EA0176301775
B1214114522451N00609675EA0176601778
B1214124522453N00609680EA0176801780
B1214134522453N00609686EA0176901781
B1214144522451N00609692EA0177101783
B1214154522448N00609697EA0177201784
B1214164522444N00609702EA0177401786
B1214174522439N00609705EA0177701789
B1214184522434N00609706EA0177901791
B1214194522428N00609705EA0178101793
B1214204522422N00609702EA0178101793
B1214214522417N00609697EA0178301795
B1214224522413N00609690EA0178501797
B1214234522410N00609683EA0178601798
B1214244522409N00609675EA0178801800
B1214254522409N00609668EA0178801800
B1214264522411N00609661EA0179001802
B1214274522413N00609655EA0179201804
B1214284522417N00609652EA0179301805
B1214294522421N00609650EA0179401806
B1214304522424N00609650EA0179501807
B1214314522428N00609652EA0179601808
B1214324522430N00609656EA0179701809
B1214334522431N00609662EA0179901811
B1214344522431N00609667EA0180201814
B1214354522430N00609673EA0180201814
B1214364522427N00609679EA0180401816
B1214374522423N00609683EA0180601818
B1214384522418N00609686EA0180701819
B1214394522412N00609687EA0180901821
B1214404522406N00609686EA0181101823
B1214414522400N00609683EA0181401826
B1214424522396N00609678EA0181501827
B1214434522392N00609671EA0181501827
B1214444522389N00609664EA0181601828
B1214454522388N00609656EA0181601828
B1214464522388N00609649EA0181801830
B1214474522390N00609642EA0181801830
B1214484522392N00609636EA0181901831
B1214494522396N00609633EA0182001832
B1214504522399N00609631EA0182201834
B1214514522403N00609632EA0182401836
B1214524522406N00609634EA0182501837
B1214534522409N00609638EA0182601838
B1214544522410N00609643EA0182701839
B1214554522410N00609649EA0182901841
B1214564522408N00609655EA0183101843
B1214574522405N00609660EA0183201844
B1214584522401N00609665EA0183301845
B1214594522396N00609667EA0183401846
B1215004522390N00609668EA0183701849
B1215014522384N00609667EA0183801850
B1215024522379N00609664EA0184001852
B1215034522374N00609659EA0184101853
B1215044522370N00609652EA0184201854
B1215054522367N00609645EA0184301855
B1215064522366N00609637EA0184401856
B1215074522367N00609629EA0184501857
B1215084522368N00609623EA0184701859
B1215094522371N00609617EA0184901861
B1215104522374N00609614EA0185001862
B1215114522378N00609612EA0185001862
B1215124522382N00609613EA0185301865
B1215134522385N00609615EA0185301865
B1215144522388N00609619EA0185501867
B1215154522389N00609625EA0185601868
B1215164522388N00609631EA0185801870
B1215174522387N00609637EA0186001872
B1215184522384N00609642EA0186301875
B1215194522379N00609646EA0186401876
B1215204522374N00609649EA0186601878
B1215214522369N00609650EA0186801880
B1215224522363N00609648EA0187001882
B1215234522357N00609645EA0187201884
B1215244522352N00609640EA0187301885
B1215254522348N00609633EA0187401886
B1215264522346N00609626EA0187501887
B1215274522345N00609618EA0187601888
B1215284522345N00609610EA0187801890
B1215294522347N00609604EA0188101893
B1215304522350N00609599EA0188301895
B1215314522353N00609595EA0188401896
B1215324522357N00609594EA0188501897
B1215334522361N00609594EA0188701899
B1215344522364N00609597EA0188801900
B1215354522366N00609601EA0189101903
B1215364522367N00609606EA0189201904
B1215374522367N00609612EA0189301905
B1215384522365N00609618EA0189401906
B1215394522362N00609624EA0189701909
B1215404522358N00609628EA0189901911
B1215414522353N00609630EA0190001912
B1215424522347N00609631EA0190201914
B1215434522341N00609629EA0190401916
B1215444522335N00609626EA0190501917
B1215454522331N00609621EA0190601918
B1215464522327N00609614EA0190701919
B1215474522325N00609607EA0190901921
B1215484522324N00609599EA0191001922
B1215494522324N00609591EA0191001922
B1215504522326N00609585EA0191101923
B1215514522329N00609580EA0191301925
B1215524522332N00609576EA0191401926
B1215534522336N00609575EA0191501927
B1215544522340N00609576EA0191601928
B1215554522343N00609578EA0191701929
B1215564522345N00609583EA0191801930
B1215574522346N00609588EA0192001932
B1215584522346N00609594EA0192101933
B1215594522344N00609600EA0192201934
B1216004522341N00609605EA0192401936
B1216014522336N00609609EA0192601938
B1216024522331N00609612EA0192901941
B1216034522325N00609612EA0193001942
B1216044522319N00609611EA0193001942
B1216054522314N00609607EA0193201944
B1216064522309N00609602EA0193401946
B1216074522305N00609595EA0193601948
B1216084522303N00609587EA0193701949
B1216094522302N00609580EA0193801950
B1216104522303N00609572EA0193901951
B1216114522305N00609566EA0194001952
B1216124522307N00609561EA0194201954
B1216134522311N00609557EA0194401956
B1216144522315N00609556EA0194501957
B1216154522318N00609557EA0194701959
B1216164522322N00609560EA0194801960
B1216174522324N00609564EA0194901961
B1216184522325N00609570EA0195001962
B1216194522324N00609576EA0195001962
B1216204522322N00609581EA0195101963
B1216214522319N00609587EA0195301965
B1216224522315N00609591EA0195501967
B1216234522309N00609593EA0195801970
B1216244522303N00609593EA0196001972
B1216254522298N00609592EA0196101973
B1216264522292N00609588EA0196301975
B1216274522287N00609583EA0196401976
B1216284522284N00609576EA0196601978
B1216294522282N00609568EA0196901981
B1216304522281N00609560EA0197001982
B1216314522281N00609553EA0197201984
B1216324522283N00609547EA0197301985
B1216334522286N00609542EA0197401986
B1216344522290N00609539EA0197501987
B1216354522294N00609538EA0197601988
B1216364522297N00609539EA0197901991
B1216374522300N00609541EA0198001992
B1216384522302N00609546EA0198101993
B1216394522303N00609551EA0198401996
B1216404522303N00609557EA0198501997
B1216414522301N00609563EA0198601998
B1216424522297N00609568EA0198802000
B1216434522293N00609572EA0198902001
B1216444522288N00609574EA0199102003
B1216454522282N00609575EA0199202004
B1216464522276N00609573EA0199402006
B1216474522270N00609569EA0199402006
B1216484522266N00609564EA0199502007
B1216494522262N00609557EA0199602008
B1216504522260N00609549EA0199802010
B1216514522259N00609541EA0200002012
B1216524522260N00609534EA0200102013
B1216534522262N00609528EA0200202014
B1216544522265N00609523EA0200402016
B1216554522269N00609520EA0200702019
B1216564522272N00609519EA0200902021
B1216574522276N00609520EA0201002022
B1216584522279N00609523EA0201302025
B1216594522281N00609527EA0201402026
B1217004522282N00609533EA0201602028
B1217014522281N00609539EA0201802030
B1217024522279N00609545EA0202002032
B1217034522276N00609550EA0202202034
B1217044522271N00609554EA0202402036
B1217054522266N00609556EA0202602038
B1217064522260N00609556EA0202802040
B1217074522254N00609554EA0202802040
B1217084522249N00609550EA0203002042
B1217094522244N00609544EA0203202044
B1217104522241N00609538EA0203402046
B1217114522239N00609530EA0203602048
B1217124522238N00609522EA0203802050
B1217134522239N00609515EA0203902051
B1217144522241N00609509EA0204102053
B1217154522244N00609504EA0204302055
B1217164522247N00609501EA0204502057
B1217174522251N00609500EA0204602058
B1217184522255N00609501EA0204802060
B1217194522258N00609504EA0204902061
B1217204522260N00609509EA0205102063
B1217214522261N00609514EA0205202064
B1217224522260N00609520EA0205402066
B1217234522258N00609526EA0205602068
B1217244522254N00609531EA0205602068
B1217254522250N00609535EA0205802070
B1217264522244N00609537EA0206002072
B1217274522238N00609537EA0206102073
B1217284522232N00609535EA0206402076
B1217294522227N00609531EA0206402076
B1217304522223N00609525EA0206602078
B1217314522219N00609518EA0206902081
B1217324522217N00609511EA0207002082
B1217334522217N00609503EA0207202084
B1217344522218N00609496EA0207402086
B1217354522220N00609490EA0207602088
B1217364522223N00609485EA0207702089
B1217374522226N00609482EA0207802090
B1217384522230N00609481EA0207902091
B1217394522234N00609483EA0208202094
B1217404522237N00609486EA0208302095
B1217414522239N00609491EA0208402096
B1217424522239N00609496EA0208502097
B1217434522238N00609502EA0208702099
B1217444522236N00609508EA0208902101
B1217454522233N00609513EA0209102103
B1217464522228N00609517EA0209202104
B1217474522222N00609518EA0209402106
B1217484522217N00609518EA0209502107
B1217494522211N00609516EA0209702109
B1217504522205N00609512EA0209802110
B1217514522201N00609506EA0210102113
B1217524522198N00609499EA0210202114
B1217534522196N00609492EA0210302115
B1217544522195N00609484EA0210402116
B1217554522196N00609477EA0210702119
B1217564522198N00609471EA0210902121
B1217574522202N00609466EA0211002122
B1217584522205N00609463EA0211202124
B1217594522209N00609463EA0211502127
B1218004522213N00609464EA0211602128
B1218014522215N00609467EA0211802130
B1218024522217N00609472EA0212002132
B1218034522218N00609478EA0212202134
B1218044522217N00609484EA0212402136
B1218054522215N00609490EA0212602138
B1218064522211N00609494EA0212702139
B1218074522206N00609498EA0212902141
B1218084522201N00609500EA0213102143
B1218094522195N00609500EA0213102143
B1218104522189N00609497EA0213402146
B1218114522184N00609493EA0213602148
B1218124522179N00609487EA0213802150
B1218134522176N00609480EA0214002152
B1218144522174N00609473EA0214202154
B1218154522174N00609465EA0214402156
B1218164522175N00609458EA0214602158
B1218174522177N00609452EA0214602158
B1218184522180N00609447EA0214702159
B1218194522184N00609445EA0214802160
B1218204522188N00609444EA0214902161
B1218214522191N00609446EA0215002162
B1218224522194N00609449EA0215202164
B1218234522196N00609454EA0215302165
B1218244522196N00609459EA0215502167
B1218254522195N00609465EA0215602168
B1218264522193N00609471EA0215602168
B1218274522189N00609476EA0215902171
B1218284522185N00609479EA0216102173
B1218294522179N00609481EA0216102173
B1218304522173N00609481EA0216302175
B1218314522167N00609478EA0216402176
B1218324522162N00609474EA0216502177
B1218334522158N00609468EA0216602178
B1218344522155N00609461EA0216902181
B1218354522153N00609453EA0217102183
B1218364522153N00609446EA0217302185
B1218374522154N00609439EA0217502187
B1218384522156N00609433EA0217602188
B1218394522159N00609428EA0217802190
B1218404522163N00609426EA0217902191
B1218414522167N00609425EA0218002192
B1218424522170N00609427EA0218102193
B1218434522173N00609430EA0218302195
B1218444522175N00609435EA0218402196
B1218454522175N00609441EA0218402196
B1218464522176N00609447EA0218302195
B1218474522176N00609454EA0218202194
B1218484522176N00609460EA0218002192
B1218494522177N00609467EA0217902191
B1218504522177N00609474EA0217802190
B1218514522177N00609480EA0217602188
B1218524522178N00609487EA0217602188
B1218534522178N00609493EA0217502187
B1218544522178N00609500EA0217302185
B1218554522178N00609506EA0217302185
B1218564522178N00609513EA0217202184
B1218574522179N00609520EA0217002182
B1218584522179N00609526EA0216802180
B1218594522179N00609533EA0216702179
B1219004522180N00609539EA0216502177
B1219014522180N00609546EA0216402176
B1219024522180N00609552EA0216302175
B1219034522181N00609559EA0216102173
B1219044522181N00609565EA0216002172
B1219054522182N00609572EA0215902171
B1219064522183N00609578EA0215802170
B1219074522183N00609584EA0215602168
B1219084522184N00609591EA0215402166
B1219094522184N00609597EA0215402166
B1219104522185N00609604EA0215302165
B1219114522185N00609610EA0215102163
B1219124522185N00609617EA0215102163
B1219134522186N00609623EA0215002162
B1219144522186N00609630EA0214902161
B1219154522187N00609636EA0214702159
B1219164522187N00609643EA0214602158
B1219174522187N00609650EA0214402156
B1219184522188N00609656EA0214302155
B1219194522188N00609663EA0214202154
B1219204522189N00609669EA0214102153
B1219214522189N00609675EA0213902151
B1219224522190N00609682EA0213802150
B1219234522191N00609688EA0213702149
B1219244522191N00609695EA0213702149
B1219254522192N00609701EA0213602148
B1219264522192N00609708EA0213502147
B1219274522193N00609714EA0213402146
B1219284522193N00609721EA0213302145
B1219294522193N00609727EA0213102143
B1219304522194N00609734EA0212902141
B1219314522194N00609740EA0212802140
B1219324522194N00609747EA0212602138
B1219334522194N00609754EA0212502137
B1219344522194N00609760EA0212402136
B1219354522194N00609767EA0212302135
B1219364522194N00609773EA0212202134
B1219374522195N00609780EA0212102133
B1219384522195N00609786EA0212002132
B1219394522195N00609793EA0211902131
B1219404522195N00609800EA0211702129
B1219414522196N00609806EA0211602128
B1219424522196N00609813EA0211502127
B1219434522197N00609819EA0211302125
B1219444522197N00609826EA0211202124
B1219454522197N00609832EA0211202124
B1219464522198N00609839EA0211002122
B1219474522198N00609845EA0210902121
B1219484522198N00609852EA0210702119
B1219494522199N00609858EA0210602118
B1219504522199N00609865EA0210502117
B1219514522199N00609871EA0210402116
B1219524522199N00609878EA0210302115
B1219534522200N00609884EA0210102113
B1219544522200N00609891EA0210102113
B1219554522201N00609897EA0210002112
B1219564522201N00609904EA0209902111
B1219574522202N00609910EA0209702109
B1219584522202N00609917EA0209702109
B1219594522203N00609923EA0209602108
B1220004522204N00609930EA0209502107
B1220014522204N00609936EA0209402106
B1220024522205N00609942EA0209402106
B1220034522205N00609949EA0209302105
B1220044522206N00609955EA0209202104
B1220054522207N00609962EA0209202104
B1220064522207N00609968EA0209102103
B1220074522208N00609975EA0209002102
B1220084522209N00609981EA0208802100
B1220094522209N00609987EA0208702099
B1220104522210N00609994EA0208602098
B1220114522210N00610000EA0208402096
B1220124522211N00610007EA0208402096
B1220134522211N00610013EA0208302095
B1220144522211N00610020EA0208202094
B1220154522212N00610026EA0208202094
B1220164522213N00610033EA0208002092
B1220174522213N00610039EA0207902091
B1220184522214N00610046EA0207902091
B1220194522215N00610052EA0207702089
B1220204522215N00610058EA0207602088
B1220214522216N00610065EA0207502087
B1220224522217N00610071EA0207402086
B1220234522218N00610077EA0207302085
B1220244522219N00610083EA0207202084
B1220254522220N00610089EA0207002082
B1220264522221N00610096EA0206902081
B1220274522222N00610102EA0206802080
B1220284522223N00610108EA0206702079
B1220294522225N00610114EA0206602078
B1220304522226N00610120EA0206502077
B1220314522227N00610126EA0206402076
B1220324522228N00610132EA0206402076
B1220334522229N00610139EA0206302075
B1220344522231N00610144EA0206102073
B1220354522232N00610150EA0206002072
B1220364522234N00610156EA0205902071
B1220374522235N00610162EA0205802070
B1220384522237N00610168EA0205702069
B1220394522238N00610174EA0205502067
B1220404522240N00610180EA0205502067
B1220414522241N00610186EA0205402066
B1220424522243N00610192EA0205302065
B1220434522244N00610198EA0205202064
B1220444522246N00610204EA0205002062
B1220454522247N00610210EA0204902061
B1220464522248N00610216EA0204802060
B1220474522249N00610222EA0204702059
B1220484522251N00610228EA0204602058
B1220494522252N00610234EA0204502057
B1220504522254N00610240EA0204502057
B1220514522255N00610246EA0204402056
B1220524522256N00610252EA0204202054
B1220534522258N00610258EA0204102053
B1220544522259N00610263EA0204102053
B1220554522261N00610269EA0204002052
B1220564522262N00610275EA0203802050
B1220574522264N00610281EA0203702049
B1220584522266N00610287EA0203602048
B1220594522267N00610292EA0203502047
B1221004522269N00610298EA0203402046
B1221014522270N00610304EA0203302045
B1221024522272N00610310EA0203202044
B1221034522274N00610316EA0203102043
B1221044522275N00610322EA0203002042
B1221054522277N00610328EA0202902041
B1221064522278N00610333EA0202802040
B1221074522280N00610339EA0202702039
B1221084522281N00610345EA0202602038
B1221094522283N00610351EA0202502037
B1221104522284N00610357EA0202402036
B1221114522286N00610363EA0202302035
B1221124522288N00610368EA0202202034
B1221134522289N00610374EA0202102033
B1221144522291N00610380EA0202002032
B1221154522293N00610385EA0201902031
B1221164522295N00610391EA0201802030
B1221174522297N00610396EA0201702029
B1221184522299N00610402EA0201602028
B1221194522301N00610407EA0201502027
B1221204522303N00610413EA0201402026
B1221214522305N00610418EA0201202024
B1221224522307N00610423EA0201002022
B1221234522309N00610429EA0200902021
B1221244522311N00610434EA0200802020
B1221254522313N00610439EA0200702019
B1221264522316N00610445EA0200602018
B1221274522318N00610450EA0200502017
B1221284522320N00610455EA0200402016
B1221294522322N00610461EA0200402016
B1221304522324N00610466EA0200302015
B1221314522326N00610472EA0200202014
B1221324522328N00610477EA0200102013
B1221334522330N00610482EA0200002012
B1221344522332N00610488EA0199902011
B1221354522334N00610493EA0199702009
B1221364522337N00610498EA0199602008
B1221374522339N00610504EA0199502007
B1221384522341N00610509EA0199402006
B1221394522343N00610515EA0199302005
B1221404522345N00610520EA0199202004
B1221414522348N00610525EA0199102003
B1221424522350N00610530EA0199002002
B1221434522352N00610535EA0198902001
B1221444522354N00610541EA0198902001
B1221454522356N00610546EA0198802000
B1221464522359N00610551EA0198701999
B1221474522361N00610556EA0198601998
B1221484522363N00610562EA0198501997
B1221494522365N00610567EA0198401996
B1221504522367N00610572EA0198301995
B1221514522369N00610578EA0198201994
B1221524522372N00610583EA0198101993
B1221534522374N00610588EA0198001992
B1221544522376N00610594EA0197901991
B1221554522378N00610599EA0197801990
B1221564522380N00610604EA0197601988
B1221574522382N00610610EA0197501987
B1221584522384N00610615EA0197501987
B1221594522386N00610621EA0197401986
B1222004522388N00610626EA0197301985
B1222014522390N00610632EA0197101983
B1222024522392N00610637EA0197101983
B1222034522394N00610643EA0197001982
B1222044522396N00610648EA0196901981
B1222054522397N00610654EA0196801980
B1222064522399N00610660EA0196701979
B1222074522401N00610666EA0196601978
B1222084522402N00610671EA0196501977
B1222094522404N00610677EA0196501977
B1222104522406N00610682EA0196301975
B1222114522408N00610688EA0196201974
B1222124522410N00610694EA0196101973
B1222134522412N00610699EA0196101973
B1222144522414N00610705EA0195901971
B1222154522415N00610711EA0195801970
B1222164522417N00610716EA0195701969
B1222174522419N00610722EA0195601968
B1222184522421N00610727EA0195501967
B1222194522423N00610733EA0195401966
B1222204522425N00610738EA0195301965
B1222214522427N00610744EA0195201964
B1222224522429N00610749EA0195101963
B1222234522431N00610755EA0195001962
B1222244522433N00610760EA0195001962
B1222254522435N00610765EA0194801960
B1222264522436N00610771EA0195001962
B1222274522435N00610777EA0195101963
B1222284522433N00610783EA0195401966
B1222294522430N00610788EA0195601968
B1222304522425N00610791EA0195901971
B1222314522419N00610793EA0196101973
B1222324522414N00610793EA0196301975
B1222334522408N00610791EA0196501977
B1222344522403N00610787EA0196601978
B1222354522398N00610781EA0196801980
B1222364522395N00610774EA0197001982
B1222374522393N00610767EA0197201984
B1222384522392N00610759EA0197401986
B1222394522393N00610752EA0197601988
B1222404522395N00610745EA0197901991
B1222414522398N00610741EA0198201994
B1222424522402N00610738EA0198501997
B1222434522406N00610737EA0198701999
B1222444522409N00610739EA0198902001
B1222454522412N00610742EA0199202004
B1222464522414N00610747EA0199402006
B1222474522415N00610752EA0199702009
B1222484522414N00610758EA0200102013
B1222494522412N00610764EA0200502017
B1222504522408N00610769EA0200802020
B1222514522403N00610773EA0200902021
B1222524522398N00610775EA0201102023
B1222534522392N00610774EA0201502027
B1222544522386N00610772EA0201702029
B1222554522381N00610768EA0202102033
B1222564522376N00610762EA0202402036
B1222574522373N00610755EA0202702039
B1222584522371N00610747EA0202902041
B1222594522371N00610740EA0203102043
B1223004522372N00610733EA0203402046
B1223014522374N00610726EA0203602048
B1223024522377N00610722EA0203802050
B1223034522381N00610719EA0204202054
B1223044522385N00610719EA0204502057
B1223054522388N00610720EA0204702059
B1223064522391N00610724EA0205002062
B1223074522393N00610728EA0205202064
B1223084522393N00610734EA0205502067
B1223094522392N00610740EA0205802070
B1223104522390N00610746EA0206102073
B1223114522386N00610751EA0206402076
B1223124522382N00610754EA0206702079
B1223134522376N00610756EA0206802080
B1223144522370N00610756EA0207002082
B1223154522364N00610753EA0207302085
B1223164522359N00610749EA0207502087
B1223174522355N00610743EA0207802090
B1223184522352N00610736EA0208002092
B1223194522350N00610728EA0208302095
B1223204522350N00610721EA0208602098
B1223214522351N00610713EA0208702099
B1223224522353N00610707EA0208802100
B1223234522356N00610703EA0209202104
B1223244522360N00610701EA0209302105
B1223254522363N00610700EA0209502107
B1223264522367N00610702EA0209702109
B1223274522370N00610705EA0209902111
B1223284522371N00610710EA0210302115
B1223294522372N00610716EA0210502117
B1223304522371N00610722EA0210602118
B1223314522368N00610727EA0210902121
B1223324522365N00610732EA0211002122
B1223334522360N00610736EA0211002122
B1223344522354N00610737EA0211302125
B1223354522349N00610737EA0211502127
B1223364522343N00610734EA0211802130
B1223374522338N00610730EA0212002132
B1223384522333N00610724EA0212302135
B1223394522330N00610717EA0212602138
B1223404522328N00610709EA0212802140
B1223414522328N00610701EA0213202144
B1223424522329N00610694EA0213502147
B1223434522332N00610688EA0213702149
B1223444522335N00610684EA0213802150
B1223454522338N00610682EA0214102153
B1223464522342N00610681EA0214402156
B1223474522346N00610683EA0214602158
B1223484522349N00610687EA0214702159
B1223494522350N00610691EA0214902161
B1223504522351N00610697EA0215102163
B1223514522349N00610703EA0215402166
B1223524522347N00610709EA0215702169
B1223534522343N00610714EA0216002172
B1223544522338N00610717EA0216302175
B1223554522333N00610719EA0216502177
B1223564522327N00610718EA0216802180
B1223574522321N00610715EA0217202184
B1223584522316N00610711EA0217402186
B1223594522312N00610705EA0217602188
B1224004522309N00610698EA0217802190
B1224014522307N00610690EA0218102193
B1224024522307N00610682EA0218202194
B1224034522308N00610675EA0218302195
B1224044522310N00610669EA0218602198
B1224054522314N00610665EA0218802200
B1224064522317N00610663EA0219102203
B1224074522321N00610663EA0219302205
B1224084522325N00610665EA0219502207
B1224094522327N00610668EA0219602208
B1224104522329N00610673EA0219902211
B1224114522329N00610679EA0220102213
B1224124522328N00610685EA0220402216
B1224134522325N00610690EA0220502217
B1224144522322N00610695EA0220902221
B1224154522317N00610698EA0221102223
B1224164522311N00610700EA0221502227
B1224174522305N00610699EA0221602228
B1224184522299N00610697EA0221802230
B1224194522294N00610692EA0222202234
B1224204522290N00610686EA0222402236
B1224214522287N00610679EA0222602238
B1224224522286N00610671EA0222802240
B1224234522284N00610662EA0222702239
B1224244522282N00610654EA0222602238
B1224254522281N00610645EA0222502237
B1224264522279N00610637EA0222402236
B1224274522278N00610628EA0222302235
B1224284522277N00610620EA0222102233
B1224294522276N00610611EA0222002232
B1224304522274N00610603EA0221902231
B1224314522273N00610594EA0221802230
B1224324522271N00610585EA0221702229
B1224334522270N00610577EA0221602228
B1224344522269N00610568EA0221502227
B1224354522268N00610560EA0221402226
B1224364522267N00610551EA0221302225
B1224374522266N00610543EA0221202224
B1224384522264N00610534EA0221102223
B1224394522264N00610526EA0221002222
B1224404522263N00610517EA0220902221
B1224414522261N00610508EA0220802220
B1224424522260N00610500EA0220702219
B1224434522259N00610491EA0220502217
B1224444522258N00610483EA0220402216
B1224454522258N00610474EA0220302215
B1224464522257N00610466EA0220202214
B1224474522256N00610457EA0220102213
B1224484522255N00610448EA0220102213
B1224494522254N00610440EA0220002212
B1224504522253N00610431EA0219902211
B1224514522252N00610423EA0219802210
B1224524522251N00610414EA0219702209
B1224534522250N00610406EA0219602208
B1224544522249N00610397EA0219502207
B1224554522248N00610388EA0219402206
B1224564522248N00610380EA0219302205
B1224574522247N00610371EA0219302205
B1224584522245N00610363EA0219102203
B1224594522245N00610354EA0219002202
B1225004522243N00610346EA0218802200
B1225014522242N00610337EA0218702199
B1225024522241N00610328EA0218502197
B1225034522239N00610320EA0218502197
B1225044522238N00610311EA0218402196
B1225054522237N00610303EA0218302195
B1225064522235N00610294EA0218102193
B1225074522234N00610286EA0218002192
B1225084522232N00610277EA0217802190
B1225094522231N00610269EA0217702189
B1225104522229N00610260EA0217602188
B1225114522228N00610252EA0217502187
B1225124522226N00610243EA0217502187
B1225134522225N00610234EA0217302185
B1225144522224N00610226EA0217102183
B1225154522223N00610217EA0217002182
B1225164522221N00610209EA0216802180
B1225174522220N00610200EA0216702179
B1225184522219N00610192EA0216602178
B1225194522218N00610183EA0216502177
B1225204522217N00610175EA0216402176
B1225214522216N00610166EA0216302175
B1225224522215N00610157EA0216102173
B1225234522214N00610149EA0216102173
B1225244522213N00610140EA0216002172
B1225254522212N00610132EA0215902171
B1225264522210N00610123EA0215802170
B1225274522209N00610115EA0215702169
B1225284522208N00610106EA0215502167
B1225294522206N00610097EA0215402166
B1225304522205N00610089EA0215302165
B1225314522204N00610080EA0215202164
B1225324522202N00610072EA0215102163
B1225334522201N00610063EA0215002162
B1225344522200N00610055EA0214902161
B1225354522198N00610046EA0214802160
B1225364522197N00610038EA0214602158
B1225374522195N00610029EA0214502157
B1225384522194N00610020EA0214402156
B1225394522193N00610012EA0214302155
B1225404522191N00610003EA0214102153
B1225414522190N00609995EA0214102153
B1225424522188N00609986EA0213902151
B1225434522187N00609978EA0213802150
B1225444522185N00609969EA0213702149
B1225454522184N00609961EA0213602148
B1225464522183N00609952EA0213502147
B1225474522181N00609944EA0213302145
B1225484522180N00609935EA0213202144
B1225494522179N00609926EA0213102143
B1225504522178N00609918EA0213002142
B1225514522177N00609909EA0212902141
B1225524522175N00609901EA0212802140
B1225534522174N00609892EA0212702139
B1225544522172N00609884EA0212602138
B1225554522171N00609875EA0212402136
B1225564522170N00609866EA0212302135
B1225574522169N00609858EA0212202134
B1225584522168N00609849EA0212202134
B1225594522167N00609841EA0212002132
B1226004522166N00609832EA0211902131
B1226014522165N00609824EA0211802130
B1226024522164N00609815EA0211702129
B1226034522163N00609807EA0211602128
B1226044522162N00609798EA0211502127
B1226054522161N00609789EA0211402126
B1226064522160N00609781EA0211302125
B1226074522159N00609772EA0211102123
B1226084522159N00609764EA0211002122
B1226094522158N00609755EA0211002122
B1226104522157N00609747EA0210902121
B1226114522157N00609738EA0210702119
B1226124522156N00609729EA0210702119
B1226134522155N00609721EA0210602118
B1226144522154N00609712EA0210502117
B1226154522153N00609704EA0210402116
B1226164522153N00609695EA0210302115
B1226174522152N00609687EA0210302115
B1226184522152N00609678EA0210102113
B1226194522152N00609670EA0210102113
B1226204522151N00609661EA0209902111
B1226214522151N00609653EA0209902111
B1226224522151N00609644EA0209902111
B1226234522150N00609636EA0209802110
B1226244522150N00609627EA0209702109
B1226254522150N00609619EA0209602108
B1226264522149N00609610EA0209502107
B1226274522149N00609602EA0209402106
B1226284522149N00609593EA0209302105
B1226294522148N00609585EA0209102103
B1226304522148N00609576EA0209002102
B1226314522147N00609568EA0208902101
B1226324522147N00609559EA0208802100
B1226334522146N00609550EA0208502097
B1226344522146N00609542EA0208402096
B1226354522145N00609533EA0208302095
B1226364522145N00609525EA0208202094
B1226374522144N00609516EA0208002092
B1226384522143N00609508EA0207902091
B1226394522143N00609499EA0207702089
B1226404522143N00609491EA0207602088
B1226414522142N00609482EA0207502087
B1226424522142N00609474EA0207402086
B1226434522142N00609465EA0207302085
B1226444522142N00609457EA0207202084
B1226454522142N00609448EA0207102083
B1226464522142N00609440EA0206902081
B1226474522143N00609432EA0206802080
B1226484522143N00609423EA0206702079
B1226494522143N00609415EA0206502077
B1226504522143N00609407EA0206402076
B1226514522144N00609398EA0206302075
B1226524522144N00609390EA0206202074
B1226534522144N00609382EA0206102073
B1226544522144N00609373EA0206002072
B1226554522144N00609365EA0205902071
B1226564522144N00609356EA0205802070
B1226574522144N00609348EA0205702069
B1226584522145N00609340EA0205602068
B1226594522145N00609331EA0205402066
B1227004522145N00609323EA0205302065
B1227014522145N00609314EA0205202064
B1227024522145N00609306EA0205102063
B1227034522145N00609298EA0205002062
B1227044522145N00609289EA0204902061
B1227054522145N00609281EA0204802060
B1227064522145N00609272EA0204702059
B1227074522145N00609264EA0204602058
B1227084522145N00609255EA0204502057
B1227094522145N00609247EA0204402056
B1227104522145N00609239EA0204202054
B1227114522145N00609230EA0204202054
B1227124522146N00609222EA0204002052
B1227134522146N00609214EA0203902051
B1227144522146N00609205EA0203802050
B1227154522147N00609197EA0203702049
B1227164522147N00609189EA0203502047
B1227174522147N00609180EA0203402046
B1227184522148N00609172EA0203302045
B1227194522148N00609164EA0203202044
B1227204522148N00609155EA0203102043
B1227214522149N00609147EA0203002042
B1227224522150N00609139EA0202902041
B1227234522150N00609131EA0202802040
B1227244522151N00609123EA0202602038
B1227254522152N00609114EA0202402036
B1227264522152N00609106EA0202302035
B1227274522153N00609098EA0202202034
B1227284522154N00609090EA0202102033
B1227294522155N00609082EA0202002032
B1227304522156N00609074EA0201902031
B1227314522156N00609066EA0201802030
B1227324522157N00609058EA0201802030
B1227334522159N00609051EA0201902031
B1227344522162N00609047EA0202202034
B1227354522166N00609044EA0202402036
B1227364522170N00609043EA0202602038
B1227374522174N00609044EA0202902041
B1227384522177N00609047EA0203102043
B1227394522178N00609052EA0203302045
B1227404522179N00609057EA0203602048
B1227414522178N00609063EA0203802050
B1227424522176N00609069EA0203902051
B1227434522173N00609074EA0204102053
B1227444522168N00609078EA0204302055
B1227454522163N00609080EA0204502057
B1227464522157N00609080EA0204802060
B1227474522151N00609078EA0205002062
B1227484522146N00609074EA0205102063
B1227494522141N00609068EA0205402066
B1227504522138N00609061EA0205602068
B1227514522136N00609054EA0205802070
B1227524522135N00609046EA0206002072
B1227534522136N00609039EA0206302075
B1227544522138N00609032EA0206402076
B1227554522141N00609028EA0206602078
B1227564522145N00609025EA0206802080
B1227574522149N00609024EA0207102083
B1227584522152N00609026EA0207302085
B1227594522155N00609029EA0207502087
B1228004522157N00609033EA0207802090
B1228014522158N00609039EA0208002092
B1228024522157N00609045EA0208202094
B1228034522155N00609051EA0208402096
B1228044522151N00609056EA0208602098
B1228054522147N00609059EA0208702099
B1228064522141N00609061EA0209002102
B1228074522135N00609061EA0209202104
B1228084522129N00609059EA0209502107
B1228094522124N00609055EA0209702109
B1228104522120N00609049EA0209902111
B1228114522116N00609042EA0210102113
B1228124522114N00609035EA0210302115
B1228134522114N00609027EA0210602118
B1228144522115N00609020EA0210902121
B1228154522117N00609013EA0211102123
B1228164522120N00609009EA0211302125
B1228174522124N00609006EA0211602128
B1228184522128N00609006EA0211702129
B1228194522131N00609007EA0211902131
B1228204522134N00609010EA0212102133
B1228214522136N00609015EA0212402136
B1228224522136N00609021EA0212702139
B1228234522136N00609027EA0212802140
B1228244522133N00609032EA0213002142
B1228254522130N00609037EA0213202144
B1228264522125N00609041EA0213502147
B1228274522119N00609043EA0213702149
B1228284522114N00609042EA0214002152
B1228294522108N00609040EA0214202154
B1228304522102N00609036EA0214302155
B1228314522098N00609030EA0214602158
B1228324522095N00609023EA0214702159
B1228334522093N00609015EA0215002162
B1228344522093N00609008EA0215402166
B1228354522094N00609000EA0215602168
B1228364522096N00608994EA0215802170
B1228374522099N00608990EA0216002172
B1228384522103N00608987EA0216302175
B1228394522106N00608987EA0216302175
B1228404522110N00608988EA0216502177
B1228414522113N00608992EA0216702179
B1228424522115N00608997EA0217002182
B1228434522115N00609002EA0217202184
B1228444522114N00609008EA0217402186
B1228454522112N00609014EA0217602188
B1228464522108N00609019EA0217702189
B1228474522103N00609022EA0217902191
B1228484522098N00609024EA0218202194
B1228494522092N00609024EA0218602198
B1228504522086N00609021EA0218802200
B1228514522081N00609017EA0219102203
B1228524522076N00609011EA0219202204
B1228534522073N00609004EA0219502207
B1228544522072N00608996EA0219802210
B1228554522071N00608989EA0220102213
B1228564522072N00608981EA0220302215
B1228574522075N00608975EA0220502217
B1228584522078N00608971EA0220802220
B1228594522081N00608969EA0221002222
B1229004522085N00608968EA0221202224
B1229014522089N00608970EA0221602228
B1229024522092N00608973EA0221902231
B1229034522093N00608978EA0222202234
B1229044522094N00608984EA0222402236
B1229054522093N00608990EA0222602238
B1229064522090N00608996EA0222802240
B1229074522086N00609000EA0223002242
B1229084522082N00609004EA0223202244
B1229094522076N00609005EA0223402246
B1229104522070N00609005EA0223602248
B1229114522064N00609002EA0223902251
B1229124522059N00608998EA0224202254
B1229134522055N00608992EA0224502257
B1229144522052N00608985EA0224702259
B1229154522050N00608977EA0224902261
B1229164522050N00608969EA0225102263
B1229174522051N00608962EA0225202264
B1229184522053N00608956EA0225402266
B1229194522057N00608952EA0225602268
B1229204522060N00608950EA0225802270
B1229214522064N00608950EA0226002272
B1229224522068N00608951EA0226202274
B1229234522070N00608955EA0226402276
B1229244522072N00608960EA0226602278
B1229254522072N00608965EA0226802280
B1229264522071N00608971EA0227002282
B1229274522069N00608977EA0227302285
B1229284522065N00608982EA0227402286
B1229294522060N00608985EA0227702289
B1229304522054N00608987EA0227902291
B1229314522048N00608986EA0228202294
B1229324522043N00608983EA0228402296
B1229334522038N00608979EA0228602298
B1229344522033N00608973EA0228702299
B1229354522030N00608966EA0228802300
B1229364522029N00608958EA0229002302
B1229374522029N00608950EA0229302305
B1229384522030N00608943EA0229502307
B1229394522032N00608937EA0229702309
B1229404522035N00608933EA0230002312
B1229414522039N00608931EA0230202314
B1229424522043N00608931EA0230302315
B1229434522046N00608933EA0230502317
B1229444522049N00608936EA0230802320
B1229454522051N00608941EA0231002322
B1229464522051N00608947EA0231302325
B1229474522050N00608953EA0231402326
B1229484522047N00608959EA0231702329
B1229494522043N00608963EA0232002332
B1229504522038N00608967EA0232202334
B1229514522033N00608968EA0232402336
B1229524522027N00608967EA0232502337
B1229534522021N00608965EA0232702339
B1229544522016N00608960EA0232902341
B1229554522012N00608954EA0233102343
B1229564522009N00608947EA0233302345
B1229574522007N00608939EA0233502347
B1229584522007N00608931EA0233602348
B1229594522009N00608924EA0233802350
B1230004522011N00608918EA0234102353
B1230014522014N00608914EA0234202354
B1230024522018N00608912EA0234502357
B1230034522022N00608912EA0234702359
B1230044522025N00608914EA0234902361
B1230054522028N00608918EA0235102363
B1230064522029N00608923EA0235402366
B1230074522029N00608929EA0235602368
B1230084522028N00608935EA0235702369
B1230094522025N00608940EA0235902371
B1230104522022N00608945EA0236102373
B1230114522017N00608948EA0236402376
B1230124522011N00608949EA0236702379
B1230134522005N00608948EA0236802380
B1230144521999N00608946EA0236902381
B1230154521994N00608941EA0237102383
B1230164521990N00608935EA0237302385
B1230174521987N00608927EA0237302385
B1230184521986N00608920EA0237502387
B1230194521986N00608912EA0237702389
B1230204521987N00608905EA0237902391
B1230214521990N00608899EA0238102393
B1230224521993N00608896EA0238302395
B1230234521997N00608894EA0238502397
B1230244522001N00608894EA0238702399
B1230254522004N00608896EA0239002402
B1230264522007N00608899EA0239102403
B1230274522008N00608905EA0239402406
B1230284522010N00608910EA0239202404
B1230294522012N00608916EA0239102403
B1230304522013N00608922EA0238902401
B1230314522015N00608927EA0238802400
B1230324522016N00608933EA0238702399
B1230334522018N00608939EA0238602398
B1230344522019N00608945EA0238402396
B1230354522021N00608951EA0238402396
B1230364522022N00608957EA0238202394
B1230374522023N00608963EA0238102393
B1230384522024N00608970EA0238002392
B1230394522025N00608976EA0237902391
B1230404522026N00608982EA0237802390
B1230414522027N00608988EA0237602388
B1230424522028N00608994EA0237502387
B1230434522029N00609001EA0237402386
B1230444522030N00609007EA0237302385
B1230454522030N00609013EA0237302385
B1230464522031N00609020EA0237202384
B1230474522032N00609026EA0237102383
B1230484522033N00609032EA0237002382
B1230494522034N00609039EA0236802380
B1230504522035N00609045EA0236702379
B1230514522036N00609051EA0236602378
B1230524522036N00609058EA0236502377
B1230534522037N00609064EA0236402376
B1230544522037N00609070EA0236202374
B1230554522038N00609077EA0236102373
B1230564522038N00609083EA0236002372
B1230574522039N00609090EA0235902371
B1230584522039N00609096EA0235702369
B1230594522040N00609103EA0235602368
B1231004522040N00609109EA0235502367
B1231014522041N00609116EA0235302365
B1231024522041N00609122EA0235302365
B1231034522041N00609129EA0235202364
B1231044522041N00609136EA0235102363
B1231054522041N00609142EA0235102363
B1231064522041N00609149EA0235002362
B1231074522040N00609156EA0234802360
B1231084522040N00609162EA0234802360
B1231094522040N00609169EA0234602358
B1231104522040N00609176EA0234502357
B1231114522040N00609182EA0234402356
B1231124522040N00609189EA0234302355
B1231134522040N00609196EA0234202354
B1231144522040N00609202EA0234102353
B1231154522041N00609209EA0233902351
B1231164522041N00609215EA0233802350
B1231174522041N00609222EA0233802350
B1231184522041N00609229EA0233602348
B1231194522040N00609235EA0233402346
B1231204522040N00609242EA0233302345
B1231214522040N00609249EA0233202344
B1231224522041N00609255EA0233102343
B1231234522041N00609262EA0233002342
B1231244522041N00609269EA0232902341
B1231254522041N00609275EA0232802340
B1231264522041N00609282EA0232702339
B1231274522041N00609288EA0232602338
B1231284522042N00609295EA0232502337
B1231294522042N00609302EA0232402336
B1231304522042N00609308EA0232302335
B1231314522042N00609315EA0232102333
B1231324522041N00609321EA0231902331
B1231334522041N00609328EA0231702329
B1231344522041N00609335EA0231602328
B1231354522041N00609341EA0231502327
B1231364522042N00609348EA0231402326
B1231374522042N00609355EA0231302325
B1231384522042N00609361EA0231302325
B1231394522042N00609368EA0231102323
B1231404522042N00609374EA0231002322
B1231414522042N00609381EA0230902321
B1231424522042N00609388EA0230802320
B1231434522042N00609394EA0230702319
B1231444522042N00609401EA0230602318
B1231454522042N00609408EA0230502317
B1231464522042N00609414EA0230302315
B1231474522041N00609421EA0230202314
B1231484522041N00609428EA0230102313
B1231494522041N00609434EA0230002312
B1231504522041N00609441EA0229902311
B1231514522040N00609448EA0229802310
B1231524522040N00609455EA0229602308
B1231534522040N00609461EA0229602308
B1231544522040N00609468EA0229502307
B1231554522040N00609475EA0229402306
B1231564522039N00609481EA0229302305
B1231574522038N00609488EA0229202304
B1231584522038N00609495EA0229302305
B1231594522037N00609502EA0229202304
B1232004522037N00609508EA0229102303
B1232014522036N00609515EA0229002302
B1232024522036N00609522EA0228902301
B1232034522035N00609529EA0228802300
B1232044522035N00609535EA0228802300
B1232054522034N00609542EA0228702299
B1232064522034N00609549EA0228602298
B1232074522033N00609556EA0228402296
B1232084522033N00609562EA0228302295
B1232094522032N00609569EA0228302295
B1232104522032N00609576EA0228102293
B1232114522032N00609583EA0228002292
B1232124522031N00609589EA0227802290
B1232134522031N00609596EA0227802290
B1232144522030N00609603EA0227702289
B1232154522030N00609610EA0227602288
B1232164522029N00609616EA0227502287
B1232174522029N00609623EA0227402286
B1232184522029N00609630EA0227302285
B1232194522029N00609636EA0227202284
B1232204522029N00609643EA0227102283
B1232214522028N00609650EA0227002282
B1232224522028N00609656EA0226902281
B1232234522028N00609663EA0226802280
B1232244522028N00609670EA0226702279
B1232254522028N00609676EA0226602278
B1232264522028N00609683EA0226502277
B1232274522028N00609690EA0226402276
B1232284522028N00609696EA0226302275
B1232294522027N00609703EA0226202274
B1232304522028N00609710EA0226102273
B1232314522027N00609716EA0225902271
B1232324522027N00609723EA0225802270
B1232334522027N00609730EA0225602268
B1232344522027N00609737EA0225502267
B1232354522026N00609743EA0225402266
B1232364522026N00609750EA0225302265
B1232374522026N00609757EA0225202264
B1232384522026N00609763EA0225102263
B1232394522026N00609770EA0225002262
B1232404522026N00609777EA0224902261
B1232414522026N00609783EA0224702259
B1232424522026N00609790EA0224702259
B1232434522026N00609797EA0224602258
B1232444522026N00609803EA0224502257
B1232454522025N00609810EA0224402256
B1232464522025N00609817EA0224302255
B1232474522024N00609823EA0224202254
B1232484522024N00609830EA0224102253
B1232494522023N00609837EA0223902251
B1232504522023N00609844EA0223902251
B1232514522022N00609850EA0223802250
B1232524522021N00609857EA0223702249
B1232534522021N00609864EA0223602248
B1232544522020N00609871EA0223602248
B1232554522019N00609878EA0223502247
B1232564522019N00609884EA0223402246
B1232574522018N00609891EA0223302245
B1232584522018N00609898EA0223202244
B1232594522017N00609905EA0223102243
B1233004522016N00609911EA0223002242
B1233014522015N00609918EA0222902241
B1233024522015N00609925EA0222802240
B1233034522014N00609932EA0222702239
B1233044522013N00609938EA0222502237
B1233054522012N00609945EA0222402236
B1233064522011N00609952EA0222302235
B1233074522010N00609959EA0222202234
B1233084522009N00609966EA0222102233
B1233094522008N00609972EA0222002232
B1233104522007N00609979EA0221802230
B1233114522006N00609986EA0221702229
B1233124522006N00609993EA0221602228
B1233134522005N00609999EA0221502227
B1233144522004N00610006EA0221402226
B1233154522003N00610013EA0221302225
B1233164522003N00610020EA0221202224
B1233174522002N00610027EA0221002222
B1233184522002N00610033EA0220902221
B1233194522001N00610040EA0220802220
B1233204522001N00610047EA0220702219
B1233214522000N00610054EA0220602218
B1233224522000N00610060EA0220502217
B1233234521999N00610067EA0220402216
B1233244521999N00610074EA0220202214
B1233254521998N00610081EA0220202214
B1233264521998N00610087EA0220002212
B1233274521997N00610094EA0219902211
B1233284521997N00610101EA0219702209
B1233294521997N00610107EA0219702209
B1233304521996N00610114EA0219602208
B1233314521996N00610121EA0219402206
B1233324521996N00610128EA0219302205
B1233334521995N00610134EA0219202204
B1233344521995N00610141EA0219102203
B1233354521995N00610148EA0218902201
B1233364521995N00610154EA0218802200
B1233374521995N00610161EA0218702199
B1233384521994N00610168EA0218602198
B1233394521994N00610174EA0218402196
B1233404521994N00610181EA0218302195
B1233414521994N00610188EA0218202194
B1233424521994N00610195EA0218102193
B1233434521993N00610201EA0218002192
B1233444521993N00610208EA0217902191
B1233454521993N00610215EA0217702189
B1233464521992N00610221EA0217602188
B1233474521992N00610228EA0217502187
B1233484521992N00610235EA0217302185
B1233494521992N00610242EA0217202184
B1233504521991N00610248EA0217102183
B1233514521992N00610255EA0216902181
B1233524521992N00610261EA0216902181
B1233534521992N00610268EA0216802180
B1233544521992N00610275EA0216802180
B1233554521992N00610281EA0216602178
B1233564521992N00610288EA0216602178
B1233574521992N00610295EA0216602178
B1233584521992N00610301EA0216502177
B1233594521992N00610308EA0216302175
B1234004521992N00610314EA0216202174
B1234014521992N00610321EA0216102173
B1234024521992N00610328EA0216002172
B1234034521993N00610334EA0215802170
B1234044521993N00610341EA0215702169
B1234054521993N00610347EA0215602168
B1234064521993N00610354EA0215502167
B1234074521993N00610361EA0215302165
B1234084521993N00610367EA0215202164
B1234094521993N00610374EA0215102163
B1234104521994N00610380EA0214902161
B1234114521994N00610387EA0214902161
B1234124521994N00610394EA0214702159
B1234134521994N00610400EA0214702159
B1234144521994N00610407EA0214602158
B1234154521994N00610414EA0214502157
B1234164521994N00610420EA0214402156
B1234174521994N00610427EA0214302155
B1234184521994N00610433EA0214202154
B1234194521994N00610440EA0214102153
B1234204521995N00610447EA0214002152
B1234214521995N00610453EA0213802150
B1234224521995N00610460EA0213702149
B1234234521995N00610466EA0213602148
B1234244521995N00610473EA0213502147
B1234254521996N00610479EA0213502147
B1234264521996N00610486EA0213402146
B1234274521996N00610493EA0213302145
B1234284521996N00610499EA0213202144
B1234294521997N00610506EA0213102143
B1234304521997N00610512EA0213102143
B1234314521997N00610519EA0213002142
B1234324521998N00610525EA0212802140
B1234334521998N00610532EA0212802140
B1234344521999N00610538EA0212702139
B1234354521999N00610545EA0212502137
B1234364522000N00610551EA0212402136
B1234374522000N00610558EA0212402136
B1234384522001N00610564EA0212202134
B1234394522001N00610571EA0212202134
B1234404522001N00610577EA0212102133
B1234414522001N00610584EA0212002132
B1234424522001N00610590EA0211902131
B1234434522002N00610597EA0211802130
B1234444522002N00610604EA0211802130
B1234454522002N00610610EA0211602128
B1234464522001N00610616EA0211702129
B1234474521998N00610622EA0211902131
B1234484521994N00610626EA0212202134
B1234494521989N00610629EA0212302135
B1234504521983N00610630EA0212402136
B1234514521977N00610629EA0212502137
B1234524521971N00610626EA0212602138
B1234534521967N00610621EA0212702139
B1234544521963N00610615EA0212802140
B1234554521960N00610608EA0212902141
B1234564521959N00610600EA0213002142
B1234574521959N00610592EA0213202144
B1234584521960N00610585EA0213302145
B1234594521963N00610580EA0213402146
B1235004521966N00610576EA0213502147
B1235014521970N00610574EA0213702149
B1235024521974N00610575EA0213902151
B1235034521977N00610577EA0214002152
B1235044521979N00610581EA0214002152
B1235054521981N00610586EA0214202154
B1235064521981N00610592EA0214402156
B1235074521979N00610598EA0214302155
B1235084521976N00610603EA0214402156
B1235094521972N00610608EA0214502157
B1235104521967N00610610EA0214702159
B1235114521961N00610611EA0214802160
B1235124521955N00610610EA0215002162
B1235134521950N00610607EA0215102163
B1235144521945N00610602EA0215202164
B1235154521941N00610596EA0215302165
B1235164521938N00610588EA0215302165
B1235174521937N00610581EA0215402166
B1235184521937N00610573EA0215502167
B1235194521939N00610566EA0215702169
B1235204521942N00610561EA0215802170
B1235214521945N00610557EA0216002172
B1235224521949N00610556EA0216202174
B1235234521953N00610556EA0216302175
B1235244521956N00610558EA0216502177
B1235254521958N00610562EA0216702179
B1235264521959N00610568EA0216802180
B1235274521959N00610573EA0217002182
B1235284521958N00610579EA0217202184
B1235294521955N00610585EA0217302185
B1235304521950N00610589EA0217402186
B1235314521945N00610592EA0217502187
B1235324521940N00610593EA0217602188
B1235334521934N00610592EA0217702189
B1235344521928N00610588EA0217802190
B1235354521923N00610583EA0218002192
B1235364521919N00610577EA0218102193
B1235374521917N00610569EA0218302195
B1235384521916N00610561EA0218402196
B1235394521916N00610554EA0218602198
B1235404521918N00610547EA0218602198
B1235414521920N00610542EA0218802200
B1235424521924N00610538EA0219002202
B1235434521928N00610537EA0219102203
B1235444521931N00610537EA0219402206
B1235454521935N00610540EA0219402206
B1235464521937N00610544EA0219502207
B1235474521938N00610549EA0219602208
B1235484521938N00610555EA0219902211
B1235494521936N00610561EA0220102213
B1235504521933N00610566EA0220202214
B1235514521929N00610571EA0220202214
B1235524521924N00610573EA0220302215
B1235534521918N00610574EA0220502217
B1235544521912N00610573EA0220702219
B1235554521906N00610569EA0220802220
B1235564521902N00610564EA0221002222
B1235574521898N00610558EA0221302225
B1235584521895N00610550EA0221302225
B1235594521894N00610542EA0221502227
B1236004521895N00610535EA0221602228
B1236014521896N00610528EA0221702229
B1236024521899N00610523EA0221802230
B1236034521903N00610520EA0221902231
B1236044521906N00610518EA0221902231
B1236054521910N00610519EA0222102233
B1236064521913N00610521EA0222302235
B1236074521916N00610525EA0222502237
B1236084521917N00610531EA0222702239
B1236094521916N00610537EA0222802240
B1236104521915N00610543EA0223002242
B1236114521912N00610548EA0223102243
B1236124521907N00610552EA0223302245
B1236134521902N00610555EA0223302245
B1236144521896N00610555EA0223402246
B1236154521890N00610554EA0223502247
B1236164521885N00610550EA0223602248
B1236174521880N00610545EA0223702249
B1236184521876N00610538EA0223802250
B1236194521874N00610531EA0224102253
B1236204521873N00610523EA0224102253
B1236214521873N00610516EA0224302255
B1236224521875N00610509EA0224402256
B1236234521878N00610504EA0224502257
B1236244521881N00610501EA0224602258
B1236254521885N00610499EA0224702259
B1236264521889N00610500EA0224802260
B1236274521892N00610503EA0225102263
B1236284521894N00610507EA0225002262
B1236294521895N00610512EA0225102263
B1236304521895N00610518EA0225202264
B1236314521893N00610524EA0225302265
B1236324521890N00610530EA0225402266
B1236334521886N00610534EA0225502267
B1236344521880N00610536EA0225602268
B1236354521874N00610537EA0225702269
B1236364521869N00610535EA0225802270
B1236374521863N00610531EA0226002272
B1236384521858N00610526EA0226102273
B1236394521855N00610519EA0226302275
B1236404521852N00610512EA0226302275
B1236414521852N00610504EA0226402276
B1236424521852N00610497EA0226502277
B1236434521854N00610490EA0226702279
B1236444521857N00610485EA0226802280
B1236454521860N00610482EA0226902281
B1236464521864N00610481EA0227002282
B1236474521868N00610482EA0227202284
B1236484521871N00610484EA0227402286
B1236494521873N00610489EA0227602288
B1236504521874N00610494EA0227702289
B1236514521874N00610500EA0227902291
B1236524521872N00610506EA0227902291
B1236534521868N00610511EA0228002292
B1236544521864N00610515EA0228102293
B1236554521859N00610517EA0228302295
B1236564521853N00610518EA0228402296
B1236574521847N00610516EA0228602298
B1236584521841N00610512EA0228802300
B1236594521837N00610507EA0229102303
B1237004521833N00610500EA0229202304
B1237014521831N00610493EA0229302305
B1237024521830N00610485EA0229402306
B1237034521831N00610478EA0229602308
B1237044521833N00610471EA0229602308
B1237054521836N00610466EA0229802310
B1237064521839N00610463EA0229902311
B1237074521843N00610462EA0230102313
B1237084521847N00610463EA0230202314
B1237094521850N00610466EA0230302315
B1237104521852N00610470EA0230502317
B1237114521853N00610476EA0230702319
B1237124521852N00610482EA0230902321
B1237134521850N00610487EA0231002322
B1237144521847N00610493EA0231102323
B1237154521842N00610497EA0231402326
B1237164521837N00610499EA0231502327
B1237174521831N00610499EA0231802330
B1237184521825N00610497EA0231802330
B1237194521820N00610493EA0232002332
B1237204521815N00610488EA0232002332
B1237214521812N00610481EA0232002332
B1237224521810N00610474EA0232202334
B1237234521809N00610466EA0232402336
B1237244521809N00610458EA0232502337
B1237254521811N00610452EA0232702339
B1237264521814N00610447EA0232802340
B1237274521818N00610442EA0232702339
B1237284521821N00610437EA0232602338
B1237294521825N00610431EA0232502337
B1237304521828N00610426EA0232502337
B1237314521832N00610421EA0232402336
B1237324521835N00610416EA0232302335
B1237334521838N00610411EA0232202334
B1237344521842N00610405EA0232102333
B1237354521845N00610400EA0232202334
B1237364521849N00610395EA0232102333
B1237374521853N00610391EA0232002332
B1237384521856N00610386EA0231802330
B1237394521860N00610381EA0231702329
B1237404521863N00610376EA0231702329
B1237414521867N00610372EA0231602328
B1237424521871N00610367EA0231402326
B1237434521875N00610363EA0231302325
B1237444521878N00610358EA0231202324
B1237454521882N00610354EA0231002322
B1237464521886N00610349EA0231002322
B1237474521889N00610344EA0230902321
B1237484521893N00610340EA0230802320
B1237494521897N00610335EA0230702319
B1237504521901N00610331EA0230502317
B1237514521904N00610326EA0230402316
B1237524521908N00610321EA0230302315
B1237534521912N00610317EA0230202314
B1237544521915N00610312EA0230102313
B1237554521919N00610307EA0230002312
B1237564521922N00610302EA0229802310
B1237574521926N00610297EA0229702309
B1237584521929N00610292EA0229602308
B1237594521933N00610287EA0229502307
B1238004521937N00610283EA0229402306
B1238014521940N00610278EA0229302305
B1238024521944N00610274EA0229202304
B1238034521948N00610269EA0229102303
B1238044521952N00610264EA0229002302
B1238054521955N00610260EA0228802300
B1238064521959N00610255EA0228702299
B1238074521963N00610251EA0228602298
B1238084521966N00610246EA0228502297
B1238094521970N00610242EA0228402296
B1238104521974N00610237EA0228302295
B1238114521978N00610232EA0228102293
B1238124521981N00610228EA0228002292
B1238134521985N00610223EA0227802290
B1238144521988N00610218EA0227802290
B1238154521992N00610214EA0227702289
B1238164521996N00610209EA0227502287
B1238174522000N00610204EA0227302285
B1238184522003N00610200EA0227202284
B1238194522007N00610195EA0227102283
B1238204522011N00610191EA0227002282
B1238214522015N00610187EA0226902281
B1238224522018N00610182EA0226702279
B1238234522022N00610177EA0226602278
B1238244522026N00610173EA0226502277
B1238254522029N00610168EA0226402276
B1238264522033N00610164EA0226302275
B1238274522037N00610160EA0226302275
B1238284522041N00610155EA0226202274
B1238294522045N00610151EA0226102273
B1238304522048N00610147EA0225902271
B1238314522052N00610143EA0225802270
B1238324522056N00610138EA0225802270
B1238334522060N00610134EA0225702269
B1238344522064N00610129EA0225602268
B1238354522067N00610125EA0225502267
B1238364522071N00610120EA0225402266
B1238374522075N00610116EA0225202264
B1238384522079N00610111EA0225102263
B1238394522082N00610107EA0225002262
B1238404522086N00610103EA0224902261
B1238414522090N00610099EA0224902261
B1238424522094N00610094EA0224702259
B1238434522098N00610090EA0224602258
B1238444522101N00610086EA0224502257
B1238454522105N00610081EA0224502257
B1238464522109N00610077EA0224302255
B1238474522113N00610073EA0224202254
B1238484522116N00610068EA0224002252
B1238494522120N00610063EA0224002252
B1238504522124N00610059EA0223802250
B1238514522128N00610055EA0223702249
B1238524522131N00610050EA0223502247
B1238534522135N00610046EA0223502247
B1238544522139N00610041EA0223402246
B1238554522143N00610037EA0223302245
B1238564522147N00610033EA0223202244
B1238574522150N00610028EA0223102243
B1238584522154N00610023EA0223002242
B1238594522158N00610019EA0222902241
B1239004522161N00610014EA0222802240
B1239014522165N00610010EA0222602238
B1239024522169N00610005EA0222502237
B1239034522172N00610000EA0222302235
B1239044522176N00609995EA0222302235
B1239054522180N00609991EA0222102233
B1239064522184N00609987EA0222002232
B1239074522187N00609982EA0221902231
B1239084522191N00609977EA0221902231
B1239094522195N00609973EA0221802230
B1239104522198N00609968EA0221702229
B1239114522202N00609963EA0221702229
B1239124522205N00609958EA0221502227
B1239134522209N00609953EA0221302225
B1239144522212N00609948EA0221302225
B1239154522216N00609942EA0221202224
B1239164522219N00609937EA0221102223
B1239174522222N00609931EA0221102223
B1239184522225N00609925EA0220902221
B1239194522228N00609919EA0220802220
B1239204522231N00609914EA0220802220
B1239214522235N00609908EA0220702219
B1239224522238N00609904EA0220902221
B1239234522242N00609903EA0221202224
B1239244522246N00609904EA0221502227
B1239254522249N00609906EA0221802230
B1239264522251N00609910EA0221902231
B1239274522252N00609916EA0222202234
B1239284522252N00609922EA0222402236
B1239294522250N00609928EA0222602238
B1239304522247N00609933EA0223002242
B1239314522243N00609937EA0223202244
B1239324522237N00609940EA0223502247
B1239334522232N00609940EA0223702249
B1239344522226N00609939EA0224002252
B1239354522220N00609935EA0224202254
B1239364522215N00609930EA0224702259
B1239374522212N00609923EA0224902261
B1239384522209N00609916EA0225302265
B1239394522208N00609908EA0225602268
B1239404522209N00609901EA0226002272
B1239414522211N00609894EA0226202274
B1239424522213N00609889EA0226302275
B1239434522217N00609886EA0226502277
B1239444522221N00609884EA0226902281
B1239454522224N00609885EA0227002282
B1239464522228N00609888EA0227302285
B1239474522230N00609892EA0227502287
B1239484522231N00609897EA0227802290
B1239494522230N00609903EA0228102293
B1239504522229N00609909EA0228302295
B1239514522225N00609914EA0228702299
B1239524522221N00609919EA0229002302
B1239534522216N00609921EA0229402306
B1239544522210N00609921EA0229702309
B1239554522204N00609920EA0230102313
B1239564522199N00609916EA0230402316
B1239574522194N00609911EA0230702319
B1239584522190N00609904EA0230902321
B1239594522188N00609897EA0231202324
B1240004522187N00609889EA0231602328
B1240014522187N00609881EA0231802330
B1240024522189N00609875EA0232002332
B1240034522192N00609870EA0232402336
B1240044522196N00609867EA0232602338
B1240054522200N00609866EA0232802340
B1240064522203N00609866EA0233102343
B1240074522206N00609869EA0233302345
B1240084522208N00609874EA0233602348
B1240094522209N00609879EA0233802350
B1240104522209N00609885EA0234202354
B1240114522207N00609891EA0234502357
B1240124522204N00609896EA0234702359
B1240134522199N00609900EA0235102363
B1240144522194N00609902EA0235402366
B1240154522188N00609903EA0235702369
B1240164522182N00609901EA0235802370
B1240174522177N00609897EA0236102373
B1240184522172N00609892EA0236202374
B1240194522169N00609885EA0236502377
B1240204522166N00609878EA0236802380
B1240214522166N00609870EA0237102383
B1240224522166N00609862EA0237302385
B1240234522168N00609856EA0237602388
B1240244522171N00609851EA0237902391
B1240254522175N00609848EA0238202394
B1240264522178N00609847EA0238402396
B1240274522182N00609848EA0238502397
B1240284522185N00609851EA0238802400
B1240294522187N00609855EA0239002402
B1240304522188N00609861EA0239202404
B1240314522187N00609867EA0239402406
B1240324522185N00609872EA0239802410
B1240334522182N00609878EA0240002412
B1240344522178N00609881EA0240302415
B1240354522172N00609884EA0240502417
B1240364522166N00609884EA0240802420
B1240374522161N00609882EA0240902421
B1240384522155N00609878EA0241202424
B1240394522151N00609873EA0241402426
B1240404522147N00609866EA0241702429
B1240414522145N00609858EA0242002432
B1240424522144N00609851EA0242202434
B1240434522145N00609843EA0242502437
B1240444522147N00609837EA0242802440
B1240454522150N00609832EA0243102443
B1240464522153N00609829EA0243402446
B1240474522157N00609828EA0243702449
B1240484522161N00609829EA0243902451
B1240494522164N00609832EA0244302455
B1240504522166N00609837EA0244502457
B1240514522167N00609842EA0244902461
B1240524522166N00609848EA0245202464
B1240534522164N00609854EA0245602468
B1240544522161N00609859EA0245902471
B1240554522156N00609863EA0246302475
B1240564522151N00609865EA0246702479
B1240574522145N00609865EA0246902481
B1240584522139N00609863EA0247102483
B1240594522134N00609859EA0247302485
B1241004522129N00609854EA0247502487
B1241014522126N00609847EA0247902491
B1241024522123N00609839EA0248302495
B1241034522123N00609831EA0248602498
B1241044522124N00609824EA0248802500
B1241054522126N00609818EA0249102503
B1241064522129N00609813EA0249402506
B1241074522132N00609810EA0249802510
B1241084522136N00609809EA0250002512
B1241094522140N00609811EA0250302515
B1241104522143N00609814EA0250602518
B1241114522145N00609818EA0250802520
B1241124522145N00609824EA0251202524
B1241134522145N00609830EA0251402526
B1241144522142N00609836EA0251602528
B1241154522139N00609841EA0251902531
B1241164522134N00609844EA0252202534
B1241174522129N00609846EA0252502537
B1241184522123N00609846EA0252702539
B1241194522117N00609844EA0252902541
B1241204522112N00609840EA0253202544
B1241214522107N00609835EA0253402546
B1241224522104N00609828EA0253702549
B1241234522102N00609820EA0253902551
B1241244522101N00609812EA0254302555
B1241254522102N00609805EA0254602558
B1241264522104N00609799EA0254902561
B1241274522107N00609794EA0255102563
B1241284522111N00609791EA0255402566
B1241294522115N00609791EA0255702569
B1241304522119N00609790EA0255502567
B1241314522124N00609790EA0255502567
B1241324522128N00609790EA0255402566
B1241334522132N00609789EA0255302565
B1241344522137N00609789EA0255202564
B1241354522141N00609789EA0255102563
B1241364522145N00609789EA0254902561
B1241374522150N00609789EA0254802560
B1241384522154N00609789EA0254702559
B1241394522158N00609788EA0254602558
B1241404522163N00609787EA0254602558
B1241414522167N00609787EA0254402556
B1241424522172N00609786EA0254302555
B1241434522176N00609785EA0254102553
B1241444522180N00609783EA0254002552
B1241454522185N00609782EA0253902551
B1241464522189N00609780EA0253702549
B1241474522193N00609779EA0253602548
B1241484522198N00609777EA0253502547
B1241494522202N00609775EA0253402546
B1241504522206N00609773EA0253302545
B1241514522211N00609772EA0253102543
B1241524522215N00609770EA0253002542
B1241534522219N00609768EA0252902541
B1241544522224N00609766EA0252802540
B1241554522228N00609764EA0252602538
B1241564522232N00609762EA0252502537
B1241574522237N00609761EA0252302535
B1241584522241N00609759EA0252202534
B1241594522245N00609758EA0252102533
B1242004522250N00609756EA0252002532
B1242014522254N00609754EA0251902531
B1242024522258N00609753EA0251802530
B1242034522263N00609751EA0251802530
B1242044522267N00609750EA0251602528
B1242054522271N00609748EA0251502527
B1242064522276N00609747EA0251302525
B1242074522280N00609745EA0251202524
B1242084522284N00609743EA0251102523
B1242094522289N00609741EA0251002522
B1242104522293N00609739EA0250902521
B1242114522297N00609737EA0250802520
B1242124522302N00609735EA0250702519
B1242134522306N00609733EA0250602518
B1242144522310N00609731EA0250502517
B1242154522315N00609729EA0250302515
B1242164522319N00609726EA0250302515
B1242174522323N00609724EA0250202514
B1242184522327N00609723EA0250102513
B1242194522332N00609721EA0250002512
B1242204522336N00609719EA0250002512
B1242214522340N00609717EA0249802510
B1242224522345N00609715EA0249702509
B1242234522349N00609713EA0249702509
B1242244522353N00609710EA0249602508
B1242254522358N00609708EA0249602508
B1242264522362N00609706EA0249402506
B1242274522366N00609704EA0249302505
B1242284522371N00609702EA0249202504
B1242294522375N00609700EA0249102503
B1242304522379N00609698EA0249002502
B1242314522383N00609696EA0248902501
B1242324522388N00609694EA0248702499
B1242334522392N00609692EA0248602498
B1242344522396N00609690EA0248602498
B1242354522401N00609688EA0248502497
B1242364522405N00609686EA0248302495
B1242374522409N00609684EA0248302495
B1242384522414N00609681EA0248102493
B1242394522418N00609679EA0248002492
B1242404522422N00609677EA0247802490
B1242414522426N00609675EA0247702489
B1242424522431N00609673EA0247602488
B1242434522435N00609671EA0247402486
B1242444522439N00609669EA0247302485
B1242454522444N00609667EA0247102483
B1242464522448N00609665EA0247002482
B1242474522452N00609663EA0246902481
B1242484522457N00609661EA0246802480
B1242494522461N00609660EA0246702479
B1242504522465N00609658EA0246602478
B1242514522470N00609656EA0246502477
B1242524522474N00609655EA0246302475
B1242534522478N00609653EA0246202474
B1242544522483N00609652EA0246102473
B1242554522487N00609650EA0246002472
B1242564522491N00609648EA0245802470
B1242574522496N00609646EA0245702469
B1242584522500N00609644EA0245602468
B1242594522504N00609642EA0245402466
B1243004522509N00609640EA0245302465
B1243014522513N00609637EA0245102463
B1243024522517N00609635EA0245002462
B1243034522521N00609632EA0244902461
B1243044522526N00609630EA0244802460
B1243054522530N00609628EA0244702459
B1243064522534N00609626EA0244602458
B1243074522539N00609623EA0244502457
B1243084522543N00609621EA0244402456
B1243094522547N00609619EA0244202454
B1243104522551N00609617EA0244102453
B1243114522556N00609615EA0243902451
B1243124522560N00609613EA0243802450
B1243134522564N00609611EA0243702449
B1243144522569N00609609EA0243602448
B1243154522573N00609608EA0243602448
B1243164522577N00609606EA0243402446
B1243174522582N00609604EA0243402446
B1243184522586N00609602EA0243302445
B1243194522590N00609600EA0243202444
B1243204522595N00609598EA0243202444
B1243214522599N00609596EA0243102443
B1243224522603N00609594EA0242902441
B1243234522608N00609591EA0242802440
B1243244522612N00609589EA0242702439
B1243254522616N00609587EA0242602438
B1243264522620N00609585EA0242502437
B1243274522625N00609583EA0242302435
B1243284522629N00609581EA0242302435
B1243294522633N00609579EA0242202434
B1243304522638N00609577EA0242102433
B1243314522642N00609576EA0242102433
B1243324522646N00609574EA0241902431
B1243334522651N00609573EA0241902431
B1243344522655N00609571EA0241702429
B1243354522659N00609570EA0241602428
B1243364522664N00609568EA0241502427
B1243374522668N00609567EA0241402426
B1243384522673N00609565EA0241402426
B1243394522677N00609564EA0241202424
B1243404522681N00609563EA0241102423
B1243414522686N00609562EA0240902421
B1243424522690N00609560EA0240802420
B1243434522694N00609559EA0240702419
B1243444522699N00609558EA0240602418
B1243454522703N00609557EA0240502417
B1243464522707N00609556EA0240402416
B1243474522712N00609555EA0240202414
B1243484522716N00609554EA0240202414
B1243494522721N00609553EA0240002412
B1243504522725N00609552EA0239902411
B1243514522729N00609551EA0239902411
B1243524522734N00609550EA0239802410
B1243534522738N00609550EA0239602408
B1243544522742N00609549EA0239502407
B1243554522747N00609549EA0239302405
B1243564522751N00609549EA0239202404
B1243574522755N00609548EA0239102403
B1243584522760N00609547EA0239002402
B1243594522764N00609546EA0238902401
B1244004522769N00609546EA0238902401
B1244014522773N00609545EA0238802400
B1244024522777N00609544EA0238702399
B1244034522782N00609544EA0238602398
B1244044522786N00609543EA0238402396
B1244054522790N00609542EA0238302395
B1244064522795N00609541EA0238202394
B1244074522799N00609540EA0238202394
B1244084522803N00609539EA0238102393
B1244094522808N00609537EA0238002392
B1244104522812N00609536EA0237802390
B1244114522817N00609534EA0237702389
B1244124522821N00609533EA0237602388
B1244134522825N00609531EA0237502387
B1244144522830N00609530EA0237402386
B1244154522834N00609529EA0237302385
B1244164522838N00609530EA0237502387
B1244174522841N00609532EA0237702389
B1244184522843N00609537EA0237902391
B1244194522844N00609542EA0238102393
B1244204522843N00609548EA0238302395
B1244214522841N00609554EA0238402396
B1244224522838N00609559EA0238602398
B1244234522834N00609563EA0238802400
B1244244522828N00609565EA0239002402
B1244254522822N00609566EA0239302405
B1244264522817N00609564EA0239402406
B1244274522811N00609560EA0239502407
B1244284522807N00609555EA0239802410
B1244294522803N00609548EA0239902411
B1244304522801N00609541EA0239902411
B1244314522800N00609533EA0240102413
B1244324522801N00609525EA0240202414
B1244334522802N00609519EA0240402416
B1244344522805N00609514EA0240402416
B1244354522809N00609511EA0240502417
B1244364522813N00609510EA0240702419
B1244374522816N00609511EA0240902421
B1244384522820N00609514EA0241002422
B1244394522822N00609518EA0241102423
B1244404522822N00609524EA0241202424
B1244414522822N00609530EA0241302425
B1244424522820N00609536EA0241502427
B1244434522816N00609541EA0241702429
B1244444522812N00609545EA0241702429
B1244454522807N00609547EA0242002432
B1244464522801N00609547EA0242102433
B1244474522795N00609545EA0242202434
B1244484522790N00609541EA0242402436
B1244494522785N00609536EA0242502437
B1244504522781N00609529EA0242602438
B1244514522779N00609521EA0242602438
B1244524522779N00609514EA0242702439
B1244534522779N00609506EA0243002442
B1244544522781N00609500EA0243102443
B1244554522784N00609495EA0243302445
B1244564522788N00609492EA0243502447
B1244574522792N00609491EA0243602448
B1244584522795N00609492EA0243902451
B1244594522798N00609495EA0244102453
B1245004522800N00609500EA0244202454
B1245014522801N00609505EA0244302455
B1245024522800N00609511EA0244502457
B1245034522798N00609517EA0244702459
B1245044522795N00609522EA0244902461
B1245054522790N00609526EA0245002462
B1245064522785N00609528EA0245202464
B1245074522779N00609528EA0245402466
B1245084522773N00609526EA0245602468
B1245094522768N00609522EA0245902471
B1245104522763N00609517EA0245902471
B1245114522760N00609510EA0246102473
B1245124522758N00609502EA0246202474
B1245134522757N00609495EA0246402476
B1245144522758N00609487EA0246602478
B1245154522760N00609481EA0246702479
B1245164522763N00609476EA0246802480
B1245174522767N00609473EA0246902481
B1245184522770N00609473EA0247002482
B1245194522774N00609474EA0247302485
B1245204522777N00609477EA0247602488
B1245214522779N00609481EA0247702489
B1245224522780N00609487EA0248002492
B1245234522779N00609493EA0248102493
B1245244522777N00609499EA0248202494
B1245254522773N00609504EA0248402496
B1245264522769N00609508EA0248502497
B1245274522763N00609510EA0248602498
B1245284522757N00609510EA0248902501
B1245294522752N00609508EA0249102503
B1245304522746N00609504EA0249302505
B1245314522742N00609498EA0249402506
B1245324522738N00609491EA0249502507
B1245334522736N00609483EA0249602508
B1245344522736N00609475EA0249802510
B1245354522737N00609468EA0249902511
B1245364522739N00609462EA0250102513
B1245374522742N00609457EA0250102513
B1245384522746N00609455EA0250202514
B1245394522749N00609454EA0250402516
B1245404522753N00609455EA0250602518
B1245414522756N00609458EA0250802520
B1245424522758N00609463EA0251002522
B1245434522758N00609469EA0251202524
B1245444522758N00609475EA0251502527
B1245454522755N00609480EA0251702529
B1245464522752N00609485EA0251802530
B1245474522747N00609489EA0252002532
B1245484522742N00609491EA0252102533
B1245494522736N00609491EA0252302535
B1245504522730N00609489EA0252602538
B1245514522725N00609485EA0252602538
B1245524522720N00609479EA0252802540
B1245534522717N00609472EA0252802540
B1245544522715N00609464EA0253002542
B1245554522714N00609456EA0253302545
B1245564522715N00609449EA0253402546
B1245574522718N00609443EA0253502547
B1245584522721N00609438EA0253702549
B1245594522724N00609436EA0253802550
B1246004522728N00609435EA0254002552
B1246014522732N00609437EA0254202554
B1246024522735N00609440EA0254402556
B1246034522736N00609445EA0254402556
B1246044522737N00609450EA0254502557
B1246054522736N00609456EA0254702559
B1246064522734N00609462EA0254902561
B1246074522730N00609467EA0255002562
B1246084522725N00609470EA0255202564
B1246094522720N00609472EA0255402566
B1246104522714N00609472EA0255502567
B1246114522708N00609470EA0255802570
B1246124522703N00609466EA0255902571
B1246134522699N00609460EA0256002572
B1246144522695N00609453EA0256202574
B1246154522694N00609445EA0256502577
B1246164522693N00609437EA0256602578
B1246174522694N00609430EA0256802580
B1246184522696N00609424EA0256902581
B1246194522699N00609420EA0257002582
B1246204522703N00609417EA0257102583
B1246214522707N00609417EA0257302585
B1246224522711N00609418EA0257502587
B1246234522713N00609421EA0257602588
B1246244522715N00609426EA0257802590
B1246254522717N00609432EA0257602588
B1246264522719N00609437EA0257402586
B1246274522722N00609442EA0257302585
B1246284522724N00609447EA0257102583
B1246294522726N00609453EA0257002582
B1246304522728N00609458EA0256902581
B1246314522730N00609464EA0256802580
B1246324522732N00609469EA0256702579
B1246334522734N00609475EA0256602578
B1246344522735N00609480EA0256502577
B1246354522737N00609486EA0256402576
B1246364522739N00609492EA0256202574
B1246374522741N00609497EA0256202574
B1246384522743N00609503EA0256102573
B1246394522745N00609508EA0255802570
B1246404522747N00609514EA0255702569
B1246414522748N00609520EA0255502567
B1246424522750N00609525EA0255402566
B1246434522752N00609531EA0255202564
B1246444522754N00609536EA0255102563
B1246454522757N00609541EA0255002562
B1246464522759N00609547EA0254902561
B1246474522761N00609552EA0254802560
B1246484522763N00609557EA0254602558
B1246494522765N00609562EA0254502557
B1246504522768N00609568EA0254402556
B1246514522770N00609573EA0254202554
B1246524522772N00609578EA0254102553
B1246534522774N00609583EA0254002552
B1246544522777N00609588EA0253902551
B1246554522779N00609594EA0253802550
B1246564522781N00609599EA0253702549
B1246574522783N00609604EA0253602548
B1246584522786N00609609EA0253402546
B1246594522788N00609615EA0253302545
B1247004522790N00609619EA0253202544
B1247014522793N00609624EA0253202544
B1247024522795N00609629EA0253102543
B1247034522798N00609634EA0253002542
B1247044522801N00609639EA0252902541
B1247054522803N00609644EA0252802540
B1247064522806N00609648EA0252702539
B1247074522809N00609653EA0252602538
B1247084522811N00609657EA0252502537
B1247094522814N00609662EA0252302535
B1247104522817N00609666EA0252202534
B1247114522820N00609671EA0252102533
B1247124522823N00609675EA0252002532
B1247134522825N00609680EA0251902531
B1247144522828N00609685EA0251802530
B1247154522831N00609689EA0251702529
B1247164522834N00609694EA0251602528
B1247174522836N00609698EA0251502527
B1247184522839N00609703EA0251302525
B1247194522842N00609707EA0251202524
B1247204522845N00609712EA0251002522
B1247214522848N00609716EA0250902521
B1247224522851N00609720EA0250802520
B1247234522854N00609724EA0250702519
B1247244522857N00609729EA0250502517
B1247254522860N00609733EA0250402516
B1247264522863N00609738EA0250202514
B1247274522865N00609742EA0250102513
B1247284522868N00609747EA0249902511
B1247294522871N00609751EA0249802510
B1247304522873N00609756EA0249602508
B1247314522876N00609761EA0249502507
B1247324522879N00609766EA0249302505
B1247334522881N00609771EA0249102503
B1247344522884N00609776EA0249002502
B1247354522886N00609781EA0248802500
B1247364522889N00609785EA0248702499
B1247374522891N00609790EA0248602498
B1247384522894N00609795EA0248602498
B1247394522896N00609800EA0248402496
B1247404522899N00609805EA0248402496
B1247414522901N00609810EA0248302495
B1247424522904N00609815EA0248302495
B1247434522906N00609820EA0248202494
B1247444522909N00609825EA0248102493
B1247454522911N00609830EA0248002492
B1247464522913N00609835EA0247902491
B1247474522916N00609840EA0247802490
B1247484522918N00609845EA0247702489
B1247494522921N00609850EA0247602488
B1247504522923N00609855EA0247502487
B1247514522926N00609860EA0247502487
B1247524522928N00609864EA0247302485
B1247534522931N00609869EA0247202484
B1247544522934N00609874EA0247102483
B1247554522937N00609878EA0247002482
B1247564522939N00609883EA0246902481
B1247574522942N00609887EA0246802480
B1247584522945N00609892EA0246602478
B1247594522948N00609896EA0246502477
B1248004522951N00609900EA0246402476
B1248014522954N00609905EA0246302475
B1248024522957N00609909EA0246202474
B1248034522959N00609914EA0246002472
B1248044522962N00609918EA0245902471
B1248054522965N00609922EA0245802470
B1248064522968N00609927EA0245602468
B1248074522971N00609931EA0245502467
B1248084522974N00609936EA0245402466
B1248094522977N00609940EA0245402466
B1248104522980N00609944EA0245302465
B1248114522983N00609948EA0245202464
B1248124522986N00609952EA0245102463
B1248134522989N00609957EA0244902461
B1248144522992N00609961EA0244802460
B1248154522995N00609965EA0244802460
B1248164522998N00609970EA0244702459
B1248174523000N00609974EA0244702459
B1248184523003N00609979EA0244602458
B1248194523006N00609983EA0244402456
B1248204523009N00609988EA0244302455
B1248214523011N00609993EA0244102453
B1248224523014N00609998EA0244002452
B1248234523016N00610003EA0243902451
B1248244523019N00610008EA0243802450
B1248254523022N00610012EA0243802450
B1248264523024N00610017EA0243702449
B1248274523027N00610022EA0243602448
B1248284523029N00610027EA0243402446
B1248294523032N00610031EA0243302445
B1248304523035N00610036EA0243202444
B1248314523037N00610041EA0243002442
B1248324523040N00610046EA0242902441
B1248334523042N00610051EA0242802440
B1248344523045N00610056EA0242702439
B1248354523047N00610061EA0242602438
B1248364523049N00610066EA0242502437
B1248374523051N00610071EA0242402436
B1248384523054N00610077EA0242402436
B1248394523056N00610082EA0242302435
B1248404523058N00610087EA0242102433
B1248414523060N00610093EA0242002432
B1248424523062N00610098EA0241902431
B1248434523064N00610104EA0241802430
B1248444523066N00610109EA0241702429
B1248454523068N00610115EA0241602428
B1248464523070N00610120EA0241502427
B1248474523072N00610126EA0241302425
B1248484523073N00610132EA0241302425
B1248494523075N00610137EA0241102423
B1248504523076N00610143EA0241002422
B1248514523078N00610149EA0240902421
B1248524523080N00610155EA0240802420
B1248534523081N00610161EA0240802420
B1248544523083N00610166EA0240702419
B1248554523085N00610172EA0240702419
B1248564523087N00610178EA0240502417
B1248574523088N00610183EA0240402416
B1248584523090N00610189EA0240302415
B1248594523092N00610194EA0240202414
B1249004523094N00610200EA0240102413
B1249014523096N00610206EA0239902411
B1249024523097N00610212EA0239802410
B1249034523099N00610217EA0239802410
B1249044523101N00610223EA0239702409
B1249054523103N00610228EA0239602408
B1249064523105N00610234EA0239502407
B1249074523106N00610240EA0239402406
B1249084523108N00610245EA0239302405
B1249094523110N00610251EA0239302405
B1249104523112N00610257EA0239102403
B1249114523113N00610262EA0239002402
B1249124523115N00610268EA0239002402
B1249134523117N00610274EA0238802400
B1249144523118N00610280EA0238702399
B1249154523120N00610286EA0238602398
B1249164523122N00610291EA0238502397
B1249174523123N00610297EA0238302395
B1249184523125N00610303EA0238202394
B1249194523127N00610309EA0238102393
B1249204523128N00610314EA0238002392
B1249214523130N00610320EA0237902391
B1249224523132N00610326EA0237802390
B1249234523133N00610332EA0237702389
B1249244523135N00610338EA0237602388
B1249254523136N00610344EA0237402386
B1249264523138N00610350EA0237302385
B1249274523139N00610355EA0237202384
B1249284523141N00610361EA0237102383
B1249294523142N00610368EA0237002382
B1249304523143N00610374EA0236902381
B1249314523144N00610380EA0236902381
B1249324523145N00610386EA0236702379
B1249334523146N00610392EA0236602378
B1249344523146N00610398EA0236802380
B1249354523144N00610404EA0236902381
B1249364523141N00610409EA0237102383
B1249374523136N00610413EA0237302385
B1249384523131N00610415EA0237402386
B1249394523125N00610416EA0237502387
B1249404523120N00610414EA0237702389
B1249414523114N00610411EA0237802390
B1249424523109N00610405EA0238002392
B1249434523106N00610398EA0238102393
B1249444523103N00610391EA0238202394
B1249454523103N00610383EA0238502397
B1249464523103N00610376EA0238602398
B1249474523105N00610369EA0238702399
B1249484523108N00610364EA0238802400
B1249494523112N00610361EA0239102403
B1249504523115N00610360EA0239202404
B1249514523119N00610361EA0239402406
B1249524523122N00610364EA0239502407
B1249534523124N00610368EA0239702409
B1249544523125N00610374EA0239702409
B1249554523125N00610380EA0239802410
B1249564523123N00610385EA0240002412
B1249574523119N00610391EA0240202414
B1249584523115N00610395EA0240402416
B1249594523109N00610397EA0240502417
B1250004523104N00610397EA0240602418
B1250014523098N00610395EA0240702419
B1250024523092N00610392EA0240802420
B1250034523088N00610386EA0240802420
B1250044523084N00610379EA0240902421
B1250054523082N00610372EA0241002422
B1250064523081N00610364EA0241202424
B1250074523082N00610357EA0241202424
B1250084523084N00610350EA0241202424
B1250094523087N00610345EA0241302425
B1250104523090N00610342EA0241402426
B1250114523094N00610341EA0241602428
B1250124523098N00610342EA0241602428
B1250134523101N00610345EA0241802430
B1250144523103N00610350EA0242002432
B1250154523104N00610355EA0242202434
B1250164523103N00610361EA0242302435
B1250174523101N00610367EA0242502437
B1250184523098N00610372EA0242802440
B1250194523093N00610376EA0242902441
B1250204523088N00610378EA0243002442
B1250214523082N00610378EA0243202444
B1250224523076N00610376EA0243402446
B1250234523071N00610373EA0243602448
B1250244523066N00610367EA0243702449
B1250254523063N00610360EA0243902451
B1250264523061N00610353EA0244102453
B1250274523060N00610345EA0244202454
B1250284523061N00610337EA0244402456
B1250294523063N00610331EA0244502457
B1250304523066N00610326EA0244702459
B1250314523069N00610323EA0244802460
B1250324523073N00610323EA0244902461
B1250334523077N00610324EA0245002462
B1250344523080N00610327EA0245202464
B1250354523082N00610331EA0245302465
B1250364523082N00610337EA0245502467
B1250374523082N00610343EA0245602468
B1250384523080N00610349EA0245702469
B1250394523076N00610354EA0245902471
B1250404523071N00610357EA0246002472
B1250414523066N00610360EA0246202474
B1250424523060N00610360EA0246302475
B1250434523054N00610358EA0246402476
B1250444523049N00610354EA0246502477
B1250454523045N00610348EA0246602478
B1250464523041N00610341EA0246802480
B1250474523039N00610333EA0246902481
B1250484523039N00610326EA0247102483
B1250494523039N00610318EA0247202484
B1250504523041N00610312EA0247302485
B1250514523044N00610307EA0247302485
B1250524523048N00610305EA0247402486
B1250534523052N00610304EA0247502487
B1250544523056N00610305EA0247702489
B1250554523058N00610308EA0247802490
B1250564523060N00610313EA0248002492
B1250574523061N00610318EA0248202494
B1250584523060N00610324EA0248302495
B1250594523058N00610330EA0248402496
B1251004523054N00610335EA0248502497
B1251014523050N00610339EA0248702499
B1251024523044N00610341EA0248902501
B1251034523039N00610341EA0249002502
B1251044523033N00610339EA0249202504
B1251054523027N00610335EA0249302505
B1251064523023N00610329EA0249502507
B1251074523020N00610322EA0249602508
B1251084523018N00610314EA0249802510
B1251094523017N00610306EA0249902511
B1251104523018N00610299EA0250102513
B1251114523020N00610293EA0250302515
B1251124523023N00610288EA0250402516
B1251134523027N00610286EA0250602518
B1251144523031N00610285EA0250702519
B1251154523034N00610287EA0250802520
B1251164523037N00610290EA0250902521
B1251174523039N00610294EA0251202524
B1251184523040N00610300EA0251202524
B1251194523039N00610306EA0251302525
B1251204523036N00610312EA0251502527
B1251214523033N00610317EA0251702529
B1251224523028N00610320EA0251802530
B1251234523023N00610322EA0251902531
B1251244523017N00610322EA0252002532
B1251254523011N00610320EA0252202534
B1251264523006N00610316EA0252302535
B1251274523001N00610310EA0252502537
B1251284522998N00610303EA0252602538
B1251294522996N00610295EA0252702539
B1251304522996N00610287EA0253002542
B1251314522997N00610280EA0253202544
B1251324522999N00610274EA0253302545
B1251334523002N00610270EA0253402546
B1251344523006N00610267EA0253602548
B1251354523010N00610266EA0253802550
B1251364523013N00610268EA0253902551
B1251374523016N00610271EA0254102553
B1251384523018N00610276EA0254202554
B1251394523018N00610282EA0254302555
B1251404523017N00610288EA0254502557
B1251414523015N00610293EA0254602558
B1251424523011N00610298EA0254702559
B1251434523006N00610302EA0254902561
B1251444523001N00610304EA0255102563
B1251454522995N00610303EA0255202564
B1251464522989N00610301EA0255302565
B1251474522984N00610297EA0255502567
B1251484522980N00610291EA0255602568
B1251494522977N00610284EA0255802570
B1251504522975N00610276EA0256002572
B1251514522974N00610268EA0256102573
B1251524522976N00610261EA0256302575
B1251534522978N00610255EA0256502577
B1251544522981N00610251EA0256502577
B1251554522985N00610248EA0256702579
B1251564522988N00610248EA0256902581
B1251574522992N00610249EA0257102583
B1251584522995N00610253EA0257102583
B1251594522996N00610258EA0257302585
B1252004522997N00610263EA0257402586
B1252014522996N00610269EA0257602588
B1252024522993N00610275EA0257702589
B1252034522990N00610280EA0257702589
B1252044522985N00610283EA0257802590
B1252054522979N00610285EA0258002592
B1252064522973N00610284EA0258102593
B1252074522968N00610282EA0258302595
B1252084522962N00610278EA0258502597
B1252094522958N00610272EA0258702599
B1252104522955N00610265EA0258802600
B1252114522953N00610257EA0258802600
B1252124522953N00610249EA0259102603
B1252134522954N00610242EA0259302605
B1252144522957N00610236EA0259402606
B1252154522960N00610232EA0259602608
B1252164522963N00610229EA0259702609
B1252174522967N00610229EA0259902611
B1252184522971N00610231EA0260102613
B1252194522973N00610234EA0260302615
B1252204522975N00610239EA0260402616
B1252214522975N00610245EA0260702619
B1252224522974N00610251EA0260702619
B1252234522972N00610257EA0260802620
B1252244522968N00610261EA0260902621
B1252254522963N00610265EA0261102623
B1252264522958N00610266EA0261202624
B1252274522952N00610266EA0261402626
B1252284522946N00610263EA0261502627
B1252294522941N00610259EA0261702629
B1252304522937N00610253EA0261802630
B1252314522934N00610245EA0262002632
B1252324522932N00610238EA0262002632
B1252334522932N00610230EA0262002632
B1252344522933N00610223EA0262202634
B1252354522935N00610217EA0262402636
B1252364522939N00610213EA0262602638
B1252374522942N00610211EA0262502637
B1252384522946N00610210EA0262602638
B1252394522950N00610212EA0262802640
B1252404522952N00610216EA0262902641
B1252414522954N00610221EA0263102643
B1252424522954N00610227EA0263302645
B1252434522953N00610233EA0263302645
B1252444522950N00610238EA0263402646
B1252454522946N00610243EA0263702649
B1252464522941N00610246EA0263802650
B1252474522936N00610248EA0263902651
B1252484522930N00610247EA0264202654
B1252494522924N00610244EA0264302655
B1252504522919N00610240EA0264402656
B1252514522915N00610233EA0264602658
B1252524522912N00610226EA0264802660
B1252534522911N00610219EA0265002662
B1252544522910N00610211EA0265002662
B1252554522912N00610204EA0265102663
B1252564522914N00610198EA0265202664
B1252574522917N00610194EA0265202664
B1252584522921N00610192EA0265302665
B1252594522925N00610192EA0265502667
B1253004522928N00610194EA0265502667
B1253014522931N00610197EA0265602668
B1253024522932N00610202EA0265802670
B1253034522933N00610208EA0266002672
B1253044522931N00610214EA0266002672
B1253054522929N00610220EA0266102673
B1253064522925N00610224EA0266302675
B1253074522920N00610228EA0266402676
B1253084522914N00610229EA0266502677
B1253094522908N00610228EA0266602678
B1253104522903N00610225EA0266902681
B1253114522898N00610221EA0267002682
B1253124522893N00610214EA0267102683
B1253134522891N00610207EA0267302685
B1253144522889N00610199EA0267402686
B1253154522889N00610192EA0267502687
B1253164522890N00610185EA0267702689
B1253174522893N00610179EA0267802690
B1253184522896N00610175EA0268002692
B1253194522900N00610173EA0268102693
B1253204522904N00610173EA0268202694
B1253214522907N00610175EA0268302695
B1253224522910N00610179EA0268502697
B1253234522911N00610184EA0268602698
B1253244522911N00610190EA0268702699
B1253254522910N00610196EA0268802700
B1253264522907N00610201EA0268902701
B1253274522903N00610206EA0269002702
B1253284522898N00610209EA0269202704
B1253294522892N00610210EA0269302705
B1253304522887N00610209EA0269402706
B1253314522881N00610206EA0269602708
B1253324522876N00610202EA0269702709
B1253334522872N00610195EA0269802710
B1253344522869N00610188EA0270002712
B1253354522868N00610180EA0270002712
B1253364522868N00610173EA0270102713
B1253374522869N00610166EA0270302715
B1253384522872N00610160EA0270602718
B1253394522875N00610156EA0270802720
B1253404522879N00610154EA0270802720
B1253414522883N00610155EA0270902721
B1253424522886N00610157EA0271202724
B1253434522888N00610160EA0271302725
B1253444522890N00610166EA0271502727
B1253454522890N00610171EA0271502727
B1253464522888N00610177EA0271702729
B1253474522886N00610183EA0271802730
B1253484522883N00610189EA0271702729
B1253494522879N00610195EA0271602728
B1253504522876N00610202EA0271502727
B1253514522873N00610208EA0271402726
B1253524522870N00610214EA0271302725
B1253534522867N00610220EA0271202724
B1253544522864N00610227EA0271102723
B1253554522861N00610233EA0271002722
B1253564522858N00610239EA0270902721
B1253574522855N00610245EA0270702719
B1253584522852N00610251EA0270602718
B1253594522849N00610258EA0270402716
B1254004522846N00610264EA0270302715
B1254014522843N00610270EA0270202714
B1254024522840N00610276EA0270002712
B1254034522837N00610282EA0270002712
B1254044522834N00610289EA0269902711
B1254054522831N00610295EA0269802710
B1254064522828N00610301EA0269602708
B1254074522826N00610308EA0269502707
B1254084522823N00610314EA0269402706
B1254094522820N00610321EA0269402706
B1254104522817N00610327EA0269302705
B1254114522814N00610333EA0269202704
B1254124522811N00610339EA0269202704
B1254134522808N00610346EA0269102703
B1254144522805N00610352EA0269002702
B1254154522802N00610358EA0268902701
B1254164522800N00610365EA0268902701
B1254174522797N00610371EA0268702699
B1254184522794N00610377EA0268602698
B1254194522791N00610384EA0268502697
B1254204522788N00610390EA0268302695
B1254214522785N00610396EA0268202694
B1254224522782N00610402EA0268102693
B1254234522780N00610409EA0268002692
B1254244522777N00610415EA0267902691
B1254254522775N00610422EA0267702689
B1254264522772N00610428EA0267602688
B1254274522769N00610435EA0267502687
B1254284522767N00610441EA0267302685
B1254294522764N00610447EA0267202684
B1254304522761N00610454EA0267202684
B1254314522759N00610460EA0267002682
B1254324522756N00610467EA0267002682
B1254334522753N00610473EA0266802680
B1254344522750N00610480EA0266802680
B1254354522748N00610486EA0266702679
B1254364522745N00610492EA0266602678
B1254374522743N00610499EA0266402676
B1254384522740N00610505EA0266302675
B1254394522737N00610512EA0266202674
B1254404522735N00610518EA0266002672
B1254414522732N00610525EA0266002672
B1254424522730N00610531EA0265902671
B1254434522727N00610537EA0265702669
B1254444522724N00610544EA0265602668
B1254454522722N00610550EA0265602668
B1254464522719N00610557EA0265502667
B1254474522717N00610563EA0265302665
B1254484522714N00610570EA0265102663
B1254494522712N00610576EA0265002662
B1254504522709N00610583EA0264902661
B1254514522706N00610589EA0264802660
B1254524522704N00610596EA0264602658
B1254534522701N00610602EA0264502657
B1254544522698N00610608EA0264502657
B1254554522696N00610615EA0264502657
B1254564522693N00610621EA0264402656
B1254574522690N00610627EA0264302655
B1254584522687N00610634EA0264102653
B1254594522684N00610640EA0264002652
B1255004522681N00610646EA0263902651
B1255014522679N00610653EA0263802650
B1255024522676N00610659EA0263602648
B1255034522673N00610665EA0263502647
B1255044522670N00610672EA0263502647
B1255054522667N00610678EA0263402646
B1255064522664N00610684EA0263302645
B1255074522661N00610690EA0263302645
B1255084522658N00610697EA0263102643
B1255094522655N00610703EA0263002642
B1255104522652N00610709EA0262902641
B1255114522649N00610716EA0262802640
B1255124522647N00610722EA0262702639
B1255134522644N00610728EA0262702639
B1255144522641N00610735EA0262602638
B1255154522639N00610741EA0262502637
B1255164522637N00610748EA0262402636
B1255174522634N00610754EA0262302635
B1255184522632N00610761EA0262102633
B1255194522630N00610768EA0262002632
B1255204522627N00610774EA0261902631
B1255214522625N00610781EA0261702629
B1255224522623N00610787EA0261602628
B1255234522620N00610794EA0261402626
B1255244522618N00610800EA0261402626
B1255254522615N00610807EA0261302625
B1255264522613N00610813EA0261202624
B1255274522610N00610820EA0261102623
B1255284522608N00610826EA0261002622
B1255294522605N00610833EA0260802620
B1255304522603N00610839EA0260702619
B1255314522600N00610846EA0260502617
B1255324522602N00610838EA0260402616
B1255334522603N00610830EA0260402616
B1255344522604N00610822EA0260302615
B1255354522606N00610815EA0260202614
B1255364522607N00610807EA0260102613
B1255374522608N00610799EA0260002612
B1255384522610N00610791EA0259802610
B1255394522611N00610783EA0259702609
B1255404522612N00610776EA0259602608
B1255414522614N00610768EA0259402606
B1255424522615N00610760EA0259302605
B1255434522617N00610752EA0259202604
B1255444522618N00610745EA0259002602
B1255454522619N00610737EA0258802600
B1255464522621N00610729EA0258802600
B1255474522622N00610721EA0258702599
B1255484522624N00610714EA0258602598
B1255494522625N00610706EA0258502597
B1255504522626N00610698EA0258402596
B1255514522628N00610690EA0258402596
B1255524522629N00610682EA0258202594
B1255534522631N00610675EA0258102593
B1255544522632N00610667EA0258002592
B1255554522633N00610659EA0258002592
B1255564522635N00610652EA0257902591
B1255574522636N00610644EA0257702589
B1255584522638N00610636EA0257602588
B1255594522639N00610628EA0257502587
B1256004522640N00610621EA0257402586
B1256014522642N00610613EA0257302585
B1256024522643N00610605EA0257102583
B1256034522645N00610597EA0257002582
B1256044522646N00610590EA0257002582
B1256054522648N00610582EA0256902581
B1256064522649N00610574EA0256802580
B1256074522651N00610567EA0256802580
B1256084522652N00610559EA0256602578
B1256094522653N00610551EA0256502577
B1256104522655N00610543EA0256402576
B1256114522656N00610536EA0256302575
B1256124522658N00610528EA0256202574
B1256134522659N00610520EA0256102573
B1256144522661N00610513EA0256102573
B1256154522662N00610505EA0255902571
B1256164522664N00610497EA0255802570
B1256174522665N00610490EA0255802570
B1256184522667N00610482EA0255702569
B1256194522668N00610474EA0255602568
B1256204522670N00610466EA0255502567
B1256214522671N00610459EA0255302565
B1256224522673N00610451EA0255202564
B1256234522674N00610443EA0255102563
B1256244522676N00610436EA0255002562
B1256254522677N00610428EA0254902561
B1256264522679N00610420EA0254802560
B1256274522680N00610413EA0254602558
B1256284522682N00610405EA0254502557
B1256294522683N00610397EA0254202554
B1256304522685N00610390EA0254102553
B1256314522686N00610382EA0254002552
B1256324522688N00610374EA0253902551
B1256334522689N00610367EA0253802550
B1256344522691N00610359EA0253702549
B1256354522693N00610352EA0253602548
B1256364522694N00610344EA0253502547
B1256374522696N00610336EA0253402546
B1256384522697N00610329EA0253402546
B1256394522699N00610321EA0253202544
B1256404522700N00610313EA0253002542
B1256414522702N00610306EA0253002542
B1256424522704N00610298EA0252902541
B1256434522705N00610291EA0252802540
B1256444522707N00610283EA0252702539
B1256454522708N00610275EA0252602538
B1256464522710N00610268EA0252502537
B1256474522711N00610260EA0252302535
B1256484522713N00610252EA0252202534
B1256494522715N00610245EA0252102533
B1256504522716N00610237EA0252002532
B1256514522718N00610230EA0251902531
B1256524522719N00610222EA0251702529
B1256534522721N00610214EA0251602528
B1256544522723N00610207EA0251502527
B1256554522724N00610199EA0251502527
B1256564522726N00610192EA0251402526
B1256574522728N00610184EA0251302525
B1256584522729N00610177EA0251102523
B1256594522731N00610169EA0250902521
B1257004522732N00610161EA0250802520
B1257014522734N00610154EA0250602518
B1257024522736N00610146EA0250602518
B1257034522737N00610139EA0250502517
B1257044522739N00610131EA0250402516
B1257054522741N00610124EA0250202514
B1257064522742N00610116EA0250002512
B1257074522744N00610109EA0249902511
B1257084522746N00610101EA0249902511
B1257094522747N00610093EA0249802510
B1257104522749N00610086EA0249602508
B1257114522751N00610078EA0249502507
B1257124522752N00610071EA0249402506
B1257134522754N00610063EA0249302505
B1257144522756N00610056EA0249202504
B1257154522758N00610048EA0249102503
B1257164522759N00610041EA0248902501
B1257174522761N00610033EA0248802500
B1257184522763N00610026EA0248702499
B1257194522764N00610018EA0248502497
B1257204522766N00610011EA0248402496
B1257214522768N00610003EA0248302495
B1257224522770N00609996EA0248202494
B1257234522771N00609988EA0248002492
B1257244522773N00609981EA0247902491
B1257254522775N00609973EA0247802490
B1257264522777N00609966EA0247602488
B1257274522778N00609958EA0247502487
B1257284522780N00609951EA0247302485
B1257294522782N00609943EA0247102483
B1257304522784N00609936EA0247002482
B1257314522785N00609928EA0246902481
B1257324522787N00609921EA0246802480
B1257334522789N00609914EA0246802480
B1257344522791N00609906EA0246602478
B1257354522792N00609899EA0246502477
B1257364522794N00609891EA0246402476
B1257374522796N00609884EA0246202474
B1257384522798N00609876EA0246102473
B1257394522800N00609869EA0246002472
B1257404522801N00609861EA0245802470
B1257414522803N00609854EA0245702469
B1257424522805N00609847EA0245602468
B1257434522807N00609839EA0245502467
B1257444522809N00609832EA0245402466
B1257454522811N00609824EA0245202464
B1257464522812N00609817EA0245002462
B1257474522814N00609810EA0244902461
B1257484522816N00609802EA0244902461
B1257494522818N00609795EA0244702459
B1257504522820N00609787EA0244602458
B1257514522822N00609780EA0244402456
B1257524522823N00609773EA0244202454
B1257534522825N00609765EA0244002452
B1257544522827N00609758EA0243902451
B1257554522829N00609751EA0243802450
B1257564522831N00609743EA0243702449
B1257574522833N00609736EA0243602448
B1257584522835N00609728EA0243502447
B1257594522837N00609721EA0243302445
B1258004522839N00609714EA0243102443
B1258014522840N00609706EA0243002442
B1258024522842N00609699EA0242902441
B1258034522844N00609692EA0242802440
B1258044522846N00609684EA0242802440
B1258054522848N00609677EA0242602438
B1258064522850N00609670EA0242502437
B1258074522852N00609662EA0242302435
B1258084522854N00609655EA0242102433
B1258094522856N00609648EA0242002432
B1258104522858N00609641EA0241902431
B1258114522860N00609633EA0241802430
B1258124522862N00609626EA0241802430
B1258134522864N00609619EA0241602428
B1258144522866N00609611EA0241602428
B1258154522868N00609604EA0241502427
B1258164522870N00609597EA0241302425
B1258174522872N00609590EA0241202424
B1258184522874N00609582EA0241202424
B1258194522876N00609575EA0240902421
B1258204522878N00609568EA0240802420
B1258214522880N00609561EA0240602418
B1258224522882N00609553EA0240502417
B1258234522884N00609546EA0240402416
B1258244522886N00609539EA0240202414
B1258254522888N00609532EA0240002412
B1258264522890N00609524EA0239802410
B1258274522892N00609517EA0239702409
B1258284522894N00609510EA0239602408
B1258294522896N00609503EA0239502407
B1258304522898N00609496EA0239402406
B1258314522900N00609488EA0239302405
B1258324522902N00609481EA0239202404
B1258334522904N00609474EA0239202404
B1258344522906N00609467EA0239002402
B1258354522908N00609460EA0238902401
B1258364522910N00609453EA0238802400
B1258374522912N00609445EA0238602398
B1258384522914N00609438EA0238502397
B1258394522917N00609431EA0238402396
B1258404522919N00609424EA0238202394
B1258414522921N00609417EA0238102393
B1258424522923N00609410EA0238002392
B1258434522925N00609403EA0237902391
B1258444522927N00609395EA0237802390
B1258454522929N00609388EA0237702389
B1258464522931N00609381EA0237502387
B1258474522934N00609374EA0237402386
B1258484522936N00609367EA0237302385
B1258494522938N00609360EA0237202384
B1258504522940N00609353EA0237102383
B1258514522942N00609346EA0236902381
B1258524522944N00609339EA0236902381
B1258534522947N00609332EA0236702379
B1258544522949N00609325EA0236602378
B1258554522951N00609318EA0236402376
B1258564522953N00609310EA0236302375
B1258574522955N00609303EA0236202374
B1258584522958N00609296EA0236102373
B1258594522960N00609289EA0236002372
B1259004522962N00609282EA0235802370
B1259014522964N00609275EA0235802370
B1259024522967N00609268EA0235702369
B1259034522969N00609261EA0235602368
B1259044522971N00609254EA0235402366
B1259054522973N00609247EA0235302365
B1259064522976N00609240EA0235202364
B1259074522978N00609233EA0235002362
B1259084522980N00609226EA0234902361
B1259094522982N00609220EA0234702359
B1259104522985N00609213EA0234602358
B1259114522987N00609206EA0234502357
B1259124522989N00609199EA0234202354
B1259134522992N00609192EA0234102353
B1259144522994N00609185EA0234002352
B1259154522996N00609178EA0233802350
B1259164522999N00609171EA0233702349
B1259174523001N00609164EA0233502347
B1259184523003N00609157EA0233402346
B1259194523006N00609150EA0233302345
B1259204523008N00609144EA0233202344
B1259214523010N00609137EA0233102343
B1259224523013N00609130EA0232902341
B1259234523015N00609123EA0232902341
B1259244523018N00609116EA0232702339
B1259254523020N00609109EA0232602338
B1259264523022N00609103EA0232502337
B1259274523025N00609096EA0232302335
B1259284523027N00609089EA0232202334
B1259294523030N00609082EA0232102333
B1259304523032N00609075EA0231902331
B1259314523035N00609069EA0231702329
B1259324523037N00609062EA0231702329
B1259334523039N00609055EA0231602328
B1259344523042N00609048EA0231502327
B1259354523044N00609042EA0231402326
B1259364523047N00609035EA0231302325
B1259374523049N00609028EA0231202324
B1259384523052N00609021EA0231002322
B1259394523054N00609015EA0230902321
B1259404523057N00609008EA0230702319
B1259414523059N00609001EA0230702319
B1259424523062N00608995EA0230502317
B1259434523065N00608988EA0230402316
B1259444523067N00608981EA0230302315
B1259454523070N00608975EA0230202314
B1259464523072N00608968EA0230002312
B1259474523075N00608962EA0230002312
B1259484523077N00608955EA0229802310
B1259494523080N00608948EA0229702309
B1259504523083N00608942EA0229602308
B1259514523085N00608935EA0229402306
B1259524523088N00608929EA0229302305
B1259534523090N00608922EA0229102303
B1259544523093N00608916EA0229002302
B1259554523096N00608909EA0228802300
B1259564523098N00608903EA0228802300
B1259574523101N00608896EA0228602298
B1259584523104N00608890EA0228602298
B1259594523106N00608883EA0228402296
B1300004523109N00608877EA0228402296
B1300014523112N00608870EA0228302295
B1300024523114N00608864EA0228202294
B1300034523117N00608857EA0228102293
B1300044523120N00608851EA0228002292
B1300054523123N00608844EA0227902291
B1300064523125N00608838EA0227702289
B1300074523128N00608832EA0227602288
B1300084523131N00608825EA0227502287
B1300094523134N00608819EA0227402286
B1300104523136N00608813EA0227302285
B1300114523139N00608806EA0227202284
B1300124523142N00608800EA0227102283
B1300134523145N00608794EA0227102283
B1300144523148N00608788EA0226902281
B1300154523151N00608781EA0226802280
B1300164523153N00608775EA0226702279
B1300174523156N00608769EA0226502277
B1300184523159N00608763EA0226402276
B1300194523162N00608756EA0226302275
B1300204523165N00608750EA0226102273
B1300214523168N00608744EA0226002272
B1300224523171N00608738EA0225902271
B1300234523174N00608732EA0225902271
B1300244523177N00608726EA0225702269
B1300254523179N00608720EA0225602268
B1300264523182N00608714EA0225402266
B1300274523185N00608707EA0225302265
B1300284523188N00608701EA0225102263
B1300294523191N00608695EA0225002262
B1300304523194N00608689EA0224902261
B1300314523197N00608683EA0224902261
B1300324523200N00608678EA0224802260
B1300334523203N00608672EA0224602258
B1300344523207N00608666EA0224502257
B1300354523210N00608660EA0224302255
B1300364523213N00608654EA0224302255
B1300374523216N00608648EA0224202254
B1300384523219N00608642EA0224102253
B1300394523222N00608636EA0223902251
B1300404523225N00608631EA0223702249
B1300414523228N00608625EA0223602248
B1300424523231N00608619EA0223502247
B1300434523235N00608613EA0223402246
B1300444523238N00608608EA0223202244
B1300454523241N00608602EA0223002242
B1300464523244N00608596EA0222902241
B1300474523247N00608591EA0222902241
B1300484523251N00608585EA0222702239
B1300494523254N00608580EA0222602238
B1300504523257N00608574EA0222502237
B1300514523260N00608569EA0222302235
B1300524523264N00608563EA0222202234
B1300534523267N00608558EA0222102233
B1300544523270N00608552EA0221902231
B1300554523274N00608547EA0221902231
B1300564523277N00608542EA0221802230
B1300574523281N00608536EA0221602228
B1300584523284N00608531EA0221502227
B1300594523287N00608526EA0221402226
B1301004523291N00608520EA0221202224
B1301014523294N00608515EA0221002222
B1301024523298N00608510EA0220902221
B1301034523301N00608505EA0220802220
B1301044523305N00608500EA0220702219
B1301054523308N00608495EA0220502217
B1301064523312N00608490EA0220402216
B1301074523315N00608485EA0220202214
B1301084523319N00608480EA0220102213
B1301094523323N00608475EA0220002212
B1301104523326N00608471EA0219802210
B1301114523330N00608466EA0219702209
B1301124523333N00608461EA0219602208
B1301134523337N00608456EA0219502207
B1301144523341N00608452EA0219302205
B1301154523345N00608447EA0219202204
B1301164523348N00608443EA0219102203
B1301174523352N00608439EA0219002202
B1301184523356N00608434EA0218902201
B1301194523360N00608430EA0218802200
B1301204523364N00608426EA0218702199
B1301214523367N00608422EA0218602198
B1301224523371N00608418EA0218602198
B1301234523375N00608414EA0218502197
B1301244523379N00608410EA0218302195
B1301254523383N00608406EA0218302195
B1301264523387N00608402EA0218102193
B1301274523391N00608399EA0217902191
B1301284523395N00608395EA0217802190
B1301294523399N00608392EA0217702189
B1301304523403N00608389EA0217602188
B1301314523408N00608386EA0217502187
B1301324523411N00608384EA0217302185
B1301334523414N00608384EA0217002182
B1301344523417N00608385EA0216702179
B1301354523420N00608387EA0216502177
B1301364523422N00608390EA0216302175
B1301374523424N00608394EA0216002172
B1301384523425N00608399EA0215802170
B1301394523425N00608404EA0215502167
B1301404523424N00608409EA0215302165
B1301414523422N00608414EA0215102163
B1301424523420N00608419EA0214902161
B1301434523422N00608412EA0214802160
B1301444523425N00608408EA0214402156
B1301454523427N00608404EA0214202154
B1301464523431N00608401EA0214002152
B1301474523434N00608400EA0213802150
B1301484523437N00608399EA0213502147
B1301494523440N00608400EA0213202144
B1301504523443N00608403EA0212902141
B1301514523445N00608406EA0212602138
B1301524523447N00608410EA0212402136
B1301534523448N00608414EA0212102133
B1301544523448N00608419EA0212002132
B1301554523447N00608425EA0211702129
B1301564523445N00608430EA0211502127
B1301574523443N00608435EA0211302125
B1301584523442N00608426EA0211102123
B1301594523443N00608419EA0210902121
B1302004523444N00608413EA0210702119
B1302014523446N00608408EA0210502117
B1302024523448N00608403EA0210302115
B1302034523451N00608399EA0210102113
B1302044523454N00608397EA0209702109
B1302054523457N00608396EA0209502107
B1302064523461N00608396EA0209302105
B1302074523464N00608397EA0209002102
B1302084523466N00608399EA0208802100
B1302094523468N00608402EA0208502097
B1302104523470N00608406EA0208302095
B1302114523471N00608411EA0208202094
B1302124523471N00608416EA0207902091
B1302134523470N00608421EA0207702089
B1302144523468N00608427EA0207402086
B1302154523465N00608419EA0207302085
B1302164523462N00608412EA0207002082
B1302174523461N00608405EA0206702079
B1302184523461N00608398EA0206502077
B1302194523461N00608391EA0206202074
B1302204523462N00608385EA0206002072
B1302214523464N00608380EA0205802070
B1302224523467N00608375EA0205602068
B1302234523469N00608372EA0205402066
B1302244523473N00608369EA0205102063
B1302254523476N00608368EA0205002062
B1302264523479N00608368EA0204802060
B1302274523482N00608369EA0204502057
B1302284523485N00608372EA0204202054
B1302294523487N00608375EA0204002052
B1302304523488N00608379EA0203802050
B1302314523489N00608384EA0203602048
B1302324523489N00608389EA0203402046
B1302334523488N00608394EA0203102043
B1302344523482N00608391EA0203002042
B1302354523477N00608386EA0202702039
B1302364523473N00608381EA0202502037
B1302374523470N00608375EA0202302035
B1302384523467N00608368EA0202102033
B1302394523466N00608361EA0201902031
B1302404523465N00608354EA0201602028
B1302414523465N00608347EA0201402026
B1302424523466N00608341EA0201102023
B1302434523467N00608335EA0200902021
B1302444523469N00608330EA0200702019
B1302454523472N00608326EA0200502017
B1302464523475N00608323EA0200202014
B1302474523478N00608321EA0199902011
B1302484523474N00608326EA0199802010
B1302494523469N00608329EA0199602008
B1302504523464N00608331EA0199302005
B1302514523459N00608331EA0199002002
B1302524523454N00608331EA0198701999
B1302534523449N00608329EA0198401996
B1302544523444N00608326EA0198101993
B1302554523439N00608322EA0197901991
B1302564523435N00608317EA0197701989
B1302574523431N00608311EA0197501987
B1302584523432N00608317EA0197401986
B1302594523432N00608322EA0197201984
B1303004523431N00608327EA0196901981
B1303014523429N00608332EA0196701979
B1303024523426N00608337EA0196501977
B1303034523423N00608341EA0196201974
B1303044523418N00608345EA0196001972
B1303054523414N00608347EA0195801970
B1303064523409N00608348EA0195501967
B1303074523403N00608348EA0195301965
B1303084523407N00608350EA0195101963
B1303094523410N00608352EA0194801960
B1303104523412N00608355EA0194601958
B1303114523414N00608359EA0194401956
B1303124523415N00608364EA0194101953
B1303134523415N00608369EA0193801950
B1303144523414N00608374EA0193601948
B1303154523412N00608379EA0193301945
B1303164523410N00608384EA0193001942
B1303174523406N00608389EA0192801940
B1303184523410N00608385EA0192601938
B1303194523414N00608384EA0192401936
B1303204523417N00608384EA0192101933
B1303214523420N00608384EA0191801930
B1303224523423N00608386EA0191401926
B1303234523425N00608390EA0191101923
B1303244523427N00608393EA0190901921
B1303254523428N00608398EA0190701919
B1303264523428N00608403EA0190401916
B1303274523427N00608408EA0190201914
B1303284523426N00608413EA0189901911
B1303294523423N00608418EA0189701909
B1303304523420N00608423EA0189501907
B1303314523422N00608416EA0189301905
B1303324523424N00608411EA0189101903
B1303334523427N00608407EA0188901901
B1303344523430N00608404EA0188601898
B1303354523434N00608402EA0188301895
B1303364523437N00608402EA0188101893
B1303374523440N00608403EA0187801890
B1303384523443N00608405EA0187601888
B1303394523445N00608408EA0187401886
B1303404523447N00608411EA0187101883
B1303414523448N00608416EA0186801880
B1303424523448N00608421EA0186601878
B1303434523447N00608426EA0186401876
B1303444523446N00608431EA0186101873
B1303454523444N00608436EA0185801870
B1303464523443N00608428EA0185701869
B1303474523443N00608421EA0185401866
B1303484523444N00608415EA0185201864
B1303494523446N00608409EA0184901861
B1303504523448N00608404EA0184701859
B1303514523451N00608401EA0184401856
B1303524523454N00608398EA0184201854
B1303534523458N00608397EA0184001852
B1303544523461N00608396EA0183801850
B1303554523464N00608397EA0183501847
B1303564523467N00608400EA0183301845
B1303574523469N00608403EA0183101843
B1303584523471N00608407EA0182901841
B1303594523471N00608411EA0182701839
B1304004523471N00608416EA0182401836
B1304014523471N00608422EA0182201834
B1304024523469N00608427EA0181901831
B1304034523465N00608419EA0181901831
B1304044523463N00608412EA0181601828
B1304054523462N00608405EA0181401826
B1304064523461N00608398EA0181101823
B1304074523462N00608392EA0180901821
B1304084523463N00608385EA0180601818
B1304094523465N00608380EA0180401816
B1304104523467N00608375EA0180101813
B1304114523470N00608372EA0179801810
B1304124523473N00608369EA0179601808
B1304134523476N00608368EA0179301805
B1304144523480N00608368EA0179101803
B1304154523483N00608369EA0178801800
B1304164523485N00608372EA0178601798
B1304174523487N00608375EA0178401796
B1304184523489N00608379EA0178101793
B1304194523490N00608384EA0177801790
B1304204523490N00608389EA0177601788
B1304214523483N00608385EA0177401786
B1304224523479N00608382EA0177201784
B1304234523474N00608377EA0176901781
B1304244523471N00608371EA0176701779
B1304254523468N00608365EA0176401776
B1304264523466N00608358EA0176201774
B1304274523464N00608351EA0176001772
B1304284523464N00608344EA0175801770
B1304294523464N00608337EA0175501767
B1304304523465N00608331EA0175201764
B1304314523467N00608325EA0175001762
B1304324523470N00608321EA0174701759
B1304334523473N00608317EA0174501757
B1304344523469N00608323EA0174401756
B1304354523464N00608326EA0174101753
B1304364523460N00608329EA0173901751
B1304374523455N00608330EA0173701749
B1304384523450N00608331EA0173401746
B1304394523444N00608330EA0173101743
B1304404523439N00608327EA0173001742
B1304414523434N00608324EA0172801740
B1304424523430N00608319EA0172601738
B1304434523426N00608314EA0172401736
B1304444523427N00608320EA0172201734
B1304454523428N00608325EA0172001732
B1304464523427N00608330EA0171701729
B1304474523426N00608335EA0171401726
B1304484523423N00608340EA0171101723
B1304494523420N00608345EA0170901721
B1304504523417N00608349EA0170601718
B1304514523412N00608352EA0170401716
B1304524523408N00608354EA0170201714
B1304534523402N00608355EA0169901711
B1304544523407N00608355EA0169801710
B1304554523410N00608357EA0169601708
B1304564523412N00608360EA0169401706
B1304574523414N00608364EA0169001702
B1304584523415N00608368EA0168801700
B1304594523415N00608373EA0168501697
B1305004523415N00608378EA0168201694
B1305014523414N00608383EA0168001692
B1305024523412N00608388EA0167701689
B1305034523409N00608393EA0167501687
B1305044523405N00608397EA0167201684
B1305054523409N00608393EA0167001682
B1305064523412N00608391EA0166701679
B1305074523415N00608390EA0166401676
B1305084523419N00608390EA0166101673
B1305094523422N00608391EA0165901671
B1305104523424N00608394EA0165601668
B1305114523426N00608397EA0165401666
B1305124523428N00608402EA0165101663
B1305134523428N00608406EA0164801660
B1305144523428N00608412EA0164601658
B1305154523427N00608417EA0164301655
B1305164523425N00608422EA0164101653
B1305174523427N00608415EA0163901651
B1305184523429N00608409EA0163701649
B1305194523431N00608405EA0163401646
B1305204523434N00608401EA0163101643
B1305214523437N00608399EA0162901641
B1305224523441N00608398EA0162601638
B1305234523444N00608399EA0162401636
B1305244523447N00608400EA0162101633
B1305254523449N00608403EA0161901631
B1305264523451N00608406EA0161701629
B1305274523453N00608411EA0161401626
B1305284523453N00608415EA0161201624
B1305294523453N00608420EA0161001622
B1305304523452N00608426EA0160701619
B1305314523450N00608431EA0160401616
B1305324523447N00608436EA0160201614
B1305334523446N00608427EA0160001612
B1305344523446N00608420EA0159801610
B1305354523447N00608414EA0159501607
B1305364523448N00608408EA0159301605
B1305374523450N00608403EA0159101603
B1305384523453N00608399EA0158901601
B1305394523456N00608396EA0158601598
B1305404523459N00608394EA0158301595
B1305414523463N00608393EA0158201594
B1305424523466N00608394EA0158001592
B1305434523469N00608396EA0157801590
B1305444523471N00608398EA0157501587
B1305454523473N00608402EA0157301585
B1305464523474N00608406EA0157101583
B1305474523474N00608411EA0156801580
B1305484523474N00608417EA0156501577
B1305494523473N00608422EA0156201574
B1305504523468N00608415EA0156101573
B1305514523466N00608408EA0155901571
B1305524523464N00608401EA0155601568
B1305534523463N00608394EA0155301565
B1305544523463N00608387EA0155001562
B1305554523464N00608381EA0154801560
B1305564523465N00608375EA0154601558
B1305574523467N00608370EA0154301555
B1305584523470N00608365EA0154001552
B1305594523473N00608362EA0153701549
B1306004523476N00608360EA0153501547
B1306014523479N00608360EA0153201544
B1306024523482N00608360EA0153001542
B1306034523485N00608362EA0152801540
B1306044523488N00608365EA0152501537
B1306054523490N00608368EA0152301535
B1306064523491N00608373EA0152001532
B1306074523491N00608378EA0151801530
B1306084523485N00608376EA0151701529
B1306094523480N00608373EA0151401526
B1306104523475N00608369EA0151201524
B1306114523471N00608364EA0150901521
B1306124523467N00608358EA0150701519
B1306134523464N00608352EA0150401516
B1306144523462N00608345EA0150201514
B1306154523461N00608338EA0149901511
B1306164523461N00608331EA0149601508
B1306174523461N00608324EA0149401506
B1306184523462N00608318EA0149201504
B1306194523464N00608313EA0148901501
B1306204523461N00608319EA0148801500
B1306214523458N00608323EA0148601498
B1306224523454N00608327EA0148301495
B1306234523449N00608329EA0148101493
B1306244523444N00608331EA0147801490
B1306254523439N00608331EA0147601488
B1306264523433N00608330EA0147401486
B1306274523428N00608328EA0147101483
B1306284523423N00608324EA0146801480
B1306294523419N00608320EA0146601478
B1306304523421N00608325EA0146501477
B1306314523422N00608330EA0146201474
B1306324523422N00608335EA0146001472
B1306334523422N00608340EA0145801470
B1306344523420N00608345EA0145501467
B1306354523418N00608350EA0145301465
B1306364523415N00608354EA0145001462
B1306374523411N00608358EA0144801460
B1306384523407N00608361EA0144501457
B1306394523402N00608363EA0144301455
B1306404523406N00608363EA0144201454
B1306414523409N00608364EA0144001452
B1306424523412N00608366EA0143701449
B1306434523414N00608369EA0143301445
B1306444523416N00608373EA0143101443
B1306454523417N00608378EA0142801440
B1306464523417N00608383EA0142501437
B1306474523416N00608388EA0142401436
B1306484523415N00608393EA0142101433
B1306494523412N00608398EA0141801430
B1306504523409N00608402EA0141601428
B1306514523413N00608398EA0141401426
B1306524523416N00608395EA0141101423
B1306534523419N00608393EA0141001422
B1306544523422N00608393EA0140701419
B1306554523425N00608393EA0140501417
B1306564523428N00608395EA0140301415
B1306574523430N00608398EA0140001412
B1306584523432N00608402EA0139701409
B1306594523433N00608407EA0139401406
B1307004523433N00608412EA0139101403
B1307014523433N00608417EA0138901401
B1307024523431N00608422EA0138601398
B1307034523429N00608427EA0138301395
B1307044523430N00608419EA0138201394
B1307054523432N00608413EA0137901391
B1307064523434N00608408EA0137701389
B1307074523437N00608404EA0137501387
B1307084523440N00608401EA0137201384
B1307094523443N00608400EA0137001382
B1307104523446N00608399EA0136701379
B1307114523450N00608400EA0136401376
B1307124523452N00608402EA0136101373
B1307134523455N00608405EA0135801370
B1307144523456N00608409EA0135501367
B1307154523458N00608413EA0135201364
B1307164523458N00608418EA0135001362
B1307174523457N00608423EA0134701359
B1307184523456N00608429EA0134501357
B1307194523453N00608434EA0134201354
B1307204523452N00608425EA0134101353
B1307214523451N00608418EA0133801350
B1307224523451N00608411EA0133601348
B1307234523452N00608405EA0133301345
B1307244523454N00608399EA0133101343
B1307254523456N00608394EA0132801340
B1307264523459N00608391EA0132501337
B1307274523462N00608388EA0132301335
B1307284523465N00608387EA0132101333
B1307294523469N00608386EA0131901331
B1307304523472N00608387EA0131601328
B1307314523474N00608389EA0131301325
B1307324523477N00608392EA0131101323
B1307334523478N00608396EA0130901321
B1307344523479N00608401EA0130601318
B1307354523479N00608406EA0130401316
B1307364523479N00608411EA0130201314
B1307374523477N00608416EA0130001312
B1307384523472N00608410EA0129801310
B1307394523469N00608404EA0129501307
B1307404523467N00608397EA0129201304
B1307414523465N00608390EA0129001302
B1307424523465N00608383EA0128701299
B1307434523465N00608376EA0128401296
B1307444523466N00608370EA0128101293
B1307454523467N00608364EA0127901291
B1307464523470N00608359EA0127601288
B1307474523472N00608355EA0127401286
B1307484523475N00608353EA0127101283
B1307494523479N00608351EA0126801280
B1307504523482N00608351EA0126501277
B1307514523485N00608352EA0126301275
B1307524523488N00608354EA0126001272
B1307534523490N00608357EA0125701269
B1307544523492N00608361EA0125501267
B1307554523485N00608361EA0125401266
B1307564523480N00608360EA0125101263
B1307574523475N00608358EA0124801260
B1307584523470N00608354EA0124601258
B1307594523466N00608349EA0124201254
B1308004523462N00608344EA0124001252
B1308014523459N00608337EA0123801250
B1308024523456N00608331EA0123501247
B1308034523455N00608324EA0123201244
B1308044523454N00608317EA0123001242
B1308054523454N00608310EA0122701239
B1308064523455N00608304EA0122401236
B1308074523453N00608310EA0122301235
B1308084523451N00608315EA0122101233
B1308094523448N00608320EA0121801230
B1308104523444N00608323EA0121501227
B1308114523439N00608326EA0121201224
B1308124523434N00608327EA0121001222
B1308134523429N00608328EA0120601218
B1308144523424N00608327EA0120401216
B1308154523418N00608325EA0120101213
B1308164523421N00608330EA0120001212
B1308174523422N00608334EA0119801210
B1308184523423N00608339EA0119601208
B1308194523422N00608344EA0119201204
B1308204523421N00608349EA0119001202
B1308214523419N00608354EA0118801200
B1308224523416N00608359EA0118501197
B1308234523413N00608363EA0118301195
B1308244523408N00608366EA0118001192
B1308254523404N00608368EA0117701189
B1308264523408N00608368EA0117601188
B1308274523411N00608368EA0117301185
B1308284523414N00608370EA0117101183
B1308294523416N00608373EA0116801180
B1308304523418N00608376EA0116501177
B1308314523420N00608380EA0116301175
B1308324523420N00608385EA0116001172
B1308334523420N00608391EA0115701169
B1308344523418N00608396EA0115401166
B1308354523416N00608401EA0115201164
B1308364523413N00608405EA0115001162
B1308374523410N00608409EA0114701159
B1308384523413N00608404EA0114601158
B1308394523416N00608401EA0114301155
B1308404523419N00608398EA0114001152
B1308414523422N00608397EA0113801150
B1308424523426N00608397EA0113601148
B1308434523429N00608399EA0113301145
B1308444523431N00608401EA0113001142
B1308454523433N00608405EA0112801140
B1308464523435N00608409EA0112601138
B1308474523435N00608414EA0112301135
B1308484523435N00608419EA0112101133
B1308494523434N00608424EA0111901131
B1308504523432N00608429EA0111601128
B1308514523433N00608421EA0111501127
B1308524523434N00608415EA0111201124
B1308534523436N00608410EA0110901121
B1308544523439N00608405EA0110701119
B1308554523442N00608402EA0110501117
B1308564523445N00608400EA0110301115
B1308574523448N00608399EA0110001112
B1308584523452N00608399EA0109801110
B1308594523455N00608400EA0109601108
B1309004523457N00608403EA0109301105
B1309014523459N00608406EA0109101103
B1309024523460N00608411EA0108901101
B1309034523461N00608416EA0108701099
B1309044523461N00608421EA0108501097
B1309054523460N00608426EA0108201094
B1309064523458N00608431EA0108001092
B1309074523455N00608423EA0107801090
B1309084523454N00608416EA0107501087
B1309094523454N00608409EA0107201084
B1309104523455N00608402EA0106901081
B1309114523456N00608396EA0106601078
B1309124523458N00608391EA0106401076
B1309134523461N00608386EA0106101073
B1309144523464N00608383EA0105801070
B1309154523467N00608381EA0105501067
B1309164523470N00608380EA0105201064
B1309174523473N00608381EA0105001062
B1309184523476N00608382EA0104801060
B1309194523479N00608385EA0104601058
B1309204523481N00608388EA0104401056
B1309214523482N00608393EA0104101053
B1309224523482N00608397EA0103801050
B1309234523482N00608403EA0103501047
B1309244523481N00608408EA0103301045
B1309254523479N00608413EA0103001042
B1309264523474N00608407EA0102901041
B1309274523471N00608401EA0102701039
B1309284523468N00608394EA0102401036
B1309294523466N00608387EA0102201034
B1309304523465N00608380EA0102001032
B1309314523465N00608373EA0101701029
B1309324523466N00608367EA0101501027
B1309334523467N00608361EA0101201024
B1309344523469N00608356EA0101001022
B1309354523472N00608351EA0100801020
B1309364523475N00608348EA0100501017
B1309374523478N00608346EA0100201014
B1309384523481N00608346EA0100001012
B1309394523484N00608346EA0099801010
B1309404523487N00608348EA0099601008
B1309414523490N00608351EA0099401006
B1309424523484N00608352EA0099301005
B1309434523478N00608352EA0099101003
B1309444523473N00608351EA0098901001
B1309454523468N00608348EA0098700999
B1309464523463N00608344EA0098400996
B1309474523459N00608339EA0098200994
B1309484523455N00608334EA0098000992
B1309494523452N00608327EA0097700989
B1309504523450N00608321EA0097500987
B1309514523448N00608314EA0097200984
B1309524523448N00608307EA0097000982
B1309534523447N00608313EA0096900981
B1309544523445N00608319EA0096600978
B1309554523442N00608323EA0096300975
B1309564523439N00608328EA0096000972
B1309574523435N00608331EA0095800970
B1309584523430N00608333EA0095500967
B1309594523425N00608335EA0095300965
B1310004523420N00608335EA0095000962
B1310014523414N00608334EA0094700959
B1310024523409N00608332EA0094400956
B1310034523413N00608335EA0094300955
B1310044523415N00608339EA0094000952
B1310054523416N00608343EA0093800950
B1310064523416N00608348EA0093600948
B1310074523416N00608353EA0093400946
B1310084523415N00608358EA0093100943
B1310094523413N00608363EA0092800940
B1310104523410N00608368EA0092700939
B1310114523406N00608372EA0092400936
B1310124523402N00608375EA0092200934
B1310134523407N00608374EA0092100933
B1310144523410N00608374EA0091700929
B1310154523413N00608375EA0091500927
B1310164523416N00608377EA0091200924
B1310174523418N00608380EA0091000922
B1310184523419N00608384EA0090800920
B1310194523420N00608389EA0090600918
B1310204523420N00608394EA0090300915
B1310214523420N00608399EA0090100913
B1310224523418N00608404EA0089800910
B1310234523415N00608409EA0089600908
B1310244523412N00608413EA0089300905
B1310254523415N00608407EA0089200904
B1310264523418N00608404EA0089000902
B1310274523421N00608401EA0088700899
B1310284523424N00608399EA0088400896
B1310294523428N00608399EA0088200894
B1310304523431N00608400EA0088000892
B1310314523434N00608402EA0087700889
B1310324523436N00608405EA0087500887
B1310334523437N00608409EA0087300885
B1310344523438N00608413EA0087100883
B1310354523439N00608418EA0086900881
B1310364523438N00608424EA0086700879
B1310374523436N00608429EA0086400876
B1310384523434N00608434EA0086200874
B1310394523434N00608426EA0086000872
B1310404523436N00608419EA0085800870
B1310414523437N00608414EA0085500867
B1310424523440N00608409EA0085200864
B1310434523443N00608405EA0085000862
B1310444523446N00608403EA0084700859
B1310454523449N00608402EA0084500857
B1310464523452N00608402EA0084200854
B1310474523455N00608403EA0084000852
B1310484523458N00608405EA0083700849
B1310494523460N00608408EA0083500847
B1310504523462N00608412EA0083200844
B1310514523462N00608417EA0082900841
B1310524523462N00608422EA0082700839
B1310534523462N00608427EA0082500837
B1310544523460N00608432EA0082200834
B1310554523457N00608424EA0082000832
B1310564523456N00608417EA0081800830
B1310574523456N00608410EA0081600828
B1310584523456N00608403EA0081300825
B1310594523457N00608397EA0081100823
B1311004523459N00608392EA0080900821
B1311014523462N00608387EA0080600818
B1311024523464N00608384EA0080400816
B1311034523468N00608381EA0080100813
B1311044523471N00608380EA0079900811
B1311054523474N00608380EA0079700809
B1311064523477N00608382EA0079400806
B1311074523480N00608384EA0079200804
B1311084523482N00608387EA0078900801
B1311094523483N00608392EA0078700799
B1311104523484N00608396EA0078400796
B1311114523484N00608401EA0078200794
B1311124523483N00608407EA0078000792
B1311134523478N00608401EA0077900791
B1311144523474N00608396EA0077600788
B1311154523470N00608390EA0077400786
B1311164523468N00608383EA0077100783
B1311174523466N00608376EA0076900781
B1311184523466N00608369EA0076600778
B1311194523466N00608362EA0076400776
B1311204523467N00608356EA0076200774
B1311214523468N00608350EA0075900771
B1311224523471N00608345EA0075600768
B1311234523473N00608341EA0075300765
B1311244523476N00608339EA0075100763
B1311254523480N00608337EA0074900761
B1311264523483N00608337EA0074600758
B1311274523486N00608338EA0074400756
B1311284523480N00608341EA0074200754
B1311294523475N00608342EA0074000752
B1311304523470N00608342EA0073700749
B1311314523465N00608340EA0073400746
B1311324523460N00608338EA0073200744
B1311334523455N00608334EA0072900741
B1311344523450N00608330EA0072700739
B1311354523446N00608324EA0072500737
B1311364523443N00608318EA0072300735
B1311374523441N00608311EA0072000732
B1311384523439N00608304EA0071700729
B1311394523439N00608311EA0071600728
B1311404523438N00608316EA0071400726
B1311414523436N00608321EA0071200724
B1311424523434N00608326EA0070900721
B1311434523430N00608330EA0070600718
B1311444523426N00608333EA0070400716
B1311454523421N00608336EA0070100713
B1311464523416N00608337EA0069800710
B1311474523411N00608337EA0069500707
B1311484523414N00608340EA0069400706
B1311494523417N00608343EA0069200704
B1311504523418N00608348EA0068900701
B1311514523419N00608352EA0068700699
B1311524523419N00608357EA0068400696
B1311534523418N00608363EA0068200694
B1311544523416N00608368EA0067900691
B1311554523413N00608373EA0067700689
B1311564523410N00608377EA0067500687
B1311574523406N00608380EA0067200684
B1311584523401N00608383EA0066900681
B1311594523405N00608380EA0066900681
B1312004523410N00608378EA0066700679
B1312014523413N00608378EA0066500677
B1312024523416N00608378EA0066200674
B1312034523419N00608380EA0066000672
B1312044523421N00608382EA0065800670
B1312054523423N00608386EA0065500667
B1312064523425N00608390EA0065200664
B1312074523425N00608395EA0064900661
B1312084523425N00608401EA0064600658
B1312094523423N00608406EA0064300655
B1312104523421N00608411EA0064100653
B1312114523418N00608415EA0063800650
B1312124523421N00608409EA0063800650
B1312134523423N00608404EA0063500647
B1312144523426N00608401EA0063200644
B1312154523429N00608399EA0062900641
B1312164523433N00608398EA0062600638
B1312174523436N00608398EA0062400636
B1312184523439N00608399EA0062200634
B1312194523442N00608402EA0061900631
B1312204523444N00608405EA0061700629
B1312214523445N00608410EA0061400626
B1312224523446N00608414EA0061200624
B1312234523445N00608419EA0061000622
B1312244523444N00608425EA0060800620
B1312254523442N00608430EA0060500617
B1312264523440N00608435EA0060300615
B1312274523440N00608426EA0060100613
B1312284523440N00608420EA0059800610
B1312294523442N00608414EA0059600608
B1312304523444N00608408EA0059200604
B1312314523446N00608404EA0058900601
B1312324523449N00608401EA0058700599
B1312334523452N00608399EA0058400596
B1312344523456N00608398EA0058100593
B1312354523459N00608398EA0057900591
B1312364523462N00608400EA0057600588
B1312374523464N00608403EA0057400586
B1312384523466N00608406EA0057100583
B1312394523467N00608410EA0056900581
B1312404523468N00608415EA0056600578
B1312414523468N00608420EA0056400576
B1312424523466N00608426EA0056100573
B1312434523463N00608418EA0055900571
B1312444523461N00608411EA0055700569
B1312454523460N00608404EA0055400566
B1312464523459N00608397EA0055200564
B1312474523460N00608390EA0054900561
B1312484523461N00608384EA0054600558
B1312494523463N00608379EA0054400556
B1312504523466N00608375EA0054100553
B1312514523469N00608371EA0053800550
B1312524523472N00608369EA0053600548
B1312534523475N00608368EA0053300545
B1312544523478N00608368EA0053100543
B1312554523481N00608370EA0052900541
B1312564523484N00608372EA0052600538
B1312574523486N00608376EA0052400536
B1312584523487N00608380EA0052200534
B1312594523488N00608385EA0051900531
B1313004523488N00608390EA0051500527
B1313014523486N00608395EA0051300525
B1313024523485N00608400EA0051000522
B1313034523482N00608405EA0050800520
B1313044523478N00608409EA0050600518
B1313054523474N00608412EA0050300515
B1313064523469N00608415EA0050000512
B1313074523464N00608416EA0049800510
B1313084523459N00608416EA0049500507
B1313094523454N00608415EA0049300505
B1313104523448N00608412EA0049100503
B1313114523444N00608409EA0048900501
B1313124523439N00608404EA0048700499
B1313134523435N00608399EA0048500497
B1313144523432N00608393EA0048300495
B1313154523430N00608386EA0048000492
B1313164523428N00608379EA0047600488
B1313174523427N00608372EA0047300485
B1313184523428N00608365EA0047100483
B1313194523429N00608359EA0046900481
B1313204523430N00608353EA0046600478
B1313214523433N00608348EA0046400476
B1313224523435N00608344EA0046100473
B1313234523435N00608344EA0045800470
B1313244523435N00608344EA0045800470
B1313254523435N00608344EA0045800470
B1313264523435N00608344EA0045800470
B1313274523435N00608344EA0045800470
B1313284523435N00608344EA0045800470
B1313294523435N00608344EA0045800470
B1313304523435N00608344EA0045800470
B1313314523435N00608344EA0045800470
B1313324523435N00608344EA0045800470
B1313334523435N00608344EA0045800470
B1313344523435N00608344EA0045800470
B1313354523435N00608344EA0045800470
B1313364523435N00608344EA0045800470
B1313374523435N00608344EA0045800470
B1313384523435N00608344EA0045800470
B1313394523435N00608344EA0045800470
B1313404523435N00608344EA0045800470
B1313414523435N00608344EA0045800470
B1313424523435N00608344EA0045800470
