AXCT FlyLog example
HFDTEDATE:210726,01
HFPLTPILOTINCHARGE:Pilote Demo
HFGTYGLIDERTYPE:Voile EN-B
HFGIDGLIDERID:
B1201004518390N00553220EA0097700989
B1201014518390N00553220EA0097800990
B1201024518390N00553220EA0097800990
B1201034518390N00553220EA0097800990
B1201044518390N00553220EA0097800990
B1201054518390N00553220EA0097800990
B1201064518390N00553220EA0097800990
B1201074518390N00553220EA0097800990
B1201084518390N00553220EA0097800990
B1201094518390N00553220EA0097800990
B1201104518390N00553220EA0097800990
B1201114518390N00553220EA0097800990
B1201124518390N00553220EA0097800990
B1201134518390N00553220EA0097800990
B1201144518390N00553220EA0097800990
B1201154518390N00553220EA0097900991
B1201164518390N00553220EA0097800990
B1201174518390N00553220EA0097800990
B1201184518390N00553220EA0097800990
B1201194518390N00553220EA0097800990
B1201204518390N00553220EA0097800990
B1201214518390N00553220EA0097800990
B1201224518390N00553220EA0097800990
B1201234518390N00553220EA0097800990
B1201244518390N00553220EA0097800990
B1201254518390N00553220EA0097800990
B1201264518390N00553220EA0097800990
B1201274518390N00553220EA0097800990
B1201284518390N00553220EA0097800990
B1201294518390N00553220EA0097800990
B1201304518385N00553221EA0097700989
B1201314518380N00553223EA0097600988
B1201324518376N00553224EA0097500987
B1201334518371N00553226EA0097400986
B1201344518366N00553228EA0097300985
B1201354518361N00553229EA0097300985
B1201364518357N00553231EA0097200984
B1201374518352N00553232EA0097200984
B1201384518347N00553234EA0097000982
B1201394518342N00553236EA0096900981
B1201404518338N00553237EA0096800980
B1201414518333N00553239EA0096700979
B1201424518328N00553241EA0096600978
B1201434518324N00553242EA0096500977
B1201444518319N00553244EA0096400976
B1201454518314N00553246EA0096300975
B1201464518309N00553247EA0096200974
B1201474518305N00553249EA0096000972
B1201484518300N00553250EA0095900971
B1201494518295N00553252EA0095800970
B1201504518290N00553253EA0095700969
B1201514518286N00553255EA0095500967
B1201524518281N00553257EA0095400966
B1201534518276N00553258EA0095400966
B1201544518271N00553260EA0095300965
B1201554518267N00553261EA0095200964
B1201564518262N00553263EA0095100963
B1201574518257N00553265EA0095000962
B1201584518252N00553267EA0095000962
B1201594518248N00553269EA0094900961
B1202004518243N00553271EA0094700959
B1202014518239N00553274EA0094700959
B1202024518234N00553276EA0094600958
B1202034518230N00553278EA0094500957
B1202044518225N00553281EA0094400956
B1202054518221N00553283EA0094300955
B1202064518216N00553286EA0094200954
B1202074518212N00553289EA0094100953
B1202084518207N00553291EA0094000952
B1202094518203N00553294EA0093900951
B1202104518198N00553296EA0093800950
B1202114518194N00553299EA0093800950
B1202124518189N00553301EA0093600948
B1202134518185N00553304EA0093500947
B1202144518180N00553307EA0093500947
B1202154518176N00553309EA0093400946
B1202164518171N00553312EA0093300945
B1202174518167N00553314EA0093200944
B1202184518162N00553316EA0093100943
B1202194518158N00553319EA0093000942
B1202204518153N00553321EA0092800940
B1202214518149N00553324EA0092700939
B1202224518144N00553327EA0092600938
B1202234518140N00553329EA0092400936
B1202244518135N00553331EA0092400936
B1202254518131N00553334EA0092200934
B1202264518126N00553336EA0092100933
B1202274518121N00553338EA0092100933
B1202284518117N00553341EA0092000932
B1202294518112N00553343EA0091900931
B1202304518108N00553345EA0091900931
B1202314518103N00553347EA0091800930
B1202324518098N00553349EA0091600928
B1202334518094N00553351EA0091600928
B1202344518089N00553354EA0091400926
B1202354518085N00553356EA0091300925
B1202364518080N00553358EA0091100923
B1202374518075N00553360EA0091000922
B1202384518071N00553362EA0090900921
B1202394518066N00553364EA0090800920
B1202404518061N00553366EA0090800920
B1202414518057N00553368EA0090700919
B1202424518052N00553370EA0090600918
B1202434518047N00553372EA0090500917
B1202444518043N00553374EA0090400916
B1202454518038N00553376EA0090300915
B1202464518033N00553378EA0090200914
B1202474518029N00553379EA0090100913
B1202484518024N00553381EA0090000912
B1202494518019N00553383EA0089900911
B1202504518015N00553385EA0089800910
B1202514518010N00553387EA0089700909
B1202524518005N00553390EA0089500907
B1202534518001N00553392EA0089400906
B1202544517996N00553394EA0089300905
B1202554517992N00553397EA0089200904
B1202564517987N00553399EA0089000902
B1202574517983N00553402EA0088900901
B1202584517978N00553405EA0088800900
B1202594517974N00553407EA0088700899
B1203004517970N00553410EA0088600898
B1203014517965N00553413EA0088500897
B1203024517961N00553416EA0088400896
B1203034517956N00553419EA0088400896
B1203044517952N00553421EA0088300895
B1203054517948N00553424EA0088100893
B1203064517943N00553427EA0088000892
B1203074517939N00553430EA0087900891
B1203084517935N00553434EA0087800890
B1203094517931N00553437EA0087600888
B1203104517927N00553441EA0087500887
B1203114517923N00553444EA0087400886
B1203124517919N00553448EA0087300885
B1203134517915N00553452EA0087100883
B1203144517911N00553455EA0087100883
B1203154517906N00553459EA0086900881
B1203164517902N00553462EA0086900881
B1203174517898N00553466EA0086800880
B1203184517894N00553469EA0086700879
B1203194517890N00553473EA0086600878
B1203204517886N00553477EA0086500877
B1203214517882N00553480EA0086400876
B1203224517878N00553483EA0086300875
B1203234517874N00553487EA0086300875
B1203244517869N00553490EA0086200874
B1203254517865N00553494EA0086100873
B1203264517861N00553495EA0086100873
B1203274517857N00553494EA0086200874
B1203284517852N00553492EA0086400876
B1203294517849N00553487EA0086500877
B1203304517846N00553481EA0086500877
B1203314517845N00553474EA0086700879
B1203324517845N00553466EA0086800880
B1203334517847N00553459EA0086900881
B1203344517849N00553452EA0087100883
B1203354517854N00553447EA0087300885
B1203364517858N00553443EA0087500887
B1203374517864N00553442EA0087600888
B1203384517869N00553442EA0087700889
B1203394517873N00553445EA0087800890
B1203404517877N00553449EA0087900891
B1203414517880N00553454EA0088000892
B1203424517881N00553460EA0088000892
B1203434517881N00553466EA0088100893
B1203444517880N00553472EA0088200894
B1203454517877N00553477EA0088300895
B1203464517873N00553480EA0088500897
B1203474517869N00553481EA0088600898
B1203484517865N00553480EA0088800900
B1203494517860N00553477EA0088900901
B1203504517857N00553472EA0089100903
B1203514517854N00553466EA0089300905
B1203524517853N00553459EA0089400906
B1203534517853N00553451EA0089600908
B1203544517855N00553444EA0089700909
B1203554517858N00553437EA0089900911
B1203564517862N00553432EA0090000912
B1203574517867N00553429EA0090000912
B1203584517872N00553427EA0090200914
B1203594517877N00553428EA0090200914
B1204004517882N00553430EA0090300915
B1204014517886N00553435EA0090500917
B1204024517888N00553440EA0090600918
B1204034517890N00553446EA0090900921
B1204044517889N00553452EA0090900921
B1204054517888N00553458EA0091100923
B1204064517885N00553462EA0091200924
B1204074517881N00553465EA0091300925
B1204084517877N00553466EA0091400926
B1204094517873N00553465EA0091600928
B1204104517868N00553462EA0091700929
B1204114517865N00553457EA0091800930
B1204124517863N00553451EA0092000932
B1204134517861N00553444EA0092100933
B1204144517862N00553436EA0092300935
B1204154517863N00553429EA0092400936
B1204164517866N00553423EA0092500937
B1204174517871N00553417EA0092600938
B1204184517875N00553414EA0092800940
B1204194517881N00553413EA0093000942
B1204204517886N00553413EA0093000942
B1204214517890N00553416EA0093100943
B1204224517894N00553420EA0093300945
B1204234517897N00553426EA0093400946
B1204244517898N00553432EA0093400946
B1204254517898N00553438EA0093500947
B1204264517896N00553444EA0093600948
B1204274517893N00553448EA0093600948
B1204284517889N00553451EA0093800950
B1204294517885N00553452EA0093800950
B1204304517881N00553451EA0093900951
B1204314517876N00553448EA0094100953
B1204324517873N00553443EA0094200954
B1204334517871N00553436EA0094300955
B1204344517870N00553429EA0094400956
B1204354517870N00553421EA0094500957
B1204364517872N00553414EA0094700959
B1204374517875N00553408EA0094800960
B1204384517879N00553403EA0094800960
B1204394517884N00553400EA0094900961
B1204404517889N00553398EA0095000962
B1204414517894N00553399EA0095200964
B1204424517899N00553402EA0095200964
B1204434517903N00553406EA0095300965
B1204444517905N00553412EA0095400966
B1204454517906N00553418EA0095600968
B1204464517906N00553424EA0095700969
B1204474517904N00553430EA0095900971
B1204484517901N00553434EA0096100973
B1204494517897N00553437EA0096200974
B1204504517893N00553437EA0096500977
B1204514517889N00553436EA0096700979
B1204524517885N00553433EA0096800980
B1204534517881N00553428EA0097000982
B1204544517879N00553421EA0097000982
B1204554517878N00553414EA0097000982
B1204564517878N00553407EA0097100983
B1204574517880N00553399EA0097200984
B1204584517883N00553393EA0097300985
B1204594517888N00553388EA0097400986
B1205004517893N00553385EA0097700989
B1205014517898N00553384EA0097800990
B1205024517903N00553385EA0097900991
B1205034517907N00553388EA0098000992
B1205044517911N00553392EA0098300995
B1205054517913N00553398EA0098300995
B1205064517915N00553404EA0098400996
B1205074517914N00553410EA0098700999
B1205084517912N00553415EA0098700999
B1205094517909N00553420EA0098901001
B1205104517905N00553422EA0099101003
B1205114517901N00553423EA0099201004
B1205124517897N00553422EA0099301005
B1205134517893N00553418EA0099401006
B1205144517889N00553413EA0099501007
B1205154517887N00553407EA0099601008
B1205164517886N00553399EA0099601008
B1205174517887N00553392EA0099601008
B1205184517889N00553384EA0099601008
B1205194517892N00553378EA0099801010
B1205204517896N00553373EA0099901011
B1205214517901N00553370EA0099901011
B1205224517906N00553369EA0100001012
B1205234517911N00553370EA0100201014
B1205244517916N00553373EA0100301015
B1205254517920N00553378EA0100401016
B1205264517922N00553384EA0100601018
B1205274517923N00553390EA0100701019
B1205284517922N00553396EA0100801020
B1205294517920N00553401EA0101001022
B1205304517917N00553405EA0101201024
B1205314517913N00553408EA0101401026
B1205324517909N00553408EA0101501027
B1205334517905N00553407EA0101701029
B1205344517901N00553404EA0101801030
B1205354517897N00553398EA0101801030
B1205364517895N00553392EA0102001032
B1205374517894N00553384EA0102101033
B1205384517895N00553377EA0102101033
B1205394517897N00553370EA0102201034
B1205404517900N00553363EA0102401036
B1205414517905N00553359EA0102401036
B1205424517910N00553356EA0102601038
B1205434517915N00553355EA0102701039
B1205444517920N00553356EA0102801040
B1205454517924N00553359EA0102901041
B1205464517928N00553364EA0103101043
B1205474517930N00553369EA0103201044
B1205484517931N00553376EA0103501047
B1205494517931N00553382EA0103501047
B1205504517929N00553387EA0103601048
B1205514517925N00553391EA0103701049
B1205524517922N00553394EA0103801050
B1205534517917N00553394EA0103901051
B1205544517913N00553392EA0104201054
B1205554517909N00553389EA0104501057
B1205564517906N00553384EA0104601058
B1205574517903N00553377EA0104701059
B1205584517903N00553370EA0104801060
B1205594517903N00553362EA0105001062
B1206004517905N00553355EA0105201064
B1206014517909N00553349EA0105301065
B1206024517913N00553344EA0105301065
B1206034517918N00553341EA0105501067
B1206044517923N00553340EA0105601068
B1206054517929N00553342EA0105801070
B1206064517933N00553345EA0105901071
B1206074517936N00553350EA0106001072
B1206084517939N00553355EA0106101073
B1206094517939N00553361EA0106201074
B1206104517939N00553368EA0106501077
B1206114517937N00553373EA0106601078
B1206124517934N00553377EA0106801080
B1206134517930N00553379EA0106801080
B1206144517925N00553379EA0106901081
B1206154517921N00553378EA0107001082
B1206164517917N00553374EA0107101083
B1206174517912N00553370EA0107001082
B1206184517908N00553366EA0106901081
B1206194517903N00553362EA0106801080
B1206204517899N00553358EA0106701079
B1206214517894N00553354EA0106701079
B1206224517890N00553350EA0106601078
B1206234517886N00553346EA0106501077
B1206244517881N00553342EA0106301075
B1206254517876N00553339EA0106101073
B1206264517872N00553335EA0106001072
B1206274517867N00553331EA0105901071
B1206284517863N00553327EA0105801070
B1206294517858N00553323EA0105701069
B1206304517854N00553320EA0105601068
B1206314517849N00553315EA0105501067
B1206324517845N00553311EA0105401066
B1206334517841N00553307EA0105201064
B1206344517836N00553302EA0105001062
B1206354517832N00553298EA0105001062
B1206364517828N00553294EA0104901061
B1206374517823N00553290EA0104801060
B1206384517819N00553286EA0104701059
B1206394517814N00553281EA0104601058
B1206404517810N00553277EA0104501057
B1206414517805N00553274EA0104401056
B1206424517801N00553270EA0104301055
B1206434517796N00553266EA0104201054
B1206444517792N00553262EA0104101053
B1206454517787N00553258EA0104001052
B1206464517783N00553255EA0103901051
B1206474517778N00553250EA0103801050
B1206484517774N00553246EA0103701049
B1206494517769N00553242EA0103601048
B1206504517765N00553238EA0103501047
B1206514517760N00553234EA0103401046
B1206524517756N00553230EA0103301045
B1206534517752N00553226EA0103101043
B1206544517747N00553222EA0103101043
B1206554517743N00553218EA0102901041
B1206564517738N00553214EA0102801040
B1206574517734N00553210EA0102701039
B1206584517729N00553206EA0102601038
B1206594517725N00553202EA0102401036
B1207004517720N00553198EA0102301035
B1207014517716N00553194EA0102301035
B1207024517711N00553190EA0102201034
B1207034517707N00553186EA0102101033
B1207044517703N00553182EA0102001032
B1207054517698N00553178EA0101901031
B1207064517694N00553174EA0101801030
B1207074517689N00553170EA0101601028
B1207084517685N00553166EA0101501027
B1207094517680N00553162EA0101401026
B1207104517676N00553158EA0101301025
B1207114517671N00553154EA0101101023
B1207124517667N00553150EA0101001022
B1207134517662N00553146EA0100901021
B1207144517658N00553142EA0100801020
B1207154517653N00553138EA0100701019
B1207164517649N00553134EA0100501017
B1207174517645N00553130EA0100301015
B1207184517640N00553125EA0100201014
B1207194517636N00553120EA0100101013
B1207204517632N00553116EA0100001012
B1207214517628N00553111EA0099801010
B1207224517623N00553107EA0099701009
B1207234517619N00553102EA0099601008
B1207244517615N00553097EA0099501007
B1207254517611N00553092EA0099301005
B1207264517607N00553087EA0099201004
B1207274517603N00553082EA0099101003
B1207284517599N00553077EA0098901001
B1207294517595N00553072EA0098801000
B1207304517590N00553068EA0098700999
B1207314517586N00553063EA0098600998
B1207324517582N00553058EA0098600998
B1207334517578N00553053EA0098500997
B1207344517574N00553049EA0098300995
B1207354517569N00553045EA0098200994
B1207364517565N00553040EA0098000992
B1207374517560N00553036EA0097900991
B1207384517556N00553032EA0097800990
B1207394517552N00553027EA0097700989
B1207404517548N00553023EA0097500987
B1207414517543N00553018EA0097400986
B1207424517539N00553013EA0097300985
B1207434517535N00553009EA0097100983
B1207444517531N00553005EA0096900981
B1207454517526N00553000EA0096900981
B1207464517522N00552996EA0096800980
B1207474517518N00552992EA0096600978
B1207484517513N00552987EA0096500977
B1207494517509N00552983EA0096400976
B1207504517505N00552978EA0096200974
B1207514517500N00552974EA0096100973
B1207524517496N00552970EA0096000972
B1207534517492N00552965EA0095900971
B1207544517487N00552961EA0095800970
B1207554517483N00552956EA0095700969
B1207564517479N00552951EA0095600968
B1207574517475N00552947EA0095500967
B1207584517470N00552942EA0095500967
B1207594517466N00552938EA0095300965
B1208004517462N00552933EA0095200964
B1208014517457N00552929EA0095100963
B1208024517453N00552925EA0095100963
B1208034517448N00552921EA0095000962
B1208044517444N00552917EA0094800960
B1208054517439N00552913EA0094700959
B1208064517435N00552909EA0094600958
B1208074517430N00552905EA0094500957
B1208084517426N00552901EA0094500957
B1208094517421N00552898EA0094400956
B1208104517417N00552894EA0094200954
B1208114517412N00552891EA0094100953
B1208124517408N00552887EA0094000952
B1208134517403N00552884EA0093900951
B1208144517398N00552880EA0093800950
B1208154517394N00552877EA0093700949
B1208164517389N00552874EA0093500947
B1208174517384N00552872EA0093500947
B1208184517379N00552869EA0093400946
B1208194517374N00552866EA0093300945
B1208204517370N00552863EA0093100943
B1208214517365N00552860EA0093000942
B1208224517360N00552857EA0092900941
B1208234517355N00552854EA0092800940
B1208244517351N00552851EA0092600938
B1208254517346N00552848EA0092400936
B1208264517341N00552845EA0092300935
B1208274517336N00552843EA0092200934
B1208284517332N00552840EA0092200934
B1208294517327N00552837EA0092100933
B1208304517322N00552835EA0092000932
B1208314517317N00552833EA0091800930
B1208324517312N00552831EA0091700929
B1208334517307N00552828EA0091600928
B1208344517302N00552826EA0091500927
B1208354517298N00552823EA0091400926
B1208364517293N00552821EA0091300925
B1208374517288N00552818EA0091300925
B1208384517283N00552815EA0091100923
B1208394517278N00552812EA0091000922
B1208404517274N00552810EA0090900921
B1208414517269N00552807EA0090800920
B1208424517264N00552804EA0090700919
B1208434517259N00552801EA0090500917
B1208444517254N00552798EA0090400916
B1208454517250N00552795EA0090200914
B1208464517245N00552793EA0090100913
B1208474517240N00552790EA0090000912
B1208484517235N00552787EA0089900911
B1208494517230N00552785EA0089800910
B1208504517226N00552782EA0089600908
B1208514517221N00552779EA0089600908
B1208524517216N00552777EA0089500907
B1208534517211N00552774EA0089300905
B1208544517206N00552771EA0089100903
B1208554517202N00552769EA0089000902
B1208564517197N00552766EA0088800900
B1208574517192N00552763EA0088700899
B1208584517187N00552760EA0088700899
B1208594517183N00552757EA0088600898
B1209004517178N00552754EA0088600898
B1209014517173N00552750EA0088500897
B1209024517168N00552747EA0088400896
B1209034517164N00552744EA0088300895
B1209044517159N00552741EA0088200894
B1209054517154N00552738EA0088000892
B1209064517149N00552735EA0087900891
B1209074517145N00552732EA0087800890
B1209084517140N00552729EA0087700889
B1209094517135N00552726EA0087500887
B1209104517131N00552723EA0087400886
B1209114517126N00552720EA0087300885
B1209124517121N00552717EA0087200884
B1209134517117N00552713EA0087000882
B1209144517112N00552710EA0087000882
B1209154517107N00552707EA0086900881
B1209164517104N00552702EA0087100883
B1209174517101N00552696EA0087300885
B1209184517100N00552689EA0087500887
B1209194517100N00552681EA0087700889
B1209204517102N00552674EA0087900891
B1209214517105N00552667EA0088000892
B1209224517109N00552662EA0088300895
B1209234517114N00552658EA0088600898
B1209244517119N00552657EA0088700899
B1209254517124N00552658EA0088900901
B1209264517129N00552660EA0089100903
B1209274517132N00552664EA0089300905
B1209284517135N00552670EA0089400906
B1209294517136N00552676EA0089700909
B1209304517136N00552682EA0090000912
B1209314517135N00552688EA0090200914
B1209324517132N00552692EA0090300915
B1209334517128N00552695EA0090400916
B1209344517124N00552696EA0090600918
B1209354517119N00552695EA0090900921
B1209364517115N00552692EA0091100923
B1209374517112N00552687EA0091300925
B1209384517109N00552681EA0091500927
B1209394517108N00552674EA0091800930
B1209404517108N00552666EA0092000932
B1209414517110N00552659EA0092200934
B1209424517113N00552652EA0092400936
B1209434517117N00552647EA0092600938
B1209444517122N00552644EA0092800940
B1209454517127N00552642EA0093100943
B1209464517132N00552643EA0093200944
B1209474517137N00552646EA0093400946
B1209484517141N00552650EA0093700949
B1209494517143N00552656EA0093800950
B1209504517145N00552662EA0094000952
B1209514517144N00552668EA0094400956
B1209524517143N00552673EA0094600958
B1209534517140N00552678EA0094800960
B1209544517136N00552681EA0095000962
B1209554517132N00552682EA0095100963
B1209564517127N00552681EA0095400966
B1209574517123N00552677EA0095700969
B1209584517120N00552672EA0095800970
B1209594517117N00552666EA0096100973
B1210004517116N00552659EA0096300975
B1210014517117N00552651EA0096500977
B1210024517118N00552644EA0096600978
B1210034517122N00552638EA0096800980
B1210044517126N00552633EA0096900981
B1210054517131N00552629EA0097000982
B1210064517136N00552628EA0097400986
B1210074517141N00552629EA0097700989
B1210084517146N00552632EA0097900991
B1210094517149N00552636EA0098000992
B1210104517152N00552641EA0098300995
B1210114517153N00552648EA0098400996
B1210124517153N00552654EA0098700999
B1210134517151N00552659EA0098901001
B1210144517148N00552664EA0099101003
B1210154517144N00552666EA0099301005
B1210164517140N00552667EA0099501007
B1210174517135N00552666EA0099701009
B1210184517131N00552663EA0099801010
B1210194517128N00552658EA0100001012
B1210204517126N00552651EA0100201014
B1210214517125N00552644EA0100601018
B1210224517125N00552636EA0100801020
B1210234517127N00552629EA0101101023
B1210244517130N00552623EA0101301025
B1210254517134N00552618EA0101501027
B1210264517139N00552615EA0101701029
B1210274517144N00552614EA0102001032
B1210284517150N00552614EA0102101033
B1210294517154N00552617EA0102401036
B1210304517158N00552622EA0102601038
B1210314517160N00552627EA0102801040
B1210324517161N00552633EA0103001042
B1210334517161N00552640EA0103101043
B1210344517159N00552645EA0103301045
B1210354517156N00552649EA0103601048
B1210364517152N00552652EA0103801050
B1210374517148N00552653EA0104101053
B1210384517143N00552651EA0104401056
B1210394517139N00552648EA0104701059
B1210404517136N00552643EA0105001062
B1210414517134N00552636EA0105101063
B1210424517133N00552629EA0105401066
B1210434517133N00552622EA0105601068
B1210444517135N00552614EA0105801070
B1210454517139N00552608EA0106101073
B1210464517143N00552603EA0106301075
B1210474517148N00552600EA0106501077
B1210484517153N00552599EA0106701079
B1210494517158N00552600EA0107001082
B1210504517163N00552603EA0107201084
B1210514517166N00552608EA0107501087
B1210524517169N00552613EA0107801090
B1210534517169N00552619EA0108001092
B1210544517169N00552625EA0108201094
B1210554517167N00552631EA0108401096
B1210564517164N00552635EA0108601098
B1210574517160N00552638EA0109001102
B1210584517156N00552638EA0109201104
B1210594517151N00552637EA0109401106
B1211004517147N00552633EA0109501107
B1211014517144N00552628EA0109601108
B1211024517142N00552622EA0109801110
B1211034517141N00552614EA0110001112
B1211044517142N00552607EA0110201114
B1211054517144N00552599EA0110501117
B1211064517147N00552593EA0110701119
B1211074517151N00552588EA0111001122
B1211084517156N00552586EA0111201124
B1211094517162N00552585EA0111401126
B1211104517167N00552586EA0111601128
B1211114517171N00552589EA0111801130
B1211124517175N00552593EA0112101133
B1211134517177N00552599EA0112201134
B1211144517178N00552605EA0112501137
B1211154517177N00552611EA0112701139
B1211164517175N00552617EA0112901141
B1211174517172N00552621EA0113101143
B1211184517168N00552623EA0113401146
B1211194517164N00552624EA0113601148
B1211204517159N00552622EA0113901151
B1211214517155N00552619EA0114201154
B1211224517152N00552613EA0114401156
B1211234517150N00552607EA0114501157
B1211244517149N00552599EA0114701159
B1211254517150N00552592EA0114901161
B1211264517152N00552585EA0115101163
B1211274517155N00552578EA0115401166
B1211284517160N00552574EA0115601168
B1211294517165N00552571EA0115801170
B1211304517170N00552570EA0116101173
B1211314517175N00552571EA0116301175
B1211324517180N00552575EA0116501177
B1211334517183N00552579EA0116701179
B1211344517185N00552585EA0117001182
B1211354517186N00552591EA0117201184
B1211364517185N00552597EA0117501187
B1211374517183N00552603EA0117701189
B1211384517180N00552607EA0117801190
B1211394517176N00552609EA0118101193
B1211404517172N00552609EA0118401196
B1211414517168N00552608EA0118701199
B1211424517164N00552604EA0118801200
B1211434517160N00552599EA0119101203
B1211444517158N00552592EA0119301205
B1211454517158N00552584EA0119501207
B1211464517158N00552577EA0119801210
B1211474517161N00552570EA0119801210
B1211484517164N00552564EA0120001212
B1211494517168N00552559EA0120301215
B1211504517173N00552556EA0120501217
B1211514517179N00552556EA0120701219
B1211524517184N00552557EA0121001222
B1211534517188N00552560EA0121201224
B1211544517191N00552565EA0121401226
B1211554517194N00552571EA0121501227
B1211564517194N00552577EA0121601228
B1211574517194N00552583EA0121801230
B1211584517192N00552588EA0122101233
B1211594517188N00552592EA0122401236
B1212004517184N00552594EA0122501237
B1212014517180N00552595EA0122701239
B1212024517176N00552593EA0122801240
B1212034517172N00552589EA0123101243
B1212044517168N00552584EA0123201244
B1212054517167N00552577EA0123501247
B1212064517166N00552570EA0123601248
B1212074517167N00552562EA0123901251
B1212084517169N00552555EA0124301255
B1212094517172N00552549EA0124501257
B1212104517177N00552544EA0124801260
B1212114517182N00552542EA0125001262
B1212124517187N00552541EA0125301265
B1212134517192N00552543EA0125601268
B1212144517197N00552546EA0125801270
B1212154517200N00552551EA0126001272
B1212164517202N00552557EA0126301275
B1212174517203N00552563EA0126501277
B1212184517202N00552569EA0126801280
B1212194517200N00552574EA0127001282
B1212204517196N00552578EA0127301285
B1212214517192N00552580EA0127401286
B1212224517188N00552580EA0127601288
B1212234517184N00552578EA0127901291
B1212244517180N00552574EA0128101293
B1212254517177N00552569EA0128401296
B1212264517175N00552562EA0128601298
B1212274517174N00552555EA0128801300
B1212284517175N00552547EA0129001302
B1212294517177N00552540EA0129301305
B1212304517181N00552534EA0129501307
B1212314517185N00552530EA0129601308
B1212324517191N00552527EA0129801310
B1212334517196N00552527EA0130101313
B1212344517201N00552529EA0130301315
B1212354517205N00552532EA0130601318
B1212364517208N00552537EA0130701319
B1212374517210N00552543EA0130701319
B1212384517211N00552549EA0131101323
B1212394517210N00552555EA0131301325
B1212404517208N00552560EA0131501327
B1212414517204N00552564EA0131801330
B1212424517200N00552566EA0132101333
B1212434517196N00552566EA0132401336
B1212444517192N00552564EA0132501337
B1212454517188N00552560EA0132901341
B1212464517185N00552554EA0133301345
B1212474517183N00552547EA0133501347
B1212484517182N00552540EA0133701349
B1212494517183N00552532EA0133801350
B1212504517186N00552525EA0134001352
B1212514517189N00552519EA0134101353
B1212524517194N00552515EA0134401356
B1212534517199N00552513EA0134501357
B1212544517204N00552513EA0134801360
B1212554517209N00552514EA0135001362
B1212564517214N00552518EA0135201364
B1212574517217N00552523EA0135401366
B1212584517219N00552529EA0135601368
B1212594517219N00552535EA0135901371
B1213004517218N00552541EA0136101373
B1213014517216N00552546EA0136301375
B1213024517213N00552549EA0136601378
B1213034517208N00552551EA0136701379
B1213044517204N00552551EA0136901381
B1213054517200N00552549EA0137101383
B1213064517196N00552545EA0137301385
B1213074517191N00552541EA0137201384
B1213084517187N00552536EA0137201384
B1213094517183N00552532EA0137101383
B1213104517179N00552527EA0137001382
B1213114517174N00552523EA0136901381
B1213124517170N00552518EA0136701379
B1213134517166N00552513EA0136701379
B1213144517162N00552509EA0136601378
B1213154517157N00552504EA0136501377
B1213164517153N00552500EA0136401376
B1213174517149N00552496EA0136301375
B1213184517144N00552492EA0136301375
B1213194517140N00552488EA0136201374
B1213204517135N00552484EA0136001372
B1213214517131N00552479EA0135901371
B1213224517126N00552475EA0135801370
B1213234517122N00552471EA0135701369
B1213244517118N00552467EA0135601368
B1213254517113N00552463EA0135401366
B1213264517109N00552458EA0135301365
B1213274517104N00552454EA0135201364
B1213284517100N00552450EA0135101363
B1213294517096N00552446EA0135001362
B1213304517091N00552442EA0134901361
B1213314517087N00552438EA0134801360
B1213324517082N00552434EA0134801360
B1213334517078N00552430EA0134701359
B1213344517073N00552426EA0134601358
B1213354517069N00552423EA0134501357
B1213364517064N00552420EA0134501357
B1213374517059N00552416EA0134401356
B1213384517055N00552413EA0134301355
B1213394517050N00552409EA0134201354
B1213404517045N00552405EA0134001352
B1213414517041N00552402EA0133901351
B1213424517036N00552398EA0133801350
B1213434517032N00552394EA0133701349
B1213444517027N00552391EA0133501347
B1213454517023N00552387EA0133401346
B1213464517018N00552383EA0133201344
B1213474517014N00552379EA0133101343
B1213484517009N00552376EA0132901341
B1213494517004N00552372EA0132801340
B1213504517000N00552369EA0132701339
B1213514516995N00552365EA0132601338
B1213524516991N00552361EA0132401336
B1213534516986N00552358EA0132301335
B1213544516981N00552354EA0132201334
B1213554516977N00552350EA0132201334
B1213564516972N00552347EA0132001332
B1213574516968N00552343EA0131901331
B1213584516963N00552339EA0131801330
B1213594516959N00552336EA0131701329
B1214004516954N00552333EA0131601328
B1214014516949N00552330EA0131401326
B1214024516944N00552327EA0131401326
B1214034516939N00552325EA0131301325
B1214044516935N00552323EA0131301325
B1214054516930N00552320EA0131101323
B1214064516925N00552318EA0131101323
B1214074516920N00552316EA0131001322
B1214084516915N00552314EA0130801320
B1214094516910N00552312EA0130701319
B1214104516905N00552310EA0130601318
B1214114516900N00552308EA0130601318
B1214124516895N00552306EA0130401316
B1214134516890N00552304EA0130301315
B1214144516885N00552302EA0130201314
B1214154516881N00552300EA0130101313
B1214164516876N00552298EA0129901311
B1214174516871N00552297EA0129801310
B1214184516866N00552295EA0129601308
B1214194516861N00552293EA0129601308
B1214204516856N00552292EA0129401306
B1214214516851N00552290EA0129201304
B1214224516846N00552288EA0129101303
B1214234516841N00552287EA0129001302
B1214244516836N00552285EA0128901301
B1214254516831N00552284EA0128701299
B1214264516826N00552283EA0128601298
B1214274516821N00552282EA0128501297
B1214284516816N00552280EA0128401296
B1214294516811N00552279EA0128301295
B1214304516806N00552278EA0128101293
B1214314516801N00552277EA0128101293
B1214324516796N00552276EA0128001292
B1214334516791N00552275EA0127901291
B1214344516786N00552274EA0127801290
B1214354516781N00552273EA0127701289
B1214364516776N00552272EA0127701289
B1214374516771N00552271EA0127501287
B1214384516766N00552270EA0127401286
B1214394516761N00552269EA0127401286
B1214404516756N00552268EA0127201284
B1214414516751N00552267EA0127101283
B1214424516746N00552267EA0127001282
B1214434516741N00552266EA0126901281
B1214444516736N00552265EA0126801280
B1214454516731N00552264EA0126701279
B1214464516726N00552263EA0126601278
B1214474516721N00552262EA0126501277
B1214484516716N00552261EA0126401276
B1214494516711N00552260EA0126301275
B1214504516706N00552259EA0126101273
B1214514516701N00552258EA0126001272
B1214524516696N00552257EA0125901271
B1214534516691N00552257EA0125801270
B1214544516686N00552256EA0125701269
B1214554516681N00552256EA0125501267
B1214564516676N00552256EA0125401266
B1214574516671N00552256EA0125301265
B1214584516666N00552256EA0125101263
B1214594516661N00552257EA0125001262
B1215004516656N00552257EA0124901261
B1215014516652N00552258EA0124801260
B1215024516647N00552258EA0124801260
B1215034516642N00552259EA0124601258
B1215044516637N00552260EA0124501257
B1215054516632N00552260EA0124401256
B1215064516627N00552261EA0124301255
B1215074516622N00552262EA0124201254
B1215084516617N00552263EA0124001252
B1215094516612N00552263EA0123801250
B1215104516607N00552264EA0123801250
B1215114516603N00552265EA0123701249
B1215124516598N00552266EA0123601248
B1215134516593N00552266EA0123501247
B1215144516588N00552267EA0123401246
B1215154516583N00552267EA0123401246
B1215164516578N00552268EA0123201244
B1215174516573N00552268EA0123001242
B1215184516568N00552268EA0122901241
B1215194516563N00552269EA0122801240
B1215204516558N00552269EA0122801240
B1215214516553N00552269EA0122601238
B1215224516548N00552269EA0122501237
B1215234516543N00552269EA0122401236
B1215244516538N00552269EA0122301235
B1215254516533N00552270EA0122201234
B1215264516528N00552270EA0122001232
B1215274516523N00552270EA0121901231
B1215284516519N00552271EA0121801230
B1215294516514N00552271EA0121601228
B1215304516509N00552272EA0121501227
B1215314516504N00552272EA0121501227
B1215324516499N00552272EA0121401226
B1215334516494N00552273EA0121301225
B1215344516489N00552273EA0121101223
B1215354516484N00552274EA0121001222
B1215364516479N00552274EA0120901221
B1215374516474N00552275EA0120901221
B1215384516469N00552275EA0120701219
B1215394516464N00552276EA0120501217
B1215404516459N00552277EA0120401216
B1215414516454N00552277EA0120301215
B1215424516450N00552278EA0120201214
B1215434516445N00552278EA0120001212
B1215444516440N00552279EA0119801210
B1215454516435N00552279EA0119801210
B1215464516430N00552280EA0119701209
B1215474516425N00552280EA0119501207
B1215484516420N00552280EA0119501207
B1215494516415N00552280EA0119401206
B1215504516410N00552281EA0119301205
B1215514516405N00552281EA0119201204
B1215524516400N00552282EA0119101203
B1215534516395N00552283EA0119001202
B1215544516390N00552284EA0118801200
B1215554516386N00552285EA0118701199
B1215564516381N00552286EA0118601198
B1215574516376N00552287EA0118401196
B1215584516371N00552288EA0118301195
B1215594516366N00552289EA0118201194
B1216004516361N00552290EA0118101193
B1216014516356N00552291EA0118001192
B1216024516352N00552293EA0117901191
B1216034516347N00552294EA0117801190
B1216044516342N00552295EA0117701189
B1216054516337N00552296EA0117601188
B1216064516332N00552297EA0117601188
B1216074516327N00552297EA0117501187
B1216084516322N00552298EA0117401186
B1216094516317N00552298EA0117201184
B1216104516312N00552299EA0117101183
B1216114516308N00552299EA0117001182
B1216124516303N00552299EA0116901181
B1216134516298N00552300EA0116801180
B1216144516293N00552300EA0116601178
B1216154516288N00552301EA0116501177
B1216164516283N00552302EA0116401176
B1216174516278N00552303EA0116201174
B1216184516273N00552304EA0116001172
B1216194516268N00552305EA0116001172
B1216204516264N00552307EA0115901171
B1216214516259N00552308EA0115801170
B1216224516254N00552310EA0115601168
B1216234516249N00552312EA0115601168
B1216244516245N00552313EA0115401166
B1216254516240N00552314EA0115301165
B1216264516235N00552316EA0115101163
B1216274516230N00552317EA0115001162
B1216284516225N00552318EA0115001162
B1216294516220N00552319EA0114901161
B1216304516216N00552320EA0114801160
B1216314516211N00552321EA0114701159
B1216324516206N00552322EA0114501157
B1216334516201N00552324EA0114401156
B1216344516196N00552325EA0114201154
B1216354516191N00552326EA0114201154
B1216364516187N00552327EA0114101153
B1216374516182N00552329EA0114001152
B1216384516177N00552331EA0113901151
B1216394516172N00552332EA0113801150
B1216404516168N00552334EA0113601148
B1216414516163N00552336EA0113501147
B1216424516158N00552337EA0113401146
B1216434516154N00552339EA0113401146
B1216444516149N00552341EA0113301145
B1216454516144N00552343EA0113201144
B1216464516140N00552345EA0113001142
B1216474516135N00552346EA0113001142
B1216484516130N00552348EA0112901141
B1216494516125N00552350EA0112701139
B1216504516121N00552352EA0112601138
B1216514516116N00552354EA0112501137
B1216524516111N00552356EA0112401136
B1216534516107N00552358EA0112301135
B1216544516102N00552360EA0112201134
B1216554516098N00552362EA0112101133
B1216564516093N00552365EA0112101133
B1216574516088N00552367EA0111901131
B1216584516084N00552370EA0111901131
B1216594516079N00552372EA0111801130
B1217004516075N00552374EA0111601128
B1217014516070N00552376EA0111501127
B1217024516065N00552378EA0111301125
B1217034516061N00552380EA0111201124
B1217044516056N00552382EA0111101123
B1217054516052N00552384EA0111001122
B1217064516047N00552386EA0110801120
B1217074516042N00552388EA0110701119
B1217084516038N00552390EA0110601118
B1217094516033N00552392EA0110401116
B1217104516028N00552393EA0110301115
B1217114516023N00552395EA0110201114
B1217124516019N00552397EA0110201114
B1217134516014N00552398EA0110101113
B1217144516009N00552400EA0109901111
B1217154516004N00552401EA0109801110
B1217164516000N00552403EA0109701109
B1217174515995N00552404EA0109601108
B1217184515990N00552405EA0109501107
B1217194515985N00552406EA0109401106
B1217204515980N00552407EA0109401106
B1217214515976N00552406EA0109601108
B1217224515972N00552403EA0109801110
B1217234515968N00552398EA0110001112
B1217244515966N00552392EA0110101113
B1217254515965N00552385EA0110301115
B1217264515965N00552377EA0110501117
B1217274515967N00552370EA0110701119
B1217284515970N00552363EA0110801120
B1217294515974N00552358EA0111001122
B1217304515979N00552355EA0111301125
B1217314515984N00552354EA0111301125
B1217324515989N00552354EA0111501127
B1217334515994N00552357EA0111901131
B1217344515998N00552361EA0112001132
B1217354516000N00552367EA0112201134
B1217364516001N00552373EA0112401136
B1217374516001N00552379EA0112701139
B1217384515999N00552385EA0112801140
B1217394515996N00552389EA0113001142
B1217404515993N00552392EA0113201144
B1217414515988N00552393EA0113501147
B1217424515984N00552391EA0113701149
B1217434515980N00552388EA0114001152
B1217444515976N00552383EA0114201154
B1217454515974N00552377EA0114501157
B1217464515973N00552370EA0114701159
B1217474515973N00552362EA0114901161
B1217484515975N00552355EA0115101163
B1217494515978N00552348EA0115401166
B1217504515982N00552343EA0115601168
B1217514515987N00552340EA0115801170
B1217524515993N00552339EA0116001172
B1217534515998N00552340EA0116201174
B1217544516002N00552343EA0116301175
B1217554516006N00552347EA0116501177
B1217564516008N00552353EA0116801180
B1217574516009N00552359EA0117001182
B1217584516009N00552365EA0117201184
B1217594516007N00552370EA0117301185
B1218004516004N00552375EA0117601188
B1218014516001N00552377EA0117901191
B1218024515996N00552378EA0118001192
B1218034515992N00552377EA0118201194
B1218044515988N00552374EA0118401196
B1218054515984N00552369EA0118701199
B1218064515982N00552362EA0118701199
B1218074515981N00552355EA0118901201
B1218084515982N00552347EA0119101203
B1218094515984N00552340EA0119301205
B1218104515987N00552334EA0119501207
B1218114515991N00552329EA0119801210
B1218124515996N00552326EA0120001212
B1218134516001N00552325EA0120201214
B1218144516006N00552326EA0120301215
B1218154516011N00552329EA0120501217
B1218164516014N00552333EA0120701219
B1218174516017N00552339EA0121001222
B1218184516018N00552345EA0121201224
B1218194516017N00552351EA0121501227
B1218204516015N00552356EA0121801230
B1218214516012N00552361EA0121901231
B1218224516009N00552363EA0122301235
B1218234516004N00552364EA0122501237
B1218244516000N00552362EA0122601238
B1218254515996N00552359EA0122801240
B1218264515992N00552354EA0123001242
B1218274515990N00552347EA0123201244
B1218284515989N00552340EA0123401246
B1218294515990N00552332EA0123601248
B1218304515992N00552325EA0123801250
B1218314515995N00552319EA0123901251
B1218324516000N00552314EA0124101253
B1218334516004N00552311EA0124401256
B1218344516010N00552310EA0124701259
B1218354516015N00552311EA0125101263
B1218364516019N00552314EA0125301265
B1218374516023N00552319EA0125501267
B1218384516025N00552324EA0125801270
B1218394516026N00552331EA0126001272
B1218404516026N00552337EA0126201274
B1218414516024N00552342EA0126501277
B1218424516021N00552346EA0126701279
B1218434516017N00552349EA0126701279
B1218444516012N00552349EA0126901281
B1218454516008N00552348EA0127101283
B1218464516004N00552344EA0127501287
B1218474516001N00552339EA0127701289
B1218484515998N00552332EA0127801290
B1218494515998N00552325EA0128001292
B1218504515998N00552317EA0128201294
B1218514516000N00552310EA0128301295
B1218524516004N00552304EA0128601298
B1218534516008N00552299EA0128701299
B1218544516013N00552297EA0129001302
B1218554516018N00552296EA0129101303
B1218564516023N00552297EA0129301305
B1218574516028N00552300EA0129501307
B1218584516031N00552305EA0129701309
B1218594516034N00552310EA0129901311
B1219004516034N00552317EA0130101313
B1219014516034N00552323EA0130301315
B1219024516032N00552328EA0130401316
B1219034516029N00552332EA0130601318
B1219044516025N00552334EA0130801320
B1219054516020N00552335EA0131101323
B1219064516016N00552333EA0131201324
B1219074516012N00552329EA0131301325
B1219084516009N00552324EA0131601328
B1219094516007N00552318EA0131801330
B1219104516006N00552310EA0132001332
B1219114516007N00552303EA0132301335
B1219124516009N00552295EA0132401336
B1219134516012N00552289EA0132601338
B1219144516017N00552285EA0132701339
B1219154516022N00552282EA0132901341
B1219164516027N00552281EA0133301345
B1219174516032N00552283EA0133401346
B1219184516036N00552286EA0133501347
B1219194516040N00552291EA0133701349
B1219204516042N00552296EA0133901351
B1219214516043N00552302EA0134101353
B1219224516042N00552308EA0134301355
B1219234516040N00552314EA0134601358
B1219244516037N00552318EA0134801360
B1219254516033N00552320EA0135001362
B1219264516028N00552320EA0135201364
B1219274516024N00552319EA0135401366
B1219284516020N00552315EA0135701369
B1219294516017N00552309EA0135901371
B1219304516015N00552303EA0136001372
B1219314516014N00552295EA0136301375
B1219324516015N00552288EA0136501377
B1219334516017N00552281EA0136701379
B1219344516021N00552275EA0137001382
B1219354516025N00552270EA0137101383
B1219364516030N00552267EA0137301385
B1219374516035N00552267EA0137401386
B1219384516040N00552268EA0137701389
B1219394516045N00552272EA0137801390
B1219404516048N00552276EA0138001392
B1219414516050N00552282EA0138201394
B1219424516051N00552288EA0138401396
B1219434516050N00552294EA0138701399
B1219444516048N00552300EA0138901401
B1219454516045N00552303EA0139101403
B1219464516041N00552306EA0139401406
B1219474516036N00552306EA0139501407
B1219484516032N00552304EA0139701409
B1219494516028N00552300EA0140001412
B1219504516025N00552295EA0140101413
B1219514516023N00552288EA0140401416
B1219524516022N00552280EA0140601418
B1219534516023N00552273EA0140801420
B1219544516026N00552266EA0141001422
B1219554516029N00552260EA0141201424
B1219564516034N00552255EA0141401426
B1219574516039N00552253EA0141601428
B1219584516044N00552252EA0141901431
B1219594516049N00552254EA0142101433
B1220004516053N00552257EA0142301435
B1220014516057N00552262EA0142301435
B1220024516059N00552268EA0142601438
B1220034516059N00552274EA0142901441
B1220044516058N00552280EA0143101443
B1220054516056N00552285EA0143301445
B1220064516053N00552289EA0143401446
B1220074516049N00552291EA0143501447
B1220084516044N00552291EA0143801450
B1220094516040N00552289EA0144201454
B1220104516036N00552285EA0144401456
B1220114516033N00552280EA0144701459
B1220124516031N00552273EA0145001462
B1220134516031N00552265EA0145201464
B1220144516032N00552258EA0145301465
B1220154516034N00552251EA0145601468
B1220164516038N00552245EA0145801470
B1220174516042N00552241EA0146001472
B1220184516047N00552238EA0146201474
B1220194516053N00552238EA0146501477
B1220204516057N00552240EA0146701479
B1220214516062N00552243EA0146701479
B1220224516065N00552248EA0147001482
B1220234516067N00552254EA0147101483
B1220244516067N00552260EA0147301485
B1220254516066N00552266EA0147501487
B1220264516064N00552271EA0147701489
B1220274516061N00552275EA0148001492
B1220284516057N00552277EA0148201494
B1220294516052N00552277EA0148401496
B1220304516048N00552275EA0148601498
B1220314516044N00552271EA0148801500
B1220324516041N00552265EA0149001502
B1220334516039N00552258EA0149101503
B1220344516039N00552251EA0149301505
B1220354516040N00552243EA0149601508
B1220364516043N00552236EA0149901511
B1220374516046N00552230EA0150101513
B1220384516051N00552226EA0150501517
B1220394516056N00552224EA0150701519
B1220404516061N00552224EA0151001522
B1220414516066N00552225EA0151101523
B1220424516070N00552229EA0151401526
B1220434516073N00552234EA0151601528
B1220444516075N00552240EA0151801530
B1220454516076N00552246EA0152001532
B1220464516075N00552252EA0152101533
B1220474516072N00552257EA0152201534
B1220484516069N00552261EA0152301535
B1220494516065N00552262EA0152501537
B1220504516060N00552265EA0152401536
B1220514516056N00552267EA0152301535
B1220524516051N00552269EA0152201534
B1220534516047N00552272EA0152101533
B1220544516042N00552274EA0151901531
B1220554516038N00552277EA0151801530
B1220564516033N00552279EA0151701529
B1220574516029N00552282EA0151601528
B1220584516024N00552285EA0151601528
B1220594516020N00552288EA0151501527
B1221004516015N00552290EA0151301525
B1221014516011N00552293EA0151301525
B1221024516007N00552296EA0151201524
B1221034516002N00552299EA0151101523
B1221044515998N00552301EA0151001522
B1221054515993N00552304EA0150901521
B1221064515989N00552307EA0150801520
B1221074515985N00552311EA0150701519
B1221084515981N00552314EA0150501517
B1221094515976N00552317EA0150401516
B1221104515972N00552320EA0150201514
B1221114515968N00552324EA0150101513
B1221124515964N00552327EA0150001512
B1221134515959N00552330EA0149901511
B1221144515955N00552333EA0149801510
B1221154515951N00552336EA0149701509
B1221164515947N00552339EA0149601508
B1221174515942N00552342EA0149501507
B1221184515938N00552345EA0149401506
B1221194515934N00552349EA0149201504
B1221204515929N00552352EA0149201504
B1221214515925N00552355EA0149101503
B1221224515921N00552358EA0149001502
B1221234515917N00552361EA0148901501
B1221244515912N00552364EA0148801500
B1221254515908N00552368EA0148601498
B1221264515904N00552371EA0148501497
B1221274515900N00552374EA0148401496
B1221284515895N00552377EA0148301495
B1221294515891N00552381EA0148101493
B1221304515887N00552384EA0148001492
B1221314515883N00552388EA0147901491
B1221324515879N00552391EA0147801490
B1221334515875N00552395EA0147701489
B1221344515871N00552398EA0147601488
B1221354515866N00552401EA0147401486
B1221364515862N00552405EA0147301485
B1221374515858N00552408EA0147201484
B1221384515854N00552412EA0147101483
B1221394515850N00552415EA0147001482
B1221404515846N00552419EA0146901481
B1221414515842N00552423EA0146801480
B1221424515838N00552427EA0146601478
B1221434515834N00552431EA0146501477
B1221444515830N00552435EA0146401476
B1221454515827N00552439EA0146201474
B1221464515823N00552443EA0146101473
B1221474515819N00552447EA0146101473
B1221484515815N00552451EA0146001472
B1221494515811N00552455EA0145901471
B1221504515807N00552458EA0145701469
B1221514515803N00552462EA0145701469
B1221524515799N00552466EA0145501467
B1221534515795N00552470EA0145401466
B1221544515791N00552474EA0145301465
B1221554515787N00552478EA0145201464
B1221564515783N00552482EA0145101463
B1221574515779N00552486EA0145001462
B1221584515775N00552489EA0144901461
B1221594515771N00552493EA0144901461
B1222004515767N00552497EA0144801460
B1222014515763N00552501EA0144601458
B1222024515759N00552504EA0144501457
B1222034515755N00552508EA0144401456
B1222044515751N00552511EA0144301455
B1222054515747N00552515EA0144201454
B1222064515743N00552519EA0144101453
B1222074515739N00552522EA0143901451
B1222084515735N00552526EA0143801450
B1222094515731N00552529EA0143701449
B1222104515726N00552532EA0143601448
B1222114515722N00552536EA0143501447
B1222124515718N00552539EA0143301445
B1222134515714N00552542EA0143201444
B1222144515710N00552546EA0143201444
B1222154515706N00552549EA0143201444
B1222164515701N00552553EA0143001442
B1222174515697N00552556EA0142901441
B1222184515693N00552560EA0142801440
B1222194515689N00552563EA0142701439
B1222204515685N00552566EA0142601438
B1222214515681N00552570EA0142501437
B1222224515676N00552573EA0142401436
B1222234515672N00552576EA0142301435
B1222244515668N00552580EA0142101433
B1222254515664N00552583EA0142001432
B1222264515660N00552586EA0141901431
B1222274515655N00552590EA0141801430
B1222284515651N00552593EA0141601428
B1222294515647N00552596EA0141601428
B1222304515643N00552599EA0141401426
B1222314515638N00552602EA0141301425
B1222324515634N00552604EA0141201424
B1222334515629N00552605EA0141201424
B1222344515625N00552603EA0141301425
B1222354515621N00552599EA0141401426
B1222364515618N00552594EA0141501427
B1222374515616N00552587EA0141601428
B1222384515615N00552580EA0141701429
B1222394515616N00552572EA0141801430
B1222404515618N00552565EA0142001432
B1222414515621N00552559EA0142101433
B1222424515626N00552555EA0142101433
B1222434515631N00552552EA0142401436
B1222444515636N00552551EA0142501437
B1222454515641N00552553EA0142501437
B1222464515645N00552556EA0142701439
B1222474515649N00552560EA0142701439
B1222484515651N00552566EA0142901441
B1222494515652N00552572EA0142901441
B1222504515651N00552578EA0143101443
B1222514515649N00552584EA0143101443
B1222524515646N00552588EA0143201444
B1222534515642N00552590EA0143201444
B1222544515637N00552590EA0143301445
B1222554515633N00552588EA0143301445
B1222564515629N00552585EA0143301445
B1222574515626N00552579EA0143501447
B1222584515624N00552573EA0143501447
B1222594515623N00552565EA0143701449
B1223004515624N00552558EA0143801450
B1223014515626N00552551EA0143801450
B1223024515630N00552544EA0143901451
B1223034515634N00552540EA0144101453
B1223044515639N00552537EA0144201454
B1223054515644N00552537EA0144301455
B1223064515649N00552538EA0144401456
B1223074515654N00552541EA0144401456
B1223084515657N00552546EA0144501457
B1223094515659N00552552EA0144601458
B1223104515660N00552558EA0144801460
B1223114515659N00552564EA0144701459
B1223124515657N00552569EA0144801460
B1223134515654N00552573EA0144901461
B1223144515650N00552576EA0145101463
B1223154515645N00552576EA0145101463
B1223164515641N00552574EA0145301465
B1223174515637N00552570EA0145301465
B1223184515634N00552564EA0145401466
B1223194515632N00552558EA0145501467
B1223204515631N00552550EA0145501467
B1223214515632N00552543EA0145501467
B1223224515635N00552536EA0145601468
B1223234515638N00552530EA0145701469
B1223244515643N00552525EA0145701469
B1223254515648N00552523EA0145901471
B1223264515653N00552522EA0146201474
B1223274515658N00552524EA0146201474
B1223284515662N00552527EA0146501477
B1223294515666N00552532EA0146501477
B1223304515668N00552538EA0146501477
B1223314515668N00552544EA0146501477
B1223324515667N00552550EA0146601478
B1223334515665N00552555EA0146601478
B1223344515662N00552559EA0146701479
B1223354515658N00552561EA0146901481
B1223364515653N00552561EA0147001482
B1223374515649N00552559EA0147201484
B1223384515645N00552555EA0147301485
B1223394515642N00552550EA0147401486
B1223404515640N00552543EA0147401486
B1223414515640N00552535EA0147501487
B1223424515641N00552528EA0147601488
B1223434515643N00552521EA0147601488
B1223444515647N00552515EA0147801490
B1223454515651N00552511EA0147801490
B1223464515656N00552508EA0147901491
B1223474515662N00552508EA0148001492
B1223484515666N00552510EA0148201494
B1223494515671N00552513EA0148201494
B1223504515674N00552518EA0148401496
B1223514515676N00552524EA0148501497
B1223524515676N00552530EA0148601498
B1223534515675N00552536EA0148701499
B1223544515673N00552541EA0148801500
B1223554515670N00552545EA0148801500
B1223564515666N00552547EA0149001502
B1223574515661N00552547EA0149001502
B1223584515657N00552545EA0149101503
B1223594515653N00552541EA0149401506
B1224004515650N00552535EA0149401506
B1224014515648N00552528EA0149401506
B1224024515648N00552521EA0149601508
B1224034515649N00552513EA0149801510
B1224044515652N00552506EA0149901511
B1224054515655N00552500EA0150001512
B1224064515660N00552496EA0150101513
B1224074515665N00552494EA0150101513
B1224084515670N00552494EA0150301515
B1224094515675N00552495EA0150401516
B1224104515679N00552499EA0150601518
B1224114515682N00552504EA0150601518
B1224124515684N00552510EA0150701519
B1224134515685N00552516EA0151001522
B1224144515684N00552522EA0151001522
B1224154515681N00552527EA0151101523
B1224164515678N00552530EA0151301525
B1224174515674N00552532EA0151501527
B1224184515669N00552532EA0151501527
B1224194515665N00552530EA0151701529
B1224204515661N00552526EA0151801530
B1224214515658N00552520EA0151701529
B1224224515657N00552513EA0151801530
B1224234515656N00552506EA0151901531
B1224244515657N00552498EA0152001532
B1224254515660N00552491EA0152101533
B1224264515664N00552486EA0152201534
B1224274515668N00552481EA0152301535
B1224284515673N00552479EA0152401536
B1224294515679N00552479EA0152501537
B1224304515684N00552481EA0152601538
B1224314515688N00552485EA0152701539
B1224324515691N00552490EA0152901541
B1224334515693N00552496EA0153001542
B1224344515693N00552502EA0153101543
B1224354515692N00552508EA0153201544
B1224364515689N00552513EA0153201544
B1224374515686N00552516EA0153201544
B1224384515682N00552518EA0153201544
B1224394515677N00552518EA0153201544
B1224404515673N00552515EA0153201544
B1224414515669N00552511EA0153301545
B1224424515666N00552505EA0153401546
B1224434515665N00552498EA0153501547
B1224444515665N00552491EA0153501547
B1224454515666N00552483EA0153701549
B1224464515668N00552476EA0153801550
B1224474515672N00552471EA0154001552
B1224484515677N00552467EA0154201554
B1224494515682N00552465EA0154301555
B1224504515687N00552465EA0154401556
B1224514515692N00552467EA0154501557
B1224524515696N00552470EA0154501557
B1224534515699N00552476EA0154601558
B1224544515701N00552481EA0154801560
B1224554515701N00552488EA0154801560
B1224564515700N00552494EA0155001562
B1224574515698N00552498EA0155101563
B1224584515694N00552502EA0155201564
B1224594515690N00552504EA0155401566
B1225004515685N00552503EA0155501567
B1225014515681N00552501EA0155601568
B1225024515676N00552498EA0155501567
B1225034515671N00552496EA0155401566
B1225044515667N00552493EA0155301565
B1225054515662N00552490EA0155201564
B1225064515657N00552487EA0155101563
B1225074515652N00552485EA0154901561
B1225084515647N00552482EA0154801560
B1225094515643N00552480EA0154701559
B1225104515638N00552477EA0154501557
B1225114515633N00552474EA0154401556
B1225124515628N00552471EA0154301555
B1225134515624N00552468EA0154201554
B1225144515619N00552464EA0154101553
B1225154515614N00552461EA0153901551
B1225164515610N00552458EA0153901551
B1225174515605N00552455EA0153801550
B1225184515600N00552451EA0153701549
B1225194515595N00552448EA0153601548
B1225204515591N00552445EA0153501547
B1225214515586N00552443EA0153301545
B1225224515581N00552440EA0153201544
B1225234515576N00552437EA0153101543
B1225244515571N00552435EA0153001542
B1225254515567N00552432EA0152801540
B1225264515562N00552430EA0152701539
B1225274515557N00552428EA0152601538
B1225284515552N00552426EA0152501537
B1225294515547N00552424EA0152401536
B1225304515542N00552421EA0152201534
B1225314515537N00552419EA0152101533
B1225324515532N00552416EA0152001532
B1225334515528N00552414EA0151901531
B1225344515523N00552413EA0151801530
B1225354515518N00552411EA0151701529
B1225364515513N00552409EA0151701529
B1225374515508N00552407EA0151601528
B1225384515503N00552404EA0151401526
B1225394515498N00552402EA0151301525
B1225404515493N00552399EA0151101523
B1225414515489N00552397EA0151101523
B1225424515484N00552394EA0150901521
B1225434515479N00552391EA0150801520
B1225444515474N00552388EA0150601518
B1225454515469N00552385EA0150501517
B1225464515465N00552383EA0150401516
B1225474515460N00552380EA0150301515
B1225484515455N00552378EA0150201514
B1225494515450N00552375EA0150001512
B1225504515445N00552373EA0149901511
B1225514515440N00552370EA0149701509
B1225524515436N00552367EA0149601508
B1225534515431N00552364EA0149401506
B1225544515426N00552362EA0149301505
B1225554515421N00552359EA0149301505
B1225564515416N00552357EA0149201504
B1225574515411N00552354EA0149101503
B1225584515407N00552351EA0149101503
B1225594515402N00552348EA0149001502
B1226004515397N00552344EA0148901501
B1226014515393N00552341EA0148801500
B1226024515388N00552338EA0148701499
B1226034515384N00552334EA0148501497
B1226044515379N00552331EA0148401496
B1226054515374N00552327EA0148401496
B1226064515370N00552324EA0148301495
B1226074515365N00552320EA0148101493
B1226084515360N00552317EA0148001492
B1226094515356N00552314EA0147901491
B1226104515351N00552311EA0147801490
B1226114515346N00552308EA0147701489
B1226124515341N00552305EA0147601488
B1226134515337N00552301EA0147501487
B1226144515332N00552298EA0147501487
B1226154515328N00552294EA0147401486
B1226164515323N00552290EA0147301485
B1226174515318N00552287EA0147101483
B1226184515314N00552283EA0147001482
B1226194515309N00552280EA0147001482
B1226204515305N00552276EA0146801480
B1226214515300N00552272EA0146601478
B1226224515296N00552268EA0146501477
B1226234515291N00552265EA0146401476
B1226244515286N00552261EA0146301475
B1226254515282N00552258EA0146201474
B1226264515277N00552254EA0146101473
B1226274515272N00552251EA0146001472
B1226284515268N00552248EA0145801470
B1226294515263N00552245EA0145701469
B1226304515258N00552242EA0145601468
B1226314515253N00552239EA0145501467
B1226324515249N00552236EA0145401466
B1226334515244N00552234EA0145301465
B1226344515239N00552231EA0145201464
B1226354515234N00552228EA0145101463
B1226364515229N00552225EA0144901461
B1226374515225N00552223EA0144801460
B1226384515220N00552220EA0144601458
B1226394515215N00552217EA0144501457
B1226404515210N00552214EA0144401456
B1226414515206N00552210EA0144301455
B1226424515201N00552207EA0144101453
B1226434515196N00552204EA0144001452
B1226444515192N00552200EA0143901451
B1226454515187N00552197EA0143701449
B1226464515182N00552194EA0143701449
B1226474515178N00552190EA0143501447
B1226484515173N00552187EA0143401446
B1226494515169N00552183EA0143301445
B1226504515164N00552179EA0143201444
B1226514515160N00552175EA0143201444
B1226524515155N00552171EA0143001442
B1226534515151N00552167EA0143001442
B1226544515146N00552163EA0142901441
B1226554515142N00552159EA0142901441
B1226564515137N00552155EA0142801440
B1226574515133N00552151EA0142701439
B1226584515128N00552147EA0142501437
B1226594515124N00552144EA0142401436
B1227004515119N00552140EA0142301435
B1227014515115N00552136EA0142201434
B1227024515110N00552132EA0142101433
B1227034515106N00552129EA0142001432
B1227044515101N00552125EA0141901431
B1227054515096N00552121EA0141801430
B1227064515092N00552117EA0141801430
B1227074515087N00552114EA0141701429
B1227084515083N00552110EA0141601428
B1227094515078N00552107EA0141501427
B1227104515074N00552103EA0141501427
B1227114515069N00552099EA0141301425
B1227124515064N00552095EA0141201424
B1227134515060N00552092EA0141101423
B1227144515055N00552088EA0141001422
B1227154515051N00552085EA0140901421
B1227164515046N00552082EA0140801420
B1227174515041N00552079EA0140701419
B1227184515036N00552076EA0140501417
B1227194515032N00552073EA0140501417
B1227204515027N00552070EA0140301415
B1227214515022N00552066EA0140201414
B1227224515018N00552063EA0140101413
B1227234515013N00552059EA0140101413
B1227244515009N00552055EA0139901411
B1227254515004N00552051EA0139701409
B1227264515000N00552047EA0139601408
B1227274514995N00552043EA0139501407
B1227284514991N00552039EA0139301405
B1227294514986N00552035EA0139201404
B1227304514982N00552031EA0139101403
B1227314514977N00552027EA0139001402
B1227324514973N00552023EA0138901401
B1227334514969N00552018EA0138701399
B1227344514964N00552014EA0138601398
B1227354514960N00552010EA0138601398
B1227364514956N00552006EA0138501397
B1227374514951N00552002EA0138401396
B1227384514946N00551998EA0138201394
B1227394514942N00551995EA0138201394
B1227404514937N00551991EA0138001392
B1227414514933N00551988EA0137901391
B1227424514928N00551984EA0137801390
B1227434514923N00551981EA0137701389
B1227444514919N00551977EA0137701389
B1227454514914N00551974EA0137601388
B1227464514910N00551970EA0137401386
B1227474514905N00551966EA0137301385
B1227484514900N00551963EA0137201384
B1227494514896N00551959EA0137101383
B1227504514891N00551956EA0137001382
B1227514514886N00551953EA0136901381
B1227524514881N00551950EA0136801380
B1227534514877N00551947EA0136701379
B1227544514872N00551944EA0136601378
B1227554514867N00551941EA0136501377
B1227564514863N00551937EA0136401376
B1227574514858N00551934EA0136301375
B1227584514853N00551931EA0136201374
B1227594514849N00551928EA0136201374
B1228004514844N00551925EA0136001372
B1228014514839N00551922EA0136001372
B1228024514834N00551919EA0135801370
B1228034514830N00551916EA0135701369
B1228044514825N00551913EA0135701369
B1228054514820N00551911EA0135501367
B1228064514815N00551908EA0135401366
B1228074514810N00551905EA0135301365
B1228084514806N00551903EA0135201364
B1228094514801N00551900EA0135101363
B1228104514796N00551898EA0135001362
B1228114514791N00551896EA0134901361
B1228124514786N00551893EA0134801360
B1228134514781N00551891EA0134701359
B1228144514776N00551889EA0134701359
B1228154514771N00551886EA0134601358
B1228164514767N00551883EA0134501357
B1228174514762N00551880EA0134401356
B1228184514757N00551877EA0134301355
B1228194514752N00551874EA0134301355
B1228204514748N00551871EA0134101353
B1228214514743N00551869EA0134001352
B1228224514738N00551866EA0133901351
B1228234514733N00551863EA0133801350
B1228244514729N00551860EA0133701349
B1228254514724N00551857EA0133601348
B1228264514719N00551854EA0133501347
B1228274514714N00551851EA0133401346
B1228284514710N00551848EA0133301345
B1228294514705N00551845EA0133201344
B1228304514700N00551841EA0133101343
B1228314514696N00551838EA0133001342
B1228324514691N00551834EA0132901341
B1228334514687N00551831EA0132701339
B1228344514682N00551827EA0132701339
B1228354514677N00551824EA0132701339
B1228364514673N00551820EA0132601338
B1228374514668N00551817EA0132501337
B1228384514663N00551813EA0132401336
B1228394514659N00551810EA0132301335
B1228404514654N00551806EA0132201334
B1228414514650N00551803EA0132101333
B1228424514646N00551798EA0132301335
B1228434514644N00551791EA0132401336
B1228444514643N00551784EA0132601338
B1228454514643N00551776EA0132901341
B1228464514645N00551769EA0132901341
B1228474514648N00551763EA0133001342
B1228484514653N00551758EA0133201344
B1228494514658N00551755EA0133301345
B1228504514663N00551754EA0133401346
B1228514514668N00551754EA0133601348
B1228524514672N00551757EA0133801350
B1228534514676N00551762EA0133901351
B1228544514678N00551767EA0134101353
B1228554514680N00551773EA0134201354
B1228564514679N00551780EA0134301355
B1228574514677N00551785EA0134401356
B1228584514674N00551789EA0134501357
B1228594514670N00551792EA0134601358
B1229004514666N00551793EA0134701359
B1229014514662N00551791EA0134801360
B1229024514658N00551788EA0134801360
B1229034514654N00551783EA0134801360
B1229044514652N00551776EA0134801360
B1229054514651N00551769EA0135001362
B1229064514652N00551761EA0134901361
B1229074514654N00551754EA0135101363
B1229084514657N00551748EA0135201364
B1229094514661N00551743EA0135201364
B1229104514666N00551740EA0135301365
B1229114514671N00551739EA0135501367
B1229124514676N00551740EA0135501367
B1229134514681N00551743EA0135601368
B1229144514685N00551748EA0135701369
B1229154514687N00551753EA0135901371
B1229164514688N00551759EA0136001372
B1229174514687N00551765EA0136101373
B1229184514685N00551771EA0136101373
B1229194514682N00551775EA0136201374
B1229204514679N00551778EA0136301375
B1229214514674N00551778EA0136501377
B1229224514670N00551777EA0136701379
B1229234514666N00551773EA0136901381
B1229244514662N00551768EA0136901381
B1229254514660N00551761EA0137101383
B1229264514659N00551754EA0137201384
B1229274514660N00551747EA0137301385
B1229284514662N00551739EA0137401386
B1229294514665N00551733EA0137401386
B1229304514670N00551728EA0137601388
B1229314514675N00551725EA0137701389
B1229324514680N00551725EA0137901391
B1229334514685N00551726EA0137901391
B1229344514689N00551729EA0138201394
B1229354514693N00551733EA0138201394
B1229364514695N00551739EA0138301395
B1229374514696N00551745EA0138401396
B1229384514696N00551751EA0138401396
B1229394514694N00551757EA0138501397
B1229404514690N00551761EA0138601398
B1229414514687N00551763EA0138801400
B1229424514682N00551764EA0138801400
B1229434514678N00551762EA0139001402
B1229444514674N00551759EA0139001402
B1229454514671N00551753EA0139101403
B1229464514668N00551747EA0139301405
B1229474514668N00551739EA0139501407
B1229484514668N00551732EA0139701409
B1229494514670N00551725EA0139901411
B1229504514674N00551718EA0139901411
B1229514514678N00551714EA0140001412
B1229524514683N00551711EA0140201414
B1229534514688N00551710EA0140301415
B1229544514693N00551711EA0140501417
B1229554514698N00551715EA0140501417
B1229564514701N00551719EA0140601418
B1229574514704N00551725EA0140801420
B1229584514704N00551731EA0140801420
B1229594514704N00551737EA0141001422
B1230004514702N00551742EA0141101423
B1230014514699N00551747EA0141201424
B1230024514695N00551749EA0141301425
B1230034514690N00551749EA0141501427
B1230044514686N00551747EA0141501427
B1230054514682N00551744EA0141601428
B1230064514679N00551738EA0141701429
B1230074514677N00551732EA0141901431
B1230084514676N00551724EA0141901431
B1230094514677N00551717EA0142001432
B1230104514679N00551710EA0142201434
B1230114514682N00551704EA0142301435
B1230124514687N00551699EA0142501437
B1230134514692N00551696EA0142601438
B1230144514697N00551696EA0142801440
B1230154514702N00551697EA0142901441
B1230164514706N00551700EA0143001442
B1230174514710N00551705EA0143101443
B1230184514712N00551711EA0143201444
B1230194514713N00551717EA0143301445
B1230204514712N00551723EA0143601448
B1230214514710N00551728EA0143701449
B1230224514707N00551732EA0143801450
B1230234514703N00551734EA0143901451
B1230244514698N00551735EA0144001452
B1230254514693N00551735EA0143901451
B1230264514688N00551735EA0143801450
B1230274514683N00551736EA0143701449
B1230284514678N00551736EA0143601448
B1230294514673N00551736EA0143401446
B1230304514668N00551736EA0143301445
B1230314514664N00551736EA0143301445
B1230324514659N00551736EA0143101443
B1230334514654N00551736EA0143001442
B1230344514649N00551736EA0142901441
B1230354514644N00551736EA0142701439
B1230364514639N00551736EA0142501437
B1230374514634N00551736EA0142401436
B1230384514629N00551736EA0142301435
B1230394514624N00551735EA0142101433
B1230404514619N00551735EA0142001432
B1230414514614N00551735EA0141901431
B1230424514609N00551734EA0141701429
B1230434514604N00551734EA0141601428
B1230444514599N00551733EA0141601428
B1230454514594N00551733EA0141401426
B1230464514589N00551732EA0141301425
B1230474514584N00551731EA0141201424
B1230484514579N00551731EA0141101423
B1230494514574N00551730EA0141101423
B1230504514569N00551729EA0141101423
B1230514514564N00551728EA0141001422
B1230524514559N00551727EA0140901421
B1230534514554N00551726EA0140801420
B1230544514549N00551725EA0140601418
B1230554514544N00551724EA0140501417
B1230564514539N00551723EA0140401416
B1230574514534N00551723EA0140201414
B1230584514529N00551721EA0140201414
B1230594514524N00551720EA0140101413
B1231004514519N00551719EA0140001412
B1231014514514N00551718EA0139901411
B1231024514509N00551717EA0139801410
B1231034514504N00551715EA0139601408
B1231044514499N00551714EA0139501407
B1231054514494N00551713EA0139301405
B1231064514489N00551712EA0139201404
B1231074514484N00551711EA0139101403
B1231084514479N00551710EA0139001402
B1231094514474N00551708EA0138901401
B1231104514469N00551708EA0138801400
B1231114514464N00551707EA0138601398
B1231124514459N00551705EA0138601398
B1231134514454N00551704EA0138501397
B1231144514449N00551703EA0138401396
B1231154514444N00551702EA0138301395
B1231164514439N00551701EA0138101393
B1231174514434N00551700EA0138001392
B1231184514429N00551699EA0137901391
B1231194514424N00551698EA0137801390
B1231204514419N00551697EA0137701389
B1231214514414N00551696EA0137601388
B1231224514409N00551695EA0137501387
B1231234514404N00551694EA0137401386
B1231244514399N00551693EA0137401386
B1231254514394N00551692EA0137301385
B1231264514389N00551691EA0137201384
B1231274514384N00551689EA0137001382
B1231284514379N00551688EA0136901381
B1231294514374N00551687EA0136801380
B1231304514369N00551686EA0136801380
B1231314514364N00551685EA0136701379
B1231324514359N00551684EA0136501377
B1231334514354N00551682EA0136401376
B1231344514349N00551680EA0136301375
B1231354514344N00551679EA0136201374
B1231364514339N00551678EA0136101373
B1231374514335N00551676EA0136001372
B1231384514330N00551675EA0135801370
B1231394514325N00551674EA0135701369
B1231404514320N00551672EA0135601368
B1231414514315N00551671EA0135401366
B1231424514310N00551670EA0135301365
B1231434514305N00551669EA0135201364
B1231444514300N00551668EA0135101363
B1231454514295N00551667EA0135001362
B1231464514290N00551666EA0135101363
B1231474514285N00551665EA0134901361
B1231484514280N00551664EA0134801360
B1231494514275N00551664EA0134701359
B1231504514270N00551664EA0134601358
B1231514514265N00551664EA0134501357
B1231524514260N00551663EA0134301355
B1231534514255N00551663EA0134201354
B1231544514250N00551663EA0134101353
B1231554514245N00551662EA0134001352
B1231564514240N00551662EA0133801350
B1231574514235N00551662EA0133801350
B1231584514230N00551661EA0133701349
B1231594514225N00551661EA0133601348
B1232004514220N00551660EA0133501347
B1232014514215N00551660EA0133401346
B1232024514210N00551659EA0133301345
B1232034514205N00551658EA0133201344
B1232044514200N00551656EA0133101343
B1232054514195N00551655EA0132901341
B1232064514190N00551654EA0132801340
B1232074514185N00551653EA0132701339
B1232084514180N00551651EA0132601338
B1232094514175N00551650EA0132401336
B1232104514170N00551648EA0132301335
B1232114514165N00551647EA0132201334
B1232124514160N00551646EA0132101333
B1232134514155N00551645EA0132001332
B1232144514150N00551643EA0131901331
B1232154514145N00551642EA0131801330
B1232164514140N00551641EA0131601328
B1232174514135N00551640EA0131501327
B1232184514130N00551639EA0131401326
B1232194514125N00551637EA0131301325
B1232204514120N00551636EA0131201324
B1232214514115N00551635EA0131101323
B1232224514110N00551634EA0130901321
B1232234514105N00551633EA0130901321
B1232244514100N00551631EA0130701319
B1232254514095N00551630EA0130601318
B1232264514090N00551629EA0130501317
B1232274514085N00551627EA0130401316
B1232284514080N00551625EA0130301315
B1232294514075N00551624EA0130201314
B1232304514070N00551623EA0130101313
B1232314514065N00551621EA0130101313
B1232324514060N00551620EA0130001312
B1232334514055N00551619EA0129801310
B1232344514051N00551618EA0129701309
B1232354514046N00551617EA0129601308
B1232364514041N00551616EA0129501307
B1232374514036N00551615EA0129401306
B1232384514031N00551614EA0129401306
B1232394514026N00551613EA0129201304
B1232404514021N00551612EA0129001302
B1232414514016N00551612EA0129001302
B1232424514011N00551611EA0128901301
B1232434514006N00551611EA0128701299
B1232444514001N00551610EA0128701299
B1232454513996N00551610EA0128701299
B1232464513991N00551609EA0128501297
B1232474513986N00551609EA0128401296
B1232484513981N00551609EA0128401296
B1232494513976N00551608EA0128301295
B1232504513971N00551608EA0128201294
B1232514513966N00551608EA0128001292
B1232524513961N00551608EA0127901291
B1232534513956N00551608EA0127801290
B1232544513951N00551608EA0127601288
B1232554513946N00551608EA0127501287
B1232564513941N00551608EA0127401286
B1232574513936N00551608EA0127201284
B1232584513931N00551609EA0127001282
B1232594513926N00551609EA0127001282
B1233004513921N00551609EA0126901281
B1233014513916N00551610EA0126801280
B1233024513911N00551610EA0126701279
B1233034513906N00551610EA0126601278
B1233044513901N00551610EA0126401276
B1233054513896N00551610EA0126301275
B1233064513891N00551610EA0126201274
B1233074513886N00551610EA0126101273
B1233084513881N00551611EA0126001272
B1233094513876N00551611EA0125801270
B1233104513871N00551611EA0125701269
B1233114513866N00551611EA0125701269
B1233124513862N00551612EA0125501267
B1233134513857N00551612EA0125401266
B1233144513852N00551612EA0125301265
B1233154513847N00551612EA0125201264
B1233164513842N00551613EA0125101263
B1233174513837N00551613EA0125001262
B1233184513832N00551613EA0124901261
B1233194513827N00551613EA0124801260
B1233204513822N00551613EA0124601258
B1233214513817N00551614EA0124401256
B1233224513812N00551614EA0124301255
B1233234513807N00551615EA0124101253
B1233244513802N00551615EA0124001252
B1233254513797N00551616EA0123901251
B1233264513792N00551616EA0123901251
B1233274513787N00551616EA0123801250
B1233284513782N00551617EA0123701249
B1233294513777N00551617EA0123601248
B1233304513773N00551618EA0123501247
B1233314513768N00551618EA0123501247
B1233324513763N00551618EA0123301245
B1233334513758N00551619EA0123201244
B1233344513753N00551619EA0123001242
B1233354513748N00551619EA0122901241
B1233364513743N00551620EA0122801240
B1233374513738N00551620EA0122701239
B1233384513733N00551620EA0122601238
B1233394513728N00551621EA0122401236
B1233404513723N00551621EA0122401236
B1233414513718N00551621EA0122301235
B1233424513713N00551621EA0122101233
B1233434513708N00551621EA0122001232
B1233444513703N00551621EA0121901231
B1233454513698N00551621EA0121701229
B1233464513693N00551621EA0121501227
B1233474513688N00551621EA0121401226
B1233484513683N00551621EA0121401226
B1233494513678N00551620EA0121201224
B1233504513673N00551620EA0121101223
B1233514513668N00551620EA0121101223
B1233524513663N00551620EA0120901221
B1233534513658N00551621EA0120801220
B1233544513653N00551621EA0120701219
B1233554513649N00551619EA0120901221
B1233564513645N00551615EA0121101223
B1233574513642N00551609EA0121201224
B1233584513640N00551603EA0121301225
B1233594513640N00551595EA0121501227
B1234004513641N00551588EA0121701229
B1234014513643N00551581EA0121901231
B1234024513647N00551575EA0122001232
B1234034513651N00551570EA0122201234
B1234044513656N00551568EA0122301235
B1234054513661N00551568EA0122401236
B1234064513666N00551569EA0122601238
B1234074513671N00551573EA0122801240
B1234084513674N00551577EA0123001242
B1234094513676N00551583EA0123401246
B1234104513676N00551589EA0123601248
B1234114513675N00551595EA0123701249
B1234124513673N00551601EA0123901251
B1234134513670N00551604EA0124101253
B1234144513666N00551606EA0124201254
B1234154513661N00551606EA0124401256
B1234164513657N00551604EA0124701259
B1234174513653N00551600EA0124901261
B1234184513650N00551595EA0125201264
B1234194513648N00551588EA0125301265
B1234204513648N00551580EA0125301265
B1234214513649N00551573EA0125501267
B1234224513651N00551566EA0125701269
B1234234513655N00551560EA0125901271
B1234244513660N00551556EA0126101273
B1234254513665N00551553EA0126401276
B1234264513670N00551553EA0126601278
B1234274513675N00551555EA0126801280
B1234284513679N00551558EA0126901281
B1234294513682N00551563EA0127101283
B1234304513684N00551569EA0127301285
B1234314513685N00551575EA0127501287
B1234324513684N00551581EA0127501287
B1234334513681N00551586EA0127701289
B1234344513678N00551590EA0127801290
B1234354513674N00551592EA0128001292
B1234364513669N00551592EA0128201294
B1234374513665N00551590EA0128401296
B1234384513661N00551586EA0128601298
B1234394513658N00551580EA0128901301
B1234404513657N00551573EA0129001302
B1234414513656N00551565EA0129201304
B1234424513657N00551558EA0129401306
B1234434513660N00551551EA0129501307
B1234444513664N00551545EA0129701309
B1234454513668N00551541EA0130001312
B1234464513673N00551539EA0130101313
B1234474513678N00551539EA0130201314
B1234484513683N00551541EA0130401316
B1234494513688N00551544EA0130701319
B1234504513691N00551549EA0130901321
B1234514513692N00551555EA0131201324
B1234524513693N00551561EA0131301325
B1234534513692N00551567EA0131601328
B1234544513689N00551572EA0131801330
B1234554513686N00551576EA0132001332
B1234564513682N00551577EA0132201334
B1234574513677N00551577EA0132401336
B1234584513673N00551575EA0132501337
B1234594513669N00551571EA0132701339
B1235004513666N00551565EA0132801340
B1235014513665N00551558EA0133001342
B1235024513665N00551551EA0133201344
B1235034513666N00551543EA0133401346
B1235044513668N00551536EA0133701349
B1235054513672N00551531EA0133901351
B1235064513677N00551526EA0134101353
B1235074513682N00551524EA0134301355
B1235084513687N00551524EA0134601358
B1235094513692N00551526EA0134701359
B1235104513696N00551530EA0134901361
B1235114513699N00551535EA0135101363
B1235124513701N00551541EA0135401366
B1235134513701N00551547EA0135601368
B1235144513700N00551553EA0135701369
B1235154513698N00551558EA0135901371
B1235164513694N00551561EA0136001372
B1235174513690N00551563EA0136301375
B1235184513685N00551563EA0136501377
B1235194513681N00551560EA0136601378
B1235204513677N00551556EA0136801380
B1235214513675N00551550EA0136901381
B1235224513673N00551543EA0137001382
B1235234513673N00551536EA0137301385
B1235244513674N00551528EA0137401386
B1235254513677N00551521EA0137601388
B1235264513681N00551516EA0137801390
B1235274513685N00551512EA0138001392
B1235284513690N00551510EA0138201394
B1235294513696N00551510EA0138401396
B1235304513701N00551510EA0138401396
B1235314513707N00551510EA0138201394
B1235324513713N00551510EA0138101393
B1235334513719N00551510EA0138001392
B1235344513724N00551509EA0137801390
B1235354513730N00551509EA0137701389
B1235364513736N00551508EA0137701389
B1235374513742N00551508EA0137501387
B1235384513748N00551507EA0137501387
B1235394513753N00551506EA0137401386
B1235404513759N00551506EA0137201384
B1235414513765N00551505EA0137101383
B1235424513771N00551504EA0137001382
B1235434513776N00551504EA0137001382
B1235444513782N00551503EA0136901381
B1235454513788N00551502EA0136701379
B1235464513794N00551501EA0136701379
B1235474513800N00551501EA0136601378
B1235484513805N00551500EA0136501377
B1235494513811N00551500EA0136501377
B1235504513817N00551499EA0136301375
B1235514513823N00551498EA0136201374
B1235524513829N00551498EA0136001372
B1235534513834N00551497EA0136001372
B1235544513840N00551497EA0136001372
B1235554513846N00551496EA0135801370
B1235564513852N00551496EA0135801370
B1235574513857N00551495EA0135601368
B1235584513863N00551495EA0135501367
B1235594513869N00551494EA0135401366
B1236004513875N00551494EA0135301365
B1236014513881N00551493EA0135201364
B1236024513886N00551493EA0135001362
B1236034513892N00551492EA0135001362
B1236044513898N00551492EA0134901361
B1236054513904N00551491EA0134701359
B1236064513909N00551491EA0134501357
B1236074513915N00551490EA0134501357
B1236084513921N00551490EA0134301355
B1236094513927N00551490EA0134301355
B1236104513933N00551490EA0134101353
B1236114513938N00551490EA0133901351
B1236124513944N00551490EA0133801350
B1236134513950N00551490EA0133601348
B1236144513956N00551490EA0133501347
B1236154513961N00551490EA0133501347
B1236164513967N00551490EA0133401346
B1236174513973N00551489EA0133301345
B1236184513979N00551489EA0133201344
B1236194513984N00551490EA0133101343
B1236204513990N00551490EA0133001342
B1236214513996N00551489EA0132901341
B1236224514002N00551489EA0132901341
B1236234514008N00551489EA0132801340
B1236244514013N00551489EA0132701339
B1236254514019N00551490EA0132501337
B1236264514025N00551490EA0132401336
B1236274514031N00551490EA0132201334
B1236284514036N00551490EA0132101333
B1236294514042N00551490EA0132001332
B1236304514048N00551490EA0131801330
B1236314514054N00551491EA0131701329
B1236324514059N00551491EA0131601328
B1236334514065N00551492EA0131401326
B1236344514071N00551493EA0131401326
B1236354514076N00551494EA0131301325
B1236364514082N00551494EA0131201324
B1236374514088N00551495EA0131101323
B1236384514093N00551496EA0130901321
B1236394514099N00551496EA0130801320
B1236404514105N00551497EA0130701319
B1236414514110N00551498EA0130601318
B1236424514116N00551499EA0130401316
B1236434514122N00551500EA0130301315
B1236444514127N00551500EA0130201314
B1236454514133N00551501EA0130101313
B1236464514139N00551502EA0130001312
B1236474514144N00551503EA0129901311
B1236484514150N00551504EA0129901311
B1236494514156N00551505EA0129701309
B1236504514162N00551506EA0129601308
B1236514514167N00551506EA0129401306
B1236524514173N00551507EA0129301305
B1236534514179N00551508EA0129201304
B1236544514184N00551508EA0129101303
B1236554514190N00551509EA0128901301
B1236564514196N00551509EA0128801300
B1236574514201N00551509EA0128701299
B1236584514207N00551510EA0128601298
B1236594514213N00551510EA0128501297
B1237004514219N00551510EA0128501297
B1237014514224N00551510EA0128401296
B1237024514230N00551510EA0128201294
B1237034514236N00551511EA0128101293
B1237044514242N00551511EA0127901291
B1237054514247N00551511EA0127901291
B1237064514253N00551511EA0127701289
B1237074514259N00551512EA0127601288
B1237084514265N00551512EA0127401286
B1237094514270N00551512EA0127301285
B1237104514276N00551513EA0127301285
B1237114514282N00551513EA0127101283
B1237124514288N00551513EA0127101283
B1237134514293N00551514EA0127001282
B1237144514299N00551514EA0126901281
B1237154514305N00551514EA0126801280
B1237164514311N00551514EA0126601278
B1237174514316N00551515EA0126501277
B1237184514322N00551515EA0126401276
B1237194514328N00551516EA0126301275
B1237204514333N00551516EA0126201274
B1237214514339N00551517EA0126001272
B1237224514345N00551517EA0125901271
B1237234514351N00551517EA0125801270
B1237244514356N00551518EA0125701269
B1237254514362N00551518EA0125601268
B1237264514368N00551518EA0125501267
B1237274514374N00551519EA0125301265
B1237284514379N00551519EA0125201264
B1237294514385N00551519EA0125101263
B1237304514391N00551519EA0124901261
B1237314514397N00551519EA0124801260
B1237324514402N00551520EA0124701259
B1237334514408N00551520EA0124501257
B1237344514414N00551521EA0124401256
B1237354514420N00551521EA0124201254
B1237364514425N00551521EA0124101253
B1237374514431N00551521EA0124001252
B1237384514437N00551521EA0123801250
B1237394514443N00551521EA0123701249
B1237404514448N00551521EA0123601248
B1237414514454N00551522EA0123401246
B1237424514460N00551522EA0123301245
B1237434514466N00551522EA0123201244
B1237444514471N00551522EA0123001242
B1237454514477N00551522EA0122901241
B1237464514483N00551522EA0122801240
B1237474514489N00551522EA0122701239
B1237484514494N00551522EA0122601238
B1237494514500N00551522EA0122501237
B1237504514506N00551522EA0122401236
B1237514514512N00551522EA0122301235
B1237524514517N00551523EA0122201234
B1237534514523N00551523EA0122001232
B1237544514529N00551523EA0121901231
B1237554514535N00551523EA0121701229
B1237564514540N00551523EA0121601228
B1237574514546N00551523EA0121401226
B1237584514552N00551523EA0121401226
B1237594514558N00551524EA0121201224
B1238004514563N00551524EA0121101223
B1238014514569N00551524EA0121001222
B1238024514575N00551524EA0120901221
B1238034514581N00551524EA0120801220
B1238044514586N00551524EA0120701219
B1238054514592N00551524EA0120601218
B1238064514598N00551524EA0120501217
B1238074514604N00551525EA0120401216
B1238084514609N00551525EA0120301215
B1238094514615N00551525EA0120201214
B1238104514621N00551525EA0120101213
B1238114514627N00551525EA0120001212
B1238124514633N00551524EA0119801210
B1238134514638N00551524EA0119701209
B1238144514644N00551524EA0119501207
B1238154514650N00551524EA0119401206
B1238164514656N00551524EA0119401206
B1238174514661N00551524EA0119401206
B1238184514667N00551524EA0119301205
B1238194514673N00551523EA0119101203
B1238204514679N00551523EA0119001202
B1238214514684N00551523EA0118901201
B1238224514690N00551523EA0118801200
B1238234514696N00551523EA0118701199
B1238244514702N00551522EA0118601198
B1238254514708N00551521EA0118501197
B1238264514713N00551520EA0118301195
B1238274514719N00551519EA0118201194
B1238284514725N00551518EA0118101193
B1238294514731N00551517EA0118001192
B1238304514736N00551516EA0117901191
B1238314514742N00551515EA0117801190
B1238324514748N00551514EA0117701189
B1238334514754N00551513EA0117601188
B1238344514760N00551512EA0117401186
B1238354514765N00551511EA0117301185
B1238364514771N00551510EA0117201184
B1238374514777N00551508EA0117101183
B1238384514783N00551507EA0117001182
B1238394514788N00551506EA0116901181
B1238404514794N00551504EA0116801180
B1238414514800N00551503EA0116801180
B1238424514806N00551502EA0116601178
B1238434514811N00551503EA0116901181
B1238444514815N00551505EA0117101183
B1238454514819N00551510EA0117301185
B1238464514822N00551515EA0117501187
B1238474514823N00551522EA0117801190
B1238484514822N00551528EA0118001192
B1238494514820N00551533EA0118301195
B1238504514817N00551537EA0118701199
B1238514514814N00551540EA0118901201
B1238524514809N00551541EA0119201204
B1238534514805N00551540EA0119501207
B1238544514801N00551536EA0119701209
B1238554514797N00551531EA0119901211
B1238564514795N00551525EA0120101213
B1238574514794N00551517EA0120501217
B1238584514795N00551510EA0120801220
B1238594514797N00551503EA0120901221
B1239004514800N00551496EA0121001222
B1239014514804N00551491EA0121301225
B1239024514809N00551488EA0121601228
B1239034514814N00551487EA0121901231
B1239044514819N00551488EA0122101233
B1239054514824N00551491EA0122401236
B1239064514827N00551496EA0122601238
B1239074514830N00551501EA0122801240
B1239084514831N00551507EA0123001242
B1239094514830N00551513EA0123301245
B1239104514829N00551519EA0123501247
B1239114514826N00551523EA0123801250
B1239124514822N00551526EA0124001252
B1239134514817N00551526EA0124301255
B1239144514813N00551525EA0124601258
B1239154514809N00551522EA0124701259
B1239164514806N00551516EA0125001262
B1239174514803N00551510EA0125201264
B1239184514802N00551502EA0125501267
B1239194514803N00551495EA0125701269
B1239204514805N00551488EA0126001272
B1239214514808N00551481EA0126201274
B1239224514813N00551477EA0126401276
B1239234514818N00551474EA0126601278
B1239244514823N00551473EA0126801280
B1239254514828N00551474EA0127101283
B1239264514832N00551477EA0127401286
B1239274514836N00551481EA0127601288
B1239284514838N00551487EA0127901291
B1239294514839N00551493EA0128101293
B1239304514839N00551499EA0128401296
B1239314514837N00551505EA0128701299
B1239324514834N00551509EA0128901301
B1239334514830N00551511EA0129101303
B1239344514825N00551512EA0129401306
B1239354514821N00551510EA0129601308
B1239364514817N00551507EA0130001312
B1239374514814N00551502EA0130201314
B1239384514812N00551495EA0130501317
B1239394514811N00551488EA0130801320
B1239404514811N00551480EA0131001322
B1239414514813N00551473EA0131201324
B1239424514817N00551467EA0131501327
B1239434514821N00551462EA0131701329
B1239444514826N00551459EA0131901331
B1239454514831N00551458EA0132201334
B1239464514836N00551460EA0132501337
B1239474514841N00551463EA0132701339
B1239484514844N00551467EA0132901341
B1239494514847N00551473EA0133101343
B1239504514847N00551479EA0133401346
B1239514514847N00551485EA0133601348
B1239524514845N00551491EA0133901351
B1239534514842N00551495EA0134101353
B1239544514838N00551497EA0134501357
B1239554514833N00551497EA0134901361
B1239564514829N00551496EA0135201364
B1239574514825N00551492EA0135401366
B1239584514822N00551487EA0135701369
B1239594514820N00551480EA0136001372
B1240004514819N00551473EA0136301375
B1240014514820N00551465EA0136501377
B1240024514822N00551458EA0136801380
B1240034514825N00551452EA0137101383
B1240044514830N00551447EA0137401386
B1240054514835N00551445EA0137601388
B1240064514840N00551444EA0137801390
B1240074514845N00551445EA0138101393
B1240084514849N00551448EA0138301395
B1240094514853N00551453EA0138601398
B1240104514855N00551459EA0138801400
B1240114514856N00551465EA0139001402
B1240124514855N00551471EA0139201404
B1240134514853N00551476EA0139501407
B1240144514850N00551480EA0139701409
B1240154514846N00551483EA0140001412
B1240164514841N00551483EA0140201414
B1240174514837N00551481EA0140501417
B1240184514833N00551477EA0140801420
B1240194514830N00551472EA0140901421
B1240204514828N00551465EA0141101423
B1240214514827N00551458EA0141301425
B1240224514828N00551450EA0141601428
B1240234514830N00551443EA0141901431
B1240244514834N00551437EA0142101433
B1240254514838N00551433EA0142301435
B1240264514843N00551430EA0142501437
B1240274514849N00551429EA0142701439
B1240284514854N00551431EA0143001442
B1240294514858N00551434EA0143201444
B1240304514861N00551439EA0143501447
B1240314514863N00551445EA0143801450
B1240324514864N00551451EA0144001452
B1240334514863N00551457EA0144301455
B1240344514861N00551462EA0144601458
B1240354514858N00551466EA0144901461
B1240364514854N00551468EA0145201464
B1240374514849N00551468EA0145501467
B1240384514845N00551467EA0145801470
B1240394514841N00551463EA0145901471
B1240404514838N00551457EA0146101473
B1240414514836N00551450EA0146401476
B1240424514836N00551443EA0146701479
B1240434514836N00551435EA0146901481
B1240444514839N00551428EA0147301485
B1240454514842N00551422EA0147601488
B1240464514847N00551418EA0147701489
B1240474514852N00551416EA0148001492
B1240484514857N00551415EA0148101493
B1240494514862N00551417EA0148501497
B1240504514866N00551420EA0148601498
B1240514514870N00551425EA0148901501
B1240524514872N00551431EA0149101503
B1240534514872N00551437EA0149401506
B1240544514871N00551443EA0149701509
B1240554514869N00551448EA0150001512
B1240564514866N00551452EA0150201514
B1240574514862N00551454EA0150301515
B1240584514857N00551454EA0150701519
B1240594514853N00551452EA0151101523
B1241004514849N00551448EA0151401526
B1241014514846N00551442EA0151601528
B1241024514844N00551436EA0151801530
B1241034514844N00551428EA0152101533
B1241044514845N00551421EA0152401536
B1241054514847N00551414EA0152601538
B1241064514851N00551408EA0153001542
B1241074514855N00551403EA0153301545
B1241084514860N00551401EA0153601548
B1241094514866N00551401EA0154001552
B1241104514871N00551402EA0154101553
B1241114514875N00551406EA0154301555
B1241124514878N00551411EA0154501557
B1241134514880N00551417EA0154701559
B1241144514880N00551423EA0154801560
B1241154514880N00551429EA0155101563
B1241164514877N00551434EA0155401566
B1241174514874N00551437EA0155601568
B1241184514870N00551439EA0155801570
B1241194514865N00551439EA0156101573
B1241204514861N00551437EA0156201574
B1241214514857N00551433EA0156601578
B1241224514854N00551428EA0156701579
B1241234514852N00551421EA0157101583
B1241244514852N00551413EA0157401586
B1241254514853N00551406EA0157601588
B1241264514856N00551399EA0157801590
B1241274514859N00551393EA0158101593
B1241284514864N00551389EA0158301595
B1241294514869N00551386EA0158501597
B1241304514874N00551386EA0158701599
B1241314514879N00551388EA0158901601
B1241324514883N00551392EA0159201604
B1241334514886N00551397EA0159501607
B1241344514888N00551402EA0159801610
B1241354514889N00551409EA0160101613
B1241364514888N00551415EA0160501617
B1241374514885N00551420EA0160701619
B1241384514882N00551423EA0160801620
B1241394514878N00551425EA0161001622
B1241404514873N00551425EA0161301625
B1241414514869N00551423EA0161501627
B1241424514865N00551418EA0161701629
B1241434514862N00551413EA0162001632
B1241444514861N00551406EA0162201634
B1241454514860N00551398EA0162301635
B1241464514862N00551391EA0162601638
B1241474514864N00551384EA0162901641
B1241484514868N00551378EA0163201644
B1241494514872N00551374EA0163401646
B1241504514878N00551372EA0163601648
B1241514514883N00551372EA0163901651
B1241524514888N00551374EA0164101653
B1241534514892N00551377EA0164301655
B1241544514895N00551382EA0164401656
B1241554514897N00551388EA0164701659
B1241564514897N00551395EA0164901661
B1241574514896N00551400EA0165101663
B1241584514893N00551405EA0165301665
B1241594514890N00551409EA0165501667
B1242004514886N00551411EA0165801670
B1242014514881N00551410EA0166101673
B1242024514877N00551408EA0166201674
B1242034514873N00551404EA0166401676
B1242044514871N00551398EA0166501677
B1242054514869N00551391EA0166801680
B1242064514869N00551383EA0167101683
B1242074514870N00551376EA0167301685
B1242084514872N00551369EA0167501687
B1242094514876N00551363EA0167701689
B1242104514881N00551359EA0168001692
B1242114514886N00551357EA0168401696
B1242124514891N00551357EA0168601698
B1242134514896N00551359EA0168801700
B1242144514900N00551363EA0169201704
B1242154514903N00551368EA0169301705
B1242164514905N00551374EA0169601708
B1242174514905N00551380EA0169801710
B1242184514904N00551386EA0170101713
B1242194514902N00551391EA0170401716
B1242204514898N00551395EA0170601718
B1242214514894N00551396EA0170901721
B1242224514889N00551396EA0171001722
B1242234514885N00551393EA0171301725
B1242244514881N00551389EA0171701729
B1242254514879N00551383EA0172001732
B1242264514877N00551376EA0172301735
B1242274514877N00551369EA0172501737
B1242284514878N00551361EA0172801740
B1242294514881N00551354EA0173001742
B1242304514885N00551349EA0173201744
B1242314514889N00551345EA0173501747
B1242324514895N00551343EA0173601748
B1242334514900N00551343EA0173801750
B1242344514905N00551345EA0174101753
B1242354514909N00551349EA0174401756
B1242364514912N00551354EA0174601758
B1242374514913N00551360EA0174901761
B1242384514913N00551366EA0175101763
B1242394514912N00551372EA0175401766
B1242404514910N00551377EA0175801770
B1242414514906N00551380EA0176101773
B1242424514902N00551382EA0176401776
B1242434514897N00551381EA0176701779
B1242444514893N00551379EA0177001782
B1242454514890N00551374EA0177201784
B1242464514887N00551368EA0177501787
B1242474514885N00551361EA0177801790
B1242484514885N00551354EA0178101793
B1242494514887N00551346EA0178301795
B1242504514889N00551339EA0178601798
B1242514514893N00551334EA0178801800
B1242524514898N00551330EA0179201804
B1242534514903N00551328EA0179401806
B1242544514908N00551329EA0179601808
B1242554514913N00551331EA0179801810
B1242564514917N00551335EA0180101813
B1242574514920N00551340EA0180301815
B1242584514922N00551346EA0180601818
B1242594514922N00551352EA0181001822
B1243004514920N00551358EA0181201824
B1243014514918N00551363EA0181501827
B1243024514914N00551366EA0181801830
B1243034514910N00551367EA0182101833
B1243044514906N00551367EA0182401836
B1243054514901N00551364EA0182601838
B1243064514898N00551360EA0182801840
B1243074514895N00551353EA0183101843
B1243084514894N00551346EA0183301845
B1243094514894N00551339EA0183601848
B1243104514895N00551331EA0183801850
B1243114514898N00551325EA0184101853
B1243124514902N00551319EA0184301855
B1243134514907N00551316EA0184501857
B1243144514912N00551314EA0184701859
B1243154514917N00551314EA0184801860
B1243164514923N00551315EA0184701859
B1243174514928N00551315EA0184501857
B1243184514934N00551316EA0184401856
B1243194514940N00551316EA0184201854
B1243204514946N00551317EA0184101853
B1243214514951N00551318EA0183901851
B1243224514957N00551319EA0183901851
B1243234514963N00551320EA0183801850
B1243244514968N00551320EA0183701849
B1243254514974N00551321EA0183601848
B1243264514980N00551322EA0183401846
B1243274514985N00551323EA0183301845
B1243284514991N00551324EA0183201844
B1243294514996N00551325EA0183101843
B1243304515002N00551327EA0183001842
B1243314515008N00551328EA0182901841
B1243324515013N00551329EA0182701839
B1243334515019N00551330EA0182601838
B1243344515025N00551331EA0182501837
B1243354515030N00551332EA0182401836
B1243364515036N00551332EA0182301835
B1243374515042N00551333EA0182301835
B1243384515047N00551334EA0182101833
B1243394515053N00551334EA0181901831
B1243404515059N00551335EA0181901831
B1243414515065N00551336EA0181801830
B1243424515070N00551337EA0181701829
B1243434515076N00551337EA0181701829
B1243444515082N00551338EA0181501827
B1243454515087N00551339EA0181401826
B1243464515093N00551340EA0181201824
B1243474515099N00551341EA0181101823
B1243484515104N00551341EA0181101823
B1243494515110N00551342EA0180901821
B1243504515116N00551343EA0180801820
B1243514515121N00551344EA0180701819
B1243524515127N00551344EA0180701819
B1243534515133N00551345EA0180601818
B1243544515139N00551345EA0180501817
B1243554515144N00551345EA0180401816
B1243564515150N00551346EA0180301815
B1243574515156N00551346EA0180201814
B1243584515162N00551346EA0180101813
B1243594515167N00551346EA0179901811
B1244004515173N00551346EA0179801810
B1244014515179N00551346EA0179701809
B1244024515185N00551346EA0179701809
B1244034515190N00551346EA0179501807
B1244044515196N00551346EA0179401806
B1244054515202N00551347EA0179201804
B1244064515208N00551347EA0179101803
B1244074515213N00551347EA0178901801
B1244084515219N00551347EA0178801800
B1244094515225N00551348EA0178801800
B1244104515231N00551348EA0178701799
B1244114515236N00551348EA0178501797
B1244124515242N00551348EA0178401796
B1244134515248N00551349EA0178301795
B1244144515253N00551350EA0178301795
B1244154515259N00551350EA0178201794
B1244164515265N00551351EA0178001792
B1244174515271N00551351EA0177901791
B1244184515276N00551351EA0177801790
B1244194515282N00551352EA0177601788
B1244204515288N00551352EA0177501787
B1244214515294N00551352EA0177401786
B1244224515299N00551352EA0177201784
B1244234515305N00551352EA0177101783
B1244244515311N00551352EA0177001782
B1244254515317N00551352EA0176701779
B1244264515322N00551351EA0176701779
B1244274515328N00551351EA0176601778
B1244284515334N00551351EA0176401776
B1244294515340N00551350EA0176301775
B1244304515346N00551350EA0176201774
B1244314515351N00551349EA0176001772
B1244324515357N00551348EA0175901771
B1244334515363N00551347EA0175801770
B1244344515369N00551346EA0175601768
B1244354515374N00551345EA0175501767
B1244364515380N00551343EA0175401766
B1244374515386N00551342EA0175301765
B1244384515392N00551341EA0175201764
B1244394515397N00551339EA0175101763
B1244404515403N00551337EA0174901761
B1244414515409N00551336EA0174801760
B1244424515415N00551334EA0174701759
B1244434515420N00551333EA0174501757
B1244444515426N00551331EA0174401756
B1244454515432N00551329EA0174301755
B1244464515438N00551328EA0174201754
B1244474515443N00551326EA0174101753
B1244484515449N00551324EA0174001752
B1244494515455N00551322EA0173901751
B1244504515461N00551320EA0173801750
B1244514515466N00551318EA0173701749
B1244524515472N00551316EA0173601748
B1244534515478N00551315EA0173501747
B1244544515483N00551313EA0173301745
B1244554515489N00551312EA0173301745
B1244564515495N00551310EA0173201744
B1244574515501N00551308EA0173201744
B1244584515506N00551306EA0173101743
B1244594515512N00551304EA0173001742
B1245004515518N00551302EA0173001742
B1245014515524N00551301EA0172901741
B1245024515529N00551299EA0172801740
B1245034515535N00551298EA0172601738
B1245044515541N00551296EA0172601738
B1245054515547N00551295EA0172501737
B1245064515552N00551293EA0172301735
B1245074515558N00551292EA0172101733
B1245084515564N00551290EA0172101733
B1245094515570N00551288EA0171901731
B1245104515575N00551286EA0171801730
B1245114515581N00551284EA0171701729
B1245124515587N00551282EA0171501727
B1245134515592N00551280EA0171401726
B1245144515598N00551277EA0171201724
B1245154515604N00551274EA0171101723
B1245164515609N00551272EA0171001722
B1245174515615N00551269EA0171001722
B1245184515620N00551266EA0170801720
B1245194515626N00551263EA0170801720
B1245204515631N00551260EA0170701719
B1245214515637N00551257EA0170601718
B1245224515642N00551254EA0170401716
B1245234515648N00551251EA0170301715
B1245244515653N00551248EA0170301715
B1245254515659N00551244EA0170201714
B1245264515664N00551241EA0170101713
B1245274515670N00551238EA0169901711
B1245284515675N00551235EA0169701709
B1245294515681N00551233EA0169601708
B1245304515687N00551230EA0169501707
B1245314515692N00551228EA0169401706
B1245324515698N00551225EA0169301705
B1245334515704N00551222EA0169201704
B1245344515709N00551219EA0169101703
B1245354515715N00551217EA0169001702
B1245364515720N00551214EA0168901701
B1245374515726N00551210EA0168801700
B1245384515731N00551207EA0168701699
B1245394515737N00551204EA0168501697
B1245404515742N00551201EA0168401696
B1245414515748N00551198EA0168301695
B1245424515753N00551195EA0168201694
B1245434515759N00551192EA0168001692
B1245444515764N00551189EA0167901691
B1245454515770N00551186EA0167801690
B1245464515775N00551183EA0167701689
B1245474515781N00551181EA0167601688
B1245484515787N00551178EA0167501687
B1245494515792N00551176EA0167301685
B1245504515798N00551173EA0167301685
B1245514515804N00551171EA0167101683
B1245524515809N00551168EA0167001682
B1245534515815N00551165EA0166901681
B1245544515820N00551162EA0166701679
B1245554515826N00551160EA0166601678
B1245564515832N00551158EA0166501677
B1245574515837N00551156EA0166401676
B1245584515843N00551154EA0166201674
B1245594515849N00551151EA0166101673
B1246004515854N00551149EA0166001672
B1246014515860N00551146EA0165901671
B1246024515866N00551144EA0165901671
B1246034515871N00551141EA0165801670
B1246044515877N00551139EA0165601668
B1246054515882N00551136EA0165601668
B1246064515888N00551134EA0165501667
B1246074515894N00551131EA0165401666
B1246084515899N00551128EA0165301665
B1246094515905N00551125EA0165201664
B1246104515910N00551122EA0165101663
B1246114515916N00551120EA0165001662
B1246124515922N00551117EA0164901661
B1246134515927N00551115EA0164801660
B1246144515933N00551113EA0164701659
B1246154515939N00551111EA0164501657
B1246164515944N00551109EA0164401656
B1246174515950N00551107EA0164301655
B1246184515956N00551105EA0164201654
B1246194515962N00551104EA0164101653
B1246204515967N00551103EA0163901651
B1246214515973N00551102EA0163801650
B1246224515979N00551100EA0163701649
B1246234515985N00551099EA0163501647
B1246244515990N00551098EA0163501647
B1246254515996N00551097EA0163301645
B1246264516002N00551096EA0163201644
B1246274516008N00551095EA0163101643
B1246284516014N00551094EA0162901641
B1246294516019N00551093EA0162801640
B1246304516025N00551092EA0162701639
B1246314516031N00551090EA0162601638
B1246324516037N00551089EA0162501637
B1246334516042N00551088EA0162401636
B1246344516048N00551086EA0162301635
B1246354516054N00551085EA0162201634
B1246364516060N00551083EA0162101633
B1246374516065N00551081EA0162001632
B1246384516071N00551082EA0162201634
B1246394516075N00551085EA0162401636
B1246404516079N00551089EA0162601638
B1246414516082N00551094EA0162801640
B1246424516083N00551100EA0162901641
B1246434516083N00551106EA0162901641
B1246444516081N00551112EA0163101643
B1246454516078N00551117EA0163301645
B1246464516074N00551119EA0163601648
B1246474516070N00551120EA0163801650
B1246484516066N00551119EA0164101653
B1246494516062N00551116EA0164201654
B1246504516058N00551111EA0164501657
B1246514516056N00551105EA0164701659
B1246524516055N00551098EA0164801660
B1246534516055N00551090EA0165001662
B1246544516057N00551083EA0165201664
B1246554516060N00551076EA0165501667
B1246564516064N00551071EA0165601668
B1246574516069N00551068EA0165901671
B1246584516074N00551067EA0166101673
B1246594516079N00551068EA0166301675
B1247004516084N00551070EA0166601678
B1247014516087N00551075EA0166701679
B1247024516090N00551080EA0166901681
B1247034516091N00551086EA0167001682
B1247044516091N00551092EA0167301685
B1247054516089N00551098EA0167501687
B1247064516086N00551102EA0167801690
B1247074516083N00551105EA0167801690
B1247084516078N00551106EA0168101693
B1247094516074N00551105EA0168301695
B1247104516070N00551102EA0168401696
B1247114516066N00551097EA0168601698
B1247124516064N00551090EA0168701699
B1247134516063N00551083EA0168801700
B1247144516063N00551075EA0169001702
B1247154516065N00551068EA0169201704
B1247164516068N00551062EA0169501707
B1247174516072N00551057EA0169801710
B1247184516077N00551053EA0170001712
B1247194516083N00551052EA0170201714
B1247204516088N00551053EA0170401716
B1247214516092N00551056EA0170601718
B1247224516096N00551060EA0170801720
B1247234516098N00551066EA0170901721
B1247244516099N00551072EA0171201724
B1247254516099N00551078EA0171301725
B1247264516097N00551084EA0171601728
B1247274516094N00551088EA0171701729
B1247284516091N00551091EA0171901731
B1247294516086N00551091EA0172001732
B1247304516082N00551090EA0172201734
B1247314516078N00551087EA0172401736
B1247324516074N00551082EA0172601738
B1247334516072N00551075EA0172801740
B1247344516071N00551068EA0173001742
B1247354516072N00551060EA0173201744
B1247364516073N00551053EA0173501747
B1247374516077N00551047EA0173601748
B1247384516081N00551042EA0173701749
B1247394516086N00551039EA0174001752
B1247404516091N00551038EA0174201754
B1247414516096N00551039EA0174401756
B1247424516101N00551042EA0174601758
B1247434516104N00551046EA0174701759
B1247444516107N00551052EA0175001762
B1247454516108N00551058EA0175201764
B1247464516107N00551064EA0175501767
B1247474516105N00551070EA0175601768
B1247484516102N00551074EA0175901771
B1247494516099N00551076EA0176101773
B1247504516094N00551077EA0176301775
B1247514516090N00551076EA0176601778
B1247524516086N00551072EA0176901781
B1247534516082N00551067EA0177101783
B1247544516080N00551060EA0177301785
B1247554516079N00551053EA0177501787
B1247564516080N00551046EA0177701789
B1247574516082N00551038EA0178001792
B1247584516085N00551032EA0178201794
B1247594516089N00551027EA0178401796
B1248004516094N00551024EA0178601798
B1248014516100N00551023EA0178701799
B1248024516105N00551025EA0179001802
B1248034516109N00551028EA0179101803
B1248044516113N00551032EA0179501807
B1248054516115N00551038EA0179701809
B1248064516116N00551044EA0179901811
B1248074516115N00551050EA0180101813
B1248084516114N00551055EA0180301815
B1248094516111N00551059EA0180401816
B1248104516107N00551062EA0180701819
B1248114516102N00551063EA0181001822
B1248124516098N00551061EA0181201824
B1248134516094N00551057EA0181501827
B1248144516091N00551052EA0181801830
B1248154516088N00551046EA0182001832
B1248164516088N00551038EA0182101833
B1248174516088N00551031EA0182101833
B1248184516090N00551024EA0182301835
B1248194516094N00551017EA0182601838
B1248204516098N00551013EA0182801840
B1248214516103N00551010EA0183001842
B1248224516108N00551009EA0183301845
B1248234516113N00551010EA0183501847
B1248244516118N00551013EA0183801850
B1248254516121N00551018EA0184101853
B1248264516123N00551024EA0184401856
B1248274516124N00551030EA0184601858
B1248284516124N00551036EA0184901861
B1248294516122N00551041EA0185201864
B1248304516119N00551045EA0185301865
B1248314516115N00551048EA0185401866
B1248324516110N00551048EA0185501867
B1248334516106N00551046EA0185601868
B1248344516102N00551043EA0185901871
B1248354516099N00551037EA0186101873
B1248364516097N00551031EA0186301875
B1248374516096N00551023EA0186401876
B1248384516097N00551016EA0186601878
B1248394516099N00551009EA0186801880
B1248404516102N00551003EA0187001882
B1248414516107N00550998EA0187301885
B1248424516112N00550995EA0187501887
B1248434516117N00550995EA0187701889
B1248444516122N00550996EA0187901891
B1248454516126N00550999EA0188101893
B1248464516130N00551004EA0188301895
B1248474516132N00551009EA0188501897
B1248484516134N00551016EA0188401896
B1248494516137N00551022EA0188301895
B1248504516139N00551029EA0188201894
B1248514516142N00551035EA0188001892
B1248524516144N00551041EA0188001892
B1248534516147N00551048EA0187901891
B1248544516149N00551054EA0187801890
B1248554516152N00551060EA0187701889
B1248564516154N00551067EA0187601888
B1248574516157N00551073EA0187501887
B1248584516159N00551080EA0187301885
B1248594516161N00551086EA0187101883
B1249004516164N00551093EA0187001882
B1249014516166N00551099EA0186901881
B1249024516168N00551106EA0186901881
B1249034516170N00551112EA0186801880
B1249044516172N00551119EA0186601878
B1249054516174N00551125EA0186501877
B1249064516177N00551132EA0186401876
B1249074516179N00551139EA0186401876
B1249084516181N00551145EA0186301875
B1249094516182N00551152EA0186201874
B1249104516184N00551159EA0186101873
B1249114516185N00551165EA0186001872
B1249124516187N00551172EA0185901871
B1249134516188N00551179EA0185801870
B1249144516190N00551186EA0185801870
B1249154516191N00551193EA0185601868
B1249164516193N00551200EA0185601868
B1249174516194N00551207EA0185501867
B1249184516195N00551213EA0185401866
B1249194516196N00551220EA0185301865
B1249204516197N00551227EA0185201864
B1249214516197N00551234EA0185101863
B1249224516198N00551241EA0185001862
B1249234516199N00551248EA0184901861
B1249244516200N00551255EA0184801860
B1249254516200N00551262EA0184801860
B1249264516201N00551269EA0184601858
B1249274516202N00551276EA0184501857
B1249284516203N00551283EA0184501857
B1249294516204N00551290EA0184401856
B1249304516205N00551297EA0184301855
B1249314516206N00551304EA0184201854
B1249324516207N00551311EA0184101853
B1249334516208N00551317EA0184001852
B1249344516209N00551324EA0183901851
B1249354516210N00551331EA0183801850
B1249364516212N00551338EA0183701849
B1249374516213N00551345EA0183501847
B1249384516214N00551352EA0183401846
B1249394516215N00551359EA0183201844
B1249404516215N00551366EA0183101843
B1249414516216N00551373EA0183001842
B1249424516217N00551380EA0182801840
B1249434516217N00551387EA0182701839
B1249444516218N00551394EA0182601838
B1249454516218N00551401EA0182501837
B1249464516219N00551408EA0182401836
B1249474516220N00551415EA0182401836
B1249484516220N00551422EA0182301835
B1249494516221N00551429EA0182101833
B1249504516222N00551436EA0182101833
B1249514516223N00551442EA0181901831
B1249524516224N00551449EA0181701829
B1249534516225N00551456EA0181601828
B1249544516226N00551463EA0181401826
B1249554516227N00551470EA0181401826
B1249564516228N00551477EA0181201824
B1249574516228N00551484EA0181101823
B1249584516229N00551491EA0181001822
B1249594516230N00551498EA0180901821
B1250004516232N00551505EA0180901821
B1250014516233N00551512EA0180801820
B1250024516234N00551519EA0180701819
B1250034516235N00551525EA0180601818
B1250044516237N00551532EA0180401816
B1250054516238N00551539EA0180301815
B1250064516239N00551546EA0180201814
B1250074516240N00551553EA0180101813
B1250084516242N00551560EA0179901811
B1250094516243N00551567EA0179801810
B1250104516244N00551574EA0179701809
B1250114516246N00551580EA0179601808
B1250124516248N00551587EA0179501807
B1250134516250N00551594EA0179401806
B1250144516252N00551600EA0179301805
B1250154516254N00551607EA0179201804
B1250164516256N00551614EA0179001802
B1250174516258N00551620EA0178901801
B1250184516259N00551627EA0178701799
B1250194516261N00551634EA0178701799
B1250204516263N00551640EA0178501797
B1250214516265N00551647EA0178501797
B1250224516267N00551654EA0178501797
B1250234516269N00551660EA0178301795
B1250244516271N00551667EA0178201794
B1250254516273N00551674EA0178001792
B1250264516275N00551680EA0178001792
B1250274516277N00551687EA0177801790
B1250284516279N00551693EA0177701789
B1250294516281N00551700EA0177601788
B1250304516284N00551706EA0177401786
B1250314516286N00551713EA0177301785
B1250324516288N00551720EA0177201784
B1250334516290N00551726EA0177001782
B1250344516292N00551733EA0177101783
B1250354516294N00551739EA0176901781
B1250364516296N00551746EA0176801780
B1250374516298N00551753EA0176701779
B1250384516300N00551759EA0176601778
B1250394516302N00551766EA0176501777
B1250404516304N00551772EA0176401776
B1250414516306N00551779EA0176201774
B1250424516308N00551786EA0176201774
B1250434516310N00551792EA0176001772
B1250444516312N00551799EA0175801770
B1250454516314N00551806EA0175601768
B1250464516316N00551812EA0175501767
B1250474516318N00551819EA0175501767
B1250484516319N00551826EA0175301765
B1250494516321N00551832EA0175201764
B1250504516323N00551839EA0175001762
B1250514516326N00551845EA0174801760
B1250524516328N00551852EA0174801760
B1250534516330N00551859EA0174601758
B1250544516332N00551865EA0174501757
B1250554516334N00551872EA0174401756
B1250564516336N00551878EA0174301755
B1250574516338N00551885EA0174201754
B1250584516340N00551891EA0174001752
B1250594516343N00551898EA0173901751
B1251004516345N00551905EA0173701749
B1251014516347N00551911EA0173701749
B1251024516349N00551918EA0173601748
B1251034516351N00551924EA0173401746
B1251044516353N00551931EA0173301745
B1251054516355N00551937EA0173201744
B1251064516358N00551944EA0173101743
B1251074516360N00551950EA0173001742
B1251084516362N00551957EA0172901741
B1251094516365N00551963EA0172801740
B1251104516367N00551970EA0172801740
B1251114516369N00551976EA0172701739
B1251124516371N00551983EA0172601738
B1251134516373N00551989EA0172501737
B1251144516375N00551996EA0172301735
B1251154516377N00552003EA0172201734
B1251164516378N00552009EA0172301735
B1251174516377N00552015EA0172601738
B1251184516374N00552020EA0172901741
B1251194516371N00552023EA0173301745
B1251204516367N00552025EA0173601748
B1251214516362N00552025EA0173801750
B1251224516358N00552023EA0174101753
B1251234516354N00552019EA0174301755
B1251244516351N00552013EA0174401756
B1251254516350N00552006EA0174701759
B1251264516349N00551999EA0174901761
B1251274516350N00551991EA0175201764
B1251284516353N00551984EA0175601768
B1251294516357N00551979EA0175901771
B1251304516361N00551974EA0176101773
B1251314516366N00551972EA0176301775
B1251324516372N00551972EA0176501777
B1251334516377N00551974EA0176701779
B1251344516381N00551978EA0176901781
B1251354516384N00551983EA0177001782
B1251364516386N00551989EA0177201784
B1251374516386N00551995EA0177401786
B1251384516385N00552001EA0177701789
B1251394516382N00552006EA0177801790
B1251404516379N00552009EA0178201794
B1251414516375N00552011EA0178301795
B1251424516370N00552011EA0178501797
B1251434516366N00552008EA0178801800
B1251444516362N00552004EA0179101803
B1251454516360N00551998EA0179401806
B1251464516358N00551991EA0179701809
B1251474516358N00551984EA0180001812
B1251484516359N00551976EA0180201814
B1251494516361N00551969EA0180501817
B1251504516365N00551964EA0180701819
B1251514516370N00551960EA0180901821
B1251524516375N00551958EA0181101823
B1251534516380N00551958EA0181401826
B1251544516385N00551960EA0181601828
B1251554516389N00551963EA0181801830
B1251564516392N00551969EA0181901831
B1251574516394N00551974EA0182201834
B1251584516394N00551981EA0182501837
B1251594516393N00551987EA0182701839
B1252004516391N00551991EA0182901841
B1252014516387N00551995EA0183201844
B1252024516383N00551997EA0183301845
B1252034516378N00551996EA0183601848
B1252044516374N00551994EA0183901851
B1252054516370N00551989EA0184101853
B1252064516368N00551983EA0184301855
B1252074516366N00551976EA0184501857
B1252084516366N00551969EA0184801860
B1252094516367N00551961EA0185201864
B1252104516370N00551955EA0185301865
B1252114516374N00551949EA0185401866
B1252124516378N00551945EA0185701869
B1252134516384N00551943EA0186001872
B1252144516389N00551943EA0186201874
B1252154516394N00551945EA0186401876
B1252164516398N00551949EA0186701879
B1252174516401N00551954EA0186801880
B1252184516402N00551960EA0187001882
B1252194516402N00551967EA0187101883
B1252204516401N00551972EA0187501887
B1252214516399N00551977EA0187901891
B1252224516395N00551981EA0188101893
B1252234516391N00551982EA0188501897
B1252244516386N00551982EA0188801900
B1252254516382N00551979EA0189101903
B1252264516379N00551975EA0189301905
B1252274516376N00551969EA0189601908
B1252284516374N00551962EA0189801910
B1252294516374N00551954EA0190001912
B1252304516376N00551947EA0190301915
B1252314516378N00551940EA0190501917
B1252324516382N00551934EA0190801920
B1252334516387N00551931EA0191001922
B1252344516392N00551929EA0191201924
B1252354516397N00551929EA0191401926
B1252364516402N00551931EA0191601928
B1252374516406N00551935EA0191801930
B1252384516409N00551940EA0192101933
B1252394516411N00551946EA0192301935
B1252404516411N00551952EA0192601938
B1252414516409N00551958EA0192801940
B1252424516407N00551963EA0193101943
B1252434516403N00551966EA0193301945
B1252444516399N00551968EA0193501947
B1252454516395N00551967EA0193701949
B1252464516390N00551964EA0194001952
B1252474516387N00551960EA0194301955
B1252484516384N00551954EA0194601958
B1252494516383N00551947EA0194901961
B1252504516383N00551939EA0195101963
B1252514516384N00551932EA0195301965
B1252524516387N00551925EA0195501967
B1252534516391N00551920EA0195701969
B1252544516396N00551916EA0195901971
B1252554516401N00551914EA0196201974
B1252564516406N00551915EA0196501977
B1252574516411N00551917EA0196701979
B1252584516415N00551921EA0197001982
B1252594516417N00551926EA0197301985
B1253004516419N00551932EA0197501987
B1253014516419N00551938EA0197701989
B1253024516418N00551944EA0197901991
B1253034516415N00551949EA0198201994
B1253044516411N00551952EA0198401996
B1253054516407N00551953EA0198601998
B1253064516403N00551952EA0198902001
B1253074516398N00551950EA0199202004
B1253084516395N00551945EA0199402006
B1253094516392N00551939EA0199502007
B1253104516391N00551932EA0199802010
B1253114516391N00551924EA0200002012
B1253124516392N00551917EA0200302015
B1253134516395N00551910EA0200402016
B1253144516399N00551905EA0200702019
B1253154516404N00551901EA0201002022
B1253164516409N00551900EA0201202024
B1253174516414N00551900EA0201402026
B1253184516419N00551903EA0201602028
B1253194516423N00551907EA0201902031
B1253204516426N00551912EA0202202034
B1253214516427N00551918EA0202402036
B1253224516427N00551924EA0202702039
B1253234516426N00551930EA0203002042
B1253244516423N00551935EA0203102043
B1253254516419N00551938EA0203302045
B1253264516415N00551939EA0203502047
B1253274516411N00551938EA0203802050
B1253284516406N00551935EA0204002052
B1253294516403N00551930EA0204402056
B1253304516400N00551924EA0204602058
B1253314516399N00551917EA0204802060
B1253324516399N00551909EA0205002062
B1253334516401N00551902EA0205102063
B1253344516404N00551895EA0205402066
B1253354516408N00551890EA0205702069
B1253364516413N00551887EA0206102073
B1253374516418N00551885EA0206302075
B1253384516423N00551886EA0206602078
B1253394516428N00551888EA0206802080
B1253404516432N00551892EA0207002082
B1253414516434N00551898EA0207202084
B1253424516435N00551904EA0207402086
B1253434516435N00551910EA0207602088
B1253444516434N00551916EA0207802090
B1253454516431N00551920EA0208002092
B1253464516427N00551923EA0208202094
B1253474516423N00551924EA0208402096
B1253484516419N00551923EA0208702099
B1253494516414N00551920EA0208902101
B1253504516411N00551916EA0209202104
B1253514516408N00551909EA0209402106
B1253524516407N00551902EA0209602108
B1253534516408N00551894EA0209802110
B1253544516409N00551887EA0210002112
B1253554516412N00551881EA0210102113
B1253564516416N00551876EA0210402116
B1253574516421N00551872EA0210602118
B1253584516426N00551871EA0210902121
B1253594516432N00551871EA0211202124
B1254004516436N00551874EA0211402126
B1254014516440N00551878EA0211702129
B1254024516443N00551884EA0211902131
B1254034516444N00551890EA0212102133
B1254044516444N00551896EA0212402136
B1254054516442N00551902EA0212702139
B1254064516439N00551906EA0213002142
B1254074516435N00551909EA0213202144
B1254084516431N00551910EA0213402146
B1254094516427N00551909EA0213602148
B1254104516422N00551906EA0213802150
B1254114516419N00551901EA0214202154
B1254124516417N00551894EA0214402156
B1254134516415N00551887EA0214602158
B1254144516416N00551880EA0215002162
B1254154516418N00551872EA0215202164
B1254164516421N00551866EA0215402166
B1254174516425N00551861EA0215602168
B1254184516430N00551858EA0215702169
B1254194516435N00551856EA0215902171
B1254204516440N00551857EA0216102173
B1254214516445N00551860EA0216302175
B1254224516448N00551864EA0216502177
B1254234516451N00551870EA0216702179
B1254244516452N00551876EA0217102183
B1254254516452N00551882EA0217302185
B1254264516450N00551887EA0217502187
B1254274516447N00551892EA0217802190
B1254284516443N00551895EA0218202194
B1254294516439N00551895EA0218502197
B1254304516435N00551894EA0218602198
B1254314516430N00551891EA0218902201
B1254324516427N00551886EA0219202204
B1254334516425N00551880EA0219502207
B1254344516424N00551872EA0219802210
B1254354516424N00551865EA0220002212
B1254364516426N00551857EA0220302215
B1254374516429N00551851EA0220502217
B1254384516433N00551846EA0220702219
B1254394516438N00551843EA0220902221
B1254404516444N00551842EA0221002222
B1254414516449N00551843EA0221202224
B1254424516453N00551846EA0221402226
B1254434516457N00551850EA0221702229
B1254444516459N00551855EA0222002232
B1254454516460N00551862EA0222202234
B1254464516460N00551868EA0222302235
B1254474516458N00551873EA0222602238
B1254484516455N00551878EA0222902241
B1254494516451N00551880EA0223102243
B1254504516447N00551881EA0223302245
B1254514516443N00551880EA0223502247
B1254524516439N00551876EA0223902251
B1254534516435N00551871EA0224102253
B1254544516433N00551865EA0224302255
B1254554516432N00551857EA0224602258
B1254564516432N00551850EA0224902261
B1254574516434N00551843EA0225202264
B1254584516438N00551836EA0225502267
B1254594516442N00551831EA0225802270
B1255004516447N00551828EA0226002272
B1255014516452N00551827EA0226302275
B1255024516457N00551828EA0226602278
B1255034516462N00551831EA0226902281
B1255044516467N00551835EA0226802280
B1255054516472N00551838EA0226602278
B1255064516477N00551842EA0226502277
B1255074516481N00551845EA0226302275
B1255084516486N00551848EA0226302275
B1255094516491N00551852EA0226202274
B1255104516496N00551855EA0226102273
B1255114516501N00551859EA0226002272
B1255124516506N00551862EA0225902271
B1255134516511N00551866EA0225702269
B1255144516516N00551869EA0225702269
B1255154516521N00551872EA0225602268
B1255164516526N00551876EA0225502267
B1255174516531N00551879EA0225402266
B1255184516536N00551882EA0225302265
B1255194516541N00551885EA0225102263
B1255204516546N00551888EA0225002262
B1255214516551N00551891EA0224902261
B1255224516557N00551894EA0224802260
B1255234516562N00551897EA0224702259
B1255244516567N00551899EA0224702259
B1255254516572N00551902EA0224602258
B1255264516577N00551905EA0224502257
B1255274516583N00551908EA0224402256
B1255284516588N00551910EA0224402256
B1255294516593N00551913EA0224302255
B1255304516598N00551916EA0224202254
B1255314516604N00551918EA0224002252
B1255324516609N00551921EA0223902251
B1255334516614N00551924EA0223802250
B1255344516619N00551927EA0223702249
B1255354516624N00551930EA0223602248
B1255364516629N00551933EA0223402246
B1255374516635N00551935EA0223302245
B1255384516640N00551938EA0223202244
B1255394516645N00551941EA0223002242
B1255404516650N00551945EA0222902241
B1255414516655N00551948EA0222802240
B1255424516660N00551951EA0222602238
B1255434516665N00551955EA0222602238
B1255444516670N00551958EA0222502237
B1255454516675N00551961EA0222402236
B1255464516680N00551964EA0222202234
B1255474516685N00551967EA0222102233
B1255484516690N00551970EA0222002232
B1255494516696N00551973EA0221902231
B1255504516701N00551975EA0221702229
B1255514516706N00551978EA0221702229
B1255524516711N00551981EA0221602228
B1255534516716N00551984EA0221502227
B1255544516722N00551986EA0221402226
B1255554516727N00551989EA0221202224
B1255564516732N00551991EA0221102223
B1255574516738N00551993EA0221102223
B1255584516743N00551995EA0220902221
B1255594516749N00551998EA0220802220
B1256004516754N00552000EA0220702219
B1256014516759N00552002EA0220602218
B1256024516765N00552004EA0220502217
B1256034516770N00552006EA0220402216
B1256044516776N00552008EA0220302215
B1256054516781N00552010EA0220102213
B1256064516787N00552012EA0220002212
B1256074516792N00552014EA0219802210
B1256084516797N00552016EA0219702209
B1256094516803N00552019EA0219602208
B1256104516808N00552021EA0219502207
B1256114516813N00552023EA0219302205
B1256124516819N00552025EA0219202204
B1256134516824N00552028EA0219102203
B1256144516829N00552030EA0219002202
B1256154516835N00552032EA0218902201
B1256164516840N00552034EA0218802200
B1256174516846N00552037EA0218602198
B1256184516851N00552039EA0218402196
B1256194516856N00552041EA0218302195
B1256204516862N00552043EA0218302195
B1256214516867N00552046EA0218202194
B1256224516872N00552048EA0218102193
B1256234516878N00552050EA0217902191
B1256244516883N00552053EA0217802190
B1256254516888N00552055EA0217702189
B1256264516894N00552058EA0217602188
B1256274516899N00552060EA0217502187
B1256284516904N00552063EA0217302185
B1256294516910N00552065EA0217202184
B1256304516915N00552067EA0217002182
B1256314516920N00552070EA0216902181
B1256324516925N00552073EA0216902181
B1256334516931N00552075EA0216702179
B1256344516936N00552078EA0216702179
B1256354516941N00552081EA0216502177
B1256364516946N00552084EA0216402176
B1256374516951N00552087EA0216302175
B1256384516957N00552090EA0216302175
B1256394516962N00552092EA0216202174
B1256404516967N00552095EA0216102173
B1256414516972N00552098EA0215902171
B1256424516977N00552101EA0215702169
B1256434516983N00552104EA0215602168
B1256444516988N00552107EA0215502167
B1256454516993N00552110EA0215302165
B1256464516998N00552113EA0215202164
B1256474517003N00552116EA0215002162
B1256484517008N00552119EA0214902161
B1256494517013N00552123EA0214802160
B1256504517018N00552126EA0214602158
B1256514517023N00552129EA0214502157
B1256524517028N00552132EA0214402156
B1256534517033N00552135EA0214302155
B1256544517038N00552138EA0214202154
B1256554517043N00552141EA0214102153
B1256564517048N00552144EA0213902151
B1256574517054N00552147EA0213902151
B1256584517059N00552151EA0213702149
B1256594517064N00552154EA0213602148
B1257004517069N00552157EA0213502147
B1257014517074N00552160EA0213402146
B1257024517079N00552163EA0213302145
B1257034517084N00552166EA0213202144
B1257044517089N00552169EA0213002142
B1257054517094N00552172EA0212902141
B1257064517099N00552175EA0212802140
B1257074517105N00552178EA0212702139
B1257084517110N00552181EA0212502137
B1257094517115N00552184EA0212402136
B1257104517120N00552186EA0212302135
B1257114517125N00552190EA0212302135
B1257124517130N00552193EA0212102133
B1257134517135N00552196EA0212002132
B1257144517140N00552199EA0211902131
B1257154517145N00552203EA0211802130
B1257164517150N00552206EA0211602128
B1257174517155N00552209EA0211502127
B1257184517160N00552212EA0211402126
B1257194517166N00552215EA0211402126
B1257204517171N00552218EA0211302125
B1257214517176N00552220EA0211102123
B1257224517181N00552223EA0211102123
B1257234517187N00552225EA0211002122
B1257244517192N00552228EA0210902121
B1257254517197N00552231EA0210802120
B1257264517202N00552233EA0210602118
B1257274517207N00552236EA0210602118
B1257284517212N00552239EA0210502117
B1257294517218N00552242EA0210302115
B1257304517223N00552245EA0210202114
B1257314517228N00552248EA0210002112
B1257324517233N00552251EA0209902111
B1257334517238N00552254EA0209802110
B1257344517244N00552256EA0209702109
B1257354517249N00552259EA0209602108
B1257364517254N00552262EA0209402106
B1257374517259N00552264EA0209202104
B1257384517264N00552267EA0209102103
B1257394517269N00552270EA0209102103
B1257404517275N00552274EA0208902101
B1257414517280N00552277EA0208802100
B1257424517285N00552280EA0208702099
B1257434517289N00552284EA0208602098
B1257444517294N00552287EA0208502097
B1257454517299N00552291EA0208402096
B1257464517304N00552294EA0208302095
B1257474517309N00552298EA0208202094
B1257484517314N00552301EA0208102093
B1257494517319N00552304EA0208002092
B1257504517324N00552308EA0207902091
B1257514517329N00552311EA0207802090
B1257524517334N00552315EA0207702089
B1257534517339N00552318EA0207602088
B1257544517344N00552321EA0207602088
B1257554517349N00552324EA0207402086
B1257564517354N00552328EA0207302085
B1257574517359N00552331EA0207202084
B1257584517364N00552334EA0207102083
B1257594517369N00552337EA0207002082
B1258004517374N00552341EA0207002082
B1258014517379N00552344EA0206902081
B1258024517384N00552347EA0206802080
B1258034517389N00552350EA0206702079
B1258044517394N00552353EA0206602078
B1258054517399N00552356EA0206502077
B1258064517404N00552359EA0206402076
B1258074517409N00552362EA0206302075
B1258084517414N00552366EA0206202074
B1258094517420N00552369EA0206102073
B1258104517425N00552372EA0206002072
B1258114517430N00552375EA0205902071
B1258124517435N00552378EA0205802070
B1258134517440N00552382EA0205702069
B1258144517445N00552385EA0205602068
B1258154517450N00552388EA0205402066
B1258164517455N00552391EA0205302065
B1258174517460N00552394EA0205202064
B1258184517465N00552397EA0205102063
B1258194517470N00552400EA0205002062
B1258204517475N00552403EA0204902061
B1258214517481N00552406EA0204802060
B1258224517486N00552409EA0204602058
B1258234517491N00552411EA0204502057
B1258244517496N00552414EA0204402056
B1258254517502N00552416EA0204202054
B1258264517507N00552419EA0204102053
B1258274517512N00552421EA0204002052
B1258284517517N00552424EA0204002052
B1258294517523N00552427EA0203802050
B1258304517528N00552430EA0203702049
B1258314517533N00552433EA0203502047
B1258324517538N00552435EA0203402046
B1258334517543N00552438EA0203402046
B1258344517548N00552441EA0203202044
B1258354517554N00552444EA0203202044
B1258364517559N00552447EA0203002042
B1258374517564N00552451EA0202902041
B1258384517569N00552454EA0202802040
B1258394517574N00552457EA0202702039
B1258404517579N00552460EA0202702039
B1258414517584N00552463EA0202602038
B1258424517589N00552466EA0202502037
B1258434517594N00552469EA0202402036
B1258444517599N00552472EA0202302035
B1258454517605N00552475EA0202202034
B1258464517610N00552478EA0202002032
B1258474517615N00552481EA0201902031
B1258484517620N00552484EA0201802030
B1258494517625N00552487EA0201702029
B1258504517630N00552490EA0201502027
B1258514517635N00552493EA0201402026
B1258524517640N00552496EA0201302025
B1258534517645N00552500EA0201102023
B1258544517650N00552503EA0201002022
B1258554517655N00552506EA0200902021
B1258564517660N00552509EA0200902021
B1258574517665N00552513EA0200802020
B1258584517670N00552516EA0200702019
B1258594517675N00552519EA0200602018
B1259004517680N00552522EA0200402016
B1259014517686N00552525EA0200302015
B1259024517691N00552528EA0200202014
B1259034517696N00552531EA0200102013
B1259044517701N00552535EA0200102013
B1259054517706N00552538EA0200002012
B1259064517711N00552541EA0199902011
B1259074517716N00552544EA0199802010
B1259084517721N00552547EA0199702009
B1259094517726N00552551EA0199602008
B1259104517731N00552554EA0199502007
B1259114517736N00552557EA0199402006
B1259124517741N00552561EA0199402006
B1259134517746N00552564EA0199402006
B1259144517751N00552568EA0199202004
B1259154517755N00552571EA0199102003
B1259164517760N00552575EA0198902001
B1259174517765N00552578EA0198802000
B1259184517769N00552583EA0199002002
B1259194517771N00552588EA0199102003
B1259204517772N00552595EA0199302005
B1259214517771N00552601EA0199602008
B1259224517769N00552606EA0199802010
B1259234517766N00552610EA0200002012
B1259244517762N00552612EA0200102013
B1259254517758N00552613EA0200302015
B1259264517753N00552611EA0200502017
B1259274517749N00552608EA0200702019
B1259284517746N00552602EA0200902021
B1259294517744N00552596EA0201102023
B1259304517743N00552588EA0201302025
B1259314517744N00552581EA0201502027
B1259324517746N00552574EA0201602028
B1259334517750N00552568EA0201802030
B1259344517754N00552563EA0202002032
B1259354517759N00552560EA0202202034
B1259364517764N00552559EA0202502037
B1259374517769N00552561EA0202702039
B1259384517774N00552564EA0202802040
B1259394517777N00552569EA0203002042
B1259404517779N00552574EA0203302045
B1259414517780N00552580EA0203402046
B1259424517779N00552587EA0203702049
B1259434517777N00552592EA0203802050
B1259444517774N00552596EA0204002052
B1259454517770N00552598EA0204002052
B1259464517766N00552598EA0204202054
B1259474517761N00552597EA0204302055
B1259484517758N00552593EA0204602058
B1259494517754N00552588EA0204902061
B1259504517752N00552581EA0204902061
B1259514517752N00552573EA0205102063
B1259524517753N00552566EA0205402066
B1259534517755N00552559EA0205702069
B1259544517758N00552553EA0206002072
B1259554517763N00552548EA0206202074
B1259564517768N00552546EA0206502077
B1259574517773N00552545EA0206602078
B1259584517778N00552546EA0206902081
B1259594517782N00552550EA0207002082
B1300004517786N00552554EA0207202084
B1300014517788N00552560EA0207402086
B1300024517788N00552566EA0207702089
B1300034517788N00552572EA0207902091
B1300044517786N00552578EA0208202094
B1300054517782N00552582EA0208402096
B1300064517778N00552584EA0208602098
B1300074517774N00552584EA0208702099
B1300084517770N00552582EA0209002102
B1300094517766N00552578EA0209302105
B1300104517763N00552573EA0209502107
B1300114517761N00552566EA0209802110
B1300124517760N00552559EA0210002112
B1300134517761N00552551EA0210202114
B1300144517763N00552544EA0210502117
B1300154517767N00552538EA0210702119
B1300164517771N00552534EA0210902121
B1300174517776N00552531EA0211102123
B1300184517781N00552531EA0211302125
B1300194517786N00552532EA0211502127
B1300204517791N00552535EA0211702129
B1300214517794N00552540EA0211802130
B1300224517796N00552546EA0212002132
B1300234517797N00552552EA0212202134
B1300244517796N00552558EA0212402136
B1300254517794N00552563EA0212702139
B1300264517790N00552567EA0212902141
B1300274517786N00552569EA0213102143
B1300284517782N00552569EA0213302145
B1300294517778N00552567EA0213502147
B1300304517774N00552564EA0213802150
B1300314517771N00552558EA0213802150
B1300324517769N00552551EA0214102153
B1300334517768N00552544EA0214202154
B1300344517769N00552536EA0214402156
B1300354517772N00552529EA0214602158
B1300364517775N00552523EA0214802160
B1300374517780N00552519EA0215002162
B1300384517785N00552517EA0215302165
B1300394517790N00552516EA0215402166
B1300404517795N00552518EA0215602168
B1300414517799N00552521EA0215802170
B1300424517802N00552526EA0216102173
B1300434517804N00552532EA0216302175
B1300444517805N00552538EA0216502177
B1300454517804N00552544EA0216602178
B1300464517802N00552549EA0216702179
B1300474517798N00552553EA0217102183
B1300484517794N00552555EA0217302185
B1300494517790N00552555EA0217602188
B1300504517786N00552553EA0217702189
B1300514517782N00552549EA0218002192
B1300524517779N00552543EA0218302195
B1300534517777N00552536EA0218502197
B1300544517777N00552529EA0218602198
B1300554517778N00552521EA0218802200
B1300564517780N00552514EA0219002202
B1300574517784N00552509EA0219202204
B1300584517788N00552504EA0219502207
B1300594517793N00552502EA0219602208
B1301004517799N00552502EA0219702209
B1301014517804N00552503EA0220002212
B1301024517808N00552507EA0220302215
B1301034517811N00552512EA0220602218
B1301044517813N00552518EA0220702219
B1301054517813N00552524EA0221002222
B1301064517812N00552530EA0221302225
B1301074517810N00552535EA0221602228
B1301084517807N00552539EA0221802230
B1301094517802N00552541EA0222002232
B1301104517798N00552540EA0222102233
B1301114517794N00552538EA0222302235
B1301124517790N00552534EA0222502237
B1301134517787N00552528EA0222802240
B1301144517785N00552521EA0223102243
B1301154517785N00552514EA0223202244
B1301164517786N00552506EA0223402246
B1301174517788N00552500EA0223702249
B1301184517792N00552494EA0223902251
B1301194517797N00552490EA0224202254
B1301204517802N00552487EA0224402256
B1301214517807N00552487EA0224702259
B1301224517812N00552489EA0224802260
B1301234517816N00552493EA0225102263
B1301244517819N00552498EA0225302265
B1301254517821N00552504EA0225502267
B1301264517821N00552510EA0225602268
B1301274517820N00552516EA0225802270
B1301284517818N00552521EA0226002272
B1301294517815N00552524EA0226202274
B1301304517810N00552526EA0226502277
B1301314517806N00552526EA0226702279
B1301324517802N00552524EA0227002282
B1301334517798N00552519EA0227202284
B1301344517795N00552514EA0227402286
B1301354517793N00552507EA0227702289
B1301364517793N00552499EA0227902291
B1301374517794N00552492EA0228002292
B1301384517797N00552485EA0228302295
B1301394517801N00552479EA0228502297
B1301404517805N00552475EA0228802300
B1301414517810N00552473EA0229002302
B1301424517816N00552473EA0229202304
B1301434517821N00552475EA0229402306
B1301444517825N00552479EA0229602308
B1301454517828N00552484EA0229802310
B1301464517829N00552490EA0230002312
B1301474517830N00552496EA0230102313
B1301484517829N00552502EA0230302315
B1301494517826N00552507EA0230502317
B1301504517823N00552510EA0230802320
B1301514517818N00552512EA0230902321
B1301524517814N00552511EA0231102323
B1301534517810N00552509EA0231402326
B1301544517806N00552505EA0231602328
B1301554517803N00552499EA0231902331
B1301564517802N00552492EA0232102333
B1301574517801N00552484EA0232302335
B1301584517803N00552477EA0232602338
B1301594517805N00552470EA0232902341
B1302004517809N00552464EA0233102343
B1302014517814N00552460EA0233202344
B1302024517819N00552458EA0233402346
B1302034517824N00552459EA0233602348
B1302044517829N00552461EA0233702349
B1302054517833N00552464EA0234002352
B1302064517836N00552470EA0234302355
B1302074517838N00552476EA0234502357
B1302084517838N00552482EA0234702359
B1302094517837N00552488EA0234902361
B1302104517834N00552492EA0235102363
B1302114517831N00552496EA0235402366
B1302124517826N00552497EA0235502367
B1302134517822N00552497EA0235702369
B1302144517818N00552494EA0236002372
B1302154517814N00552490EA0236202374
B1302164517811N00552484EA0236602378
B1302174517810N00552477EA0236702379
B1302184517810N00552469EA0237002382
B1302194517811N00552462EA0237302385
B1302204517814N00552455EA0237402386
B1302214517818N00552450EA0237502387
B1302224517822N00552446EA0237602388
B1302234517828N00552444EA0237802390
B1302244517833N00552444EA0237902391
B1302254517838N00552446EA0238202394
B1302264517842N00552450EA0238402396
B1302274517845N00552455EA0238602398
B1302284517846N00552461EA0238802400
B1302294517846N00552468EA0239002402
B1302304517845N00552473EA0239002402
B1302314517842N00552478EA0239302405
B1302324517840N00552484EA0239302405
B1302334517837N00552489EA0239102403
B1302344517834N00552495EA0239102403
B1302354517831N00552500EA0239002402
B1302364517829N00552506EA0238902401
B1302374517826N00552512EA0238902401
B1302384517823N00552517EA0238802400
B1302394517820N00552522EA0238602398
B1302404517817N00552528EA0238502397
B1302414517815N00552533EA0238402396
B1302424517812N00552539EA0238202394
B1302434517809N00552544EA0238102393
B1302444517806N00552550EA0238002392
B1302454517803N00552555EA0237902391
B1302464517801N00552561EA0237802390
B1302474517798N00552566EA0237702389
B1302484517795N00552571EA0237502387
B1302494517792N00552576EA0237402386
B1302504517788N00552581EA0237302385
B1302514517785N00552586EA0237202384
B1302524517782N00552591EA0237102383
B1302534517779N00552596EA0237002382
B1302544517775N00552601EA0237002382
B1302554517772N00552606EA0236902381
B1302564517769N00552611EA0236802380
B1302574517766N00552616EA0236702379
B1302584517762N00552621EA0236602378
B1302594517759N00552626EA0236602378
B1303004517756N00552631EA0236502377
B1303014517753N00552637EA0236302375
B1303024517750N00552642EA0236302375
B1303034517747N00552647EA0236202374
B1303044517744N00552652EA0236102373
B1303054517741N00552658EA0236002372
B1303064517738N00552663EA0235902371
B1303074517735N00552668EA0235802370
B1303084517732N00552673EA0235702369
B1303094517729N00552678EA0235602368
B1303104517726N00552683EA0235402366
B1303114517723N00552689EA0235302365
B1303124517720N00552694EA0235202364
B1303134517717N00552700EA0235102363
B1303144517714N00552705EA0235002362
B1303154517712N00552711EA0234902361
B1303164517709N00552717EA0234802360
B1303174517707N00552722EA0234702359
B1303184517704N00552728EA0234602358
B1303194517702N00552734EA0234602358
B1303204517699N00552740EA0234402356
B1303214517697N00552746EA0234302355
B1303224517694N00552751EA0234102353
B1303234517691N00552757EA0234002352
B1303244517689N00552762EA0233902351
B1303254517686N00552768EA0233802350
B1303264517684N00552774EA0233702349
B1303274517681N00552780EA0233502347
B1303284517679N00552785EA0233502347
B1303294517677N00552791EA0233402346
B1303304517674N00552797EA0233202344
B1303314517672N00552803EA0233002342
B1303324517670N00552809EA0233002342
B1303334517668N00552815EA0232802340
B1303344517665N00552821EA0232802340
B1303354517663N00552827EA0232702339
B1303364517661N00552833EA0232602338
B1303374517658N00552839EA0232502337
B1303384517656N00552845EA0232302335
B1303394517654N00552851EA0232202334
B1303404517652N00552857EA0232102333
B1303414517649N00552863EA0231902331
B1303424517647N00552869EA0231802330
B1303434517645N00552875EA0231702329
B1303444517642N00552881EA0231502327
B1303454517640N00552886EA0231402326
B1303464517637N00552892EA0231302325
B1303474517635N00552898EA0231102323
B1303484517632N00552904EA0231102323
B1303494517629N00552909EA0231002322
B1303504517627N00552915EA0230902321
B1303514517624N00552920EA0230802320
B1303524517621N00552926EA0230702319
B1303534517618N00552931EA0230502317
B1303544517616N00552937EA0230302315
B1303554517613N00552942EA0230102313
B1303564517610N00552948EA0230002312
B1303574517607N00552953EA0229902311
B1303584517604N00552959EA0229802310
B1303594517601N00552964EA0229702309
B1304004517598N00552969EA0229502307
B1304014517595N00552975EA0229402306
B1304024517592N00552980EA0229302305
B1304034517589N00552985EA0229202304
B1304044517586N00552990EA0229102303
B1304054517583N00552995EA0229002302
B1304064517580N00553000EA0228902301
B1304074517577N00553005EA0228802300
B1304084517573N00553010EA0228702299
B1304094517570N00553015EA0228502297
B1304104517567N00553020EA0228502297
B1304114517563N00553025EA0228302295
B1304124517560N00553029EA0228202294
B1304134517556N00553034EA0228202294
B1304144517553N00553039EA0228002292
B1304154517550N00553044EA0227902291
B1304164517546N00553049EA0227802290
B1304174517543N00553053EA0227702289
B1304184517539N00553058EA0227602288
B1304194517536N00553063EA0227502287
B1304204517532N00553067EA0227402286
B1304214517529N00553072EA0227302285
B1304224517525N00553076EA0227202284
B1304234517522N00553081EA0227202284
B1304244517519N00553086EA0227002282
B1304254517515N00553091EA0226902281
B1304264517512N00553095EA0226802280
B1304274517508N00553100EA0226602278
B1304284517505N00553104EA0226602278
B1304294517501N00553109EA0226402276
B1304304517498N00553114EA0226302275
B1304314517494N00553118EA0226302275
B1304324517490N00553122EA0226202274
B1304334517487N00553127EA0226102273
B1304344517483N00553132EA0226002272
B1304354517480N00553136EA0225902271
B1304364517476N00553140EA0225802270
B1304374517473N00553145EA0225602268
B1304384517469N00553149EA0225602268
B1304394517465N00553153EA0225502267
B1304404517461N00553158EA0225302265
B1304414517458N00553162EA0225202264
B1304424517454N00553166EA0225102263
B1304434517451N00553171EA0225002262
B1304444517447N00553176EA0224902261
B1304454517444N00553180EA0224802260
B1304464517440N00553185EA0224602258
B1304474517437N00553189EA0224502257
B1304484517433N00553194EA0224402256
B1304494517429N00553198EA0224202254
B1304504517426N00553203EA0224102253
B1304514517422N00553208EA0224002252
B1304524517419N00553212EA0223902251
B1304534517416N00553217EA0223802250
B1304544517412N00553222EA0223602248
B1304554517409N00553226EA0223502247
B1304564517405N00553231EA0223402246
B1304574517402N00553236EA0223302245
B1304584517399N00553241EA0223202244
B1304594517395N00553246EA0223002242
B1305004517392N00553251EA0222902241
B1305014517389N00553256EA0222802240
B1305024517386N00553261EA0222702239
B1305034517383N00553266EA0222602238
B1305044517379N00553271EA0222502237
B1305054517376N00553276EA0222502237
B1305064517373N00553281EA0222402236
B1305074517370N00553286EA0222302235
B1305084517367N00553291EA0222202234
B1305094517363N00553296EA0222102233
B1305104517360N00553301EA0222002232
B1305114517357N00553305EA0221902231
B1305124517353N00553310EA0221702229
B1305134517350N00553315EA0221602228
B1305144517346N00553319EA0221502227
B1305154517342N00553323EA0221302225
B1305164517339N00553328EA0221202224
B1305174517335N00553332EA0221102223
B1305184517332N00553337EA0221002222
B1305194517328N00553342EA0220902221
B1305204517325N00553346EA0220702219
B1305214517321N00553350EA0220602218
B1305224517317N00553355EA0220502217
B1305234517313N00553359EA0220402216
B1305244517309N00553363EA0220302215
B1305254517306N00553367EA0220202214
B1305264517302N00553371EA0220102213
B1305274517299N00553376EA0220002212
B1305284517295N00553380EA0219902211
B1305294517291N00553385EA0219802210
B1305304517288N00553389EA0219702209
B1305314517284N00553394EA0219602208
B1305324517281N00553398EA0219502207
B1305334517277N00553403EA0219402206
B1305344517274N00553408EA0219302205
B1305354517270N00553413EA0219202204
B1305364517267N00553417EA0219102203
B1305374517263N00553422EA0219002202
B1305384517260N00553426EA0218902201
B1305394517256N00553431EA0218802200
B1305404517253N00553435EA0218602198
B1305414517249N00553440EA0218502197
B1305424517246N00553444EA0218402196
B1305434517242N00553449EA0218302195
B1305444517239N00553454EA0218202194
B1305454517235N00553458EA0218202194
B1305464517232N00553463EA0218102193
B1305474517228N00553468EA0218002192
B1305484517225N00553472EA0217802190
B1305494517221N00553476EA0217702189
B1305504517217N00553481EA0217602188
B1305514517213N00553485EA0217602188
B1305524517209N00553489EA0217602188
B1305534517206N00553492EA0217502187
B1305544517202N00553496EA0217402186
B1305554517198N00553500EA0217302185
B1305564517194N00553504EA0217202184
B1305574517190N00553508EA0217102183
B1305584517186N00553511EA0217002182
B1305594517182N00553515EA0216802180
B1306004517178N00553519EA0216602178
B1306014517174N00553523EA0216502177
B1306024517170N00553527EA0216402176
B1306034517166N00553530EA0216202174
B1306044517162N00553534EA0216102173
B1306054517158N00553538EA0216002172
B1306064517154N00553542EA0215902171
B1306074517150N00553546EA0215802170
B1306084517146N00553550EA0215602168
B1306094517142N00553554EA0215502167
B1306104517138N00553557EA0215402166
B1306114517134N00553561EA0215402166
B1306124517130N00553565EA0215302165
B1306134517127N00553569EA0215202164
B1306144517123N00553574EA0215102163
B1306154517119N00553578EA0215002162
B1306164517115N00553582EA0214902161
B1306174517111N00553586EA0214702159
B1306184517108N00553590EA0214602158
B1306194517104N00553594EA0214402156
B1306204517100N00553598EA0214302155
B1306214517096N00553602EA0214202154
B1306224517092N00553606EA0214202154
B1306234517088N00553610EA0214002152
B1306244517085N00553615EA0213902151
B1306254517081N00553619EA0213802150
B1306264517077N00553623EA0213702149
B1306274517074N00553628EA0213602148
B1306284517070N00553632EA0213402146
B1306294517066N00553636EA0213202144
B1306304517063N00553641EA0213002142
B1306314517059N00553645EA0213002142
B1306324517055N00553649EA0212802140
B1306334517051N00553653EA0212702139
B1306344517047N00553657EA0212702139
B1306354517043N00553661EA0212602138
B1306364517039N00553665EA0212502137
B1306374517036N00553669EA0212402136
B1306384517032N00553672EA0212402136
B1306394517037N00553676EA0212302135
B1306404517042N00553679EA0212202134
B1306414517047N00553682EA0212002132
B1306424517052N00553686EA0211902131
B1306434517057N00553689EA0211702129
B1306444517062N00553692EA0211602128
B1306454517067N00553696EA0211502127
B1306464517072N00553699EA0211302125
B1306474517076N00553702EA0211202124
B1306484517081N00553706EA0211002122
B1306494517086N00553709EA0210802120
B1306504517091N00553712EA0210702119
B1306514517096N00553716EA0210602118
B1306524517101N00553719EA0210502117
B1306534517106N00553722EA0210302115
B1306544517111N00553726EA0210202114
B1306554517116N00553729EA0210102113
B1306564517121N00553732EA0210102113
B1306574517126N00553736EA0210002112
B1306584517131N00553739EA0209902111
B1306594517136N00553743EA0209702109
B1307004517141N00553746EA0209602108
B1307014517146N00553749EA0209502107
B1307024517151N00553753EA0209402106
B1307034517156N00553756EA0209302105
B1307044517161N00553760EA0209202104
B1307054517166N00553763EA0209102103
B1307064517171N00553766EA0209002102
B1307074517176N00553770EA0208902101
B1307084517181N00553773EA0208702099
B1307094517186N00553777EA0208602098
B1307104517191N00553780EA0208502097
B1307114517195N00553784EA0208302095
B1307124517200N00553787EA0208202094
B1307134517205N00553790EA0208202094
B1307144517210N00553794EA0208102093
B1307154517215N00553797EA0207902091
B1307164517220N00553801EA0207802090
B1307174517225N00553804EA0207702089
B1307184517230N00553808EA0207602088
B1307194517235N00553811EA0207502087
B1307204517240N00553815EA0207402086
B1307214517245N00553818EA0207202084
B1307224517250N00553822EA0207202084
B1307234517255N00553825EA0207102083
B1307244517260N00553829EA0207002082
B1307254517264N00553832EA0206802080
B1307264517269N00553836EA0206702079
B1307274517274N00553839EA0206502077
B1307284517279N00553843EA0206402076
B1307294517284N00553846EA0206202074
B1307304517289N00553850EA0206102073
B1307314517294N00553853EA0206002072
B1307324517299N00553857EA0205802070
B1307334517304N00553860EA0205702069
B1307344517309N00553864EA0205502067
B1307354517313N00553867EA0205402066
B1307364517318N00553871EA0205202064
B1307374517323N00553874EA0205102063
B1307384517328N00553878EA0205002062
B1307394517333N00553882EA0204802060
B1307404517338N00553885EA0204702059
B1307414517343N00553889EA0204602058
B1307424517348N00553892EA0204402056
B1307434517352N00553896EA0204302055
B1307444517357N00553899EA0204202054
B1307454517362N00553903EA0204102053
B1307464517367N00553907EA0204002052
B1307474517372N00553910EA0203802050
B1307484517377N00553914EA0203602048
B1307494517382N00553917EA0203402046
B1307504517386N00553921EA0203402046
B1307514517391N00553925EA0203402046
B1307524517396N00553928EA0203202044
B1307534517401N00553932EA0203102043
B1307544517406N00553936EA0202902041
B1307554517411N00553939EA0202902041
B1307564517415N00553943EA0202802040
B1307574517420N00553947EA0202602038
B1307584517425N00553950EA0202502037
B1307594517430N00553954EA0202402036
B1308004517435N00553958EA0202202034
B1308014517440N00553961EA0202202034
B1308024517444N00553965EA0202002032
B1308034517449N00553969EA0201902031
B1308044517454N00553972EA0201902031
B1308054517459N00553976EA0201802030
B1308064517464N00553980EA0201502027
B1308074517468N00553983EA0201402026
B1308084517473N00553987EA0201302025
B1308094517478N00553991EA0201202024
B1308104517483N00553995EA0201002022
B1308114517488N00553998EA0201002022
B1308124517492N00554002EA0200902021
B1308134517497N00554006EA0200802020
B1308144517502N00554010EA0200702019
B1308154517507N00554013EA0200602018
B1308164517512N00554017EA0200402016
B1308174517516N00554021EA0200302015
B1308184517521N00554025EA0200102013
B1308194517526N00554029EA0200002012
B1308204517531N00554032EA0199802010
B1308214517535N00554036EA0199702009
B1308224517540N00554040EA0199502007
B1308234517545N00554044EA0199302005
B1308244517550N00554048EA0199202004
B1308254517554N00554052EA0199202004
B1308264517559N00554055EA0199102003
B1308274517564N00554059EA0199002002
B1308284517569N00554063EA0198802000
B1308294517573N00554067EA0198802000
B1308304517578N00554071EA0198701999
B1308314517583N00554075EA0198601998
B1308324517587N00554079EA0198401996
B1308334517592N00554082EA0198301995
B1308344517597N00554086EA0198201994
B1308354517602N00554090EA0198101993
B1308364517606N00554094EA0198001992
B1308374517611N00554098EA0198001992
B1308384517616N00554102EA0197801990
B1308394517620N00554106EA0197701989
B1308404517625N00554110EA0197601988
B1308414517630N00554114EA0197501987
B1308424517634N00554118EA0197301985
B1308434517639N00554122EA0197101983
B1308444517644N00554126EA0197001982
B1308454517648N00554130EA0197001982
B1308464517653N00554134EA0196801980
B1308474517658N00554138EA0196701979
B1308484517662N00554142EA0196601978
B1308494517667N00554146EA0196501977
B1308504517672N00554150EA0196401976
B1308514517676N00554154EA0196301975
B1308524517681N00554158EA0196201974
B1308534517686N00554162EA0196001972
B1308544517690N00554166EA0195901971
B1308554517695N00554170EA0195701969
B1308564517699N00554174EA0195501967
B1308574517704N00554179EA0195401966
B1308584517709N00554183EA0195301965
B1308594517713N00554187EA0195201964
B1309004517718N00554191EA0195101963
B1309014517722N00554195EA0194901961
B1309024517727N00554199EA0194801960
B1309034517731N00554203EA0194701959
B1309044517736N00554208EA0194501957
B1309054517741N00554212EA0194401956
B1309064517745N00554216EA0194301955
B1309074517750N00554220EA0194201954
B1309084517754N00554224EA0194101953
B1309094517759N00554229EA0193901951
B1309104517763N00554233EA0193701949
B1309114517768N00554237EA0193601948
B1309124517772N00554241EA0193501947
B1309134517777N00554246EA0193401946
B1309144517781N00554250EA0193301945
B1309154517786N00554254EA0193201944
B1309164517790N00554259EA0193101943
B1309174517795N00554263EA0193001942
B1309184517799N00554267EA0192901941
B1309194517803N00554272EA0192801940
B1309204517808N00554276EA0192601938
B1309214517812N00554281EA0192501937
B1309224517817N00554285EA0192301935
B1309234517821N00554289EA0192201934
B1309244517825N00554294EA0192101933
B1309254517830N00554298EA0191901931
B1309264517834N00554303EA0191801930
B1309274517839N00554307EA0191601928
B1309284517843N00554312EA0191501927
B1309294517847N00554316EA0191401926
B1309304517852N00554321EA0191301925
B1309314517856N00554325EA0191101923
B1309324517860N00554330EA0191001922
B1309334517865N00554335EA0190901921
B1309344517869N00554339EA0190801920
B1309354517873N00554344EA0190601918
B1309364517877N00554349EA0190501917
B1309374517882N00554353EA0190401916
B1309384517886N00554358EA0190201914
B1309394517890N00554363EA0190201914
B1309404517894N00554368EA0190101913
B1309414517898N00554372EA0189901911
B1309424517902N00554377EA0189801910
B1309434517907N00554382EA0189701909
B1309444517911N00554387EA0189601908
B1309454517915N00554392EA0189601908
B1309464517919N00554397EA0189501907
B1309474517923N00554402EA0189301905
B1309484517927N00554407EA0189301905
B1309494517931N00554412EA0189101903
B1309504517935N00554417EA0189001902
B1309514517939N00554422EA0188901901
B1309524517943N00554427EA0188801900
B1309534517946N00554432EA0188701899
B1309544517950N00554437EA0188601898
B1309554517954N00554443EA0188401896
B1309564517958N00554448EA0188301895
B1309574517961N00554453EA0188201894
B1309584517965N00554459EA0188001892
B1309594517967N00554464EA0187801890
B1310004517969N00554469EA0187501887
B1310014517969N00554474EA0187301885
B1310024517969N00554480EA0187101883
B1310034517968N00554485EA0186901881
B1310044517966N00554489EA0186601878
B1310054517963N00554493EA0186401876
B1310064517960N00554496EA0186201874
B1310074517957N00554498EA0185901871
B1310084517953N00554498EA0185701869
B1310094517949N00554498EA0185401866
B1310104517945N00554496EA0185101863
B1310114517951N00554496EA0185001862
B1310124517955N00554497EA0184801860
B1310134517959N00554500EA0184601858
B1310144517963N00554503EA0184301855
B1310154517966N00554508EA0184001852
B1310164517968N00554512EA0183801850
B1310174517970N00554518EA0183501847
B1310184517970N00554523EA0183301845
B1310194517970N00554528EA0183101843
B1310204517969N00554534EA0182801840
B1310214517967N00554538EA0182501837
B1310224517964N00554542EA0182301835
B1310234517961N00554545EA0182001832
B1310244517958N00554546EA0181801830
B1310254517954N00554547EA0181501827
B1310264517958N00554541EA0181301825
B1310274517962N00554537EA0181101823
B1310284517967N00554535EA0180901821
B1310294517971N00554533EA0180601818
B1310304517976N00554533EA0180401816
B1310314517981N00554534EA0180201814
B1310324517985N00554536EA0179801810
B1310334517989N00554539EA0179601808
B1310344517992N00554543EA0179301805
B1310354517994N00554548EA0179101803
B1310364517996N00554553EA0178901801
B1310374517997N00554559EA0178601798
B1310384517997N00554564EA0178401796
B1310394517996N00554556EA0178301795
B1310404517996N00554549EA0178101793
B1310414517998N00554542EA0177801790
B1310424518000N00554536EA0177601788
B1310434518002N00554530EA0177401786
B1310444518006N00554525EA0177101783
B1310454518010N00554521EA0176801780
B1310464518014N00554518EA0176501777
B1310474518019N00554517EA0176301775
B1310484518024N00554516EA0176001772
B1310494518028N00554517EA0175701769
B1310504518033N00554519EA0175501767
B1310514518028N00554516EA0175401766
B1310524518024N00554513EA0175101763
B1310534518021N00554509EA0174801760
B1310544518019N00554504EA0174601758
B1310554518017N00554498EA0174401756
B1310564518016N00554491EA0174101753
B1310574518016N00554484EA0173901751
B1310584518016N00554478EA0173701749
B1310594518018N00554471EA0173401746
B1311004518020N00554465EA0173201744
B1311014518023N00554459EA0172901741
B1311024518019N00554464EA0172701739
B1311034518016N00554466EA0172501737
B1311044518012N00554467EA0172201734
B1311054518009N00554468EA0171901731
B1311064518005N00554466EA0171701729
B1311074518001N00554464EA0171401726
B1311084517997N00554461EA0171201724
B1311094517994N00554456EA0170901721
B1311104517992N00554451EA0170601718
B1311114517990N00554445EA0170401716
B1311124517989N00554438EA0170101713
B1311134517990N00554445EA0170101713
B1311144517989N00554450EA0169801710
B1311154517988N00554455EA0169601708
B1311164517985N00554460EA0169301705
B1311174517983N00554463EA0169101703
B1311184517979N00554466EA0168901701
B1311194517976N00554467EA0168601698
B1311204517972N00554467EA0168301695
B1311214517968N00554466EA0168101693
B1311224517964N00554464EA0167801690
B1311234517961N00554460EA0167601688
B1311244517958N00554456EA0167301685
B1311254517962N00554461EA0167201684
B1311264517964N00554465EA0167001682
B1311274517966N00554471EA0166701679
B1311284517967N00554476EA0166401676
B1311294517967N00554481EA0166201674
B1311304517966N00554487EA0166001672
B1311314517965N00554491EA0165701669
B1311324517963N00554496EA0165501667
B1311334517960N00554499EA0165201664
B1311344517956N00554501EA0165001662
B1311354517952N00554502EA0164701659
B1311364517949N00554502EA0164401656
B1311374517945N00554501EA0164101653
B1311384517950N00554500EA0163901651
B1311394517955N00554501EA0163701649
B1311404517959N00554503EA0163401646
B1311414517963N00554506EA0163101643
B1311424517966N00554510EA0162901641
B1311434517969N00554515EA0162601638
B1311444517971N00554520EA0162401636
B1311454517972N00554525EA0162101633
B1311464517972N00554531EA0161801630
B1311474517971N00554536EA0161601628
B1311484517969N00554541EA0161401626
B1311494517967N00554545EA0161101623
B1311504517964N00554548EA0160801620
B1311514517961N00554550EA0160601618
B1311524517957N00554551EA0160301615
B1311534517961N00554545EA0160201614
B1311544517965N00554541EA0160101613
B1311554517969N00554538EA0159801610
B1311564517974N00554536EA0159501607
B1311574517978N00554535EA0159301605
B1311584517983N00554535EA0159001602
B1311594517987N00554537EA0158701599
B1312004517991N00554540EA0158401596
B1312014517995N00554543EA0158001592
B1312024517998N00554548EA0157801590
B1312034518000N00554553EA0157601588
B1312044518001N00554558EA0157301585
B1312054518001N00554563EA0157001582
B1312064518000N00554555EA0156901581
B1312074518000N00554549EA0156701579
B1312084518001N00554542EA0156401576
B1312094518002N00554535EA0156201574
B1312104518005N00554529EA0156001572
B1312114518008N00554524EA0155801570
B1312124518012N00554519EA0155501567
B1312134518016N00554516EA0155301565
B1312144518020N00554513EA0155101563
B1312154518025N00554512EA0154901561
B1312164518030N00554512EA0154601558
B1312174518034N00554513EA0154201554
B1312184518029N00554512EA0154101553
B1312194518026N00554509EA0153901551
B1312204518022N00554505EA0153701549
B1312214518020N00554500EA0153401546
B1312224518017N00554495EA0153201544
B1312234518016N00554488EA0153001542
B1312244518016N00554482EA0152801540
B1312254518016N00554475EA0152601538
B1312264518017N00554468EA0152301535
B1312274518019N00554462EA0152001532
B1312284518022N00554456EA0151801530
B1312294518018N00554461EA0151601528
B1312304518015N00554463EA0151401526
B1312314518011N00554465EA0151201524
B1312324518008N00554465EA0151001522
B1312334518004N00554465EA0150801520
B1312344518000N00554463EA0150501517
B1312354517996N00554460EA0150301515
B1312364517993N00554455EA0150001512
B1312374517991N00554450EA0149801510
B1312384517989N00554444EA0149601508
B1312394517988N00554438EA0149301505
B1312404517988N00554445EA0149101503
B1312414517988N00554450EA0148801500
B1312424517986N00554455EA0148501497
B1312434517984N00554460EA0148201494
B1312444517982N00554463EA0148001492
B1312454517978N00554466EA0147701489
B1312464517975N00554467EA0147601488
B1312474517971N00554468EA0147301485
B1312484517967N00554467EA0147101483
B1312494517963N00554465EA0146801480
B1312504517960N00554462EA0146601478
B1312514517957N00554458EA0146401476
B1312524517961N00554462EA0146301475
B1312534517963N00554467EA0146001472
B1312544517965N00554472EA0145701469
B1312554517966N00554477EA0145401466
B1312564517967N00554483EA0145101463
B1312574517966N00554488EA0144901461
B1312584517965N00554493EA0144601458
B1312594517963N00554497EA0144401456
B1313004517960N00554501EA0144201454
B1313014517956N00554503EA0144001452
B1313024517953N00554504EA0143701449
B1313034517949N00554505EA0143501447
B1313044517945N00554503EA0143201444
B1313054517941N00554501EA0143001442
B1313064517947N00554501EA0142801440
B1313074517952N00554502EA0142601438
B1313084517956N00554504EA0142401436
B1313094517960N00554507EA0142101433
B1313104517963N00554510EA0141901431
B1313114517966N00554515EA0141601428
B1313124517967N00554520EA0141301425
B1313134517968N00554526EA0141101423
B1313144517968N00554531EA0140901421
B1313154517968N00554536EA0140701419
B1313164517966N00554541EA0140401416
B1313174517964N00554545EA0140101413
B1313184517961N00554548EA0139801410
B1313194517957N00554551EA0139501407
B1313204517962N00554544EA0139401406
B1313214517965N00554540EA0139201404
B1313224517970N00554537EA0138801400
B1313234517974N00554535EA0138501397
B1313244517979N00554534EA0138201394
B1313254517984N00554534EA0137901391
B1313264517988N00554536EA0137601388
B1313274517992N00554539EA0137401386
B1313284517996N00554542EA0137101383
B1313294517998N00554547EA0136901381
B1313304518000N00554552EA0136601378
B1313314518002N00554557EA0136401376
B1313324518002N00554562EA0136101373
B1313334518001N00554554EA0136001372
B1313344518000N00554548EA0135801370
B1313354518001N00554541EA0135501367
B1313364518003N00554534EA0135201364
B1313374518005N00554528EA0135001362
B1313384518008N00554523EA0134801360
B1313394518012N00554518EA0134501357
B1313404518016N00554514EA0134201354
B1313414518021N00554512EA0133901351
B1313424518025N00554511EA0133701349
B1313434518030N00554510EA0133401346
B1313444518034N00554512EA0133201344
B1313454518029N00554510EA0133001342
B1313464518026N00554507EA0132801340
B1313474518022N00554504EA0132501337
B1313484518020N00554499EA0132301335
B1313494518017N00554493EA0132001332
B1313504518016N00554487EA0131801330
B1313514518015N00554481EA0131601328
B1313524518015N00554474EA0131301325
B1313534518016N00554467EA0131001322
B1313544518018N00554461EA0130801320
B1313554518021N00554455EA0130601318
B1313564518017N00554460EA0130501317
B1313574518014N00554462EA0130201314
B1313584518011N00554464EA0130001312
B1313594518007N00554465EA0129801310
B1314004518003N00554464EA0129501307
B1314014517999N00554462EA0129301305
B1314024517996N00554459EA0129001302
B1314034517992N00554455EA0128701299
B1314044517990N00554450EA0128501297
B1314054517988N00554444EA0128301295
B1314064517987N00554438EA0128101293
B1314074517987N00554445EA0128001292
B1314084517987N00554450EA0127701289
B1314094517986N00554455EA0127501287
B1314104517984N00554460EA0127301285
B1314114517981N00554464EA0127101283
B1314124517978N00554466EA0126701279
B1314134517974N00554468EA0126501277
B1314144517971N00554469EA0126301275
B1314154517967N00554468EA0126001272
B1314164517963N00554466EA0125801270
B1314174517959N00554463EA0125501267
B1314184517956N00554459EA0125301265
B1314194517960N00554464EA0125101263
B1314204517963N00554468EA0124901261
B1314214517965N00554473EA0124701259
B1314224517966N00554478EA0124501257
B1314234517967N00554484EA0124301255
B1314244517966N00554489EA0124001252
B1314254517965N00554494EA0123801250
B1314264517963N00554498EA0123501247
B1314274517960N00554502EA0123301245
B1314284517957N00554504EA0123001242
B1314294517953N00554506EA0122801240
B1314304517949N00554506EA0122601238
B1314314517945N00554505EA0122301235
B1314324517942N00554503EA0122101233
B1314334517947N00554502EA0121901231
B1314344517952N00554503EA0121601228
B1314354517956N00554505EA0121301225
B1314364517960N00554508EA0121101223
B1314374517964N00554511EA0120801220
B1314384517966N00554516EA0120601218
B1314394517968N00554521EA0120301215
B1314404517969N00554526EA0120101213
B1314414517969N00554532EA0119801210
B1314424517969N00554537EA0119501207
B1314434517967N00554542EA0119201204
B1314444517965N00554546EA0119101203
B1314454517962N00554550EA0118701199
B1314464517959N00554552EA0118501197
B1314474517963N00554545EA0118301195
B1314484517967N00554541EA0118101193
B1314494517971N00554538EA0117801190
B1314504517975N00554535EA0117501187
B1314514517980N00554534EA0117201184
B1314524517985N00554534EA0116901181
B1314534517989N00554536EA0116701179
B1314544517993N00554538EA0116401176
B1314554517997N00554542EA0116201174
B1314564518000N00554546EA0115901171
B1314574518002N00554551EA0115701169
B1314584518003N00554556EA0115401166
B1314594518004N00554562EA0115201164
B1315004518002N00554554EA0115001162
B1315014518002N00554547EA0114801160
B1315024518003N00554540EA0114601158
B1315034518004N00554534EA0114201154
B1315044518006N00554527EA0114001152
B1315054518009N00554522EA0113701149
B1315064518013N00554517EA0113401146
B1315074518017N00554513EA0113201144
B1315084518021N00554510EA0113001142
B1315094518026N00554509EA0112801140
B1315104518030N00554508EA0112601138
B1315114518035N00554509EA0112301135
B1315124518030N00554508EA0112201134
B1315134518026N00554505EA0111901131
B1315144518023N00554502EA0111701129
B1315154518020N00554497EA0111501127
B1315164518017N00554492EA0111201124
B1315174518016N00554486EA0111001122
B1315184518015N00554479EA0110701119
B1315194518015N00554473EA0110401116
B1315204518016N00554466EA0110201114
B1315214518017N00554459EA0109801110
B1315224518014N00554464EA0109701109
B1315234518011N00554467EA0109501107
B1315244518008N00554469EA0109201104
B1315254518004N00554469EA0108901101
B1315264518000N00554469EA0108701099
B1315274517996N00554467EA0108401096
B1315284517992N00554464EA0108001092
B1315294517989N00554460EA0107801090
B1315304517986N00554455EA0107601088
B1315314517984N00554449EA0107301085
B1315324517983N00554443EA0107101083
B1315334517984N00554450EA0107001082
B1315344517984N00554455EA0106801080
B1315354517983N00554460EA0106501077
B1315364517982N00554465EA0106201074
B1315374517979N00554469EA0106001072
B1315384517976N00554472EA0105701069
B1315394517973N00554474EA0105601068
B1315404517969N00554476EA0105301065
B1315414517965N00554475EA0105101063
B1315424517961N00554474EA0104801060
B1315434517958N00554471EA0104601058
B1315444517954N00554468EA0104301055
B1315454517952N00554463EA0104001052
B1315464517956N00554467EA0103901051
B1315474517959N00554471EA0103601048
B1315484517962N00554476EA0103401046
B1315494517963N00554481EA0103101043
B1315504517964N00554486EA0102901041
B1315514517964N00554492EA0102701039
B1315524517963N00554497EA0102501037
B1315534517962N00554501EA0102201034
B1315544517959N00554505EA0102001032
B1315554517956N00554509EA0101801030
B1315564517953N00554511EA0101601028
B1315574517949N00554512EA0101301025
B1315584517945N00554511EA0101101023
B1315594517941N00554510EA0100901021
B1316004517947N00554508EA0100801020
B1316014517952N00554508EA0100501017
B1316024517956N00554510EA0100201014
B1316034517960N00554512EA0099901011
B1316044517964N00554515EA0099701009
B1316054517967N00554519EA0099501007
B1316064517969N00554524EA0099201004
B1316074517971N00554530EA0098901001
B1316084517972N00554535EA0098600998
B1316094517971N00554540EA0098300995
B1316104517970N00554545EA0098100993
B1316114517968N00554550EA0097900991
B1316124517966N00554554EA0097600988
B1316134517963N00554557EA0097400986
B1316144517966N00554550EA0097300985
B1316154517970N00554545EA0097100983
B1316164517974N00554541EA0096800980
B1316174517978N00554538EA0096600978
B1316184517983N00554536EA0096400976
B1316194517988N00554535EA0096200974
B1316204517992N00554536EA0095900971
B1316214517996N00554538EA0095600968
B1316224518000N00554541EA0095400966
B1316234518004N00554545EA0095200964
B1316244518006N00554549EA0095000962
B1316254518008N00554554EA0094700959
B1316264518009N00554560EA0094400956
B1316274518007N00554552EA0094300955
B1316284518006N00554546EA0094100953
B1316294518006N00554539EA0093800950
B1316304518007N00554532EA0093600948
B1316314518009N00554526EA0093400946
B1316324518011N00554519EA0093100943
B1316334518014N00554514EA0092900941
B1316344518018N00554510EA0092700939
B1316354518022N00554506EA0092500937
B1316364518027N00554504EA0092200934
B1316374518032N00554503EA0092000932
B1316384518027N00554502EA0091800930
B1316394518023N00554500EA0091600928
B1316404518019N00554497EA0091300925
B1316414518016N00554493EA0091000922
B1316424518013N00554488EA0090700919
B1316434518011N00554483EA0090500917
B1316444518010N00554476EA0090200914
B1316454518010N00554470EA0090000912
B1316464518010N00554463EA0089700909
B1316474518011N00554456EA0089500907
B1316484518013N00554450EA0089200904
B1316494518011N00554455EA0089000902
B1316504518008N00554459EA0088700899
B1316514518005N00554462EA0088500897
B1316524518001N00554463EA0088200894
B1316534517998N00554464EA0087900891
B1316544517994N00554463EA0087600888
B1316554517990N00554461EA0087400886
B1316564517986N00554458EA0087000882
B1316574517983N00554454EA0086800880
B1316584517981N00554448EA0086500877
B1316594517979N00554442EA0086200874
B1317004517980N00554449EA0086100873
B1317014517981N00554455EA0085800870
B1317024517980N00554460EA0085600868
B1317034517979N00554465EA0085300865
B1317044517977N00554469EA0085100863
B1317054517974N00554473EA0084800860
B1317064517971N00554476EA0084600858
B1317074517968N00554477EA0084300855
B1317084517964N00554478EA0084100853
B1317094517960N00554477EA0083800850
B1317104517956N00554475EA0083500847
B1317114517952N00554472EA0083200844
B1317124517949N00554468EA0083000842
B1317134517954N00554471EA0082900841
B1317144517958N00554475EA0082600838
B1317154517960N00554479EA0082300835
B1317164517962N00554484EA0082100833
B1317174517964N00554490EA0081800830
B1317184517964N00554495EA0081600828
B1317194517963N00554500EA0081400826
B1317204517962N00554505EA0081200824
B1317214517960N00554509EA0080900821
B1317224517957N00554513EA0080700819
B1317234517954N00554516EA0080500817
B1317244517950N00554517EA0080200814
B1317254517947N00554517EA0080000812
B1317264517943N00554516EA0079700809
B1317274517948N00554514EA0079500807
B1317284517953N00554514EA0079200804
B1317294517958N00554514EA0078900801
B1317304517962N00554516EA0078600798
B1317314517966N00554519EA0078400796
B1317324517969N00554523EA0078200794
B1317334517972N00554527EA0077900791
B1317344517974N00554532EA0077700789
B1317354517975N00554537EA0077400786
B1317364517975N00554543EA0077200784
B1317374517974N00554548EA0077000782
B1317384517973N00554553EA0076700779
B1317394517971N00554557EA0076500777
B1317404517968N00554561EA0076200774
B1317414517971N00554553EA0076100773
B1317424517974N00554548EA0075900771
B1317434517978N00554543EA0075600768
B1317444517982N00554539EA0075400766
B1317454517986N00554537EA0075200764
B1317464517991N00554535EA0074900761
B1317474517996N00554535EA0074700759
B1317484518000N00554536EA0074400756
B1317494518004N00554539EA0074200754
B1317504518008N00554542EA0074000752
B1317514518011N00554546EA0073600748
B1317524518014N00554551EA0073300745
B1317534518015N00554556EA0073100743
B1317544518012N00554549EA0073000742
B1317554518011N00554543EA0072800740
B1317564518010N00554536EA0072500737
B1317574518010N00554529EA0072300735
B1317584518012N00554523EA0072100733
B1317594518013N00554516EA0071800730
B1318004518016N00554510EA0071500727
B1318014518019N00554505EA0071200724
B1318024518023N00554501EA0071000722
B1318034518028N00554498EA0070800720
B1318044518032N00554496EA0070600718
B1318054518027N00554496EA0070500717
B1318064518024N00554495EA0070200714
B1318074518020N00554493EA0070000712
B1318084518016N00554489EA0069800710
B1318094518013N00554485EA0069500707
B1318104518011N00554479EA0069200704
B1318114518009N00554473EA0069000702
B1318124518008N00554467EA0068700699
B1318134518008N00554460EA0068400696
B1318144518009N00554453EA0068200694
B1318154518011N00554447EA0067900691
B1318164518009N00554453EA0067800690
B1318174518006N00554456EA0067500687
B1318184518003N00554460EA0067300685
B1318194518000N00554462EA0067000682
B1318204517996N00554462EA0066800680
B1318214517992N00554462EA0066500677
B1318224517988N00554460EA0066200674
B1318234517984N00554458EA0066000672
B1318244517981N00554454EA0065700669
B1318254517978N00554449EA0065400666
B1318264517976N00554443EA0065000662
B1318274517978N00554450EA0064900661
B1318284517979N00554455EA0064600658
B1318294517979N00554461EA0064400656
B1318304517978N00554466EA0064100653
B1318314517976N00554471EA0063900651
B1318324517973N00554474EA0063600648
B1318334517970N00554477EA0063400646
B1318344517967N00554479EA0063100643
B1318354517963N00554480EA0062800640
B1318364517959N00554480EA0062600638
B1318374517955N00554478EA0062400636
B1318384517952N00554475EA0062100633
B1318394517948N00554471EA0061900631
B1318404517953N00554474EA0061800630
B1318414517957N00554478EA0061500627
B1318424517960N00554482EA0061200624
B1318434517962N00554487EA0061000622
B1318444517964N00554492EA0060700619
B1318454517964N00554497EA0060500617
B1318464517964N00554503EA0060300615
B1318474517963N00554508EA0060100613
B1318484517961N00554512EA0059800610
B1318494517958N00554516EA0059600608
B1318504517955N00554519EA0059300605
B1318514517952N00554521EA0059000602
B1318524517948N00554521EA0058800600
B1318534517944N00554521EA0058400596
B1318544517950N00554518EA0058300595
B1318554517954N00554517EA0058100593
B1318564517959N00554517EA0057900591
B1318574517963N00554519EA0057700589
B1318584517968N00554521EA0057300585
B1318594517971N00554524EA0057100583
B1319004517974N00554529EA0056800580
B1319014517976N00554534EA0056500577
B1319024517978N00554539EA0056300575
B1319034517978N00554544EA0056100573
B1319044517978N00554550EA0056000572
B1319054517977N00554555EA0055700569
B1319064517975N00554559EA0055400566
B1319074517972N00554563EA0055200564
B1319084517975N00554555EA0055000562
B1319094517977N00554549EA0054800560
B1319104517981N00554544EA0054600558
B1319114517985N00554540EA0054300555
B1319124517989N00554537EA0054000552
B1319134517994N00554535EA0053800550
B1319144517998N00554534EA0053500547
B1319154518003N00554535EA0053300545
B1319164518007N00554536EA0053000542
B1319174518011N00554539EA0052700539
B1319184518015N00554543EA0052500537
B1319194518017N00554547EA0052200534
B1319204518019N00554552EA0052000532
B1319214518016N00554546EA0051900531
B1319224518014N00554540EA0051600528
B1319234518013N00554533EA0051400526
B1319244518013N00554527EA0051200524
B1319254518014N00554520EA0051000522
B1319264518015N00554513EA0050700519
B1319274518017N00554507EA0050400516
B1319284518020N00554501EA0050200514
B1319294518024N00554497EA0050000512
B1319304518028N00554493EA0049600508
B1319314518033N00554490EA0049500507
B1319324518028N00554491EA0049300505
B1319334518024N00554491EA0049000502
B1319344518020N00554489EA0048700499
B1319354518016N00554486EA0048500497
B1319364518013N00554482EA0048200494
B1319374518011N00554477EA0048000492
B1319384518009N00554471EA0047800490
B1319394518007N00554465EA0047500487
B1319404518007N00554458EA0047200484
B1319414518007N00554451EA0046900481
B1319424518009N00554444EA0046700479
B1319434518007N00554450EA0046500477
B1319444518004N00554455EA0046200474
B1319454518002N00554458EA0046000472
B1319464517998N00554460EA0045700469
B1319474517995N00554461EA0045500467
B1319484517991N00554461EA0045200464
B1319494517987N00554460EA0045000462
B1319504517983N00554458EA0044800460
B1319514517980N00554454EA0044500457
B1319524517977N00554450EA0044300455
B1319534517974N00554444EA0044100453
B1319544517976N00554451EA0043900451
B1319554517977N00554456EA0043700449
B1319564517977N00554462EA0043400446
B1319574517976N00554467EA0043100443
B1319584517975N00554472EA0042800440
B1319594517973N00554476EA0042600438
B1320004517970N00554479EA0042400436
B1320014517966N00554481EA0042100433
B1320024517962N00554482EA0041900431
B1320034517959N00554482EA0041700429
B1320044517955N00554480EA0041400426
B1320054517951N00554478EA0041200424
B1320064517948N00554474EA0040900421
B1320074517953N00554477EA0040900421
B1320084517957N00554480EA0040700419
B1320094517960N00554484EA0040400416
B1320104517962N00554489EA0040200414
B1320114517964N00554494EA0039900411
B1320124517964N00554499EA0039700409
B1320134517964N00554505EA0039400406
B1320144517964N00554510EA0039200404
B1320154517962N00554515EA0038800400
B1320164517959N00554519EA0038600398
B1320174517956N00554522EA0038400396
B1320184517953N00554524EA0038200394
B1320194517949N00554525EA0038000392
B1320204517945N00554524EA0037700389
B1320214517951N00554521EA0037600388
B1320224517955N00554520EA0037400386
B1320234517960N00554520EA0037100383
B1320244517965N00554521EA0036900381
B1320254517969N00554523EA0036600378
B1320264517973N00554526EA0036400376
B1320274517976N00554530EA0036200374
B1320284517978N00554535EA0035900371
B1320294517980N00554540EA0035700369
B1320304517981N00554545EA0035500367
B1320314517981N00554551EA0035200364
B1320324517980N00554556EA0034900361
B1320334517978N00554560EA0034600358
B1320344517976N00554564EA0034300355
B1320354517978N00554556EA0034200354
B1320364517980N00554550EA0034000352
B1320374517983N00554545EA0033700349
B1320384517987N00554540EA0033400346
B1320394517991N00554537EA0033200344
B1320404517996N00554534EA0032900341
B1320414518000N00554533EA0032700339
B1320424518005N00554533EA0032400336
B1320434518009N00554534EA0032100333
B1320444518014N00554536EA0031800330
B1320454518017N00554540EA0031600328
B1320464518020N00554544EA0031300325
B1320474518023N00554549EA0031000322
B1320484518019N00554543EA0031000322
B1320494518017N00554537EA0030800320
B1320504518015N00554531EA0030600318
B1320514518015N00554524EA0030300315
B1320524518015N00554518EA0030200314
B1320534518016N00554511EA0029900311
B1320544518018N00554504EA0029700309
B1320554518021N00554499EA0029400306
B1320564518024N00554493EA0029200304
B1320574518028N00554489EA0028900301
B1320584518033N00554486EA0028700299
B1320594518028N00554488EA0028500297
B1321004518024N00554487EA0028300295
B1321014518020N00554486EA0028000292
B1321024518016N00554483EA0027700289
B1321034518013N00554479EA0027500287
B1321044518010N00554475EA0027200284
B1321054518008N00554469EA0026800280
B1321064518006N00554463EA0026600278
B1321074518006N00554456EA0026300275
B1321084518006N00554449EA0026100273
B1321094518007N00554443EA0025900271
B1321104518005N00554449EA0025800270
B1321114518003N00554453EA0025500267
B1321124518000N00554457EA0025300265
B1321134517997N00554459EA0025100263
B1321144517994N00554461EA0024900261
B1321154517990N00554461EA0024700259
B1321164517986N00554460EA0024500257
B1321174517982N00554458EA0024200254
B1321184517978N00554455EA0023900251
B1321194517975N00554450EA0023600248
B1321204517975N00554450EA0023300245
B1321214517975N00554450EA0023300245
B1321224517975N00554450EA0023200244
B1321234517975N00554450EA0023300245
B1321244517975N00554450EA0023300245
B1321254517975N00554450EA0023300245
B1321264517975N00554450EA0023300245
B1321274517975N00554450EA0023300245
B1321284517975N00554450EA0023300245
B1321294517975N00554450EA0023300245
B1321304517975N00554450EA0023300245
B1321314517975N00554450EA0023300245
B1321324517975N00554450EA0023400246
B1321334517975N00554450EA0023300245
B1321344517975N00554450EA0023300245
B1321354517975N00554450EA0023300245
B1321364517975N00554450EA0023300245
B1321374517975N00554450EA0023300245
B1321384517975N00554450EA0023300245
B1321394517975N00554450EA0023300245
