AXCT FlyLog example
HFDTEDATE:160426,01
HFPLTPILOTINCHARGE:Pilote Demo
HFGTYGLIDERTYPE:Voile EN-B
HFGIDGLIDERID:
B1311004523940N00610320EA0152801540
B1311014523940N00610320EA0152801540
B1311024523940N00610320EA0152801540
B1311034523940N00610320EA0152801540
B1311044523940N00610320EA0152801540
B1311054523940N00610320EA0152801540
B1311064523940N00610320EA0152801540
B1311074523940N00610320EA0152801540
B1311084523940N00610320EA0152701539
B1311094523940N00610320EA0152801540
B1311104523940N00610320EA0152801540
B1311114523940N00610320EA0152801540
B1311124523940N00610320EA0152801540
B1311134523940N00610320EA0152801540
B1311144523940N00610320EA0152801540
B1311154523940N00610320EA0152801540
B1311164523940N00610320EA0152801540
B1311174523940N00610320EA0152801540
B1311184523940N00610320EA0152801540
B1311194523940N00610320EA0152801540
B1311204523940N00610320EA0152801540
B1311214523940N00610320EA0152801540
B1311224523940N00610320EA0152801540
B1311234523940N00610320EA0152801540
B1311244523940N00610320EA0152801540
B1311254523940N00610320EA0152801540
B1311264523940N00610320EA0152801540
B1311274523940N00610320EA0152801540
B1311284523940N00610320EA0152801540
B1311294523940N00610320EA0152801540
B1311304523939N00610314EA0152701539
B1311314523937N00610307EA0152601538
B1311324523936N00610301EA0152501537
B1311334523935N00610294EA0152301535
B1311344523934N00610288EA0152201534
B1311354523932N00610282EA0152101533
B1311364523931N00610275EA0152001532
B1311374523930N00610269EA0151901531
B1311384523929N00610262EA0151701529
B1311394523928N00610256EA0151601528
B1311404523927N00610249EA0151501527
B1311414523925N00610243EA0151401526
B1311424523924N00610237EA0151201524
B1311434523923N00610230EA0151101523
B1311444523922N00610224EA0151101523
B1311454523921N00610217EA0150901521
B1311464523920N00610211EA0150701519
B1311474523920N00610204EA0150601518
B1311484523919N00610197EA0150501517
B1311494523918N00610191EA0150301515
B1311504523918N00610184EA0150301515
B1311514523917N00610178EA0150201514
B1311524523916N00610171EA0150101513
B1311534523916N00610164EA0149901511
B1311544523915N00610158EA0149801510
B1311554523914N00610151EA0149601508
B1311564523913N00610145EA0149501507
B1311574523912N00610138EA0149401506
B1311584523911N00610132EA0149301505
B1311594523911N00610125EA0149101503
B1312004523910N00610119EA0149001502
B1312014523910N00610112EA0148901501
B1312024523909N00610105EA0148801500
B1312034523909N00610099EA0148701499
B1312044523908N00610092EA0148601498
B1312054523908N00610085EA0148501497
B1312064523907N00610079EA0148301495
B1312074523907N00610072EA0148101493
B1312084523906N00610065EA0148101493
B1312094523906N00610059EA0148001492
B1312104523905N00610052EA0147901491
B1312114523905N00610046EA0147701489
B1312124523904N00610039EA0147701489
B1312134523903N00610032EA0147601488
B1312144523903N00610026EA0147501487
B1312154523902N00610019EA0147301485
B1312164523901N00610013EA0147101483
B1312174523901N00610006EA0147101483
B1312184523900N00609999EA0147001482
B1312194523900N00609993EA0146901481
B1312204523899N00609986EA0146701479
B1312214523899N00609980EA0146601478
B1312224523898N00609973EA0146501477
B1312234523898N00609966EA0146501477
B1312244523898N00609959EA0146401476
B1312254523898N00609953EA0146401476
B1312264523898N00609946EA0146201474
B1312274523898N00609939EA0146101473
B1312284523898N00609933EA0146001472
B1312294523898N00609926EA0145901471
B1312304523899N00609919EA0145801470
B1312314523899N00609913EA0145701469
B1312324523899N00609906EA0145601468
B1312334523900N00609899EA0145501467
B1312344523900N00609892EA0145401466
B1312354523900N00609886EA0145301465
B1312364523901N00609879EA0145301465
B1312374523901N00609872EA0145201464
B1312384523901N00609866EA0145101463
B1312394523901N00609859EA0145001462
B1312404523901N00609852EA0144901461
B1312414523901N00609846EA0144801460
B1312424523901N00609839EA0144701459
B1312434523901N00609832EA0144601458
B1312444523901N00609826EA0144501457
B1312454523901N00609819EA0144401456
B1312464523903N00609813EA0144401456
B1312474523906N00609808EA0144601458
B1312484523910N00609805EA0144701459
B1312494523915N00609803EA0144801460
B1312504523920N00609804EA0144801460
B1312514523925N00609806EA0145101463
B1312524523929N00609810EA0145101463
B1312534523933N00609816EA0145201464
B1312544523935N00609824EA0145401466
B1312554523936N00609831EA0145601468
B1312564523936N00609839EA0145801470
B1312574523934N00609846EA0145901471
B1312584523931N00609852EA0146201474
B1312594523927N00609857EA0146301475
B1313004523923N00609859EA0146401476
B1313014523918N00609860EA0146501477
B1313024523914N00609858EA0146601478
B1313034523910N00609855EA0146701479
B1313044523908N00609850EA0146901481
B1313054523907N00609845EA0147001482
B1313064523907N00609839EA0147201484
B1313074523908N00609833EA0147301485
B1313084523911N00609828EA0147501487
B1313094523915N00609825EA0147601488
B1313104523920N00609824EA0147801490
B1313114523925N00609824EA0147901491
B1313124523930N00609827EA0148101493
B1313134523935N00609831EA0148301495
B1313144523938N00609837EA0148401496
B1313154523941N00609844EA0148701499
B1313164523942N00609852EA0148901501
B1313174523941N00609860EA0148901501
B1313184523939N00609867EA0149201504
B1313194523936N00609873EA0149301505
B1313204523932N00609877EA0149401506
B1313214523928N00609880EA0149601508
B1313224523923N00609880EA0149801510
B1313234523919N00609879EA0149801510
B1313244523915N00609875EA0149901511
B1313254523913N00609870EA0150101513
B1313264523912N00609865EA0150201514
B1313274523912N00609859EA0150301515
B1313284523914N00609853EA0150501517
B1313294523917N00609849EA0150601518
B1313304523921N00609845EA0150801520
B1313314523926N00609844EA0150901521
B1313324523931N00609845EA0151101523
B1313334523936N00609847EA0151201524
B1313344523940N00609852EA0151401526
B1313354523944N00609858EA0151401526
B1313364523946N00609865EA0151601528
B1313374523947N00609873EA0151701529
B1313384523946N00609881EA0151901531
B1313394523944N00609888EA0152101533
B1313404523941N00609894EA0152301535
B1313414523937N00609898EA0152501537
B1313424523933N00609900EA0152701539
B1313434523928N00609901EA0152701539
B1313444523924N00609899EA0152901541
B1313454523920N00609895EA0153201544
B1313464523918N00609890EA0153301545
B1313474523917N00609885EA0153401546
B1313484523917N00609879EA0153501547
B1313494523919N00609873EA0153601548
B1313504523922N00609869EA0153801550
B1313514523926N00609866EA0154101553
B1313524523931N00609864EA0154301555
B1313534523936N00609865EA0154401556
B1313544523941N00609868EA0154501557
B1313554523946N00609872EA0154601558
B1313564523949N00609879EA0154701559
B1313574523951N00609886EA0154901561
B1313584523952N00609894EA0155001562
B1313594523951N00609901EA0155301565
B1314004523949N00609909EA0155401566
B1314014523946N00609914EA0155601568
B1314024523942N00609919EA0155801570
B1314034523938N00609921EA0156001572
B1314044523933N00609921EA0156101573
B1314054523929N00609919EA0156301575
B1314064523925N00609915EA0156501577
B1314074523923N00609911EA0156701579
B1314084523922N00609905EA0156801580
B1314094523923N00609899EA0156901581
B1314104523925N00609893EA0157001582
B1314114523928N00609889EA0157101583
B1314124523932N00609886EA0157301585
B1314134523937N00609885EA0157401586
B1314144523942N00609885EA0157601588
B1314154523947N00609888EA0157701589
B1314164523951N00609893EA0158001592
B1314174523955N00609899EA0158101593
B1314184523957N00609907EA0158301595
B1314194523957N00609915EA0158401596
B1314204523957N00609922EA0158601598
B1314214523954N00609929EA0158701599
B1314224523951N00609935EA0158601598
B1314234523947N00609939EA0158801600
B1314244523943N00609941EA0159101603
B1314254523938N00609941EA0159201604
B1314264523934N00609939EA0159401606
B1314274523931N00609936EA0159501607
B1314284523928N00609931EA0159701609
B1314294523927N00609925EA0159801610
B1314304523928N00609919EA0160001612
B1314314523930N00609913EA0160101613
B1314324523933N00609909EA0160301615
B1314334523937N00609906EA0160401616
B1314344523942N00609905EA0160601618
B1314354523947N00609906EA0160801620
B1314364523952N00609909EA0161001622
B1314374523957N00609914EA0161201624
B1314384523960N00609920EA0161301625
B1314394523962N00609927EA0161401626
B1314404523963N00609935EA0161601628
B1314414523962N00609943EA0161801630
B1314424523960N00609950EA0162001632
B1314434523956N00609956EA0162101633
B1314444523952N00609960EA0162201634
B1314454523948N00609962EA0162401636
B1314464523943N00609961EA0162601638
B1314474523939N00609959EA0162701639
B1314484523936N00609956EA0162901641
B1314494523933N00609951EA0163001642
B1314504523933N00609945EA0163201644
B1314514523933N00609939EA0163401646
B1314524523935N00609933EA0163501647
B1314534523939N00609929EA0163601648
B1314544523943N00609926EA0163801650
B1314554523948N00609925EA0163801650
B1314564523953N00609926EA0163901651
B1314574523958N00609929EA0164101653
B1314584523962N00609934EA0164201654
B1314594523965N00609941EA0164401656
B1315004523967N00609948EA0164501657
B1315014523969N00609956EA0164501657
B1315024523971N00609965EA0164301655
B1315034523974N00609973EA0164201654
B1315044523976N00609981EA0164101653
B1315054523978N00609989EA0163901651
B1315064523981N00609997EA0163901651
B1315074523983N00610005EA0163701649
B1315084523986N00610013EA0163501647
B1315094523988N00610021EA0163401646
B1315104523991N00610029EA0163401646
B1315114523993N00610036EA0163201644
B1315124523996N00610044EA0163101643
B1315134523999N00610052EA0163001642
B1315144524001N00610060EA0163001642
B1315154524004N00610068EA0162901641
B1315164524006N00610076EA0162701639
B1315174524009N00610084EA0162701639
B1315184524011N00610092EA0162501637
B1315194524014N00610100EA0162401636
B1315204524016N00610108EA0162301635
B1315214524018N00610116EA0162201634
B1315224524020N00610124EA0162001632
B1315234524022N00610133EA0161901631
B1315244524023N00610141EA0161901631
B1315254524025N00610149EA0161901631
B1315264524027N00610158EA0161801630
B1315274524028N00610166EA0161701629
B1315284524029N00610175EA0161401626
B1315294524031N00610183EA0161401626
B1315304524032N00610192EA0161201624
B1315314524033N00610200EA0161101623
B1315324524034N00610209EA0161001622
B1315334524035N00610217EA0160901621
B1315344524036N00610226EA0160801620
B1315354524038N00610235EA0160701619
B1315364524039N00610243EA0160601618
B1315374524040N00610252EA0160401616
B1315384524041N00610260EA0160301615
B1315394524042N00610269EA0160101613
B1315404524043N00610277EA0160101613
B1315414524045N00610286EA0159901611
B1315424524046N00610294EA0159701609
B1315434524047N00610303EA0159601608
B1315444524048N00610311EA0159401606
B1315454524050N00610320EA0159301605
B1315464524051N00610328EA0159201604
B1315474524053N00610337EA0159101603
B1315484524054N00610345EA0159001602
B1315494524056N00610353EA0158901601
B1315504524058N00610362EA0158801600
B1315514524059N00610370EA0158701599
B1315524524061N00610379EA0158601598
B1315534524062N00610387EA0158501597
B1315544524063N00610396EA0158301595
B1315554524064N00610404EA0158201594
B1315564524064N00610413EA0158101593
B1315574524065N00610422EA0158001592
B1315584524066N00610430EA0157901591
B1315594524067N00610439EA0157701589
B1316004524068N00610447EA0157601588
B1316014524068N00610456EA0157401586
B1316024524069N00610465EA0157401586
B1316034524070N00610473EA0157301585
B1316044524071N00610482EA0157201584
B1316054524072N00610490EA0157101583
B1316064524073N00610499EA0157001582
B1316074524074N00610507EA0156801580
B1316084524076N00610516EA0156701579
B1316094524077N00610525EA0156601578
B1316104524078N00610533EA0156501577
B1316114524079N00610542EA0156401576
B1316124524080N00610550EA0156301575
B1316134524081N00610559EA0156101573
B1316144524083N00610567EA0156001572
B1316154524084N00610576EA0155901571
B1316164524086N00610584EA0155801570
B1316174524087N00610593EA0155701569
B1316184524089N00610601EA0155501567
B1316194524090N00610609EA0155501567
B1316204524092N00610618EA0155401566
B1316214524094N00610626EA0155201564
B1316224524095N00610634EA0155101563
B1316234524097N00610643EA0155001562
B1316244524100N00610651EA0154901561
B1316254524101N00610659EA0154801560
B1316264524103N00610667EA0154601558
B1316274524105N00610676EA0154501557
B1316284524107N00610684EA0154401556
B1316294524109N00610692EA0154301555
B1316304524110N00610701EA0154201554
B1316314524112N00610709EA0154201554
B1316324524114N00610717EA0154101553
B1316334524116N00610726EA0153901551
B1316344524118N00610734EA0153701549
B1316354524119N00610742EA0153601548
B1316364524120N00610751EA0153401546
B1316374524122N00610759EA0153301545
B1316384524123N00610768EA0153301545
B1316394524125N00610776EA0153201544
B1316404524126N00610785EA0153101543
B1316414524128N00610793EA0152901541
B1316424524130N00610801EA0152901541
B1316434524132N00610810EA0152801540
B1316444524134N00610818EA0152801540
B1316454524135N00610826EA0152701539
B1316464524137N00610835EA0152601538
B1316474524139N00610843EA0152501537
B1316484524141N00610851EA0152301535
B1316494524143N00610859EA0152101533
B1316504524145N00610868EA0152001532
B1316514524147N00610876EA0152001532
B1316524524149N00610884EA0151901531
B1316534524151N00610892EA0151801530
B1316544524153N00610901EA0151601528
B1316554524155N00610909EA0151501527
B1316564524157N00610917EA0151401526
B1316574524159N00610925EA0151201524
B1316584524161N00610933EA0151101523
B1316594524164N00610941EA0150901521
B1317004524166N00610950EA0150901521
B1317014524168N00610958EA0150701519
B1317024524170N00610966EA0150601518
B1317034524172N00610974EA0150501517
B1317044524174N00610982EA0150501517
B1317054524176N00610991EA0150301515
B1317064524178N00610999EA0150201514
B1317074524180N00611007EA0150201514
B1317084524181N00611015EA0150301515
B1317094524180N00611022EA0150501517
B1317104524178N00611029EA0150601518
B1317114524174N00611035EA0150801520
B1317124524170N00611039EA0150801520
B1317134524166N00611041EA0151001522
B1317144524161N00611041EA0151201524
B1317154524157N00611039EA0151401526
B1317164524154N00611035EA0151501527
B1317174524152N00611030EA0151601528
B1317184524151N00611024EA0151901531
B1317194524152N00611018EA0152001532
B1317204524154N00611013EA0152201534
B1317214524157N00611008EA0152401536
B1317224524161N00611006EA0152601538
B1317234524166N00611005EA0152801540
B1317244524171N00611006EA0153001542
B1317254524176N00611009EA0153101543
B1317264524180N00611014EA0153301545
B1317274524184N00611020EA0153501547
B1317284524186N00611028EA0153601548
B1317294524186N00611036EA0153701549
B1317304524185N00611043EA0153901551
B1317314524183N00611050EA0154001552
B1317324524180N00611056EA0154201554
B1317334524175N00611060EA0154401556
B1317344524171N00611061EA0154501557
B1317354524166N00611061EA0154701559
B1317364524162N00611059EA0154901561
B1317374524159N00611055EA0155101563
B1317384524157N00611050EA0155301565
B1317394524156N00611044EA0155501567
B1317404524157N00611038EA0155701569
B1317414524159N00611033EA0155801570
B1317424524163N00611029EA0156001572
B1317434524167N00611026EA0156101573
B1317444524172N00611025EA0156201574
B1317454524177N00611026EA0156301575
B1317464524182N00611029EA0156501577
B1317474524186N00611034EA0156701579
B1317484524189N00611041EA0156801580
B1317494524191N00611049EA0157001582
B1317504524191N00611056EA0157101583
B1317514524190N00611064EA0157201584
B1317524524188N00611071EA0157401586
B1317534524185N00611076EA0157601588
B1317544524180N00611080EA0157701589
B1317554524176N00611082EA0157701589
B1317564524171N00611081EA0158001592
B1317574524167N00611079EA0158101593
B1317584524164N00611075EA0158301595
B1317594524162N00611070EA0158501597
B1318004524161N00611064EA0158701599
B1318014524162N00611058EA0158801600
B1318024524165N00611053EA0159101603
B1318034524168N00611049EA0159301605
B1318044524172N00611046EA0159401606
B1318054524177N00611045EA0159701609
B1318064524182N00611047EA0159901611
B1318074524187N00611050EA0160201614
B1318084524191N00611055EA0160301615
B1318094524194N00611062EA0160501617
B1318104524196N00611069EA0160701619
B1318114524197N00611077EA0160901621
B1318124524195N00611085EA0161001622
B1318134524193N00611092EA0161101623
B1318144524190N00611097EA0161301625
B1318154524185N00611101EA0161401626
B1318164524181N00611102EA0161501627
B1318174524176N00611102EA0161701629
B1318184524172N00611099EA0161801630
B1318194524169N00611095EA0161901631
B1318204524167N00611090EA0162001632
B1318214524167N00611084EA0162201634
B1318224524168N00611078EA0162401636
B1318234524170N00611073EA0162501637
B1318244524173N00611069EA0162801640
B1318254524178N00611066EA0162901641
B1318264524183N00611066EA0163101643
B1318274524188N00611067EA0163301645
B1318284524193N00611071EA0163401646
B1318294524197N00611076EA0163401646
B1318304524200N00611083EA0163501647
B1318314524201N00611090EA0163901651
B1318324524202N00611098EA0164101653
B1318334524201N00611106EA0164201654
B1318344524198N00611112EA0164401656
B1318354524195N00611118EA0164501657
B1318364524190N00611121EA0164701659
B1318374524186N00611123EA0164801660
B1318384524181N00611122EA0165001662
B1318394524177N00611119EA0165101663
B1318404524174N00611115EA0165201664
B1318414524172N00611110EA0165301665
B1318424524172N00611104EA0165501667
B1318434524173N00611098EA0165601668
B1318444524175N00611093EA0165701669
B1318454524179N00611089EA0165901671
B1318464524183N00611087EA0166001672
B1318474524188N00611086EA0166101673
B1318484524193N00611088EA0166301675
B1318494524198N00611091EA0166501677
B1318504524202N00611097EA0166501677
B1318514524205N00611103EA0166701679
B1318524524207N00611111EA0166901681
B1318534524207N00611119EA0167101683
B1318544524206N00611126EA0167401686
B1318554524203N00611133EA0167601688
B1318564524200N00611138EA0167701689
B1318574524195N00611142EA0167901691
B1318584524191N00611143EA0168101693
B1318594524186N00611144EA0168001692
B1319004524180N00611146EA0167901691
B1319014524175N00611148EA0167801690
B1319024524170N00611149EA0167601688
B1319034524165N00611151EA0167501687
B1319044524160N00611152EA0167501687
B1319054524155N00611154EA0167301685
B1319064524150N00611156EA0167101683
B1319074524145N00611157EA0167001682
B1319084524140N00611159EA0166901681
B1319094524134N00611160EA0166801680
B1319104524129N00611162EA0166701679
B1319114524124N00611163EA0166501677
B1319124524119N00611164EA0166501677
B1319134524114N00611165EA0166401676
B1319144524109N00611167EA0166301675
B1319154524104N00611168EA0166201674
B1319164524098N00611169EA0166101673
B1319174524093N00611170EA0166001672
B1319184524088N00611171EA0165801670
B1319194524083N00611173EA0165701669
B1319204524078N00611174EA0165601668
B1319214524073N00611175EA0165501667
B1319224524068N00611176EA0165401666
B1319234524062N00611177EA0165201664
B1319244524057N00611178EA0165101663
B1319254524052N00611179EA0165001662
B1319264524047N00611181EA0164801660
B1319274524042N00611181EA0164701659
B1319284524037N00611182EA0164601658
B1319294524032N00611183EA0164501657
B1319304524027N00611184EA0164401656
B1319314524021N00611185EA0164201654
B1319324524016N00611186EA0164101653
B1319334524011N00611186EA0164001652
B1319344524006N00611187EA0163801650
B1319354524001N00611188EA0163701649
B1319364523996N00611188EA0163601648
B1319374523991N00611189EA0163501647
B1319384523985N00611189EA0163401646
B1319394523980N00611190EA0163301645
B1319404523975N00611191EA0163101643
B1319414523970N00611191EA0163101643
B1319424523965N00611192EA0162901641
B1319434523960N00611193EA0162901641
B1319444523955N00611194EA0162801640
B1319454523949N00611194EA0162701639
B1319464523944N00611195EA0162601638
B1319474523939N00611196EA0162501637
B1319484523934N00611196EA0162401636
B1319494523929N00611197EA0162301635
B1319504523924N00611198EA0162101633
B1319514523919N00611199EA0161901631
B1319524523914N00611200EA0161801630
B1319534523908N00611201EA0161601628
B1319544523903N00611202EA0161501627
B1319554523898N00611203EA0161501627
B1319564523893N00611204EA0161401626
B1319574523888N00611204EA0161301625
B1319584523883N00611205EA0161201624
B1319594523878N00611205EA0161101623
B1320004523872N00611206EA0161001622
B1320014523867N00611206EA0160801620
B1320024523862N00611207EA0160701619
B1320034523857N00611207EA0160601618
B1320044523852N00611207EA0160501617
B1320054523847N00611208EA0160401616
B1320064523842N00611208EA0160301615
B1320074523837N00611208EA0160201614
B1320084523832N00611207EA0160101613
B1320094523826N00611207EA0160001612
B1320104523821N00611207EA0159801610
B1320114523816N00611207EA0159701609
B1320124523811N00611207EA0159601608
B1320134523806N00611208EA0159401606
B1320144523801N00611208EA0159301605
B1320154523796N00611208EA0159101603
B1320164523791N00611208EA0159001602
B1320174523786N00611208EA0158801600
B1320184523781N00611208EA0158701599
B1320194523775N00611208EA0158601598
B1320204523770N00611208EA0158501597
B1320214523765N00611207EA0158401596
B1320224523760N00611207EA0158301595
B1320234523755N00611207EA0158301595
B1320244523750N00611206EA0158101593
B1320254523745N00611206EA0158001592
B1320264523740N00611206EA0157901591
B1320274523735N00611206EA0157801590
B1320284523730N00611206EA0157701589
B1320294523725N00611206EA0157601588
B1320304523720N00611206EA0157501587
B1320314523715N00611206EA0157301585
B1320324523709N00611206EA0157201584
B1320334523704N00611206EA0157101583
B1320344523699N00611206EA0156901581
B1320354523694N00611207EA0156801580
B1320364523689N00611207EA0156701579
B1320374523684N00611207EA0156501577
B1320384523679N00611207EA0156401576
B1320394523674N00611207EA0156301575
B1320404523669N00611207EA0156301575
B1320414523663N00611208EA0156101573
B1320424523658N00611208EA0156001572
B1320434523653N00611208EA0155801570
B1320444523648N00611208EA0155701569
B1320454523643N00611208EA0155601568
B1320464523638N00611208EA0155501567
B1320474523633N00611209EA0155401566
B1320484523628N00611209EA0155301565
B1320494523623N00611210EA0155201564
B1320504523617N00611210EA0155101563
B1320514523612N00611211EA0155101563
B1320524523607N00611211EA0154901561
B1320534523602N00611212EA0154801560
B1320544523597N00611213EA0154601558
B1320554523592N00611214EA0154501557
B1320564523587N00611215EA0154401556
B1320574523581N00611216EA0154301555
B1320584523576N00611217EA0154301555
B1320594523571N00611218EA0154101553
B1321004523566N00611219EA0154001552
B1321014523561N00611220EA0153901551
B1321024523556N00611222EA0153701549
B1321034523551N00611223EA0153701549
B1321044523545N00611224EA0153601548
B1321054523540N00611226EA0153601548
B1321064523535N00611227EA0153501547
B1321074523530N00611229EA0153401546
B1321084523525N00611230EA0153401546
B1321094523520N00611232EA0153201544
B1321104523515N00611233EA0153101543
B1321114523510N00611235EA0153001542
B1321124523504N00611236EA0152901541
B1321134523499N00611238EA0152801540
B1321144523494N00611239EA0152701539
B1321154523489N00611240EA0152601538
B1321164523484N00611242EA0152501537
B1321174523479N00611243EA0152401536
B1321184523474N00611244EA0152301535
B1321194523469N00611245EA0152201534
B1321204523463N00611246EA0152101533
B1321214523458N00611247EA0151901531
B1321224523453N00611248EA0151801530
B1321234523448N00611248EA0151701529
B1321244523443N00611249EA0151601528
B1321254523438N00611249EA0151601528
B1321264523433N00611250EA0151401526
B1321274523427N00611251EA0151301525
B1321284523422N00611251EA0151201524
B1321294523417N00611251EA0151101523
B1321304523412N00611252EA0151001522
B1321314523407N00611252EA0150901521
B1321324523402N00611252EA0150701519
B1321334523397N00611253EA0150601518
B1321344523392N00611253EA0150601518
B1321354523386N00611254EA0150401516
B1321364523381N00611254EA0150401516
B1321374523376N00611255EA0150301515
B1321384523371N00611256EA0150201514
B1321394523366N00611256EA0150101513
B1321404523361N00611257EA0150001512
B1321414523356N00611257EA0149901511
B1321424523351N00611258EA0149701509
B1321434523345N00611259EA0149701509
B1321444523340N00611260EA0149601508
B1321454523335N00611261EA0149501507
B1321464523330N00611262EA0149301505
B1321474523325N00611262EA0149101503
B1321484523320N00611263EA0149001502
B1321494523315N00611264EA0148901501
B1321504523309N00611265EA0148701499
B1321514523304N00611266EA0148701499
B1321524523299N00611266EA0148601498
B1321534523294N00611266EA0148601498
B1321544523289N00611267EA0148501497
B1321554523284N00611267EA0148301495
B1321564523279N00611268EA0148201494
B1321574523274N00611268EA0148201494
B1321584523268N00611269EA0148001492
B1321594523263N00611270EA0148001492
B1322004523258N00611270EA0147901491
B1322014523253N00611271EA0147801490
B1322024523248N00611272EA0147701489
B1322034523243N00611273EA0147601488
B1322044523238N00611274EA0147501487
B1322054523232N00611276EA0147501487
B1322064523227N00611277EA0147401486
B1322074523222N00611278EA0147301485
B1322084523217N00611278EA0147301485
B1322094523212N00611279EA0147201484
B1322104523207N00611280EA0147101483
B1322114523202N00611281EA0146901481
B1322124523196N00611282EA0146801480
B1322134523191N00611283EA0146601478
B1322144523186N00611284EA0146501477
B1322154523181N00611285EA0146401476
B1322164523176N00611286EA0146301475
B1322174523171N00611287EA0146201474
B1322184523166N00611289EA0146101473
B1322194523161N00611290EA0146001472
B1322204523155N00611292EA0145901471
B1322214523150N00611293EA0145901471
B1322224523145N00611295EA0145701469
B1322234523140N00611296EA0145501467
B1322244523135N00611298EA0145301465
B1322254523130N00611299EA0145301465
B1322264523125N00611301EA0145201464
B1322274523120N00611302EA0145101463
B1322284523114N00611304EA0144901461
B1322294523109N00611305EA0144701459
B1322304523104N00611306EA0144601458
B1322314523099N00611308EA0144501457
B1322324523094N00611309EA0144401456
B1322334523089N00611311EA0144301455
B1322344523084N00611312EA0144201454
B1322354523078N00611313EA0144101453
B1322364523073N00611314EA0144001452
B1322374523068N00611316EA0143901451
B1322384523063N00611317EA0143701449
B1322394523058N00611318EA0143601448
B1322404523053N00611319EA0143501447
B1322414523048N00611321EA0143401446
B1322424523043N00611322EA0143301445
B1322434523037N00611324EA0143201444
B1322444523032N00611325EA0143101443
B1322454523027N00611327EA0143001442
B1322464523022N00611328EA0142801440
B1322474523017N00611330EA0142801440
B1322484523012N00611332EA0142701439
B1322494523007N00611334EA0142601438
B1322504523002N00611336EA0142501437
B1322514522997N00611338EA0142301435
B1322524522992N00611341EA0142101433
B1322534522987N00611343EA0142001432
B1322544522981N00611345EA0141901431
B1322554522976N00611348EA0141701429
B1322564522971N00611350EA0141701429
B1322574522966N00611353EA0141501427
B1322584522961N00611356EA0141401426
B1322594522956N00611358EA0141201424
B1323004522951N00611361EA0141101423
B1323014522946N00611364EA0141001422
B1323024522941N00611366EA0141001422
B1323034522936N00611369EA0140901421
B1323044522931N00611371EA0140801420
B1323054522926N00611373EA0140601418
B1323064522921N00611376EA0140501417
B1323074522916N00611378EA0140301415
B1323084522911N00611380EA0140201414
B1323094522906N00611382EA0140101413
B1323104522901N00611384EA0140001412
B1323114522896N00611383EA0140101413
B1323124522892N00611381EA0140201414
B1323134522889N00611377EA0140501417
B1323144522887N00611372EA0140701419
B1323154522887N00611366EA0140901421
B1323164522888N00611360EA0140901421
B1323174522890N00611355EA0141101423
B1323184522893N00611351EA0141301425
B1323194522898N00611348EA0141201424
B1323204522903N00611347EA0141401426
B1323214522908N00611349EA0141401426
B1323224522913N00611352EA0141701429
B1323234522917N00611357EA0141701429
B1323244522920N00611364EA0141901431
B1323254522921N00611372EA0142101433
B1323264522922N00611379EA0142301435
B1323274522921N00611387EA0142501437
B1323284522918N00611394EA0142601438
B1323294522915N00611399EA0142801440
B1323304522910N00611403EA0142801440
B1323314522906N00611404EA0143001442
B1323324522901N00611404EA0143101443
B1323334522897N00611401EA0143301445
B1323344522894N00611397EA0143401446
B1323354522892N00611392EA0143501447
B1323364522892N00611386EA0143701449
B1323374522893N00611380EA0143801450
B1323384522895N00611375EA0144101453
B1323394522899N00611371EA0144201454
B1323404522903N00611368EA0144201454
B1323414522908N00611368EA0144501457
B1323424522913N00611369EA0144701459
B1323434522918N00611373EA0144901461
B1323444522922N00611378EA0145001462
B1323454522925N00611385EA0145201464
B1323464522927N00611392EA0145201464
B1323474522927N00611400EA0145401466
B1323484522926N00611408EA0145501467
B1323494522923N00611414EA0145501467
B1323504522920N00611420EA0145701469
B1323514522915N00611423EA0145701469
B1323524522911N00611424EA0145901471
B1323534522906N00611424EA0146101473
B1323544522902N00611421EA0146301475
B1323554522899N00611417EA0146501477
B1323564522898N00611412EA0146601478
B1323574522897N00611406EA0146701479
B1323584522898N00611400EA0146801480
B1323594522901N00611395EA0146901481
B1324004522904N00611391EA0147101483
B1324014522909N00611389EA0147201484
B1324024522914N00611388EA0147401486
B1324034522919N00611390EA0147601488
B1324044522924N00611393EA0147701489
B1324054522928N00611399EA0147901491
B1324064522930N00611406EA0148001492
B1324074522932N00611413EA0148201494
B1324084522932N00611421EA0148401496
B1324094522931N00611429EA0148401496
B1324104522928N00611435EA0148501497
B1324114522925N00611440EA0148701499
B1324124522920N00611444EA0148801500
B1324134522916N00611445EA0148901501
B1324144522911N00611444EA0149101503
B1324154522907N00611441EA0149201504
B1324164522904N00611437EA0149401506
B1324174522903N00611432EA0149601508
B1324184522902N00611426EA0149801510
B1324194522904N00611420EA0150101513
B1324204522906N00611415EA0150301515
B1324214522910N00611411EA0150401516
B1324224522914N00611409EA0150401516
B1324234522919N00611408EA0150601518
B1324244522924N00611410EA0150701519
B1324254522929N00611414EA0150901521
B1324264522933N00611419EA0151001522
B1324274522936N00611426EA0151101523
B1324284522937N00611434EA0151201524
B1324294522937N00611442EA0151201524
B1324304522936N00611449EA0151401526
B1324314522933N00611456EA0151601528
B1324324522930N00611461EA0151801530
B1324334522925N00611464EA0151901531
B1324344522921N00611465EA0152101533
B1324354522916N00611464EA0152201534
B1324364522912N00611462EA0152301535
B1324374522910N00611457EA0152301535
B1324384522908N00611452EA0152601538
B1324394522908N00611446EA0152701539
B1324404522909N00611440EA0153001542
B1324414522912N00611435EA0153101543
B1324424522915N00611431EA0153301545
B1324434522920N00611429EA0153301545
B1324444522925N00611429EA0153401546
B1324454522930N00611431EA0153401546
B1324464522935N00611435EA0153601548
B1324474522938N00611440EA0153801550
B1324484522941N00611447EA0154001552
B1324494522943N00611455EA0154101553
B1324504522943N00611463EA0154301555
B1324514522941N00611470EA0154501557
B1324524522938N00611476EA0154601558
B1324534522935N00611483EA0154501557
B1324544522932N00611490EA0154401556
B1324554522929N00611497EA0154201554
B1324564522926N00611504EA0154101553
B1324574522923N00611511EA0154101553
B1324584522920N00611518EA0154001552
B1324594522917N00611526EA0153901551
B1325004522914N00611533EA0153801550
B1325014522911N00611540EA0153701549
B1325024522908N00611547EA0153601548
B1325034522905N00611554EA0153501547
B1325044522902N00611562EA0153301545
B1325054522900N00611569EA0153201544
B1325064522897N00611576EA0153001542
B1325074522894N00611583EA0153001542
B1325084522891N00611590EA0152801540
B1325094522887N00611597EA0152701539
B1325104522884N00611603EA0152601538
B1325114522880N00611610EA0152601538
B1325124522877N00611617EA0152501537
B1325134522874N00611624EA0152301535
B1325144522871N00611631EA0152201534
B1325154522868N00611638EA0152201534
B1325164522865N00611645EA0152101533
B1325174522862N00611652EA0152001532
B1325184522859N00611659EA0151901531
B1325194522856N00611666EA0151701529
B1325204522853N00611673EA0151601528
B1325214522849N00611680EA0151601528
B1325224522846N00611687EA0151501527
B1325234522843N00611694EA0151301525
B1325244522840N00611701EA0151201524
B1325254522837N00611708EA0151101523
B1325264522834N00611715EA0151101523
B1325274522831N00611722EA0151001522
B1325284522828N00611729EA0150801520
B1325294522825N00611736EA0150701519
B1325304522822N00611743EA0150601518
B1325314522819N00611750EA0150401516
B1325324522815N00611757EA0150301515
B1325334522812N00611764EA0150101513
B1325344522809N00611771EA0150001512
B1325354522806N00611778EA0149901511
B1325364522803N00611785EA0149801510
B1325374522800N00611792EA0149601508
B1325384522797N00611798EA0149501507
B1325394522793N00611805EA0149501507
B1325404522789N00611811EA0149401506
B1325414522786N00611817EA0149401506
B1325424522782N00611823EA0149301505
B1325434522778N00611830EA0149201504
B1325444522775N00611836EA0149001502
B1325454522771N00611842EA0148901501
B1325464522767N00611848EA0148801500
B1325474522763N00611854EA0148701499
B1325484522760N00611861EA0148601498
B1325494522756N00611867EA0148501497
B1325504522752N00611873EA0148301495
B1325514522748N00611878EA0148201494
B1325524522744N00611884EA0148101493
B1325534522740N00611890EA0147901491
B1325544522736N00611895EA0147901491
B1325554522732N00611901EA0147701489
B1325564522728N00611907EA0147601488
B1325574522724N00611913EA0147501487
B1325584522720N00611918EA0147401486
B1325594522716N00611924EA0147301485
B1326004522712N00611929EA0147201484
B1326014522708N00611934EA0147101483
B1326024522703N00611939EA0147101483
B1326034522699N00611945EA0146901481
B1326044522695N00611950EA0146801480
B1326054522691N00611955EA0146701479
B1326064522686N00611960EA0146601478
B1326074522682N00611965EA0146501477
B1326084522678N00611970EA0146401476
B1326094522673N00611975EA0146301475
B1326104522669N00611981EA0146201474
B1326114522665N00611986EA0146001472
B1326124522661N00611992EA0145901471
B1326134522657N00611997EA0145701469
B1326144522652N00612002EA0145701469
B1326154522648N00612007EA0145501467
B1326164522644N00612012EA0145401466
B1326174522640N00612017EA0145301465
B1326184522635N00612022EA0145201464
B1326194522631N00612026EA0145001462
B1326204522626N00612031EA0144901461
B1326214522622N00612036EA0144801460
B1326224522617N00612041EA0144701459
B1326234522613N00612046EA0144701459
B1326244522608N00612050EA0144501457
B1326254522604N00612055EA0144401456
B1326264522599N00612059EA0144301455
B1326274522595N00612064EA0144101453
B1326284522590N00612068EA0144001452
B1326294522586N00612072EA0143901451
B1326304522581N00612077EA0143801450
B1326314522576N00612081EA0143701449
B1326324522572N00612086EA0143601448
B1326334522568N00612091EA0143501447
B1326344522563N00612096EA0143401446
B1326354522559N00612100EA0143301445
B1326364522554N00612105EA0143201444
B1326374522550N00612110EA0143101443
B1326384522546N00612116EA0143001442
B1326394522542N00612121EA0142901441
B1326404522538N00612127EA0142801440
B1326414522534N00612132EA0142701439
B1326424522530N00612138EA0142601438
B1326434522526N00612144EA0142501437
B1326444522522N00612149EA0142401436
B1326454522518N00612155EA0142301435
B1326464522513N00612160EA0142301435
B1326474522509N00612166EA0142101433
B1326484522505N00612171EA0142001432
B1326494522501N00612177EA0141901431
B1326504522497N00612182EA0141801430
B1326514522493N00612188EA0141701429
B1326524522489N00612193EA0141601428
B1326534522484N00612198EA0141501427
B1326544522480N00612204EA0141401426
B1326554522476N00612209EA0141301425
B1326564522472N00612215EA0141101423
B1326574522468N00612220EA0141001422
B1326584522464N00612226EA0141001422
B1326594522460N00612232EA0140901421
B1327004522456N00612238EA0140801420
B1327014522452N00612243EA0140701419
B1327024522448N00612249EA0140501417
B1327034522444N00612255EA0140401416
B1327044522440N00612261EA0140401416
B1327054522436N00612266EA0140201414
B1327064522432N00612272EA0140101413
B1327074522428N00612278EA0140001412
B1327084522425N00612284EA0139801410
B1327094522421N00612290EA0139701409
B1327104522417N00612296EA0139601408
B1327114522413N00612302EA0139501407
B1327124522409N00612307EA0139401406
B1327134522405N00612313EA0139301405
B1327144522401N00612319EA0139301405
B1327154522397N00612325EA0139301405
B1327164522394N00612331EA0139201404
B1327174522390N00612337EA0139001402
B1327184522386N00612344EA0138801400
B1327194522383N00612350EA0138801400
B1327204522379N00612356EA0138701399
B1327214522375N00612363EA0138601398
B1327224522372N00612369EA0138501397
B1327234522368N00612375EA0138401396
B1327244522365N00612382EA0138201394
B1327254522361N00612388EA0138101393
B1327264522357N00612394EA0137901391
B1327274522354N00612401EA0137801390
B1327284522350N00612407EA0137601388
B1327294522347N00612413EA0137501387
B1327304522343N00612419EA0137401386
B1327314522339N00612426EA0137301385
B1327324522335N00612432EA0137201384
B1327334522332N00612438EA0137101383
B1327344522328N00612444EA0137001382
B1327354522324N00612450EA0136901381
B1327364522320N00612456EA0136701379
B1327374522316N00612462EA0136601378
B1327384522312N00612468EA0136501377
B1327394522308N00612473EA0136401376
B1327404522304N00612479EA0136301375
B1327414522300N00612484EA0136201374
B1327424522296N00612490EA0136201374
B1327434522292N00612496EA0136101373
B1327444522288N00612502EA0135901371
B1327454522285N00612508EA0135901371
B1327464522281N00612514EA0135801370
B1327474522277N00612519EA0135601368
B1327484522273N00612525EA0135501367
B1327494522269N00612531EA0135301365
B1327504522265N00612537EA0135201364
B1327514522261N00612542EA0135101363
B1327524522257N00612548EA0135001362
B1327534522253N00612552EA0135201364
B1327544522248N00612553EA0135401366
B1327554522243N00612552EA0135601368
B1327564522240N00612550EA0135801370
B1327574522237N00612546EA0136101373
B1327584522235N00612540EA0136501377
B1327594522234N00612535EA0136701379
B1328004522235N00612529EA0137001382
B1328014522238N00612523EA0137201384
B1328024522241N00612519EA0137501387
B1328034522246N00612517EA0137801390
B1328044522251N00612517EA0138101393
B1328054522256N00612518EA0138201394
B1328064522261N00612522EA0138401396
B1328074522265N00612527EA0138701399
B1328084522268N00612534EA0138901401
B1328094522269N00612541EA0138901401
B1328104522269N00612549EA0139101403
B1328114522268N00612557EA0139301405
B1328124522265N00612563EA0139401406
B1328134522262N00612569EA0139701409
B1328144522258N00612572EA0139801410
B1328154522253N00612573EA0140001412
B1328164522248N00612573EA0140201414
B1328174522245N00612570EA0140401416
B1328184522242N00612566EA0140501417
B1328194522240N00612560EA0140801420
B1328204522240N00612555EA0140901421
B1328214522241N00612549EA0141101423
B1328224522243N00612544EA0141301425
B1328234522247N00612540EA0141501427
B1328244522251N00612537EA0141701429
B1328254522256N00612537EA0141901431
B1328264522261N00612539EA0142101433
B1328274522266N00612542EA0142301435
B1328284522270N00612548EA0142501437
B1328294522273N00612555EA0142701439
B1328304522274N00612562EA0143001442
B1328314522274N00612570EA0143201444
B1328324522273N00612578EA0143401446
B1328334522271N00612584EA0143601448
B1328344522267N00612589EA0143901451
B1328354522263N00612592EA0144001452
B1328364522258N00612594EA0144301455
B1328374522253N00612593EA0144501457
B1328384522250N00612590EA0144601458
B1328394522247N00612586EA0144901461
B1328404522245N00612580EA0145101463
B1328414522245N00612575EA0145301465
B1328424522246N00612569EA0145501467
B1328434522249N00612564EA0145601468
B1328444522252N00612560EA0145801470
B1328454522257N00612558EA0146001472
B1328464522262N00612557EA0146201474
B1328474522267N00612559EA0146301475
B1328484522272N00612563EA0146601478
B1328494522275N00612569EA0146701479
B1328504522278N00612575EA0146901481
B1328514522280N00612583EA0147101483
B1328524522280N00612591EA0147401486
B1328534522278N00612598EA0147501487
B1328544522276N00612605EA0147801490
B1328554522272N00612610EA0148101493
B1328564522268N00612613EA0148201494
B1328574522263N00612614EA0148501497
B1328584522259N00612613EA0148801500
B1328594522255N00612610EA0149101503
B1329004522252N00612606EA0149301505
B1329014522250N00612600EA0149601508
B1329024522250N00612595EA0149801510
B1329034522251N00612589EA0150001512
B1329044522254N00612584EA0150201514
B1329054522258N00612580EA0150401516
B1329064522262N00612578EA0150701519
B1329074522267N00612578EA0150801520
B1329084522272N00612580EA0151101523
B1329094522277N00612584EA0151401526
B1329104522281N00612589EA0151601528
B1329114522284N00612596EA0151801530
B1329124522285N00612604EA0152001532
B1329134522285N00612612EA0152101533
B1329144522283N00612619EA0152301535
B1329154522281N00612626EA0152501537
B1329164522277N00612630EA0152801540
B1329174522273N00612633EA0153001542
B1329184522268N00612634EA0153301545
B1329194522264N00612633EA0153501547
B1329204522260N00612630EA0153701549
B1329214522257N00612626EA0153901551
B1329224522255N00612621EA0154201554
B1329234522255N00612615EA0154301555
B1329244522257N00612609EA0154601558
B1329254522259N00612604EA0154801560
B1329264522263N00612600EA0155101563
B1329274522268N00612598EA0155301565
B1329284522273N00612598EA0155601568
B1329294522278N00612600EA0155901571
B1329304522283N00612604EA0156101573
B1329314522286N00612610EA0156401576
B1329324522289N00612617EA0156701579
B1329334522290N00612625EA0156801580
B1329344522290N00612632EA0157101583
B1329354522289N00612640EA0157301585
B1329364522286N00612646EA0157501587
B1329374522282N00612651EA0157801590
B1329384522277N00612654EA0158101593
B1329394522273N00612655EA0158401596
B1329404522269N00612654EA0158601598
B1329414522265N00612651EA0158801600
B1329424522262N00612646EA0159001602
B1329434522261N00612641EA0159301605
B1329444522261N00612635EA0159401606
B1329454522262N00612629EA0159601608
B1329464522265N00612624EA0159701609
B1329474522269N00612620EA0159901611
B1329484522273N00612618EA0160001612
B1329494522278N00612619EA0160101613
B1329504522283N00612621EA0160301615
B1329514522288N00612625EA0160501617
B1329524522292N00612631EA0160701619
B1329534522294N00612638EA0160901621
B1329544522296N00612645EA0161101623
B1329554522295N00612653EA0161301625
B1329564522294N00612661EA0161601628
B1329574522291N00612667EA0161801630
B1329584522287N00612672EA0162101633
B1329594522282N00612674EA0162401636
B1330004522278N00612675EA0162501637
B1330014522274N00612674EA0162801640
B1330024522270N00612671EA0163001642
B1330034522267N00612666EA0163301645
B1330044522266N00612661EA0163601648
B1330054522266N00612655EA0163901651
B1330064522267N00612649EA0164101653
B1330074522270N00612644EA0164301655
B1330084522274N00612641EA0164501657
B1330094522279N00612639EA0164801660
B1330104522284N00612639EA0165001662
B1330114522289N00612641EA0165301665
B1330124522294N00612645EA0165501667
B1330134522297N00612651EA0165701669
B1330144522300N00612658EA0166001672
B1330154522301N00612666EA0166101673
B1330164522300N00612674EA0166401676
B1330174522299N00612681EA0166701679
B1330184522296N00612687EA0166901681
B1330194522292N00612692EA0167201684
B1330204522287N00612695EA0167401686
B1330214522283N00612695EA0167601688
B1330224522279N00612694EA0167801690
B1330234522275N00612691EA0168001692
B1330244522272N00612686EA0168201694
B1330254522271N00612681EA0168601698
B1330264522271N00612675EA0168701699
B1330274522273N00612669EA0168801700
B1330284522276N00612664EA0169001702
B1330294522280N00612661EA0169301705
B1330304522284N00612659EA0169501707
B1330314522290N00612659EA0169601708
B1330324522295N00612662EA0169901711
B1330334522299N00612666EA0170101713
B1330344522303N00612672EA0170401716
B1330354522305N00612679EA0170601718
B1330364522306N00612687EA0170801720
B1330374522306N00612695EA0171101723
B1330384522304N00612702EA0171401726
B1330394522301N00612708EA0171601728
B1330404522297N00612713EA0171801730
B1330414522292N00612715EA0172101733
B1330424522288N00612716EA0172201734
B1330434522284N00612714EA0172301735
B1330444522280N00612711EA0172501737
B1330454522278N00612706EA0172801740
B1330464522276N00612701EA0173001742
B1330474522277N00612695EA0173001742
B1330484522278N00612689EA0173301745
B1330494522281N00612684EA0173601748
B1330504522285N00612681EA0173901751
B1330514522290N00612679EA0174101753
B1330524522295N00612680EA0174201754
B1330534522300N00612682EA0174401756
B1330544522304N00612687EA0174601758
B1330554522308N00612693EA0174901761
B1330564522310N00612700EA0175101763
B1330574522313N00612708EA0175001762
B1330584522316N00612716EA0174901761
B1330594522318N00612724EA0174801760
B1331004522321N00612731EA0174801760
B1331014522324N00612739EA0174701759
B1331024522326N00612747EA0174601758
B1331034522329N00612755EA0174601758
B1331044522331N00612763EA0174501757
B1331054522334N00612771EA0174401756
B1331064522336N00612779EA0174301755
B1331074522338N00612787EA0174101753
B1331084522341N00612795EA0174001752
B1331094522343N00612803EA0173901751
B1331104522346N00612811EA0173701749
B1331114522348N00612819EA0173701749
B1331124522351N00612827EA0173501747
B1331134522353N00612835EA0173401746
B1331144522356N00612843EA0173301745
B1331154522359N00612850EA0173201744
B1331164522362N00612858EA0173001742
B1331174522365N00612866EA0172901741
B1331184522367N00612873EA0172701739
B1331194522370N00612881EA0172601738
B1331204522373N00612889EA0172501737
B1331214522375N00612897EA0172401736
B1331224522378N00612905EA0172301735
B1331234522381N00612913EA0172101733
B1331244522383N00612920EA0172001732
B1331254522386N00612928EA0171901731
B1331264522388N00612936EA0171901731
B1331274522391N00612944EA0171801730
B1331284522393N00612952EA0171701729
B1331294522396N00612960EA0171601728
B1331304522398N00612968EA0171401726
B1331314522401N00612976EA0171301725
B1331324522403N00612984EA0171201724
B1331334522406N00612992EA0171101723
B1331344522408N00613000EA0171001722
B1331354522410N00613008EA0170801720
B1331364522412N00613016EA0170801720
B1331374522415N00613025EA0170601718
B1331384522417N00613033EA0170501717
B1331394522419N00613041EA0170301715
B1331404522422N00613049EA0170301715
B1331414522424N00613057EA0170201714
B1331424522426N00613065EA0170101713
B1331434522429N00613073EA0169901711
B1331444522431N00613081EA0169801710
B1331454522434N00613088EA0169801710
B1331464522436N00613096EA0169701709
B1331474522439N00613104EA0169601708
B1331484522442N00613112EA0169601708
B1331494522444N00613120EA0169501707
B1331504522446N00613128EA0169401706
B1331514522449N00613136EA0169301705
B1331524522451N00613144EA0169201704
B1331534522453N00613152EA0169001702
B1331544522456N00613160EA0168901701
B1331554522458N00613168EA0168801700
B1331564522461N00613176EA0168701699
B1331574522463N00613184EA0168601698
B1331584522466N00613192EA0168501697
B1331594522468N00613200EA0168301695
B1332004522470N00613208EA0168101693
B1332014522473N00613216EA0168001692
B1332024522475N00613225EA0167901691
B1332034522477N00613233EA0167801690
B1332044522479N00613241EA0167701689
B1332054522481N00613249EA0167601688
B1332064522483N00613257EA0167501687
B1332074522485N00613266EA0167401686
B1332084522487N00613274EA0167201684
B1332094522489N00613282EA0167101683
B1332104522491N00613290EA0167001682
B1332114522493N00613299EA0167001682
B1332124522494N00613307EA0166901681
B1332134522496N00613315EA0166801680
B1332144522498N00613324EA0166601678
B1332154522500N00613332EA0166501677
B1332164522502N00613340EA0166401676
B1332174522503N00613349EA0166301675
B1332184522505N00613357EA0166201674
B1332194522507N00613365EA0166101673
B1332204522509N00613374EA0165901671
B1332214522510N00613382EA0165801670
B1332224522512N00613390EA0165601668
B1332234522513N00613399EA0165501667
B1332244522515N00613407EA0165501667
B1332254522517N00613416EA0165401666
B1332264522518N00613424EA0165301665
B1332274522520N00613432EA0165201664
B1332284522521N00613441EA0165101663
B1332294522523N00613449EA0165001662
B1332304522525N00613458EA0164901661
B1332314522526N00613466EA0164901661
B1332324522528N00613474EA0164701659
B1332334522530N00613483EA0164601658
B1332344522532N00613491EA0164501657
B1332354522534N00613499EA0164401656
B1332364522536N00613507EA0164301655
B1332374522538N00613516EA0164201654
B1332384522538N00613523EA0164401656
B1332394522537N00613531EA0164701659
B1332404522535N00613538EA0164901661
B1332414522531N00613543EA0165001662
B1332424522527N00613547EA0165201664
B1332434522523N00613548EA0165401666
B1332444522518N00613548EA0165601668
B1332454522514N00613545EA0165801670
B1332464522511N00613541EA0166001672
B1332474522509N00613536EA0166301675
B1332484522509N00613530EA0166501677
B1332494522510N00613524EA0166801680
B1332504522512N00613519EA0166901681
B1332514522515N00613515EA0167001682
B1332524522520N00613512EA0167201684
B1332534522525N00613512EA0167401686
B1332544522530N00613513EA0167601688
B1332554522535N00613517EA0168001692
B1332564522539N00613522EA0168101693
B1332574522542N00613529EA0168201694
B1332584522543N00613536EA0168301695
B1332594522544N00613544EA0168601698
B1333004522542N00613552EA0168701699
B1333014522540N00613558EA0169001702
B1333024522536N00613564EA0169301705
B1333034522532N00613567EA0169401706
B1333044522528N00613569EA0169701709
B1333054522523N00613568EA0169901711
B1333064522519N00613566EA0170101713
B1333074522516N00613561EA0170301715
B1333084522514N00613556EA0170501717
B1333094522514N00613550EA0170801720
B1333104522515N00613544EA0171001722
B1333114522517N00613539EA0171201724
B1333124522521N00613535EA0171501727
B1333134522525N00613533EA0171701729
B1333144522530N00613532EA0171901731
B1333154522535N00613534EA0172201734
B1333164522540N00613537EA0172301735
B1333174522544N00613543EA0172501737
B1333184522547N00613550EA0172801740
B1333194522549N00613557EA0172901741
B1333204522549N00613565EA0173201744
B1333214522548N00613573EA0173401746
B1333224522545N00613579EA0173601748
B1333234522541N00613584EA0173901751
B1333244522537N00613588EA0174101753
B1333254522533N00613589EA0174301755
B1333264522528N00613588EA0174601758
B1333274522524N00613586EA0174801760
B1333284522521N00613581EA0175001762
B1333294522519N00613576EA0175301765
B1333304522519N00613570EA0175401766
B1333314522520N00613564EA0175701769
B1333324522523N00613559EA0176001772
B1333334522526N00613555EA0176201774
B1333344522531N00613553EA0176401776
B1333354522536N00613553EA0176701779
B1333364522541N00613554EA0176901781
B1333374522546N00613558EA0177101783
B1333384522550N00613563EA0177201784
B1333394522552N00613570EA0177501787
B1333404522554N00613578EA0177801790
B1333414522554N00613586EA0178001792
B1333424522553N00613593EA0178201794
B1333434522550N00613600EA0178401796
B1333444522546N00613605EA0178701799
B1333454522542N00613608EA0178901801
B1333464522538N00613609EA0179101803
B1333474522533N00613609EA0179101803
B1333484522529N00613606EA0179301805
B1333494522526N00613602EA0179601808
B1333504522525N00613596EA0179901811
B1333514522524N00613590EA0180201814
B1333524522526N00613584EA0180401816
B1333534522528N00613579EA0180701819
B1333544522532N00613575EA0181001822
B1333554522536N00613573EA0181401826
B1333564522541N00613573EA0181601828
B1333574522547N00613575EA0181801830
B1333584522551N00613579EA0181901831
B1333594522555N00613584EA0182201834
B1334004522558N00613591EA0182401836
B1334014522559N00613599EA0182601838
B1334024522559N00613607EA0182901841
B1334034522558N00613614EA0183001842
B1334044522555N00613620EA0183101843
B1334054522551N00613625EA0183501847
B1334064522547N00613629EA0183701849
B1334074522543N00613630EA0184001852
B1334084522538N00613629EA0184201854
B1334094522534N00613626EA0184401856
B1334104522531N00613622EA0184701859
B1334114522530N00613616EA0185101863
B1334124522530N00613610EA0185301865
B1334134522531N00613604EA0185501867
B1334144522534N00613599EA0185601868
B1334154522537N00613596EA0185901871
B1334164522542N00613594EA0186101873
B1334174522547N00613593EA0186301875
B1334184522552N00613595EA0186501877
B1334194522557N00613599EA0186701879
B1334204522560N00613605EA0186901881
B1334214522563N00613612EA0187101883
B1334224522565N00613619EA0187401886
B1334234522564N00613627EA0187701889
B1334244522563N00613635EA0187801890
B1334254522560N00613641EA0188101893
B1334264522556N00613646EA0188101893
B1334274522552N00613649EA0188401896
B1334284522548N00613650EA0188601898
B1334294522543N00613649EA0188701899
B1334304522539N00613646EA0188901901
B1334314522537N00613642EA0189201904
B1334324522535N00613636EA0189501907
B1334334522535N00613630EA0189901911
B1334344522536N00613625EA0190001912
B1334354522539N00613620EA0190401916
B1334364522543N00613616EA0190601918
B1334374522547N00613614EA0191001922
B1334384522553N00613614EA0191301925
B1334394522558N00613616EA0191501927
B1334404522563N00613618EA0191401926
B1334414522569N00613620EA0191301925
B1334424522574N00613623EA0191101923
B1334434522580N00613625EA0191001922
B1334444522585N00613627EA0190901921
B1334454522591N00613630EA0190801920
B1334464522596N00613632EA0190601918
B1334474522602N00613635EA0190501917
B1334484522608N00613637EA0190401916
B1334494522613N00613639EA0190301915
B1334504522619N00613641EA0190101913
B1334514522624N00613644EA0189901911
B1334524522630N00613646EA0189801910
B1334534522635N00613648EA0189701909
B1334544522641N00613651EA0189601908
B1334554522646N00613653EA0189501907
B1334564522652N00613656EA0189401906
B1334574522658N00613658EA0189301905
B1334584522663N00613660EA0189101903
B1334594522669N00613662EA0189001902
B1335004522674N00613665EA0188901901
B1335014522680N00613667EA0188801900
B1335024522685N00613670EA0188701899
B1335034522691N00613672EA0188601898
B1335044522696N00613674EA0188601898
B1335054522702N00613676EA0188401896
B1335064522708N00613679EA0188401896
B1335074522713N00613681EA0188301895
B1335084522719N00613683EA0188201894
B1335094522724N00613685EA0188101893
B1335104522730N00613687EA0187901891
B1335114522735N00613690EA0187801890
B1335124522741N00613692EA0187701889
B1335134522747N00613694EA0187501887
B1335144522752N00613696EA0187401886
B1335154522758N00613698EA0187401886
B1335164522763N00613700EA0187301885
B1335174522769N00613702EA0187301885
B1335184522775N00613703EA0187101883
B1335194522780N00613705EA0187001882
B1335204522786N00613706EA0186901881
B1335214522791N00613708EA0186801880
B1335224522797N00613709EA0186701879
B1335234522803N00613711EA0186701879
B1335244522808N00613712EA0186601878
B1335254522814N00613714EA0186501877
B1335264522820N00613715EA0186501877
B1335274522825N00613716EA0186401876
B1335284522831N00613717EA0186201874
B1335294522837N00613718EA0186001872
B1335304522842N00613718EA0185901871
B1335314522848N00613719EA0185901871
B1335324522853N00613720EA0185801870
B1335334522859N00613721EA0185601868
B1335344522865N00613722EA0185501867
B1335354522870N00613723EA0185401866
B1335364522876N00613724EA0185201864
B1335374522882N00613725EA0185101863
B1335384522887N00613727EA0184901861
B1335394522893N00613728EA0184901861
B1335404522898N00613730EA0184701859
B1335414522904N00613732EA0184601858
B1335424522910N00613734EA0184501857
B1335434522915N00613737EA0184401856
B1335444522921N00613739EA0184301855
B1335454522926N00613742EA0184201854
B1335464522932N00613744EA0184101853
B1335474522937N00613746EA0184001852
B1335484522943N00613749EA0184001852
B1335494522949N00613751EA0183901851
B1335504522954N00613753EA0183701849
B1335514522960N00613755EA0183601848
B1335524522965N00613757EA0183301845
B1335534522971N00613759EA0183201844
B1335544522977N00613760EA0183101843
B1335554522982N00613762EA0183001842
B1335564522988N00613763EA0182901841
B1335574522993N00613765EA0182801840
B1335584522999N00613766EA0182701839
B1335594523005N00613767EA0182601838
B1336004523010N00613768EA0182501837
B1336014523016N00613769EA0182401836
B1336024523022N00613770EA0182301835
B1336034523027N00613772EA0182201834
B1336044523033N00613774EA0182101833
B1336054523038N00613775EA0182101833
B1336064523044N00613777EA0182001832
B1336074523050N00613779EA0182001832
B1336084523055N00613780EA0181901831
B1336094523061N00613782EA0181801830
B1336104523067N00613784EA0181701829
B1336114523072N00613785EA0181701829
B1336124523078N00613787EA0181601828
B1336134523083N00613789EA0181501827
B1336144523089N00613791EA0181301825
B1336154523095N00613793EA0181201824
B1336164523100N00613795EA0181101823
B1336174523106N00613796EA0181001822
B1336184523111N00613798EA0180901821
B1336194523117N00613800EA0180801820
B1336204523123N00613801EA0180701819
B1336214523128N00613803EA0180701819
B1336224523134N00613805EA0180601818
B1336234523139N00613806EA0180501817
B1336244523145N00613808EA0180401816
B1336254523151N00613809EA0180301815
B1336264523156N00613811EA0180201814
B1336274523162N00613813EA0180101813
B1336284523168N00613814EA0180001812
B1336294523173N00613816EA0179901811
B1336304523179N00613817EA0179801810
B1336314523184N00613819EA0179701809
B1336324523190N00613821EA0179501807
B1336334523196N00613822EA0179501807
B1336344523201N00613824EA0179401806
B1336354523207N00613826EA0179201804
B1336364523213N00613827EA0179101803
B1336374523218N00613828EA0179001802
B1336384523224N00613829EA0179001802
B1336394523230N00613830EA0178901801
B1336404523235N00613831EA0178801800
B1336414523241N00613832EA0178601798
B1336424523246N00613832EA0178601798
B1336434523252N00613833EA0178501797
B1336444523258N00613834EA0178401796
B1336454523263N00613835EA0178301795
B1336464523269N00613836EA0178201794
B1336474523275N00613837EA0178001792
B1336484523280N00613837EA0178001792
B1336494523286N00613838EA0177901791
B1336504523292N00613838EA0177801790
B1336514523297N00613839EA0177701789
B1336524523303N00613840EA0177601788
B1336534523308N00613841EA0177501787
B1336544523314N00613841EA0177401786
B1336554523320N00613842EA0177301785
B1336564523325N00613842EA0177201784
B1336574523331N00613843EA0177101783
B1336584523337N00613844EA0177001782
B1336594523342N00613844EA0176901781
B1337004523348N00613845EA0176801780
B1337014523354N00613846EA0176701779
B1337024523359N00613847EA0176501777
B1337034523365N00613847EA0176501777
B1337044523370N00613848EA0176301775
B1337054523376N00613848EA0176201774
B1337064523382N00613849EA0176101773
B1337074523387N00613849EA0176001772
B1337084523393N00613849EA0175901771
B1337094523398N00613849EA0175801770
B1337104523404N00613849EA0175601768
B1337114523410N00613849EA0175501767
B1337124523415N00613849EA0175501767
B1337134523421N00613849EA0175401766
B1337144523426N00613849EA0175201764
B1337154523432N00613849EA0175101763
B1337164523438N00613849EA0174901761
B1337174523443N00613849EA0174801760
B1337184523449N00613849EA0174701759
B1337194523454N00613849EA0174601758
B1337204523460N00613849EA0174501757
B1337214523466N00613850EA0174401756
B1337224523471N00613850EA0174301755
B1337234523477N00613851EA0174201754
B1337244523483N00613851EA0174101753
B1337254523488N00613853EA0173901751
B1337264523494N00613854EA0173801750
B1337274523500N00613855EA0173801750
B1337284523505N00613855EA0173701749
B1337294523511N00613856EA0173601748
B1337304523516N00613857EA0173501747
B1337314523522N00613857EA0173301745
B1337324523528N00613857EA0173301745
B1337334523533N00613858EA0173201744
B1337344523539N00613858EA0173001742
B1337354523545N00613858EA0172801740
B1337364523550N00613858EA0172701739
B1337374523556N00613858EA0172501737
B1337384523561N00613859EA0172401736
B1337394523567N00613859EA0172301735
B1337404523573N00613859EA0172201734
B1337414523578N00613859EA0172101733
B1337424523583N00613862EA0172001732
B1337434523588N00613866EA0172301735
B1337444523591N00613872EA0172401736
B1337454523594N00613879EA0172501737
B1337464523595N00613887EA0172601738
B1337474523594N00613895EA0172801740
B1337484523592N00613902EA0173001742
B1337494523589N00613908EA0173001742
B1337504523585N00613912EA0173201744
B1337514523581N00613915EA0173501747
B1337524523576N00613915EA0173501747
B1337534523572N00613914EA0173601748
B1337544523569N00613911EA0173801750
B1337554523566N00613906EA0174101753
B1337564523565N00613900EA0174301755
B1337574523565N00613894EA0174401756
B1337584523567N00613889EA0174601758
B1337594523570N00613884EA0174701759
B1338004523574N00613881EA0174801760
B1338014523579N00613879EA0174901761
B1338024523584N00613880EA0175201764
B1338034523589N00613882EA0175301765
B1338044523593N00613887EA0175501767
B1338054523597N00613893EA0175601768
B1338064523599N00613900EA0175701769
B1338074523600N00613908EA0175801770
B1338084523599N00613915EA0175901771
B1338094523598N00613923EA0175901771
B1338104523594N00613929EA0176101773
B1338114523590N00613933EA0176101773
B1338124523586N00613935EA0176201774
B1338134523581N00613936EA0176301775
B1338144523577N00613934EA0176301775
B1338154523574N00613931EA0176501777
B1338164523571N00613926EA0176601778
B1338174523570N00613920EA0176601778
B1338184523570N00613914EA0176701779
B1338194523572N00613909EA0176901781
B1338204523575N00613904EA0177101783
B1338214523579N00613901EA0177201784
B1338224523584N00613899EA0177301785
B1338234523589N00613900EA0177501787
B1338244523594N00613903EA0177601788
B1338254523599N00613907EA0177701789
B1338264523602N00613913EA0177701789
B1338274523604N00613921EA0177901791
B1338284523605N00613928EA0178001792
B1338294523605N00613936EA0178201794
B1338304523603N00613943EA0178301795
B1338314523600N00613949EA0178401796
B1338324523595N00613954EA0178401796
B1338334523591N00613956EA0178401796
B1338344523586N00613956EA0178501797
B1338354523582N00613954EA0178601798
B1338364523579N00613951EA0178701799
B1338374523576N00613946EA0178801800
B1338384523575N00613940EA0178901801
B1338394523576N00613934EA0179101803
B1338404523578N00613929EA0179201804
B1338414523581N00613924EA0179301805
B1338424523585N00613921EA0179401806
B1338434523590N00613920EA0179401806
B1338444523595N00613920EA0179501807
B1338454523600N00613923EA0179601808
B1338464523604N00613928EA0179601808
B1338474523607N00613934EA0179801810
B1338484523610N00613941EA0179901811
B1338494523610N00613949EA0179901811
B1338504523610N00613957EA0180001812
B1338514523608N00613964EA0180101813
B1338524523605N00613970EA0180301815
B1338534523601N00613974EA0180401816
B1338544523596N00613976EA0180501817
B1338554523591N00613976EA0180701819
B1338564523587N00613975EA0181001822
B1338574523584N00613971EA0181001822
B1338584523582N00613966EA0181201824
B1338594523581N00613960EA0181501827
B1339004523581N00613954EA0181601828
B1339014523583N00613949EA0181701829
B1339024523586N00613944EA0181801830
B1339034523590N00613941EA0182001832
B1339044523595N00613940EA0182101833
B1339054523600N00613941EA0182201834
B1339064523605N00613944EA0182201834
B1339074523610N00613949EA0182301835
B1339084523613N00613955EA0182501837
B1339094523615N00613962EA0182501837
B1339104523616N00613970EA0182601838
B1339114523615N00613978EA0182701839
B1339124523613N00613985EA0182801840
B1339134523610N00613991EA0182801840
B1339144523606N00613995EA0182901841
B1339154523601N00613997EA0183001842
B1339164523596N00613997EA0183101843
B1339174523592N00613995EA0183301845
B1339184523589N00613991EA0183401846
B1339194523587N00613986EA0183501847
B1339204523586N00613980EA0183601848
B1339214523586N00613974EA0183601848
B1339224523588N00613969EA0183901851
B1339234523592N00613965EA0184101853
B1339244523596N00613962EA0184201854
B1339254523601N00613960EA0184301855
B1339264523606N00613961EA0184301855
B1339274523611N00613964EA0184401856
B1339284523615N00613969EA0184601858
B1339294523618N00613976EA0184801860
B1339304523620N00613983EA0184901861
B1339314523621N00613991EA0185001862
B1339324523620N00613999EA0185001862
B1339334523618N00614005EA0185101863
B1339344523615N00614011EA0185301865
B1339354523610N00614015EA0185401866
B1339364523606N00614017EA0185501867
B1339374523601N00614017EA0185601868
B1339384523597N00614015EA0185801870
B1339394523594N00614011EA0185901871
B1339404523592N00614006EA0186001872
B1339414523591N00614000EA0186101873
B1339424523592N00613994EA0186201874
B1339434523594N00613989EA0186301875
B1339444523597N00613985EA0186401876
B1339454523601N00613982EA0186501877
B1339464523606N00613981EA0186501877
B1339474523611N00613982EA0186601878
B1339484523616N00613985EA0186801880
B1339494523620N00613990EA0186901881
B1339504523624N00613996EA0187001882
B1339514523626N00614004EA0187101883
B1339524523626N00614012EA0187101883
B1339534523625N00614019EA0187201884
B1339544523623N00614026EA0187401886
B1339554523620N00614032EA0187601888
B1339564523615N00614036EA0187701889
B1339574523611N00614037EA0187901891
B1339584523606N00614037EA0188001892
B1339594523602N00614035EA0188201894
B1340004523599N00614031EA0188501897
B1340014523597N00614026EA0188601898
B1340024523596N00614020EA0188801900
B1340034523597N00614015EA0189001902
B1340044523599N00614009EA0189101903
B1340054523603N00614005EA0189201904
B1340064523607N00614002EA0189401906
B1340074523612N00614001EA0189501907
B1340084523617N00614002EA0189701909
B1340094523622N00614006EA0189801910
B1340104523626N00614011EA0190001912
B1340114523629N00614017EA0190001912
B1340124523631N00614025EA0190101913
B1340134523631N00614032EA0190301915
B1340144523630N00614040EA0190401916
B1340154523628N00614047EA0190501917
B1340164523625N00614052EA0190401916
B1340174523620N00614056EA0190401916
B1340184523616N00614058EA0190601918
B1340194523611N00614058EA0190701919
B1340204523607N00614055EA0190801920
B1340214523604N00614051EA0191001922
B1340224523602N00614046EA0191001922
B1340234523602N00614040EA0191201924
B1340244523602N00614035EA0191301925
B1340254523605N00614029EA0191401926
B1340264523608N00614025EA0191601928
B1340274523612N00614020EA0191501927
B1340284523616N00614015EA0191301925
B1340294523619N00614010EA0191201924
B1340304523623N00614005EA0191101923
B1340314523626N00614000EA0191001922
B1340324523630N00613995EA0190901921
B1340334523634N00613990EA0190701919
B1340344523637N00613985EA0190601918
B1340354523641N00613980EA0190601918
B1340364523644N00613975EA0190401916
B1340374523648N00613970EA0190401916
B1340384523652N00613965EA0190301915
B1340394523655N00613960EA0190201914
B1340404523659N00613955EA0190001912
B1340414523663N00613950EA0190001912
B1340424523666N00613945EA0189901911
B1340434523670N00613940EA0189801910
B1340444523674N00613935EA0189701909
B1340454523677N00613930EA0189501907
B1340464523681N00613925EA0189401906
B1340474523685N00613921EA0189301905
B1340484523689N00613916EA0189201904
B1340494523693N00613911EA0189101903
B1340504523696N00613906EA0188901901
B1340514523700N00613901EA0188701899
B1340524523704N00613897EA0188601898
B1340534523708N00613892EA0188501897
B1340544523712N00613887EA0188401896
B1340554523716N00613883EA0188201894
B1340564523720N00613878EA0188101893
B1340574523724N00613874EA0188001892
B1340584523728N00613870EA0187801890
B1340594523732N00613865EA0187601888
B1341004523736N00613861EA0187501887
B1341014523740N00613856EA0187401886
B1341024523744N00613851EA0187301885
B1341034523748N00613847EA0187201884
B1341044523752N00613842EA0187101883
B1341054523756N00613837EA0187001882
B1341064523760N00613832EA0186901881
B1341074523763N00613828EA0186801880
B1341084523767N00613823EA0186601878
B1341094523771N00613819EA0186501877
B1341104523775N00613814EA0186401876
B1341114523779N00613809EA0186201874
B1341124523783N00613805EA0186201874
B1341134523787N00613800EA0186101873
B1341144523791N00613796EA0186001872
B1341154523795N00613791EA0185901871
B1341164523799N00613787EA0185801870
B1341174523803N00613782EA0185801870
B1341184523808N00613778EA0185601868
B1341194523812N00613774EA0185501867
B1341204523816N00613769EA0185401866
B1341214523820N00613765EA0185301865
B1341224523824N00613761EA0185301865
B1341234523829N00613757EA0185201864
B1341244523833N00613753EA0185101863
B1341254523837N00613749EA0185001862
B1341264523842N00613745EA0184801860
B1341274523846N00613741EA0184801860
B1341284523850N00613737EA0184701859
B1341294523855N00613733EA0184701859
B1341304523859N00613728EA0184501857
B1341314523863N00613724EA0184501857
B1341324523868N00613720EA0184401856
B1341334523872N00613717EA0184201854
B1341344523877N00613713EA0184101853
B1341354523881N00613710EA0184001852
B1341364523886N00613706EA0183901851
B1341374523890N00613702EA0183901851
B1341384523895N00613698EA0183801850
B1341394523899N00613694EA0183701849
B1341404523903N00613690EA0183601848
B1341414523908N00613686EA0183601848
B1341424523912N00613683EA0183501847
B1341434523917N00613679EA0183301845
B1341444523922N00613676EA0183201844
B1341454523926N00613672EA0183001842
B1341464523931N00613668EA0182901841
B1341474523935N00613665EA0182801840
B1341484523940N00613661EA0182701839
B1341494523944N00613657EA0182601838
B1341504523949N00613654EA0182501837
B1341514523953N00613650EA0182301835
B1341524523958N00613646EA0182101833
B1341534523962N00613642EA0181901831
B1341544523966N00613638EA0181801830
B1341554523971N00613634EA0181701829
B1341564523975N00613630EA0181601828
B1341574523980N00613626EA0181401826
B1341584523984N00613622EA0181401826
B1341594523988N00613618EA0181301825
B1342004523993N00613614EA0181201824
B1342014523997N00613610EA0181101823
B1342024524001N00613606EA0181001822
B1342034524006N00613602EA0180801820
B1342044524010N00613598EA0180701819
B1342054524014N00613594EA0180601818
B1342064524019N00613590EA0180501817
B1342074524023N00613586EA0180401816
B1342084524028N00613582EA0180101813
B1342094524032N00613578EA0180001812
B1342104524036N00613574EA0179901811
B1342114524040N00613569EA0179701809
B1342124524044N00613565EA0179501807
B1342134524049N00613561EA0179401806
B1342144524053N00613557EA0179301805
B1342154524057N00613552EA0179201804
B1342164524061N00613548EA0179101803
B1342174524065N00613543EA0178901801
B1342184524069N00613539EA0178801800
B1342194524073N00613535EA0178701799
B1342204524077N00613530EA0178601798
B1342214524081N00613526EA0178501797
B1342224524085N00613521EA0178401796
B1342234524089N00613516EA0178301795
B1342244524093N00613512EA0178101793
B1342254524097N00613507EA0178001792
B1342264524101N00613503EA0177901791
B1342274524106N00613499EA0177801790
B1342284524110N00613494EA0177601788
B1342294524114N00613490EA0177501787
B1342304524118N00613485EA0177301785
B1342314524122N00613481EA0177201784
B1342324524126N00613477EA0177001782
B1342334524131N00613473EA0176801780
B1342344524135N00613469EA0176701779
B1342354524139N00613465EA0176601778
B1342364524144N00613461EA0176401776
B1342374524148N00613457EA0176301775
B1342384524153N00613453EA0176201774
B1342394524157N00613449EA0176101773
B1342404524161N00613445EA0175901771
B1342414524166N00613442EA0175801770
B1342424524170N00613438EA0175701769
B1342434524175N00613434EA0175601768
B1342444524180N00613431EA0175501767
B1342454524184N00613427EA0175501767
B1342464524189N00613425EA0175501767
B1342474524194N00613426EA0175701769
B1342484524199N00613429EA0175901771
B1342494524203N00613433EA0176001772
B1342504524207N00613439EA0176201774
B1342514524209N00613447EA0176401776
B1342524524210N00613454EA0176501777
B1342534524209N00613462EA0176801780
B1342544524207N00613469EA0177001782
B1342554524204N00613475EA0177201784
B1342564524200N00613480EA0177201784
B1342574524196N00613482EA0177401786
B1342584524191N00613482EA0177601788
B1342594524187N00613480EA0177701789
B1343004524183N00613477EA0177901791
B1343014524181N00613472EA0178101793
B1343024524180N00613466EA0178401796
B1343034524180N00613460EA0178701799
B1343044524182N00613455EA0178901801
B1343054524185N00613450EA0179201804
B1343064524190N00613447EA0179501807
B1343074524194N00613446EA0179601808
B1343084524199N00613446EA0179801810
B1343094524204N00613449EA0180101813
B1343104524209N00613454EA0180501817
B1343114524212N00613460EA0180601818
B1343124524214N00613467EA0180801820
B1343134524215N00613475EA0180801820
B1343144524214N00613483EA0181101823
B1343154524212N00613490EA0181301825
B1343164524209N00613496EA0181401826
B1343174524205N00613500EA0181601828
B1343184524201N00613502EA0181801830
B1343194524196N00613502EA0181801830
B1343204524192N00613501EA0182001832
B1343214524189N00613497EA0182201834
B1343224524186N00613492EA0182501837
B1343234524185N00613486EA0182601838
B1343244524186N00613480EA0182801840
B1343254524188N00613475EA0183101843
B1343264524191N00613470EA0183201844
B1343274524195N00613467EA0183401846
B1343284524200N00613466EA0183601848
B1343294524205N00613467EA0183801850
B1343304524210N00613470EA0184001852
B1343314524214N00613475EA0184101853
B1343324524218N00613481EA0184401856
B1343334524220N00613488EA0184601858
B1343344524220N00613496EA0184801860
B1343354524220N00613504EA0184901861
B1343364524218N00613511EA0185101863
B1343374524214N00613517EA0185301865
B1343384524210N00613521EA0185401866
B1343394524206N00613523EA0185601868
B1343404524201N00613523EA0185901871
B1343414524197N00613521EA0186101873
B1343424524194N00613517EA0186301875
B1343434524191N00613512EA0186301875
B1343444524191N00613506EA0186601878
B1343454524191N00613500EA0186701879
B1343464524193N00613495EA0186901881
B1343474524196N00613491EA0187001882
B1343484524201N00613488EA0187201884
B1343494524205N00613486EA0187401886
B1343504524211N00613487EA0187601888
B1343514524215N00613490EA0187701889
B1343524524220N00613495EA0187801890
B1343534524223N00613502EA0188101893
B1343544524225N00613509EA0188301895
B1343554524226N00613517EA0188401896
B1343564524225N00613525EA0188601898
B1343574524223N00613531EA0188801900
B1343584524219N00613537EA0189001902
B1343594524215N00613541EA0189301905
B1344004524211N00613543EA0189501907
B1344014524206N00613543EA0189601908
B1344024524202N00613541EA0189701909
B1344034524199N00613537EA0189901911
B1344044524197N00613532EA0190001912
B1344054524196N00613526EA0190201914
B1344064524196N00613521EA0190501917
B1344074524198N00613515EA0190601918
B1344084524202N00613511EA0190801920
B1344094524206N00613508EA0191001922
B1344104524211N00613507EA0191301925
B1344114524216N00613508EA0191401926
B1344124524221N00613511EA0191701929
B1344134524225N00613516EA0191801930
B1344144524228N00613522EA0192101933
B1344154524230N00613530EA0192201934
B1344164524231N00613538EA0192401936
B1344174524230N00613545EA0192601938
B1344184524228N00613552EA0192801940
B1344194524224N00613558EA0193001942
B1344204524220N00613562EA0193101943
B1344214524216N00613563EA0193401946
B1344224524211N00613563EA0193601948
B1344234524207N00613561EA0193701949
B1344244524204N00613557EA0193901951
B1344254524202N00613552EA0193901951
B1344264524201N00613546EA0194101953
B1344274524202N00613541EA0194401956
B1344284524204N00613535EA0194501957
B1344294524207N00613531EA0194701959
B1344304524212N00613528EA0195001962
B1344314524216N00613527EA0195201964
B1344324524222N00613528EA0195501967
B1344334524226N00613531EA0195701969
B1344344524231N00613537EA0195901971
B1344354524234N00613543EA0196101973
B1344364524236N00613550EA0196101973
B1344374524236N00613558EA0196201974
B1344384524235N00613566EA0196501977
B1344394524233N00613573EA0196601978
B1344404524229N00613578EA0196701979
B1344414524225N00613582EA0196901981
B1344424524221N00613584EA0197001982
B1344434524216N00613584EA0197301985
B1344444524212N00613581EA0197501987
B1344454524209N00613577EA0197601988
B1344464524207N00613572EA0197801990
B1344474524206N00613566EA0198001992
B1344484524207N00613561EA0198201994
B1344494524209N00613555EA0198401996
B1344504524213N00613551EA0198601998
B1344514524217N00613548EA0198701999
B1344524524222N00613548EA0198902001
B1344534524227N00613549EA0199202004
B1344544524232N00613552EA0199302005
B1344554524236N00613557EA0199602008
B1344564524239N00613564EA0199602008
B1344574524241N00613571EA0199902011
B1344584524241N00613579EA0199902011
B1344594524240N00613587EA0200202014
B1345004524238N00613594EA0200402016
B1345014524234N00613599EA0200602018
B1345024524230N00613603EA0200802020
B1345034524226N00613604EA0201002022
B1345044524221N00613604EA0201102023
B1345054524217N00613601EA0201202024
B1345064524214N00613597EA0201302025
B1345074524212N00613592EA0201402026
B1345084524211N00613586EA0201702029
B1345094524212N00613581EA0201802030
B1345104524215N00613575EA0201902031
B1345114524218N00613571EA0202202034
B1345124524223N00613569EA0202402036
B1345134524228N00613568EA0202502037
B1345144524233N00613569EA0202802040
B1345154524237N00613573EA0203002042
B1345164524241N00613578EA0203102043
B1345174524245N00613585EA0203202044
B1345184524246N00613592EA0203302045
B1345194524247N00613600EA0203502047
B1345204524245N00613608EA0203602048
B1345214524243N00613614EA0203802050
B1345224524239N00613620EA0204002052
B1345234524235N00613623EA0204102053
B1345244524231N00613625EA0204302055
B1345254524226N00613624EA0204402056
B1345264524222N00613622EA0204702059
B1345274524219N00613618EA0204802060
B1345284524217N00613612EA0205002062
B1345294524217N00613606EA0205202064
B1345304524218N00613601EA0205302065
B1345314524220N00613595EA0205502067
B1345324524224N00613591EA0205702069
B1345334524228N00613589EA0205902071
B1345344524233N00613588EA0206102073
B1345354524238N00613590EA0206302075
B1345364524243N00613593EA0206402076
B1345374524247N00613599EA0206602078
B1345384524250N00613605EA0206802080
B1345394524252N00613613EA0207002082
B1345404524252N00613621EA0207202084
B1345414524251N00613628EA0207402086
B1345424524248N00613635EA0207702089
B1345434524244N00613640EA0207802090
B1345444524240N00613644EA0208102093
B1345454524236N00613645EA0208302095
B1345464524231N00613644EA0208402096
B1345474524227N00613642EA0208602098
B1345484524224N00613638EA0208802100
B1345494524222N00613632EA0208902101
B1345504524222N00613626EA0209002102
B1345514524223N00613621EA0209202104
B1345524524225N00613615EA0209402106
B1345534524229N00613611EA0209602108
B1345544524234N00613609EA0209702109
B1345554524239N00613609EA0209902111
B1345564524244N00613610EA0210102113
B1345574524248N00613614EA0210202114
B1345584524252N00613619EA0210402116
B1345594524255N00613626EA0210502117
B1346004524257N00613634EA0210702119
B1346014524257N00613642EA0210902121
B1346024524256N00613649EA0211102123
B1346034524253N00613656EA0211202124
B1346044524249N00613661EA0211402126
B1346054524245N00613664EA0211702129
B1346064524241N00613665EA0211902131
B1346074524236N00613665EA0212202134
B1346084524232N00613662EA0212402136
B1346094524229N00613658EA0212602138
B1346104524228N00613652EA0212802140
B1346114524227N00613647EA0213002142
B1346124524228N00613641EA0213102143
B1346134524231N00613636EA0213302145
B1346144524235N00613632EA0213502147
B1346154524239N00613629EA0213602148
B1346164524244N00613629EA0213802150
B1346174524249N00613631EA0214002152
B1346184524254N00613634EA0214102153
B1346194524258N00613640EA0214302155
B1346204524261N00613647EA0214502157
B1346214524262N00613654EA0214702159
B1346224524262N00613662EA0214902161
B1346234524261N00613670EA0215302165
B1346244524258N00613676EA0215502167
B1346254524255N00613681EA0215602168
B1346264524250N00613685EA0215802170
B1346274524246N00613686EA0216102173
B1346284524241N00613685EA0216202174
B1346294524237N00613682EA0216602178
B1346304524234N00613678EA0216802180
B1346314524233N00613672EA0217002182
B1346324524233N00613667EA0217202184
B1346334524234N00613661EA0217302185
B1346344524236N00613656EA0217402186
B1346354524240N00613652EA0217602188
B1346364524245N00613650EA0217702189
B1346374524250N00613649EA0217902191
B1346384524255N00613651EA0218002192
B1346394524259N00613655EA0218202194
B1346404524263N00613661EA0218402196
B1346414524266N00613668EA0218602198
B1346424524267N00613675EA0218602198
B1346434524267N00613683EA0218802200
B1346444524266N00613691EA0219002202
B1346454524263N00613697EA0219102203
B1346464524260N00613702EA0219402206
B1346474524255N00613705EA0219602208
B1346484524251N00613706EA0219802210
B1346494524246N00613705EA0220002212
B1346504524242N00613702EA0220202214
B1346514524240N00613698EA0220502217
B1346524524238N00613692EA0220702219
B1346534524238N00613687EA0220802220
B1346544524239N00613681EA0221002222
B1346554524242N00613676EA0221302225
B1346564524246N00613672EA0221402226
B1346574524250N00613670EA0221602228
B1346584524255N00613670EA0221802230
B1346594524260N00613672EA0222002232
B1347004524265N00613676EA0222202234
B1347014524269N00613681EA0222402236
B1347024524271N00613688EA0222602238
B1347034524273N00613696EA0222702239
B1347044524273N00613704EA0222802240
B1347054524271N00613711EA0222902241
B1347064524268N00613718EA0223102243
B1347074524265N00613722EA0223202244
B1347084524260N00613725EA0223402246
B1347094524256N00613726EA0223702249
B1347104524251N00613725EA0223902251
B1347114524247N00613722EA0224002252
B1347124524245N00613718EA0224102253
B1347134524243N00613712EA0224202254
B1347144524243N00613707EA0224502257
B1347154524244N00613701EA0224602258
B1347164524247N00613696EA0224902261
B1347174524251N00613692EA0225102263
B1347184524256N00613690EA0225202264
B1347194524261N00613690EA0225402266
B1347204524266N00613692EA0225602268
B1347214524270N00613696EA0225702269
B1347224524274N00613702EA0225902271
B1347234524277N00613709EA0226202274
B1347244524278N00613717EA0226502277
B1347254524279N00613725EA0226402276
B1347264524281N00613734EA0226202274
B1347274524282N00613742EA0226102273
B1347284524284N00613751EA0225902271
B1347294524285N00613759EA0225802270
B1347304524287N00613768EA0225702269
B1347314524288N00613776EA0225602268
B1347324524289N00613785EA0225502267
B1347334524290N00613793EA0225302265
B1347344524292N00613802EA0225302265
B1347354524293N00613810EA0225102263
B1347364524295N00613818EA0225002262
B1347374524296N00613827EA0225002262
B1347384524297N00613835EA0224902261
B1347394524299N00613844EA0224802260
B1347404524300N00613852EA0224602258
B1347414524302N00613861EA0224502257
B1347424524303N00613869EA0224402256
B1347434524304N00613878EA0224302255
B1347444524305N00613886EA0224202254
B1347454524307N00613895EA0224002252
B1347464524308N00613903EA0223902251
B1347474524309N00613912EA0223802250
B1347484524310N00613920EA0223702249
B1347494524312N00613929EA0223602248
B1347504524313N00613937EA0223502247
B1347514524314N00613946EA0223402246
B1347524524316N00613954EA0223402246
B1347534524317N00613963EA0223202244
B1347544524318N00613971EA0223102243
B1347554524320N00613980EA0223002242
B1347564524321N00613988EA0222902241
B1347574524322N00613997EA0222702239
B1347584524324N00614005EA0222702239
B1347594524325N00614014EA0222602238
B1348004524326N00614022EA0222502237
B1348014524328N00614031EA0222302235
B1348024524329N00614039EA0222202234
B1348034524330N00614048EA0222002232
B1348044524331N00614056EA0222002232
B1348054524332N00614065EA0221902231
B1348064524333N00614074EA0221802230
B1348074524335N00614082EA0221702229
B1348084524336N00614091EA0221602228
B1348094524337N00614099EA0221502227
B1348104524338N00614108EA0221402226
B1348114524339N00614116EA0221202224
B1348124524340N00614125EA0221102223
B1348134524341N00614133EA0221002222
B1348144524342N00614142EA0220902221
B1348154524343N00614150EA0220802220
B1348164524344N00614159EA0220702219
B1348174524346N00614168EA0220702219
B1348184524347N00614176EA0220602218
B1348194524348N00614185EA0220402216
B1348204524349N00614193EA0220302215
B1348214524351N00614202EA0220202214
B1348224524352N00614210EA0220102213
B1348234524354N00614218EA0220102213
B1348244524355N00614227EA0220002212
B1348254524356N00614235EA0219902211
B1348264524358N00614244EA0219802210
B1348274524359N00614252EA0219702209
B1348284524361N00614261EA0219602208
B1348294524362N00614269EA0219502207
B1348304524364N00614278EA0219402206
B1348314524366N00614286EA0219302205
B1348324524367N00614294EA0219202204
B1348334524369N00614303EA0219102203
B1348344524371N00614311EA0219102203
B1348354524372N00614319EA0219002202
B1348364524374N00614328EA0219002202
B1348374524375N00614336EA0218802200
B1348384524377N00614345EA0218802200
B1348394524378N00614353EA0218702199
B1348404524380N00614362EA0218502197
B1348414524381N00614370EA0218402196
B1348424524383N00614378EA0218302195
B1348434524385N00614387EA0218202194
B1348444524386N00614395EA0218102193
B1348454524388N00614403EA0218002192
B1348464524390N00614412EA0217802190
B1348474524392N00614420EA0217702189
B1348484524393N00614429EA0217502187
B1348494524395N00614437EA0217402186
B1348504524396N00614446EA0217302185
B1348514524397N00614454EA0217202184
B1348524524399N00614463EA0217102183
B1348534524400N00614471EA0217002182
B1348544524402N00614479EA0216902181
B1348554524403N00614488EA0216802180
B1348564524405N00614496EA0216702179
B1348574524406N00614505EA0216602178
B1348584524408N00614513EA0216502177
B1348594524410N00614521EA0216402176
B1349004524411N00614530EA0216302175
B1349014524413N00614538EA0216202174
B1349024524414N00614547EA0216102173
B1349034524416N00614555EA0216002172
B1349044524418N00614563EA0215802170
B1349054524419N00614572EA0215802170
B1349064524421N00614580EA0215702169
B1349074524423N00614589EA0215602168
B1349084524424N00614597EA0215502167
B1349094524425N00614606EA0215402166
B1349104524427N00614614EA0215202164
B1349114524428N00614622EA0215102163
B1349124524430N00614631EA0215002162
B1349134524431N00614639EA0214802160
B1349144524433N00614648EA0214702159
B1349154524434N00614656EA0214602158
B1349164524436N00614665EA0214502157
B1349174524437N00614673EA0214502157
B1349184524439N00614681EA0214302155
B1349194524441N00614690EA0214202154
B1349204524442N00614698EA0214102153
B1349214524444N00614707EA0214002152
B1349224524446N00614715EA0213802150
B1349234524448N00614723EA0213702149
B1349244524449N00614732EA0213702149
B1349254524451N00614740EA0213502147
B1349264524452N00614748EA0213402146
B1349274524453N00614757EA0213302145
B1349284524455N00614766EA0213202144
B1349294524456N00614774EA0213102143
B1349304524458N00614782EA0213002142
B1349314524459N00614791EA0212902141
B1349324524461N00614799EA0212702139
B1349334524463N00614807EA0212602138
B1349344524465N00614816EA0212502137
B1349354524466N00614824EA0212402136
B1349364524468N00614832EA0212302135
B1349374524470N00614841EA0212202134
B1349384524471N00614849EA0212102133
B1349394524473N00614858EA0212002132
B1349404524475N00614866EA0212002132
B1349414524476N00614874EA0211902131
B1349424524478N00614883EA0211802130
B1349434524480N00614891EA0211702129
B1349444524481N00614900EA0211502127
B1349454524482N00614908EA0211402126
B1349464524484N00614917EA0211302125
B1349474524485N00614925EA0211202124
B1349484524487N00614934EA0211202124
B1349494524488N00614942EA0211002122
B1349504524489N00614950EA0210902121
B1349514524491N00614959EA0210702119
B1349524524492N00614967EA0210602118
B1349534524493N00614976EA0210502117
B1349544524495N00614984EA0210402116
B1349554524494N00614992EA0210502117
B1349564524493N00615000EA0210702119
B1349574524490N00615006EA0210902121
B1349584524486N00615011EA0211102123
B1349594524482N00615013EA0211102123
B1350004524477N00615014EA0211302125
B1350014524473N00615013EA0211402126
B1350024524469N00615010EA0211402126
B1350034524466N00615005EA0211602128
B1350044524465N00615000EA0211802130
B1350054524465N00614994EA0211902131
B1350064524466N00614988EA0211902131
B1350074524469N00614983EA0212002132
B1350084524473N00614980EA0212302135
B1350094524478N00614978EA0212602138
B1350104524483N00614978EA0212802140
B1350114524488N00614980EA0212902141
B1350124524493N00614985EA0213002142
B1350134524496N00614990EA0213102143
B1350144524499N00614998EA0213202144
B1350154524500N00615005EA0213202144
B1350164524500N00615013EA0213302145
B1350174524498N00615020EA0213302145
B1350184524495N00615027EA0213502147
B1350194524491N00615031EA0213702149
B1350204524487N00615034EA0213902151
B1350214524482N00615034EA0213902151
B1350224524478N00615033EA0214002152
B1350234524474N00615030EA0214102153
B1350244524471N00615025EA0214302155
B1350254524470N00615020EA0214502157
B1350264524470N00615014EA0214802160
B1350274524472N00615008EA0215002162
B1350284524475N00615003EA0215002162
B1350294524479N00615000EA0215002162
B1350304524483N00614998EA0215002162
B1350314524489N00614998EA0215202164
B1350324524494N00615001EA0215302165
B1350334524498N00615005EA0215402166
B1350344524502N00615011EA0215502167
B1350354524504N00615018EA0215502167
B1350364524505N00615026EA0215502167
B1350374524505N00615034EA0215602168
B1350384524503N00615041EA0215602168
B1350394524500N00615047EA0215802170
B1350404524496N00615052EA0215902171
B1350414524492N00615054EA0216102173
B1350424524487N00615055EA0216302175
B1350434524483N00615053EA0216302175
B1350444524479N00615050EA0216402176
B1350454524477N00615045EA0216502177
B1350464524475N00615040EA0216702179
B1350474524476N00615034EA0216802180
B1350484524477N00615028EA0217002182
B1350494524480N00615023EA0217102183
B1350504524484N00615020EA0217202184
B1350514524489N00615018EA0217302185
B1350524524494N00615019EA0217402186
B1350534524499N00615021EA0217502187
B1350544524504N00615026EA0217702189
B1350554524507N00615032EA0217802190
B1350564524509N00615039EA0217902191
B1350574524510N00615047EA0218102193
B1350584524510N00615055EA0218302195
B1350594524508N00615062EA0218402196
B1351004524505N00615068EA0218602198
B1351014524501N00615072EA0218702199
B1351024524496N00615075EA0218802200
B1351034524492N00615075EA0218902201
B1351044524488N00615074EA0219002202
B1351054524484N00615070EA0219002202
B1351064524482N00615065EA0219102203
B1351074524481N00615060EA0219302205
B1351084524481N00615054EA0219302205
B1351094524483N00615048EA0219502207
B1351104524486N00615043EA0219502207
B1351114524490N00615040EA0219702209
B1351124524495N00615039EA0219802210
B1351134524500N00615039EA0220102213
B1351144524505N00615042EA0220202214
B1351154524509N00615046EA0220202214
B1351164524512N00615053EA0220402216
B1351174524515N00615060EA0220402216
B1351184524516N00615068EA0220502217
B1351194524515N00615075EA0220602218
B1351204524513N00615083EA0220702219
B1351214524510N00615088EA0220902221
B1351224524506N00615093EA0221102223
B1351234524501N00615095EA0221302225
B1351244524497N00615095EA0221602228
B1351254524493N00615094EA0221802230
B1351264524489N00615090EA0221802230
B1351274524487N00615085EA0221902231
B1351284524486N00615080EA0222002232
B1351294524486N00615074EA0222102233
B1351304524488N00615068EA0222202234
B1351314524491N00615064EA0222402236
B1351324524495N00615060EA0222502237
B1351334524500N00615059EA0222502237
B1351344524505N00615060EA0222502237
B1351354524510N00615062EA0222702239
B1351364524514N00615067EA0222802240
B1351374524518N00615073EA0223002242
B1351384524520N00615081EA0223102243
B1351394524521N00615088EA0223302245
B1351404524520N00615096EA0223402246
B1351414524518N00615103EA0223402246
B1351424524515N00615109EA0223502247
B1351434524511N00615113EA0223702249
B1351444524506N00615116EA0223802250
B1351454524502N00615116EA0224002252
B1351464524498N00615114EA0224102253
B1351474524494N00615110EA0224302255
B1351484524492N00615105EA0224302255
B1351494524491N00615100EA0224402256
B1351504524491N00615094EA0224502257
B1351514524493N00615088EA0224502257
B1351524524497N00615084EA0224602258
B1351534524501N00615081EA0224802260
B1351544524506N00615079EA0224902261
B1351554524511N00615080EA0225102263
B1351564524516N00615083EA0225202264
B1351574524520N00615088EA0225402266
B1351584524523N00615094EA0225502267
B1351594524525N00615101EA0225602268
B1352004524526N00615109EA0225602268
B1352014524525N00615117EA0225702269
B1352024524523N00615124EA0225902271
B1352034524520N00615130EA0226102273
B1352044524516N00615134EA0226102273
B1352054524511N00615136EA0226202274
B1352064524507N00615136EA0226402276
B1352074524503N00615134EA0226502277
B1352084524499N00615130EA0226602278
B1352094524497N00615125EA0226602278
B1352104524496N00615120EA0226702279
B1352114524497N00615114EA0226802280
B1352124524499N00615108EA0226902281
B1352134524502N00615104EA0227002282
B1352144524506N00615101EA0227102283
B1352154524511N00615100EA0227202284
B1352164524516N00615101EA0227402286
B1352174524521N00615104EA0227502287
B1352184524525N00615108EA0227602288
B1352194524529N00615115EA0227702289
B1352204524531N00615122EA0227902291
B1352214524531N00615130EA0228202294
B1352224524531N00615138EA0228402296
B1352234524528N00615145EA0228502297
B1352244524525N00615150EA0228702299
B1352254524521N00615154EA0228702299
B1352264524516N00615156EA0229002302
B1352274524512N00615156EA0229102303
B1352284524508N00615154EA0229202304
B1352294524504N00615151EA0229302305
B1352304524502N00615146EA0229302305
B1352314524501N00615140EA0229502307
B1352324524502N00615134EA0229602308
B1352334524504N00615128EA0229602308
B1352344524507N00615124EA0229702309
B1352354524512N00615121EA0229802310
B1352364524517N00615120EA0230002312
B1352374524522N00615121EA0230202314
B1352384524527N00615124EA0230402316
B1352394524531N00615129EA0230602318
B1352404524534N00615136EA0230802320
B1352414524536N00615143EA0230802320
B1352424524537N00615151EA0230802320
B1352434524536N00615159EA0231102323
B1352444524533N00615165EA0231102323
B1352454524530N00615171EA0231302325
B1352464524526N00615175EA0231402326
B1352474524521N00615177EA0231602328
B1352484524517N00615177EA0231802330
B1352494524513N00615174EA0232002332
B1352504524510N00615171EA0232102333
B1352514524507N00615166EA0232402336
B1352524524507N00615160EA0232602338
B1352534524507N00615154EA0232802340
B1352544524510N00615148EA0233002342
B1352554524513N00615144EA0233202344
B1352564524517N00615141EA0233402346
B1352574524522N00615140EA0233502347
B1352584524527N00615142EA0233602348
B1352594524532N00615145EA0233802350
B1353004524536N00615150EA0233902351
B1353014524539N00615156EA0234002352
B1353024524541N00615164EA0234202354
B1353034524542N00615172EA0234402356
B1353044524541N00615179EA0234502357
B1353054524539N00615186EA0234402356
B1353064524535N00615192EA0234502357
B1353074524531N00615195EA0234602358
B1353084524526N00615197EA0234602358
B1353094524522N00615197EA0234702359
B1353104524518N00615195EA0235002362
B1353114524515N00615191EA0235002362
B1353124524513N00615186EA0235102363
B1353134524512N00615180EA0235202364
B1353144524513N00615174EA0235402366
B1353154524515N00615169EA0235502367
B1353164524518N00615164EA0235702369
B1353174524523N00615162EA0235802370
B1353184524528N00615161EA0236002372
B1353194524533N00615162EA0236102373
B1353204524538N00615165EA0236302375
B1353214524542N00615170EA0236502377
B1353224524545N00615177EA0236502377
B1353234524547N00615185EA0236702379
B1353244524547N00615192EA0236902381
B1353254524546N00615200EA0237102383
B1353264524544N00615207EA0237102383
B1353274524540N00615212EA0237302385
B1353284524536N00615216EA0237402386
B1353294524531N00615218EA0237602388
B1353304524527N00615217EA0237802390
B1353314524523N00615215EA0237902391
B1353324524520N00615211EA0238102393
B1353334524518N00615206EA0238302395
B1353344524517N00615200EA0238402396
B1353354524518N00615194EA0238502397
B1353364524520N00615189EA0238602398
B1353374524524N00615184EA0238602398
B1353384524528N00615182EA0238702399
B1353394524533N00615181EA0238802400
B1353404524538N00615183EA0239002402
B1353414524543N00615186EA0239102403
B1353424524547N00615191EA0239202404
B1353434524550N00615198EA0239402406
B1353444524552N00615205EA0239402406
B1353454524552N00615213EA0239602408
B1353464524551N00615221EA0239802410
B1353474524549N00615227EA0239902411
B1353484524545N00615233EA0240102413
B1353494524541N00615236EA0240202414
B1353504524536N00615238EA0240302415
B1353514524532N00615237EA0240402416
B1353524524528N00615235EA0240502417
B1353534524525N00615231EA0240602418
B1353544524523N00615226EA0240802420
B1353554524522N00615220EA0240902421
B1353564524523N00615214EA0241102423
B1353574524526N00615209EA0241302425
B1353584524529N00615205EA0241402426
B1353594524534N00615202EA0241402426
B1354004524539N00615202EA0241502427
B1354014524544N00615203EA0241602428
B1354024524549N00615207EA0241702429
B1354034524553N00615212EA0241802430
B1354044524556N00615219EA0241902431
B1354054524557N00615226EA0242002432
B1354064524558N00615234EA0242202434
B1354074524556N00615242EA0242202434
B1354084524554N00615248EA0242302435
B1354094524551N00615256EA0242202434
B1354104524548N00615263EA0242202434
B1354114524546N00615270EA0242102433
B1354124524543N00615278EA0242102433
B1354134524540N00615285EA0242002432
B1354144524538N00615293EA0241802430
B1354154524535N00615300EA0241702429
B1354164524532N00615307EA0241602428
B1354174524529N00615314EA0241402426
B1354184524526N00615322EA0241302425
B1354194524524N00615329EA0241202424
B1354204524521N00615336EA0241102423
B1354214524518N00615344EA0241002422
B1354224524515N00615351EA0240902421
B1354234524512N00615358EA0240802420
B1354244524510N00615366EA0240702419
B1354254524507N00615373EA0240702419
B1354264524504N00615380EA0240602418
B1354274524501N00615387EA0240602418
B1354284524498N00615395EA0240402416
B1354294524496N00615402EA0240302415
B1354304524493N00615409EA0240202414
B1354314524490N00615416EA0240102413
B1354324524487N00615424EA0240002412
B1354334524484N00615431EA0239902411
B1354344524482N00615439EA0239802410
B1354354524480N00615446EA0239702409
B1354364524477N00615454EA0239602408
B1354374524475N00615462EA0239502407
B1354384524472N00615469EA0239402406
B1354394524469N00615477EA0239202404
B1354404524467N00615484EA0239102403
B1354414524464N00615492EA0238902401
B1354424524462N00615499EA0238802400
B1354434524459N00615507EA0238702399
B1354444524457N00615514EA0238602398
B1354454524454N00615522EA0238502397
B1354464524452N00615530EA0238402396
B1354474524450N00615538EA0238202394
B1354484524448N00615546EA0238102393
B1354494524446N00615554EA0237902391
B1354504524444N00615561EA0237802390
B1354514524442N00615569EA0237702389
B1354524524439N00615577EA0237602388
B1354534524437N00615585EA0237602388
B1354544524435N00615593EA0237402386
B1354554524433N00615601EA0237302385
B1354564524431N00615608EA0237102383
B1354574524429N00615616EA0237102383
B1354584524427N00615624EA0237002382
B1354594524425N00615632EA0236902381
B1355004524423N00615640EA0236802380
B1355014524420N00615648EA0236802380
B1355024524418N00615655EA0236602378
B1355034524415N00615663EA0236502377
B1355044524413N00615671EA0236402376
B1355054524410N00615678EA0236302375
B1355064524408N00615686EA0236102373
B1355074524405N00615693EA0236002372
B1355084524402N00615700EA0235902371
B1355094524400N00615708EA0235802370
B1355104524397N00615715EA0235802370
B1355114524394N00615723EA0235602368
B1355124524392N00615730EA0235602368
B1355134524389N00615738EA0235502367
B1355144524386N00615745EA0235502367
B1355154524384N00615752EA0235302365
B1355164524381N00615760EA0235302365
B1355174524378N00615767EA0235202364
B1355184524375N00615774EA0235002362
B1355194524373N00615782EA0235002362
B1355204524370N00615789EA0234802360
B1355214524367N00615797EA0234702359
B1355224524364N00615804EA0234602358
B1355234524362N00615811EA0234502357
B1355244524359N00615818EA0234402356
B1355254524356N00615826EA0234302355
B1355264524353N00615833EA0234202354
B1355274524350N00615840EA0234102353
B1355284524348N00615848EA0233902351
B1355294524345N00615855EA0233902351
B1355304524343N00615863EA0233802350
B1355314524340N00615870EA0233702349
B1355324524338N00615878EA0233602348
B1355334524335N00615885EA0233502347
B1355344524333N00615893EA0233402346
B1355354524331N00615901EA0233302345
B1355364524328N00615909EA0233102343
B1355374524326N00615916EA0233002342
B1355384524324N00615924EA0232902341
B1355394524321N00615932EA0232702339
B1355404524319N00615940EA0232702339
B1355414524317N00615947EA0232602338
B1355424524314N00615955EA0232402336
B1355434524312N00615963EA0232202334
B1355444524310N00615970EA0232102333
B1355454524307N00615978EA0232002332
B1355464524305N00615986EA0231802330
B1355474524303N00615994EA0231702329
B1355484524301N00616002EA0231602328
B1355494524299N00616009EA0231502327
B1355504524296N00616017EA0231402326
B1355514524294N00616025EA0231302325
B1355524524292N00616033EA0231102323
B1355534524290N00616041EA0231002322
B1355544524288N00616049EA0230902321
B1355554524286N00616056EA0230902321
B1355564524283N00616064EA0230802320
B1355574524281N00616072EA0230702319
B1355584524278N00616079EA0230602318
B1355594524276N00616087EA0230502317
B1356004524273N00616094EA0230402316
B1356014524271N00616102EA0230302315
B1356024524268N00616110EA0230202314
B1356034524266N00616117EA0230202314
B1356044524263N00616124EA0230002312
B1356054524260N00616132EA0229902311
B1356064524258N00616139EA0229802310
B1356074524255N00616147EA0229702309
B1356084524253N00616154EA0229602308
B1356094524250N00616162EA0229502307
B1356104524247N00616169EA0229302305
B1356114524245N00616177EA0229202304
B1356124524243N00616185EA0229102303
B1356134524240N00616192EA0229002302
B1356144524238N00616200EA0228902301
B1356154524236N00616208EA0228902301
B1356164524234N00616216EA0228802300
B1356174524232N00616224EA0228602298
B1356184524230N00616232EA0228602298
B1356194524229N00616240EA0228502297
B1356204524227N00616248EA0228402296
B1356214524225N00616256EA0228302295
B1356224524223N00616264EA0228202294
B1356234524221N00616272EA0228102293
B1356244524219N00616280EA0228102293
B1356254524218N00616289EA0228002292
B1356264524216N00616297EA0227902291
B1356274524214N00616305EA0227802290
B1356284524212N00616313EA0227702289
B1356294524211N00616321EA0227602288
B1356304524209N00616329EA0227402286
B1356314524207N00616337EA0227302285
B1356324524205N00616345EA0227102283
B1356334524203N00616353EA0227002282
B1356344524202N00616361EA0227002282
B1356354524200N00616370EA0226802280
B1356364524198N00616378EA0226702279
B1356374524197N00616386EA0226602278
B1356384524195N00616394EA0226502277
B1356394524193N00616402EA0226502277
B1356404524191N00616410EA0226302275
B1356414524189N00616418EA0226302275
B1356424524187N00616426EA0226102273
B1356434524185N00616434EA0226002272
B1356444524184N00616442EA0226002272
B1356454524182N00616450EA0225802270
B1356464524180N00616458EA0225702269
B1356474524178N00616466EA0225702269
B1356484524176N00616474EA0225602268
B1356494524174N00616482EA0225502267
B1356504524172N00616490EA0225402266
B1356514524170N00616498EA0225302265
B1356524524168N00616506EA0225102263
B1356534524166N00616514EA0225002262
B1356544524164N00616522EA0224902261
B1356554524162N00616530EA0224802260
B1356564524160N00616538EA0224702259
B1356574524158N00616545EA0224602258
B1356584524156N00616553EA0224502257
B1356594524154N00616561EA0224402256
B1357004524152N00616569EA0224302255
B1357014524150N00616578EA0224202254
B1357024524149N00616586EA0224102253
B1357034524147N00616594EA0224102253
B1357044524145N00616602EA0223902251
B1357054524143N00616610EA0223802250
B1357064524141N00616618EA0223702249
B1357074524140N00616626EA0223602248
B1357084524138N00616634EA0223402246
B1357094524136N00616642EA0223202244
B1357104524135N00616651EA0223202244
B1357114524134N00616659EA0223002242
B1357124524132N00616667EA0223002242
B1357134524131N00616676EA0222802240
B1357144524130N00616684EA0222702239
B1357154524129N00616692EA0222602238
B1357164524128N00616701EA0222402236
B1357174524127N00616709EA0222302235
B1357184524126N00616718EA0222302235
B1357194524125N00616726EA0222202234
B1357204524124N00616735EA0222102233
B1357214524123N00616743EA0222002232
B1357224524121N00616751EA0221902231
B1357234524120N00616760EA0221902231
B1357244524119N00616768EA0221802230
B1357254524117N00616776EA0221702229
B1357264524116N00616784EA0221602228
B1357274524115N00616793EA0221502227
B1357284524113N00616801EA0221302225
B1357294524112N00616809EA0221302225
B1357304524111N00616818EA0221202224
B1357314524110N00616826EA0221102223
B1357324524109N00616835EA0220902221
B1357334524108N00616843EA0220802220
B1357344524107N00616852EA0220802220
B1357354524106N00616860EA0220602218
B1357364524105N00616869EA0220402216
B1357374524104N00616877EA0220302215
B1357384524103N00616885EA0220202214
B1357394524101N00616892EA0220402216
B1357404524097N00616898EA0220502217
B1357414524093N00616901EA0220602218
B1357424524089N00616903EA0220702219
B1357434524084N00616903EA0220902221
B1357444524080N00616901EA0221102223
B1357454524077N00616897EA0221102223
B1357464524075N00616891EA0221302225
B1357474524074N00616886EA0221502227
B1357484524075N00616880EA0221502227
B1357494524077N00616874EA0221602228
B1357504524081N00616870EA0221702229
B1357514524085N00616868EA0221802230
B1357524524090N00616867EA0221902231
B1357534524095N00616868EA0222002232
B1357544524100N00616871EA0222202234
B1357554524104N00616877EA0222302235
B1357564524107N00616883EA0222502237
B1357574524109N00616891EA0222602238
B1357584524109N00616899EA0222802240
B1357594524108N00616906EA0222902241
B1358004524106N00616913EA0223102243
B1358014524102N00616918EA0223302245
B1358024524098N00616922EA0223402246
B1358034524094N00616924EA0223502247
B1358044524089N00616923EA0223702249
B1358054524085N00616921EA0223802250
B1358064524082N00616917EA0224002252
B1358074524080N00616912EA0224102253
B1358084524080N00616906EA0224202254
B1358094524080N00616900EA0224302255
B1358104524083N00616894EA0224302255
B1358114524086N00616890EA0224602258
B1358124524091N00616888EA0224802260
B1358134524096N00616887EA0224902261
B1358144524101N00616889EA0225102263
B1358154524106N00616892EA0225402266
B1358164524110N00616897EA0225402266
B1358174524113N00616904EA0225602268
B1358184524114N00616911EA0225602268
B1358194524115N00616919EA0225702269
B1358204524113N00616927EA0225802270
B1358214524111N00616934EA0226002272
B1358224524107N00616939EA0226102273
B1358234524103N00616942EA0226202274
B1358244524099N00616944EA0226402276
B1358254524094N00616943EA0226502277
B1358264524090N00616941EA0226502277
B1358274524087N00616937EA0226702279
B1358284524085N00616932EA0226802280
B1358294524085N00616926EA0226902281
B1358304524086N00616920EA0227002282
B1358314524088N00616915EA0227202284
B1358324524092N00616911EA0227302285
B1358334524096N00616908EA0227402286
B1358344524101N00616908EA0227402286
B1358354524106N00616909EA0227402286
B1358364524111N00616913EA0227602288
B1358374524115N00616918EA0227602288
B1358384524118N00616925EA0227702289
B1358394524120N00616932EA0227902291
B1358404524120N00616940EA0228002292
B1358414524119N00616948EA0228102293
B1358424524116N00616954EA0228202294
B1358434524112N00616959EA0228302295
B1358444524108N00616963EA0228402296
B1358454524104N00616964EA0228602298
B1358464524099N00616964EA0228602298
B1358474524095N00616961EA0228702299
B1358484524092N00616957EA0228702299
B1358494524090N00616952EA0228802300
B1358504524090N00616946EA0228802300
B1358514524091N00616940EA0229002302
B1358524524094N00616935EA0229102303
B1358534524097N00616931EA0229302305
B1358544524102N00616928EA0229502307
B1358554524107N00616928EA0229602308
B1358564524112N00616930EA0229802310
B1358574524117N00616933EA0229902311
B1358584524120N00616939EA0230002312
B1358594524123N00616945EA0230202314
B1359004524125N00616953EA0230202314
B1359014524125N00616961EA0230302315
B1359024524124N00616968EA0230502317
B1359034524121N00616975EA0230502317
B1359044524117N00616980EA0230602318
B1359054524113N00616983EA0230702319
B1359064524109N00616985EA0230702319
B1359074524104N00616984EA0231002322
B1359084524100N00616981EA0231102323
B1359094524097N00616977EA0231102323
B1359104524096N00616972EA0231302325
B1359114524095N00616966EA0231302325
B1359124524096N00616960EA0231502327
B1359134524099N00616955EA0231602328
B1359144524103N00616951EA0231902331
B1359154524107N00616949EA0232002332
B1359164524112N00616948EA0232102333
B1359174524117N00616950EA0232202334
B1359184524122N00616954EA0232202334
B1359194524126N00616959EA0232402336
B1359204524129N00616966EA0232502337
B1359214524130N00616974EA0232702339
B1359224524130N00616982EA0232902341
B1359234524129N00616989EA0232902341
B1359244524126N00616996EA0233002342
B1359254524123N00617001EA0233102343
B1359264524118N00617004EA0233202344
B1359274524114N00617005EA0233202344
B1359284524109N00617004EA0233402346
B1359294524105N00617001EA0233502347
B1359304524102N00616997EA0233602348
B1359314524101N00616992EA0233802350
B1359324524101N00616986EA0234002352
B1359334524102N00616980EA0234002352
B1359344524104N00616975EA0234102353
B1359354524108N00616971EA0234302355
B1359364524113N00616969EA0234502357
B1359374524118N00616969EA0234602358
B1359384524123N00616971EA0234702359
B1359394524127N00616974EA0234902361
B1359404524131N00616980EA0235102363
B1359414524134N00616987EA0235302365
B1359424524135N00616995EA0235402366
B1359434524135N00617002EA0235602368
B1359444524134N00617010EA0235802370
B1359454524131N00617016EA0236002372
B1359464524128N00617021EA0236102373
B1359474524123N00617024EA0236302375
B1359484524119N00617025EA0236402376
B1359494524114N00617024EA0236502377
B1359504524110N00617021EA0236702379
B1359514524108N00617017EA0236902381
B1359524524106N00617012EA0237002382
B1359534524106N00617006EA0237102383
B1359544524107N00617000EA0237302385
B1359554524110N00616995EA0237402386
B1359564524114N00616991EA0237602388
B1359574524118N00616989EA0237902391
B1359584524123N00616989EA0237902391
B1359594524128N00616991EA0238102393
B1400004524133N00616995EA0238202394
B1400014524137N00617001EA0238302395
B1400024524139N00617008EA0238402396
B1400034524141N00617015EA0238502397
B1400044524141N00617023EA0238602398
B1400054524139N00617031EA0238702399
B1400064524136N00617037EA0238702399
B1400074524133N00617042EA0238802400
B1400084524128N00617045EA0238902401
B1400094524124N00617046EA0239102403
B1400104524119N00617045EA0239202404
B1400114524115N00617042EA0239302405
B1400124524113N00617037EA0239402406
B1400134524111N00617032EA0239502407
B1400144524111N00617026EA0239602408
B1400154524113N00617020EA0239802410
B1400164524115N00617015EA0240002412
B1400174524119N00617011EA0240102413
B1400184524124N00617009EA0240202414
B1400194524129N00617009EA0240302415
B1400204524134N00617012EA0240602418
B1400214524138N00617016EA0240802420
B1400224524142N00617021EA0241002422
B1400234524145N00617028EA0241002422
B1400244524146N00617036EA0241102423
B1400254524146N00617044EA0241202424
B1400264524144N00617051EA0241302425
B1400274524141N00617058EA0241402426
B1400284524138N00617062EA0241602428
B1400294524133N00617065EA0241702429
B1400304524129N00617066EA0241902431
B1400314524124N00617065EA0242002432
B1400324524121N00617062EA0242202434
B1400334524118N00617057EA0242402436
B1400344524116N00617052EA0242502437
B1400354524116N00617046EA0242702439
B1400364524118N00617040EA0242702439
B1400374524121N00617035EA0242902441
B1400384524125N00617032EA0243002442
B1400394524129N00617030EA0243102443
B1400404524134N00617030EA0243202444
B1400414524139N00617032EA0243302445
B1400424524144N00617036EA0243402446
B1400434524148N00617042EA0243602448
B1400444524150N00617049EA0243502447
B1400454524151N00617057EA0243702449
B1400464524151N00617065EA0243902451
B1400474524149N00617072EA0244002452
B1400484524146N00617078EA0244302455
B1400494524143N00617083EA0244302455
B1400504524138N00617086EA0244402456
B1400514524134N00617086EA0244702459
B1400524524129N00617085EA0244702459
B1400534524126N00617082EA0244802460
B1400544524123N00617077EA0244902461
B1400554524122N00617072EA0245002462
B1400564524122N00617066EA0245102463
B1400574524123N00617060EA0245202464
B1400584524126N00617055EA0245302465
B1400594524129N00617050EA0245202464
B1401004524133N00617044EA0245002462
B1401014524136N00617039EA0244902461
B1401024524139N00617034EA0244802460
B1401034524142N00617028EA0244802460
B1401044524146N00617023EA0244602458
B1401054524149N00617018EA0244502457
B1401064524152N00617012EA0244302455
B1401074524156N00617007EA0244202454
B1401084524159N00617002EA0244102453
B1401094524163N00616996EA0243902451
B1401104524166N00616991EA0243902451
B1401114524169N00616986EA0243802450
B1401124524173N00616981EA0243702449
B1401134524176N00616975EA0243602448
B1401144524179N00616970EA0243502447
B1401154524183N00616965EA0243402446
B1401164524186N00616959EA0243302445
B1401174524190N00616954EA0243202444
B1401184524193N00616949EA0243102443
B1401194524197N00616944EA0243002442
B1401204524200N00616938EA0242802440
B1401214524203N00616933EA0242802440
B1401224524207N00616928EA0242702439
B1401234524210N00616923EA0242602438
B1401244524213N00616918EA0242502437
B1401254524217N00616912EA0242502437
B1401264524220N00616907EA0242402436
B1401274524224N00616902EA0242202434
B1401284524227N00616896EA0242102433
B1401294524230N00616891EA0242002432
B1401304524233N00616886EA0241902431
B1401314524237N00616880EA0241702429
B1401324524240N00616875EA0241602428
B1401334524243N00616869EA0241402426
B1401344524247N00616864EA0241402426
B1401354524250N00616859EA0241202424
B1401364524253N00616853EA0241102423
B1401374524256N00616848EA0241102423
B1401384524260N00616842EA0241002422
B1401394524263N00616837EA0240802420
B1401404524266N00616832EA0240702419
B1401414524269N00616826EA0240602418
B1401424524273N00616821EA0240502417
B1401434524277N00616816EA0240502417
B1401444524280N00616811EA0240302415
B1401454524284N00616806EA0240202414
B1401464524287N00616801EA0240102413
B1401474524291N00616796EA0240002412
B1401484524294N00616791EA0239902411
B1401494524298N00616786EA0239902411
B1401504524301N00616780EA0239802410
B1401514524305N00616775EA0239702409
B1401524524308N00616770EA0239602408
B1401534524312N00616765EA0239502407
B1401544524316N00616760EA0239402406
B1401554524319N00616755EA0239202404
B1401564524323N00616750EA0239102403
B1401574524326N00616745EA0239102403
B1401584524330N00616740EA0239002402
B1401594524333N00616734EA0238802400
B1402004524336N00616729EA0238702399
B1402014524340N00616724EA0238602398
B1402024524344N00616719EA0238502397
B1402034524347N00616714EA0238402396
B1402044524351N00616709EA0238302395
B1402054524354N00616703EA0238102393
B1402064524358N00616698EA0238002392
B1402074524361N00616693EA0237902391
B1402084524364N00616688EA0237802390
B1402094524367N00616682EA0237602388
B1402104524371N00616677EA0237502387
B1402114524374N00616671EA0237402386
B1402124524377N00616666EA0237202384
B1402134524381N00616661EA0237002382
B1402144524384N00616655EA0236902381
B1402154524387N00616650EA0236802380
B1402164524390N00616644EA0236602378
B1402174524393N00616639EA0236502377
B1402184524396N00616633EA0236402376
B1402194524399N00616628EA0236302375
B1402204524402N00616622EA0236202374
B1402214524406N00616616EA0236202374
B1402224524409N00616611EA0236002372
B1402234524412N00616606EA0236002372
B1402244524415N00616600EA0235902371
B1402254524419N00616595EA0235802370
B1402264524422N00616589EA0235702369
B1402274524425N00616584EA0235602368
B1402284524429N00616579EA0235502367
B1402294524432N00616573EA0235402366
B1402304524435N00616568EA0235202364
B1402314524438N00616563EA0235002362
B1402324524442N00616557EA0235002362
B1402334524445N00616552EA0234902361
B1402344524448N00616546EA0234802360
B1402354524451N00616541EA0234702359
B1402364524454N00616535EA0234602358
B1402374524458N00616530EA0234502357
B1402384524461N00616524EA0234402356
B1402394524464N00616519EA0234302355
B1402404524467N00616514EA0234202354
B1402414524470N00616508EA0234102353
B1402424524474N00616503EA0234002352
B1402434524477N00616497EA0233902351
B1402444524480N00616492EA0233702349
B1402454524483N00616487EA0233602348
B1402464524487N00616481EA0233602348
B1402474524490N00616476EA0233602348
B1402484524494N00616471EA0233502347
B1402494524498N00616466EA0233302345
B1402504524501N00616461EA0233202344
B1402514524505N00616456EA0233102343
B1402524524508N00616451EA0233002342
B1402534524512N00616446EA0232902341
B1402544524515N00616440EA0232802340
B1402554524518N00616435EA0232702339
B1402564524522N00616430EA0232602338
B1402574524525N00616424EA0232502337
B1402584524528N00616419EA0232402336
B1402594524531N00616413EA0232302335
B1403004524535N00616408EA0232202334
B1403014524538N00616403EA0232102333
B1403024524541N00616397EA0232002332
B1403034524545N00616392EA0231902331
B1403044524548N00616387EA0231802330
B1403054524551N00616382EA0231702329
B1403064524555N00616376EA0231502327
B1403074524557N00616370EA0231502327
B1403084524561N00616365EA0231402326
B1403094524564N00616359EA0231302325
B1403104524567N00616354EA0231102323
B1403114524570N00616348EA0231102323
B1403124524573N00616343EA0231002322
B1403134524576N00616337EA0230802320
B1403144524579N00616332EA0230602318
B1403154524583N00616326EA0230502317
B1403164524586N00616321EA0230402316
B1403174524589N00616315EA0230302315
B1403184524592N00616310EA0230202314
B1403194524595N00616304EA0230102313
B1403204524598N00616299EA0230002312
B1403214524601N00616293EA0229902311
B1403224524604N00616287EA0229902311
B1403234524607N00616282EA0229702309
B1403244524610N00616276EA0229602308
B1403254524613N00616271EA0229402306
B1403264524616N00616265EA0229202304
B1403274524619N00616259EA0229102303
B1403284524622N00616254EA0229002302
B1403294524625N00616248EA0228902301
B1403304524628N00616242EA0228802300
B1403314524631N00616237EA0228702299
B1403324524634N00616231EA0228602298
B1403334524637N00616225EA0228502297
B1403344524640N00616220EA0228402296
B1403354524643N00616214EA0228302295
B1403364524646N00616209EA0228202294
B1403374524649N00616203EA0228102293
B1403384524652N00616197EA0228002292
B1403394524655N00616191EA0227902291
B1403404524658N00616186EA0227802290
B1403414524660N00616180EA0227602288
B1403424524663N00616174EA0227502287
B1403434524666N00616168EA0227402286
B1403444524669N00616163EA0227302285
B1403454524673N00616157EA0227102283
B1403464524676N00616152EA0227002282
B1403474524679N00616146EA0226802280
B1403484524682N00616141EA0226702279
B1403494524685N00616135EA0226602278
B1403504524688N00616129EA0226502277
B1403514524691N00616124EA0226402276
B1403524524694N00616118EA0226302275
B1403534524697N00616113EA0226102273
B1403544524701N00616108EA0226002272
B1403554524704N00616102EA0226002272
B1403564524707N00616097EA0225802270
B1403574524710N00616091EA0225702269
B1403584524713N00616085EA0225602268
B1403594524716N00616080EA0225502267
B1404004524719N00616074EA0225402266
B1404014524721N00616068EA0225302265
B1404024524724N00616062EA0225202264
B1404034524727N00616056EA0225002262
B1404044524730N00616050EA0224902261
B1404054524732N00616045EA0224802260
B1404064524735N00616039EA0224702259
B1404074524738N00616033EA0224602258
B1404084524740N00616027EA0224602258
B1404094524743N00616021EA0224502257
B1404104524746N00616015EA0224402256
B1404114524748N00616009EA0224302255
B1404124524751N00616003EA0224202254
B1404134524754N00615998EA0224002252
B1404144524757N00615992EA0223902251
B1404154524759N00615986EA0223802250
B1404164524762N00615980EA0223802250
B1404174524764N00615974EA0223602248
B1404184524767N00615968EA0223602248
B1404194524769N00615962EA0223502247
B1404204524772N00615956EA0223402246
B1404214524774N00615950EA0223202244
B1404224524777N00615944EA0223102243
B1404234524779N00615938EA0223002242
B1404244524782N00615932EA0222802240
B1404254524784N00615926EA0222502237
B1404264524787N00615920EA0222402236
B1404274524789N00615914EA0222302235
B1404284524791N00615908EA0222202234
B1404294524793N00615901EA0222202234
B1404304524796N00615895EA0222102233
B1404314524798N00615889EA0222002232
B1404324524800N00615883EA0221902231
B1404334524802N00615877EA0221902231
B1404344524805N00615871EA0221802230
B1404354524807N00615864EA0221702229
B1404364524809N00615858EA0221602228
B1404374524812N00615852EA0221502227
B1404384524814N00615846EA0221402226
B1404394524816N00615840EA0221202224
B1404404524819N00615834EA0221102223
B1404414524821N00615828EA0221002222
B1404424524824N00615822EA0220902221
B1404434524826N00615816EA0220802220
B1404444524829N00615810EA0220702219
B1404454524831N00615804EA0220602218
B1404464524834N00615798EA0220402216
B1404474524836N00615792EA0220402216
B1404484524838N00615786EA0220302215
B1404494524841N00615780EA0220102213
B1404504524843N00615774EA0220102213
B1404514524842N00615767EA0219902211
B1404524524841N00615761EA0219802210
B1404534524840N00615754EA0219602208
B1404544524839N00615748EA0219502207
B1404554524838N00615741EA0219302205
B1404564524836N00615735EA0219302205
B1404574524835N00615729EA0219102203
B1404584524834N00615722EA0219002202
B1404594524833N00615716EA0218902201
B1405004524832N00615709EA0218802200
B1405014524831N00615703EA0218702199
B1405024524830N00615696EA0218602198
B1405034524828N00615690EA0218502197
B1405044524827N00615684EA0218402196
B1405054524826N00615677EA0218302195
B1405064524825N00615671EA0218202194
B1405074524824N00615664EA0218102193
B1405084524823N00615658EA0217902191
B1405094524821N00615651EA0217802190
B1405104524820N00615645EA0217702189
B1405114524819N00615638EA0217602188
B1405124524818N00615632EA0217502187
B1405134524817N00615626EA0217402186
B1405144524816N00615619EA0217302185
B1405154524815N00615613EA0217202184
B1405164524813N00615606EA0217102183
B1405174524812N00615600EA0217002182
B1405184524811N00615593EA0216802180
B1405194524810N00615587EA0216602178
B1405204524809N00615580EA0216502177
B1405214524808N00615574EA0216402176
B1405224524807N00615568EA0216302175
B1405234524805N00615561EA0216302175
B1405244524804N00615555EA0216102173
B1405254524803N00615548EA0216102173
B1405264524802N00615542EA0215902171
B1405274524801N00615535EA0215802170
B1405284524800N00615529EA0215702169
B1405294524798N00615522EA0215602168
B1405304524797N00615516EA0215502167
B1405314524796N00615510EA0215302165
B1405324524795N00615503EA0215302165
B1405334524794N00615497EA0215202164
B1405344524793N00615490EA0215002162
B1405354524792N00615484EA0214902161
B1405364524790N00615477EA0214902161
B1405374524789N00615471EA0214802160
B1405384524788N00615465EA0214702159
B1405394524787N00615458EA0214602158
B1405404524786N00615452EA0214502157
B1405414524785N00615445EA0214302155
B1405424524784N00615439EA0214202154
B1405434524782N00615432EA0214102153
B1405444524781N00615426EA0214002152
B1405454524780N00615419EA0213802150
B1405464524779N00615413EA0213702149
B1405474524778N00615407EA0213602148
B1405484524777N00615400EA0213502147
B1405494524776N00615394EA0213302145
B1405504524774N00615387EA0213202144
B1405514524773N00615381EA0213202144
B1405524524772N00615374EA0213102143
B1405534524771N00615368EA0212902141
B1405544524770N00615361EA0212902141
B1405554524769N00615355EA0212702139
B1405564524767N00615349EA0212602138
B1405574524766N00615342EA0212502137
B1405584524765N00615336EA0212402136
B1405594524764N00615329EA0212302135
B1406004524763N00615323EA0212202134
B1406014524762N00615316EA0212102133
B1406024524761N00615310EA0211902131
B1406034524759N00615303EA0211802130
B1406044524758N00615297EA0211702129
B1406054524757N00615291EA0211602128
B1406064524756N00615284EA0211602128
B1406074524755N00615278EA0211502127
B1406084524754N00615271EA0211402126
B1406094524752N00615265EA0211202124
B1406104524751N00615258EA0211002122
B1406114524750N00615252EA0210902121
B1406124524749N00615246EA0210802120
B1406134524748N00615239EA0210702119
B1406144524747N00615233EA0210502117
B1406154524746N00615226EA0210302115
B1406164524744N00615220EA0210202114
B1406174524743N00615213EA0210102113
B1406184524742N00615207EA0210002112
B1406194524741N00615200EA0209902111
B1406204524740N00615194EA0209802110
B1406214524739N00615188EA0209602108
B1406224524737N00615181EA0209402106
B1406234524736N00615175EA0209202104
B1406244524735N00615168EA0209202104
B1406254524734N00615162EA0209102103
B1406264524733N00615155EA0209002102
B1406274524732N00615149EA0208902101
B1406284524731N00615142EA0208802100
B1406294524729N00615136EA0208702099
B1406304524728N00615130EA0208502097
B1406314524727N00615123EA0208402096
B1406324524726N00615117EA0208302095
B1406334524725N00615110EA0208102093
B1406344524724N00615104EA0208002092
B1406354524723N00615097EA0207902091
B1406364524721N00615091EA0207802090
B1406374524720N00615085EA0207702089
B1406384524719N00615078EA0207502087
B1406394524718N00615072EA0207502087
B1406404524717N00615065EA0207402086
B1406414524716N00615059EA0207302085
B1406424524714N00615052EA0207202084
B1406434524713N00615046EA0207002082
B1406444524712N00615039EA0206902081
B1406454524711N00615033EA0206902081
B1406464524710N00615027EA0206702079
B1406474524709N00615020EA0206602078
B1406484524708N00615014EA0206502077
B1406494524706N00615007EA0206502077
B1406504524705N00615001EA0206402076
B1406514524704N00614994EA0206202074
B1406524524703N00614988EA0206102073
B1406534524702N00614982EA0206002072
B1406544524701N00614975EA0205902071
B1406554524699N00614969EA0205802070
B1406564524698N00614962EA0205702069
B1406574524697N00614956EA0205602068
B1406584524696N00614949EA0205502067
B1406594524695N00614943EA0205402066
B1407004524694N00614936EA0205202064
B1407014524692N00614930EA0205102063
B1407024524691N00614924EA0205002062
B1407034524690N00614917EA0204802060
B1407044524689N00614911EA0204602058
B1407054524688N00614904EA0204502057
B1407064524687N00614898EA0204402056
B1407074524686N00614891EA0204302055
B1407084524684N00614885EA0204202054
B1407094524683N00614878EA0204002052
B1407104524682N00614872EA0203902051
B1407114524681N00614866EA0203802050
B1407124524680N00614859EA0203802050
B1407134524679N00614853EA0203602048
B1407144524677N00614846EA0203502047
B1407154524676N00614840EA0203402046
B1407164524675N00614833EA0203202044
B1407174524674N00614827EA0203102043
B1407184524673N00614821EA0203002042
B1407194524672N00614814EA0202802040
B1407204524671N00614808EA0202702039
B1407214524669N00614801EA0202602038
B1407224524668N00614795EA0202502037
B1407234524667N00614788EA0202402036
B1407244524666N00614782EA0202302035
B1407254524665N00614775EA0202202034
B1407264524664N00614769EA0202102033
B1407274524662N00614763EA0202002032
B1407284524661N00614756EA0201902031
B1407294524660N00614750EA0201702029
B1407304524659N00614743EA0201602028
B1407314524658N00614737EA0201502027
B1407324524657N00614730EA0201402026
B1407334524655N00614724EA0201302025
B1407344524654N00614718EA0201202024
B1407354524653N00614711EA0201002022
B1407364524652N00614705EA0200902021
B1407374524651N00614698EA0200702019
B1407384524650N00614692EA0200502017
B1407394524649N00614685EA0200502017
B1407404524647N00614679EA0200402016
B1407414524646N00614672EA0200202014
B1407424524645N00614666EA0200102013
B1407434524644N00614660EA0200002012
B1407444524643N00614653EA0199802010
B1407454524642N00614647EA0199702009
B1407464524640N00614640EA0199502007
B1407474524639N00614634EA0199502007
B1407484524638N00614627EA0199302005
B1407494524637N00614621EA0199302005
B1407504524636N00614615EA0199102003
B1407514524635N00614608EA0198902001
B1407524524633N00614602EA0198701999
B1407534524632N00614595EA0198601998
B1407544524631N00614589EA0198501997
B1407554524630N00614582EA0198401996
B1407564524629N00614576EA0198301995
B1407574524628N00614569EA0198201994
B1407584524627N00614563EA0198101993
B1407594524625N00614557EA0198001992
B1408004524624N00614550EA0197901991
B1408014524623N00614544EA0197701989
B1408024524622N00614537EA0197701989
B1408034524621N00614531EA0197501987
B1408044524620N00614524EA0197301985
B1408054524618N00614518EA0197201984
B1408064524617N00614512EA0197001982
B1408074524616N00614505EA0196901981
B1408084524615N00614499EA0196901981
B1408094524614N00614492EA0196801980
B1408104524613N00614486EA0196701979
B1408114524611N00614479EA0196601978
B1408124524610N00614473EA0196401976
B1408134524609N00614466EA0196301975
B1408144524608N00614460EA0196101973
B1408154524607N00614454EA0196001972
B1408164524606N00614447EA0195901971
B1408174524604N00614441EA0195801970
B1408184524603N00614434EA0195601968
B1408194524602N00614428EA0195501967
B1408204524601N00614421EA0195401966
B1408214524600N00614415EA0195201964
B1408224524599N00614409EA0195101963
B1408234524598N00614402EA0195001962
B1408244524596N00614396EA0194901961
B1408254524595N00614389EA0194801960
B1408264524594N00614383EA0194601958
B1408274524593N00614376EA0194501957
B1408284524592N00614370EA0194401956
B1408294524591N00614363EA0194301955
B1408304524589N00614357EA0194101953
B1408314524588N00614351EA0194001952
B1408324524587N00614344EA0193901951
B1408334524586N00614338EA0193801950
B1408344524585N00614331EA0193701949
B1408354524584N00614325EA0193501947
B1408364524582N00614318EA0193301945
B1408374524581N00614312EA0193301945
B1408384524580N00614306EA0193201944
B1408394524579N00614299EA0193101943
B1408404524578N00614293EA0193001942
B1408414524577N00614286EA0192801940
B1408424524575N00614280EA0192701939
B1408434524574N00614273EA0192601938
B1408444524573N00614267EA0192401936
B1408454524572N00614261EA0192301935
B1408464524571N00614254EA0192201934
B1408474524570N00614248EA0192001932
B1408484524568N00614241EA0191901931
B1408494524567N00614235EA0191701929
B1408504524566N00614228EA0191601928
B1408514524565N00614222EA0191401926
B1408524524564N00614215EA0191301925
B1408534524563N00614209EA0191201924
B1408544524561N00614203EA0191001922
B1408554524560N00614196EA0190901921
B1408564524559N00614190EA0190701919
B1408574524558N00614183EA0190601918
B1408584524557N00614177EA0190501917
B1408594524556N00614170EA0190401916
B1409004524554N00614164EA0190201914
B1409014524553N00614158EA0190101913
B1409024524552N00614151EA0189901911
B1409034524551N00614145EA0189801910
B1409044524550N00614138EA0189701909
B1409054524549N00614132EA0189501907
B1409064524548N00614125EA0189401906
B1409074524546N00614119EA0189201904
B1409084524545N00614112EA0189201904
B1409094524544N00614106EA0189101903
B1409104524543N00614100EA0189001902
B1409114524542N00614093EA0188801900
B1409124524541N00614087EA0188701899
B1409134524539N00614080EA0188601898
B1409144524538N00614074EA0188501897
B1409154524537N00614067EA0188301895
B1409164524536N00614061EA0188101893
B1409174524535N00614055EA0188101893
B1409184524534N00614048EA0187901891
B1409194524532N00614042EA0187701889
B1409204524531N00614035EA0187501887
B1409214524530N00614029EA0187301885
B1409224524529N00614022EA0187201884
B1409234524528N00614016EA0187101883
B1409244524527N00614010EA0187001882
B1409254524525N00614003EA0186801880
B1409264524524N00613997EA0186701879
B1409274524523N00613990EA0186601878
B1409284524522N00613984EA0186401876
B1409294524521N00613977EA0186201874
B1409304524520N00613971EA0186101873
B1409314524518N00613964EA0186001872
B1409324524517N00613958EA0185901871
B1409334524516N00613952EA0185801870
B1409344524515N00613945EA0185701869
B1409354524514N00613939EA0185601868
B1409364524513N00613932EA0185501867
B1409374524511N00613926EA0185301865
B1409384524510N00613919EA0185101863
B1409394524509N00613913EA0185001862
B1409404524508N00613907EA0184901861
B1409414524507N00613900EA0184701859
B1409424524506N00613894EA0184601858
B1409434524504N00613887EA0184401856
B1409444524503N00613881EA0184401856
B1409454524502N00613874EA0184201854
B1409464524501N00613868EA0184101853
B1409474524500N00613862EA0184001852
B1409484524499N00613855EA0183801850
B1409494524497N00613849EA0183601848
B1409504524496N00613842EA0183501847
B1409514524495N00613836EA0183401846
B1409524524494N00613829EA0183301845
B1409534524493N00613823EA0183101843
B1409544524492N00613816EA0183001842
B1409554524490N00613810EA0182801840
B1409564524489N00613804EA0182701839
B1409574524488N00613797EA0182501837
B1409584524487N00613791EA0182501837
B1409594524486N00613784EA0182301835
B1410004524485N00613778EA0182201834
B1410014524483N00613771EA0182101833
B1410024524482N00613765EA0182001832
B1410034524481N00613759EA0181901831
B1410044524480N00613752EA0181701829
B1410054524479N00613746EA0181601828
B1410064524477N00613739EA0181401826
B1410074524476N00613733EA0181401826
B1410084524475N00613726EA0181201824
B1410094524474N00613720EA0181101823
B1410104524473N00613714EA0180901821
B1410114524472N00613707EA0180701819
B1410124524470N00613701EA0180601818
B1410134524469N00613694EA0180501817
B1410144524468N00613688EA0180301815
B1410154524467N00613681EA0180201814
B1410164524466N00613675EA0180101813
B1410174524465N00613669EA0180001812
B1410184524463N00613662EA0179901811
B1410194524462N00613656EA0179701809
B1410204524461N00613649EA0179601808
B1410214524460N00613643EA0179501807
B1410224524459N00613636EA0179401806
B1410234524458N00613630EA0179201804
B1410244524456N00613624EA0179201804
B1410254524455N00613617EA0179101803
B1410264524454N00613611EA0178901801
B1410274524453N00613604EA0178801800
B1410284524452N00613598EA0178701799
B1410294524451N00613591EA0178501797
B1410304524449N00613585EA0178501797
B1410314524448N00613578EA0178401796
B1410324524447N00613572EA0178201794
B1410334524446N00613566EA0178201794
B1410344524445N00613559EA0178101793
B1410354524444N00613553EA0178001792
B1410364524442N00613546EA0177901791
B1410374524441N00613540EA0177801790
B1410384524440N00613533EA0177601788
B1410394524439N00613527EA0177501787
B1410404524438N00613521EA0177301785
B1410414524437N00613514EA0177301785
B1410424524435N00613508EA0177101783
B1410434524434N00613501EA0177001782
B1410444524433N00613495EA0176901781
B1410454524432N00613488EA0176801780
B1410464524431N00613482EA0176701779
B1410474524429N00613476EA0176601778
B1410484524428N00613469EA0176501777
B1410494524427N00613463EA0176401776
B1410504524426N00613456EA0176201774
B1410514524425N00613450EA0176101773
B1410524524424N00613443EA0176001772
B1410534524422N00613437EA0175901771
B1410544524421N00613431EA0175701769
B1410554524420N00613424EA0175601768
B1410564524419N00613418EA0175501767
B1410574524418N00613411EA0175401766
B1410584524417N00613405EA0175201764
B1410594524415N00613398EA0175101763
B1411004524414N00613392EA0175001762
B1411014524413N00613386EA0174901761
B1411024524412N00613379EA0174801760
B1411034524411N00613373EA0174701759
B1411044524410N00613366EA0174601758
B1411054524408N00613360EA0174401756
B1411064524407N00613353EA0174201754
B1411074524406N00613347EA0174201754
B1411084524405N00613340EA0174001752
B1411094524404N00613334EA0173901751
B1411104524402N00613328EA0173801750
B1411114524401N00613321EA0173601748
B1411124524400N00613315EA0173401746
B1411134524399N00613308EA0173301745
B1411144524398N00613302EA0173201744
B1411154524397N00613295EA0173101743
B1411164524395N00613289EA0173001742
B1411174524394N00613283EA0172901741
B1411184524393N00613276EA0172801740
B1411194524392N00613270EA0172701739
B1411204524391N00613263EA0172601738
B1411214524390N00613257EA0172501737
B1411224524388N00613250EA0172401736
B1411234524387N00613244EA0172301735
B1411244524386N00613238EA0172101733
B1411254524385N00613231EA0172001732
B1411264524384N00613225EA0171901731
B1411274524383N00613218EA0171801730
B1411284524381N00613212EA0171701729
B1411294524380N00613205EA0171501727
B1411304524379N00613199EA0171301725
B1411314524378N00613193EA0171301725
B1411324524377N00613186EA0171201724
B1411334524375N00613180EA0171101723
B1411344524374N00613173EA0170901721
B1411354524373N00613167EA0170801720
B1411364524372N00613160EA0170701719
B1411374524371N00613154EA0170601718
B1411384524370N00613148EA0170501717
B1411394524368N00613141EA0170401716
B1411404524367N00613135EA0170301715
B1411414524366N00613128EA0170201714
B1411424524365N00613122EA0170101713
B1411434524364N00613115EA0170001712
B1411444524362N00613109EA0169801710
B1411454524361N00613103EA0169701709
B1411464524360N00613096EA0169601708
B1411474524359N00613090EA0169401706
B1411484524358N00613083EA0169301705
B1411494524357N00613077EA0169201704
B1411504524355N00613070EA0169101703
B1411514524354N00613064EA0169001702
B1411524524353N00613058EA0168901701
B1411534524352N00613051EA0168801700
B1411544524351N00613045EA0168701699
B1411554524350N00613038EA0168601698
B1411564524348N00613032EA0168401696
B1411574524347N00613025EA0168401696
B1411584524346N00613019EA0168301695
B1411594524345N00613013EA0168201694
B1412004524344N00613006EA0168101693
B1412014524342N00613000EA0167901691
B1412024524341N00612993EA0167801690
B1412034524340N00612987EA0167701689
B1412044524339N00612980EA0167601688
B1412054524338N00612974EA0167401686
B1412064524337N00612968EA0167201684
B1412074524335N00612961EA0167101683
B1412084524334N00612955EA0167001682
B1412094524333N00612948EA0166801680
B1412104524332N00612942EA0166701679
B1412114524331N00612935EA0166601678
B1412124524329N00612929EA0166401676
B1412134524328N00612923EA0166301675
B1412144524327N00612916EA0166201674
B1412154524326N00612910EA0166001672
B1412164524325N00612903EA0165801670
B1412174524324N00612897EA0165701669
B1412184524322N00612890EA0165501667
B1412194524321N00612884EA0165401666
B1412204524320N00612878EA0165201664
B1412214524319N00612871EA0165101663
B1412224524318N00612865EA0165001662
B1412234524316N00612858EA0164901661
B1412244524315N00612852EA0164701659
B1412254524314N00612845EA0164701659
B1412264524313N00612839EA0164501657
B1412274524312N00612833EA0164401656
B1412284524311N00612826EA0164301655
B1412294524309N00612820EA0164201654
B1412304524308N00612813EA0164001652
B1412314524307N00612807EA0163901651
B1412324524306N00612800EA0163801650
B1412334524305N00612794EA0163701649
B1412344524303N00612788EA0163601648
B1412354524302N00612781EA0163501647
B1412364524301N00612775EA0163301645
B1412374524300N00612768EA0163301645
B1412384524299N00612762EA0163201644
B1412394524298N00612755EA0163001642
B1412404524296N00612749EA0162901641
B1412414524295N00612743EA0162701639
B1412424524294N00612736EA0162601638
B1412434524293N00612730EA0162401636
B1412444524292N00612723EA0162201634
B1412454524290N00612717EA0162101633
B1412464524289N00612710EA0161901631
B1412474524288N00612704EA0161801630
B1412484524287N00612698EA0161601628
B1412494524286N00612691EA0161601628
B1412504524285N00612685EA0161501627
B1412514524283N00612678EA0161301625
B1412524524282N00612672EA0161101623
B1412534524281N00612665EA0161001622
B1412544524280N00612659EA0160901621
B1412554524279N00612653EA0160801620
B1412564524277N00612646EA0160701619
B1412574524276N00612640EA0160501617
B1412584524275N00612633EA0160401616
B1412594524274N00612627EA0160301615
B1413004524273N00612620EA0160201614
B1413014524272N00612614EA0160001612
B1413024524270N00612608EA0159901611
B1413034524269N00612601EA0159901611
B1413044524268N00612595EA0159701609
B1413054524267N00612588EA0159601608
B1413064524266N00612582EA0159601608
B1413074524264N00612575EA0159501607
B1413084524263N00612569EA0159301605
B1413094524262N00612563EA0159201604
B1413104524261N00612556EA0159101603
B1413114524260N00612550EA0159101603
B1413124524258N00612543EA0158901601
B1413134524257N00612537EA0158801600
B1413144524256N00612530EA0158701599
B1413154524255N00612524EA0158501597
B1413164524254N00612518EA0158401596
B1413174524253N00612511EA0158301595
B1413184524251N00612505EA0158101593
B1413194524250N00612498EA0157901591
B1413204524249N00612492EA0157801590
B1413214524248N00612485EA0157601588
B1413224524247N00612479EA0157501587
B1413234524245N00612473EA0157401586
B1413244524244N00612466EA0157201584
B1413254524243N00612460EA0157101583
B1413264524242N00612453EA0157001582
B1413274524241N00612447EA0156901581
B1413284524239N00612440EA0156801580
B1413294524238N00612434EA0156701579
B1413304524237N00612428EA0156501577
B1413314524236N00612421EA0156301575
B1413324524235N00612415EA0156201574
B1413334524234N00612408EA0156101573
B1413344524232N00612402EA0155901571
B1413354524231N00612395EA0155801570
B1413364524230N00612389EA0155701569
B1413374524229N00612383EA0155601568
B1413384524228N00612376EA0155501567
B1413394524226N00612370EA0155401566
B1413404524225N00612363EA0155301565
B1413414524224N00612357EA0155101563
B1413424524223N00612350EA0154901561
B1413434524222N00612344EA0154801560
B1413444524220N00612338EA0154701559
B1413454524219N00612331EA0154601558
B1413464524218N00612325EA0154501557
B1413474524217N00612318EA0154401556
B1413484524216N00612312EA0154301555
B1413494524215N00612306EA0154301555
B1413504524213N00612299EA0154101553
B1413514524212N00612293EA0154001552
B1413524524211N00612286EA0153801550
B1413534524210N00612280EA0153801550
B1413544524209N00612273EA0153701549
B1413554524207N00612267EA0153601548
B1413564524206N00612261EA0153501547
B1413574524205N00612254EA0153301545
B1413584524204N00612248EA0153301545
B1413594524203N00612241EA0153101543
B1414004524201N00612235EA0152901541
B1414014524200N00612228EA0152801540
B1414024524199N00612222EA0152701539
B1414034524198N00612216EA0152601538
B1414044524197N00612209EA0152601538
B1414054524195N00612203EA0152401536
B1414064524194N00612196EA0152301535
B1414074524193N00612190EA0152101533
B1414084524192N00612183EA0151901531
B1414094524191N00612177EA0151801530
B1414104524189N00612171EA0151701529
B1414114524188N00612164EA0151601528
B1414124524187N00612158EA0151401526
B1414134524186N00612151EA0151201524
B1414144524185N00612145EA0151001522
B1414154524184N00612138EA0150901521
B1414164524182N00612132EA0150801520
B1414174524181N00612126EA0150601518
B1414184524180N00612119EA0150501517
B1414194524179N00612113EA0150401516
B1414204524178N00612106EA0150301515
B1414214524176N00612100EA0150101513
B1414224524175N00612094EA0150001512
B1414234524174N00612087EA0149901511
B1414244524173N00612081EA0149801510
B1414254524172N00612074EA0149701509
B1414264524170N00612068EA0149601508
B1414274524169N00612061EA0149501507
B1414284524168N00612055EA0149401506
B1414294524167N00612049EA0149301505
B1414304524166N00612042EA0149201504
B1414314524164N00612036EA0149201504
B1414324524163N00612029EA0149101503
B1414334524162N00612023EA0149001502
B1414344524161N00612016EA0148801500
B1414354524160N00612010EA0148701499
B1414364524158N00612004EA0148601498
B1414374524157N00611997EA0148501497
B1414384524156N00611991EA0148301495
B1414394524155N00611984EA0148201494
B1414404524154N00611978EA0148101493
B1414414524152N00611971EA0147901491
B1414424524151N00611965EA0147901491
B1414434524150N00611959EA0147801490
B1414444524149N00611952EA0147701489
B1414454524148N00611946EA0147601488
B1414464524146N00611939EA0147501487
B1414474524145N00611933EA0147301485
B1414484524144N00611926EA0147201484
B1414494524143N00611920EA0147101483
B1414504524142N00611914EA0146901481
B1414514524141N00611907EA0146801480
B1414524524139N00611901EA0146601478
B1414534524138N00611894EA0146501477
B1414544524137N00611888EA0146301475
B1414554524136N00611882EA0146201474
B1414564524135N00611875EA0146101473
B1414574524133N00611869EA0145901471
B1414584524132N00611862EA0145901471
B1414594524131N00611856EA0145901471
B1415004524130N00611849EA0145701469
B1415014524129N00611843EA0145601468
B1415024524127N00611837EA0145501467
B1415034524126N00611830EA0145301465
B1415044524125N00611824EA0145201464
B1415054524124N00611817EA0145101463
B1415064524123N00611811EA0145001462
B1415074524121N00611804EA0144901461
B1415084524120N00611798EA0144801460
B1415094524119N00611792EA0144701459
B1415104524118N00611785EA0144601458
B1415114524117N00611779EA0144401456
B1415124524115N00611772EA0144301455
B1415134524114N00611766EA0144201454
B1415144524113N00611760EA0144101453
B1415154524112N00611753EA0143901451
B1415164524111N00611747EA0143701449
B1415174524109N00611740EA0143601448
B1415184524108N00611734EA0143501447
B1415194524107N00611727EA0143401446
B1415204524106N00611721EA0143401446
B1415214524105N00611715EA0143201444
B1415224524103N00611708EA0143101443
B1415234524102N00611702EA0143001442
B1415244524101N00611695EA0142901441
B1415254524100N00611689EA0142701439
B1415264524099N00611682EA0142601438
B1415274524097N00611676EA0142501437
B1415284524096N00611670EA0142301435
B1415294524095N00611663EA0142201434
B1415304524094N00611657EA0142101433
B1415314524093N00611650EA0142001432
B1415324524091N00611644EA0141901431
B1415334524090N00611638EA0141801430
B1415344524089N00611631EA0141701429
B1415354524088N00611625EA0141501427
B1415364524087N00611618EA0141401426
B1415374524085N00611612EA0141301425
B1415384524084N00611605EA0141301425
B1415394524083N00611599EA0141201424
B1415404524082N00611593EA0141101423
B1415414524081N00611586EA0140901421
B1415424524079N00611580EA0140901421
B1415434524078N00611573EA0140801420
B1415444524077N00611567EA0140701419
B1415454524076N00611560EA0140601418
B1415464524074N00611554EA0140501417
B1415474524073N00611548EA0140401416
B1415484524072N00611541EA0140301415
B1415494524071N00611535EA0140201414
B1415504524070N00611528EA0140001412
B1415514524068N00611522EA0140001412
B1415524524067N00611516EA0139801410
B1415534524066N00611509EA0139701409
B1415544524065N00611503EA0139601408
B1415554524064N00611496EA0139401406
B1415564524062N00611490EA0139301405
B1415574524061N00611483EA0139101403
B1415584524060N00611477EA0139001402
B1415594524059N00611471EA0138901401
B1416004524058N00611464EA0138801400
B1416014524056N00611458EA0138601398
B1416024524055N00611451EA0138501397
B1416034524054N00611445EA0138401396
B1416044524053N00611439EA0138301395
B1416054524052N00611432EA0138301395
B1416064524050N00611426EA0138101393
B1416074524049N00611419EA0138101393
B1416084524048N00611413EA0138001392
B1416094524047N00611406EA0137901391
B1416104524046N00611400EA0137801390
B1416114524044N00611394EA0137601388
B1416124524043N00611387EA0137501387
B1416134524042N00611381EA0137401386
B1416144524041N00611374EA0137301385
B1416154524040N00611368EA0137201384
B1416164524038N00611361EA0137101383
B1416174524037N00611355EA0137001382
B1416184524036N00611349EA0136901381
B1416194524035N00611342EA0136701379
B1416204524033N00611336EA0136601378
B1416214524032N00611329EA0136401376
B1416224524031N00611323EA0136301375
B1416234524030N00611317EA0136201374
B1416244524029N00611310EA0136101373
B1416254524027N00611304EA0135901371
B1416264524026N00611297EA0135801370
B1416274524025N00611291EA0135701369
B1416284524024N00611284EA0135601368
B1416294524023N00611278EA0135501367
B1416304524021N00611272EA0135301365
B1416314524020N00611265EA0135201364
B1416324524019N00611259EA0135001362
B1416334524018N00611252EA0134901361
B1416344524017N00611246EA0134801360
B1416354524015N00611240EA0134701359
B1416364524014N00611233EA0134601358
B1416374524013N00611227EA0134401356
B1416384524012N00611220EA0134301355
B1416394524011N00611214EA0134201354
B1416404524009N00611207EA0134001352
B1416414524008N00611201EA0133901351
B1416424524007N00611195EA0133701349
B1416434524006N00611188EA0133501347
B1416444524004N00611182EA0133401346
B1416454524003N00611175EA0133301345
B1416464524002N00611169EA0133201344
B1416474524001N00611163EA0133001342
B1416484524000N00611156EA0132901341
B1416494523998N00611150EA0132701339
B1416504523997N00611143EA0132501337
B1416514523996N00611137EA0132401336
B1416524523995N00611130EA0132301335
B1416534523994N00611124EA0132201334
B1416544523992N00611118EA0132001332
B1416554523991N00611111EA0131901331
B1416564523990N00611105EA0131801330
B1416574523989N00611098EA0131601328
B1416584523987N00611092EA0131501327
B1416594523986N00611086EA0131401326
B1417004523985N00611079EA0131301325
B1417014523984N00611073EA0131201324
B1417024523983N00611066EA0131001322
B1417034523981N00611060EA0130901321
B1417044523980N00611053EA0130601318
B1417054523979N00611047EA0130501317
B1417064523978N00611041EA0130401316
B1417074523977N00611034EA0130301315
B1417084523975N00611028EA0130201314
B1417094523974N00611021EA0130001312
B1417104523973N00611015EA0129901311
B1417114523972N00611009EA0129801310
B1417124523970N00611002EA0129701309
B1417134523969N00610996EA0129501307
B1417144523968N00610989EA0129401306
B1417154523967N00610983EA0129301305
B1417164523966N00610976EA0129101303
B1417174523964N00610970EA0129001302
B1417184523963N00610964EA0128901301
B1417194523962N00610957EA0128701299
B1417204523961N00610951EA0128601298
B1417214523960N00610944EA0128401296
B1417224523958N00610938EA0128301295
B1417234523957N00610932EA0128201294
B1417244523956N00610925EA0128101293
B1417254523955N00610919EA0127901291
B1417264523953N00610912EA0127801290
B1417274523952N00610906EA0127801290
B1417284523951N00610900EA0127601288
B1417294523950N00610893EA0127501287
B1417304523949N00610887EA0127401286
B1417314523947N00610880EA0127301285
B1417324523946N00610874EA0127201284
B1417334523945N00610867EA0127001282
B1417344523944N00610861EA0126901281
B1417354523942N00610855EA0126801280
B1417364523941N00610848EA0126801280
B1417374523940N00610842EA0126601278
B1417384523939N00610835EA0126401276
B1417394523938N00610829EA0126301275
B1417404523936N00610823EA0126201274
B1417414523935N00610816EA0126101273
B1417424523934N00610810EA0125901271
B1417434523933N00610803EA0125801270
B1417444523931N00610797EA0125601268
B1417454523930N00610790EA0125501267
B1417464523929N00610784EA0125401266
B1417474523928N00610778EA0125301265
B1417484523927N00610771EA0125201264
B1417494523925N00610765EA0125001262
B1417504523924N00610758EA0124901261
B1417514523923N00610752EA0124801260
B1417524523922N00610746EA0124701259
B1417534523920N00610739EA0124501257
B1417544523919N00610733EA0124401256
B1417554523918N00610726EA0124301255
B1417564523917N00610720EA0124201254
B1417574523916N00610714EA0124001252
B1417584523914N00610707EA0123901251
B1417594523913N00610701EA0123801250
B1418004523912N00610694EA0123801250
B1418014523911N00610688EA0123601248
B1418024523909N00610681EA0123501247
B1418034523908N00610675EA0123401246
B1418044523907N00610669EA0123301245
B1418054523906N00610662EA0123201244
B1418064523905N00610656EA0123001242
B1418074523903N00610649EA0122901241
B1418084523902N00610643EA0122801240
B1418094523901N00610637EA0122701239
B1418104523900N00610630EA0122501237
B1418114523898N00610624EA0122501237
B1418124523897N00610617EA0122401236
B1418134523896N00610611EA0122301235
B1418144523895N00610605EA0122101233
B1418154523894N00610598EA0122001232
B1418164523892N00610592EA0121901231
B1418174523891N00610585EA0121801230
B1418184523890N00610579EA0121701229
B1418194523889N00610572EA0121501227
B1418204523887N00610566EA0121401226
B1418214523886N00610560EA0121301225
B1418224523885N00610553EA0121101223
B1418234523884N00610547EA0121001222
B1418244523883N00610540EA0120901221
B1418254523881N00610534EA0120801220
B1418264523880N00610528EA0120701219
B1418274523879N00610521EA0120601218
B1418284523878N00610515EA0120401216
B1418294523876N00610508EA0120301215
B1418304523875N00610502EA0120201214
B1418314523874N00610496EA0120101213
B1418324523873N00610489EA0120001212
B1418334523871N00610483EA0119901211
B1418344523870N00610476EA0119801210
B1418354523869N00610470EA0119701209
B1418364523868N00610464EA0119601208
B1418374523867N00610457EA0119501207
B1418384523865N00610451EA0119401206
B1418394523864N00610444EA0119301205
B1418404523863N00610438EA0119101203
B1418414523862N00610431EA0119001202
B1418424523860N00610425EA0118901201
B1418434523859N00610419EA0118701199
B1418444523858N00610412EA0118501197
B1418454523857N00610406EA0118501197
B1418464523855N00610399EA0118301195
B1418474523854N00610393EA0118201194
B1418484523853N00610387EA0118001192
B1418494523852N00610380EA0117901191
B1418504523851N00610374EA0117701189
B1418514523849N00610367EA0117601188
B1418524523848N00610361EA0117401186
B1418534523847N00610355EA0117301185
B1418544523846N00610348EA0117201184
B1418554523844N00610342EA0117001182
B1418564523843N00610335EA0116901181
B1418574523842N00610329EA0116801180
B1418584523841N00610323EA0116601178
B1418594523839N00610316EA0116601178
B1419004523838N00610310EA0116401176
B1419014523837N00610303EA0116301175
B1419024523836N00610297EA0116201174
B1419034523835N00610290EA0116001172
B1419044523833N00610284EA0115901171
B1419054523832N00610278EA0115801170
B1419064523831N00610271EA0115601168
B1419074523830N00610265EA0115601168
B1419084523828N00610258EA0115501167
B1419094523827N00610252EA0115401166
B1419104523826N00610246EA0115301165
B1419114523825N00610239EA0115101163
B1419124523823N00610233EA0115001162
B1419134523822N00610226EA0115001162
B1419144523821N00610220EA0114801160
B1419154523820N00610214EA0114801160
B1419164523818N00610207EA0114701159
B1419174523817N00610201EA0114601158
B1419184523816N00610194EA0114501157
B1419194523815N00610188EA0114301155
B1419204523814N00610182EA0114101153
B1419214523812N00610175EA0114001152
B1419224523811N00610169EA0113901151
B1419234523810N00610162EA0113701149
B1419244523809N00610156EA0113501147
B1419254523807N00610150EA0113401146
B1419264523806N00610143EA0113401146
B1419274523805N00610137EA0113301145
B1419284523804N00610130EA0113201144
B1419294523802N00610124EA0113001142
B1419304523801N00610118EA0112901141
B1419314523800N00610111EA0112801140
B1419324523799N00610105EA0112601138
B1419334523797N00610098EA0112501137
B1419344523796N00610092EA0112301135
B1419354523795N00610085EA0112301135
B1419364523794N00610079EA0112101133
B1419374523792N00610073EA0112001132
B1419384523791N00610066EA0111901131
B1419394523790N00610060EA0111901131
B1419404523789N00610053EA0111701129
B1419414523787N00610047EA0111701129
B1419424523786N00610041EA0111601128
B1419434523785N00610034EA0111501127
B1419444523784N00610028EA0111301125
B1419454523782N00610021EA0111301125
B1419464523781N00610015EA0111101123
B1419474523780N00610009EA0111001122
B1419484523779N00610002EA0110901121
B1419494523778N00609996EA0110701119
B1419504523776N00609989EA0110601118
B1419514523775N00609983EA0110601118
B1419524523774N00609977EA0110601118
B1419534523773N00609970EA0110401116
B1419544523771N00609964EA0110301115
B1419554523770N00609957EA0110101113
B1419564523769N00609951EA0109901111
B1419574523768N00609945EA0109901111
B1419584523766N00609938EA0109701109
B1419594523765N00609932EA0109601108
B1420004523764N00609925EA0109501107
B1420014523763N00609919EA0109301105
B1420024523761N00609913EA0109201104
B1420034523760N00609906EA0109101103
B1420044523759N00609900EA0109001102
B1420054523758N00609893EA0108901101
B1420064523756N00609887EA0108701099
B1420074523755N00609881EA0108701099
B1420084523754N00609874EA0108501097
B1420094523753N00609868EA0108401096
B1420104523751N00609861EA0108301095
B1420114523750N00609855EA0108201094
B1420124523749N00609849EA0108001092
B1420134523748N00609842EA0107801090
B1420144523746N00609836EA0107701089
B1420154523745N00609829EA0107601088
B1420164523744N00609823EA0107501087
B1420174523743N00609817EA0107401086
B1420184523741N00609810EA0107201084
B1420194523740N00609804EA0107101083
B1420204523739N00609797EA0107001082
B1420214523738N00609791EA0106801080
B1420224523736N00609785EA0106701079
B1420234523735N00609778EA0106501077
B1420244523734N00609772EA0106301075
B1420254523733N00609765EA0106201074
B1420264523731N00609759EA0106101073
B1420274523730N00609753EA0106001072
B1420284523729N00609746EA0105901071
B1420294523728N00609740EA0105801070
B1420304523726N00609733EA0105701069
B1420314523725N00609727EA0105501067
B1420324523724N00609721EA0105401066
B1420334523723N00609714EA0105301065
B1420344523721N00609708EA0105201064
B1420354523720N00609701EA0105101063
B1420364523719N00609695EA0104901061
B1420374523718N00609689EA0104801060
B1420384523716N00609682EA0104701059
B1420394523715N00609676EA0104601058
B1420404523714N00609669EA0104401056
B1420414523712N00609663EA0104301055
B1420424523711N00609657EA0104201054
B1420434523710N00609650EA0104101053
B1420444523709N00609644EA0104001052
B1420454523707N00609637EA0103801050
B1420464523706N00609631EA0103701049
B1420474523705N00609625EA0103601048
B1420484523704N00609618EA0103501047
B1420494523702N00609612EA0103301045
B1420504523701N00609605EA0103201044
B1420514523700N00609599EA0103101043
B1420524523699N00609593EA0102901041
B1420534523697N00609586EA0102801040
B1420544523696N00609580EA0102801040
B1420554523695N00609573EA0102601038
B1420564523694N00609567EA0102601038
B1420574523692N00609561EA0102301035
B1420584523691N00609554EA0102201034
B1420594523690N00609548EA0102101033
B1421004523689N00609541EA0102001032
B1421014523687N00609535EA0102001032
B1421024523686N00609529EA0101901031
B1421034523685N00609522EA0101701029
B1421044523684N00609516EA0101701029
B1421054523682N00609509EA0101601028
B1421064523681N00609503EA0101501027
B1421074523680N00609497EA0101301025
B1421084523678N00609490EA0101301025
B1421094523677N00609484EA0101201024
B1421104523676N00609477EA0101001022
B1421114523675N00609471EA0100901021
B1421124523673N00609465EA0100801020
B1421134523672N00609458EA0100701019
B1421144523671N00609452EA0100601018
B1421154523670N00609446EA0100501017
B1421164523668N00609439EA0100301015
B1421174523667N00609433EA0100201014
B1421184523666N00609426EA0100001012
B1421194523665N00609420EA0100001012
B1421204523663N00609414EA0099801010
B1421214523662N00609407EA0099701009
B1421224523661N00609401EA0099701009
B1421234523659N00609394EA0099501007
B1421244523658N00609388EA0099401006
B1421254523657N00609382EA0099301005
B1421264523656N00609375EA0099101003
B1421274523654N00609369EA0099001002
B1421284523653N00609362EA0098901001
B1421294523652N00609356EA0098801000
B1421304523651N00609350EA0098700999
B1421314523649N00609343EA0098600998
B1421324523648N00609337EA0098500997
B1421334523647N00609330EA0098300995
B1421344523645N00609324EA0098200994
B1421354523644N00609318EA0098000992
B1421364523643N00609311EA0097900991
B1421374523642N00609305EA0097900991
B1421384523640N00609298EA0097700989
B1421394523639N00609292EA0097600988
B1421404523638N00609286EA0097500987
B1421414523637N00609279EA0097300985
B1421424523635N00609273EA0097300985
B1421434523634N00609267EA0097100983
B1421444523633N00609260EA0097000982
B1421454523631N00609254EA0096800980
B1421464523630N00609247EA0096800980
B1421474523629N00609241EA0096600978
B1421484523628N00609235EA0096600978
B1421494523626N00609228EA0096500977
B1421504523625N00609222EA0096300975
B1421514523624N00609215EA0096200974
B1421524523622N00609209EA0096100973
B1421534523621N00609203EA0096100973
B1421544523620N00609196EA0095900971
B1421554523619N00609190EA0095700969
B1421564523617N00609183EA0095700969
B1421574523616N00609177EA0095600968
B1421584523615N00609171EA0095400966
B1421594523614N00609164EA0095300965
B1422004523612N00609158EA0095200964
B1422014523611N00609152EA0095100963
B1422024523610N00609145EA0094900961
B1422034523608N00609139EA0094800960
B1422044523607N00609132EA0094600958
B1422054523606N00609126EA0094600958
B1422064523605N00609120EA0094500957
B1422074523603N00609113EA0094400956
B1422084523602N00609107EA0094300955
B1422094523601N00609100EA0094200954
B1422104523599N00609094EA0094000952
B1422114523598N00609088EA0093900951
B1422124523597N00609081EA0093700949
B1422134523596N00609075EA0093500947
B1422144523594N00609069EA0093500947
B1422154523593N00609062EA0093400946
B1422164523592N00609056EA0093300945
B1422174523590N00609049EA0093200944
B1422184523589N00609043EA0093100943
B1422194523588N00609037EA0093000942
B1422204523586N00609030EA0092900941
B1422214523585N00609024EA0092700939
B1422224523584N00609017EA0092600938
B1422234523583N00609011EA0092600938
B1422244523581N00609005EA0092400936
B1422254523580N00608998EA0092300935
B1422264523579N00608992EA0092100933
B1422274523577N00608986EA0092000932
B1422284523576N00608979EA0091800930
B1422294523575N00608973EA0091700929
B1422304523574N00608966EA0091600928
B1422314523572N00608960EA0091500927
B1422324523571N00608954EA0091500927
B1422334523570N00608947EA0091500927
B1422344523568N00608941EA0091300925
B1422354523567N00608935EA0091200924
B1422364523566N00608928EA0091100923
B1422374523564N00608922EA0091000922
B1422384523563N00608915EA0090800920
B1422394523562N00608909EA0090700919
B1422404523561N00608903EA0090500917
B1422414523559N00608896EA0090400916
B1422424523558N00608890EA0090300915
B1422434523557N00608883EA0090200914
B1422444523555N00608877EA0090100913
B1422454523554N00608871EA0090000912
B1422464523553N00608864EA0089900911
B1422474523551N00608858EA0089900911
B1422484523550N00608852EA0089700909
B1422494523549N00608845EA0089500907
B1422504523547N00608839EA0089400906
B1422514523546N00608832EA0089300905
B1422524523545N00608826EA0089200904
B1422534523544N00608820EA0089100903
B1422544523542N00608813EA0088900901
B1422554523541N00608807EA0088800900
B1422564523540N00608801EA0088600898
B1422574523538N00608794EA0088400896
B1422584523537N00608788EA0088300895
B1422594523536N00608781EA0088200894
B1423004523534N00608775EA0088000892
B1423014523533N00608769EA0087900891
B1423024523532N00608762EA0087800890
B1423034523530N00608756EA0087700889
B1423044523529N00608750EA0087500887
B1423054523528N00608743EA0087400886
B1423064523526N00608737EA0087300885
B1423074523525N00608730EA0087200884
B1423084523524N00608724EA0087100883
B1423094523523N00608718EA0087000882
B1423104523521N00608711EA0086900881
B1423114523520N00608705EA0086700879
B1423124523519N00608699EA0086600878
B1423134523517N00608692EA0086500877
B1423144523516N00608686EA0086400876
B1423154523515N00608680EA0086200874
B1423164523513N00608673EA0086000872
B1423174523512N00608667EA0086000872
B1423184523511N00608660EA0085800870
B1423194523509N00608654EA0085600868
B1423204523508N00608648EA0085500867
B1423214523507N00608641EA0085300865
B1423224523505N00608635EA0085300865
B1423234523504N00608629EA0085200864
B1423244523503N00608622EA0085100863
B1423254523501N00608616EA0085000862
B1423264523500N00608609EA0084900861
B1423274523499N00608603EA0084800860
B1423284523497N00608597EA0084600858
B1423294523496N00608590EA0084500857
B1423304523495N00608584EA0084400856
B1423314523493N00608578EA0084300855
B1423324523492N00608571EA0084200854
B1423334523490N00608565EA0084000852
B1423344523489N00608559EA0084000852
B1423354523488N00608552EA0083800850
B1423364523486N00608546EA0083700849
B1423374523485N00608540EA0083500847
B1423384523484N00608533EA0083400846
B1423394523482N00608527EA0083300845
B1423404523481N00608520EA0083200844
B1423414523480N00608514EA0083100843
B1423424523478N00608508EA0082900841
B1423434523477N00608501EA0082800840
B1423444523476N00608495EA0082700839
B1423454523474N00608489EA0082500837
B1423464523473N00608482EA0082400836
B1423474523471N00608476EA0082400836
B1423484523470N00608470EA0082200834
B1423494523469N00608463EA0082200834
B1423504523467N00608457EA0082100833
B1423514523466N00608451EA0082000832
B1423524523465N00608444EA0081800830
B1423534523463N00608438EA0081700829
B1423544523462N00608432EA0081500827
B1423554523460N00608425EA0081400826
B1423564523460N00608420EA0081100823
B1423574523461N00608415EA0080900821
B1423584523462N00608410EA0080700819
B1423594523465N00608406EA0080500817
B1424004523468N00608402EA0080200814
B1424014523471N00608399EA0080100813
B1424024523475N00608397EA0079800810
B1424034523480N00608396EA0079600808
B1424044523484N00608397EA0079300805
B1424054523489N00608399EA0079100803
B1424064523484N00608396EA0078900801
B1424074523481N00608393EA0078600798
B1424084523478N00608390EA0078400796
B1424094523477N00608385EA0078200794
B1424104523475N00608380EA0077900791
B1424114523475N00608375EA0077600788
B1424124523476N00608370EA0077400786
B1424134523477N00608365EA0077200784
B1424144523480N00608361EA0076900781
B1424154523483N00608357EA0076700779
B1424164523486N00608354EA0076500777
B1424174523490N00608352EA0076300775
B1424184523485N00608355EA0076200774
B1424194523481N00608357EA0075900771
B1424204523477N00608357EA0075600768
B1424214523473N00608356EA0075400766
B1424224523470N00608354EA0075200764
B1424234523467N00608351EA0074900761
B1424244523464N00608347EA0074600758
B1424254523463N00608343EA0074400756
B1424264523462N00608338EA0074200754
B1424274523462N00608333EA0074000752
B1424284523463N00608327EA0073700749
B1424294523465N00608323EA0073500747
B1424304523467N00608318EA0073200744
B1424314523470N00608315EA0073000742
B1424324523468N00608322EA0072800740
B1424334523465N00608328EA0072500737
B1424344523462N00608333EA0072300735
B1424354523458N00608336EA0072000732
B1424364523454N00608339EA0071800730
B1424374523450N00608340EA0071500727
B1424384523446N00608340EA0071200724
B1424394523443N00608339EA0071000722
B1424404523439N00608337EA0070800720
B1424414523436N00608334EA0070400716
B1424424523434N00608330EA0070200714
B1424434523432N00608325EA0070000712
B1424444523432N00608320EA0069700709
B1424454523432N00608315EA0069500707
B1424464523433N00608310EA0069200704
B1424474523435N00608318EA0069100703
B1424484523436N00608325EA0068900701
B1424494523436N00608332EA0068700699
B1424504523435N00608339EA0068400696
B1424514523433N00608346EA0068200694
B1424524523431N00608351EA0067900691
B1424534523428N00608356EA0067700689
B1424544523424N00608360EA0067500687
B1424554523421N00608363EA0067300685
B1424564523417N00608365EA0067000682
B1424574523413N00608365EA0066700679
B1424584523409N00608365EA0066500677
B1424594523405N00608363EA0066200674
B1425004523411N00608365EA0066100673
B1425014523415N00608367EA0065900671
B1425024523419N00608371EA0065700669
B1425034523422N00608376EA0065400666
B1425044523425N00608382EA0065100663
B1425054523427N00608389EA0064900661
B1425064523429N00608396EA0064700659
B1425074523429N00608403EA0064400656
B1425084523429N00608410EA0064100653
B1425094523428N00608417EA0063900651
B1425104523426N00608423EA0063700649
B1425114523429N00608417EA0063600648
B1425124523432N00608414EA0063300645
B1425134523436N00608411EA0063100643
B1425144523440N00608409EA0062900641
B1425154523444N00608409EA0062600638
B1425164523449N00608410EA0062400636
B1425174523453N00608412EA0062100633
B1425184523458N00608415EA0061900631
B1425194523461N00608419EA0061700629
B1425204523465N00608425EA0061400626
B1425214523467N00608431EA0061100623
B1425224523465N00608425EA0061000622
B1425234523465N00608420EA0060800620
B1425244523465N00608414EA0060600618
B1425254523466N00608409EA0060300615
B1425264523468N00608405EA0060100613
B1425274523470N00608400EA0059900611
B1425284523474N00608397EA0059600608
B1425294523477N00608394EA0059300605
B1425304523482N00608393EA0059100603
B1425314523486N00608393EA0058800600
B1425324523491N00608394EA0058500597
B1425334523486N00608392EA0058400596
B1425344523482N00608390EA0058200594
B1425354523480N00608386EA0058000592
B1425364523477N00608382EA0057700589
B1425374523476N00608377EA0057400586
B1425384523475N00608372EA0057200584
B1425394523476N00608367EA0056900581
B1425404523477N00608362EA0056700579
B1425414523479N00608358EA0056400576
B1425424523481N00608353EA0056200574
B1425434523485N00608350EA0055900571
B1425444523489N00608348EA0055700569
B1425454523484N00608352EA0055500567
B1425464523480N00608354EA0055300565
B1425474523476N00608354EA0055100563
B1425484523472N00608354EA0054800560
B1425494523468N00608352EA0054600558
B1425504523465N00608350EA0054400556
B1425514523462N00608346EA0054100553
B1425524523460N00608342EA0053900551
B1425534523459N00608337EA0053600548
B1425544523459N00608332EA0053400546
B1425554523459N00608327EA0053200544
B1425564523461N00608322EA0052900541
B1425574523463N00608317EA0052700539
B1425584523466N00608313EA0052500537
B1425594523464N00608321EA0052300535
B1426004523462N00608327EA0052100533
B1426014523459N00608332EA0051900531
B1426024523455N00608336EA0051600528
B1426034523452N00608340EA0051400526
B1426044523448N00608341EA0051100523
B1426054523443N00608342EA0050800520
B1426064523440N00608342EA0050600518
B1426074523436N00608340EA0050300515
B1426084523433N00608337EA0050000512
B1426094523430N00608333EA0049800510
B1426104523428N00608329EA0049600508
B1426114523427N00608324EA0049300505
B1426124523427N00608319EA0049000502
B1426134523428N00608314EA0048700499
B1426144523430N00608322EA0048500497
B1426154523432N00608329EA0048300495
B1426164523432N00608336EA0048000492
B1426174523432N00608343EA0047800490
B1426184523431N00608350EA0047500487
B1426194523429N00608356EA0047200484
B1426204523426N00608361EA0046900481
B1426214523423N00608366EA0046700479
B1426224523420N00608370EA0046400476
B1426234523416N00608372EA0046200474
B1426244523416N00608372EA0045800470
B1426254523416N00608372EA0045800470
B1426264523416N00608372EA0045800470
B1426274523416N00608372EA0045800470
B1426284523416N00608372EA0045800470
B1426294523416N00608372EA0045800470
B1426304523416N00608372EA0045800470
B1426314523416N00608372EA0045800470
B1426324523416N00608372EA0045800470
B1426334523416N00608372EA0045800470
B1426344523416N00608372EA0045800470
B1426354523416N00608372EA0045800470
B1426364523416N00608372EA0045900471
B1426374523416N00608372EA0045800470
B1426384523416N00608372EA0045700469
B1426394523416N00608372EA0045800470
B1426404523416N00608372EA0045800470
B1426414523416N00608372EA0045800470
B1426424523416N00608372EA0045900471
B1426434523416N00608372EA0045800470
