AXCT FlyLog example
HFDTEDATE:060626,01
HFPLTPILOTINCHARGE:Pilote Demo
HFGTYGLIDERTYPE:Voile EN-B
HFGIDGLIDERID:
B1311004518390N00553220EA0097800990
B1311014518390N00553220EA0097800990
B1311024518390N00553220EA0097800990
B1311034518390N00553220EA0097800990
B1311044518390N00553220EA0097800990
B1311054518390N00553220EA0097800990
B1311064518390N00553220EA0097800990
B1311074518390N00553220EA0097800990
B1311084518390N00553220EA0097800990
B1311094518390N00553220EA0097800990
B1311104518390N00553220EA0097800990
B1311114518390N00553220EA0097800990
B1311124518390N00553220EA0097800990
B1311134518390N00553220EA0097800990
B1311144518390N00553220EA0097800990
B1311154518390N00553220EA0097800990
B1311164518390N00553220EA0097800990
B1311174518390N00553220EA0097800990
B1311184518390N00553220EA0097800990
B1311194518390N00553220EA0097800990
B1311204518390N00553220EA0097800990
B1311214518390N00553220EA0097700989
B1311224518390N00553220EA0097800990
B1311234518390N00553220EA0097800990
B1311244518390N00553220EA0097800990
B1311254518390N00553220EA0097800990
B1311264518390N00553220EA0097800990
B1311274518390N00553220EA0097800990
B1311284518390N00553220EA0097800990
B1311294518390N00553220EA0097800990
B1311304518385N00553216EA0097800990
B1311314518380N00553212EA0097600988
B1311324518374N00553208EA0097500987
B1311334518369N00553203EA0097400986
B1311344518364N00553199EA0097300985
B1311354518359N00553194EA0097200984
B1311364518354N00553190EA0097000982
B1311374518349N00553185EA0096900981
B1311384518344N00553180EA0096900981
B1311394518339N00553176EA0096700979
B1311404518334N00553171EA0096700979
B1311414518329N00553166EA0096500977
B1311424518324N00553162EA0096400976
B1311434518319N00553157EA0096300975
B1311444518314N00553152EA0096200974
B1311454518309N00553147EA0096100973
B1311464518304N00553142EA0095900971
B1311474518299N00553137EA0095900971
B1311484518294N00553133EA0095800970
B1311494518289N00553128EA0095700969
B1311504518284N00553123EA0095500967
B1311514518279N00553118EA0095400966
B1311524518274N00553113EA0095300965
B1311534518269N00553109EA0095200964
B1311544518264N00553104EA0095100963
B1311554518259N00553099EA0095000962
B1311564518255N00553094EA0094900961
B1311574518250N00553089EA0094800960
B1311584518245N00553084EA0094700959
B1311594518240N00553079EA0094600958
B1312004518235N00553074EA0094500957
B1312014518230N00553069EA0094300955
B1312024518225N00553064EA0094200954
B1312034518220N00553058EA0094100953
B1312044518216N00553053EA0094000952
B1312054518211N00553048EA0093900951
B1312064518206N00553043EA0093800950
B1312074518201N00553038EA0093700949
B1312084518196N00553033EA0093600948
B1312094518191N00553027EA0093600948
B1312104518187N00553022EA0093500947
B1312114518182N00553017EA0093400946
B1312124518177N00553012EA0093200944
B1312134518172N00553007EA0093100943
B1312144518167N00553002EA0093000942
B1312154518162N00552996EA0092900941
B1312164518158N00552991EA0092800940
B1312174518153N00552986EA0092700939
B1312184518148N00552981EA0092500937
B1312194518143N00552976EA0092300935
B1312204518138N00552971EA0092200934
B1312214518134N00552965EA0092100933
B1312224518129N00552960EA0091900931
B1312234518124N00552954EA0091800930
B1312244518119N00552949EA0091700929
B1312254518114N00552944EA0091600928
B1312264518110N00552938EA0091500927
B1312274518105N00552933EA0091400926
B1312284518100N00552927EA0091300925
B1312294518097N00552921EA0091600928
B1312304518095N00552913EA0091800930
B1312314518094N00552905EA0092000932
B1312324518095N00552897EA0092200934
B1312334518098N00552889EA0092400936
B1312344518101N00552883EA0092600938
B1312354518105N00552879EA0092800940
B1312364518110N00552876EA0093100943
B1312374518114N00552876EA0093200944
B1312384518119N00552878EA0093300945
B1312394518122N00552881EA0093600948
B1312404518124N00552885EA0093800950
B1312414518125N00552891EA0094000952
B1312424518125N00552896EA0094300955
B1312434518123N00552901EA0094400956
B1312444518120N00552906EA0094600958
B1312454518115N00552908EA0094800960
B1312464518111N00552909EA0094900961
B1312474518106N00552907EA0095200964
B1312484518101N00552904EA0095600968
B1312494518097N00552899EA0095900971
B1312504518094N00552892EA0096100973
B1312514518092N00552884EA0096400976
B1312524518091N00552876EA0096600978
B1312534518092N00552868EA0096900981
B1312544518094N00552861EA0097100983
B1312554518098N00552855EA0097300985
B1312564518102N00552850EA0097500987
B1312574518107N00552848EA0097800990
B1312584518111N00552848EA0098000992
B1312594518115N00552850EA0098200994
B1313004518119N00552853EA0098400996
B1313014518121N00552858EA0098500997
B1313024518122N00552863EA0098600998
B1313034518121N00552868EA0098801000
B1313044518119N00552874EA0099001002
B1313054518116N00552878EA0099401006
B1313064518112N00552880EA0099501007
B1313074518107N00552881EA0099701009
B1313084518102N00552879EA0100001012
B1313094518097N00552876EA0100201014
B1313104518093N00552870EA0100301015
B1313114518090N00552863EA0100601018
B1313124518088N00552856EA0100801020
B1313134518088N00552847EA0101001022
B1313144518089N00552839EA0101201024
B1313154518091N00552832EA0101401026
B1313164518094N00552826EA0101701029
B1313174518099N00552822EA0102001032
B1313184518103N00552820EA0102201034
B1313194518108N00552820EA0102401036
B1313204518112N00552821EA0102601038
B1313214518115N00552825EA0102801040
B1313224518118N00552830EA0103001042
B1313234518118N00552835EA0103101043
B1313244518118N00552841EA0103301045
B1313254518116N00552846EA0103501047
B1313264518112N00552849EA0103801050
B1313274518108N00552852EA0104001052
B1313284518103N00552852EA0104201054
B1313294518098N00552851EA0104301055
B1313304518094N00552847EA0104501057
B1313314518089N00552842EA0104701059
B1313324518086N00552835EA0105001062
B1313334518085N00552827EA0105301065
B1313344518084N00552819EA0105601068
B1313354518085N00552811EA0105801070
B1313364518088N00552804EA0106001072
B1313374518091N00552798EA0106201074
B1313384518096N00552794EA0106401076
B1313394518100N00552792EA0106601078
B1313404518105N00552792EA0106801080
B1313414518109N00552793EA0107101083
B1313424518112N00552797EA0107201084
B1313434518114N00552802EA0107401086
B1313444518115N00552807EA0107501087
B1313454518114N00552813EA0107701089
B1313464518112N00552818EA0107901091
B1313474518109N00552821EA0108301095
B1313484518104N00552824EA0108401096
B1313494518100N00552824EA0108601098
B1313504518095N00552822EA0108801100
B1313514518090N00552819EA0109001102
B1313524518086N00552813EA0109301105
B1313534518083N00552806EA0109601108
B1313544518081N00552798EA0109801110
B1313554518081N00552790EA0110001112
B1313564518082N00552782EA0110301115
B1313574518084N00552775EA0110401116
B1313584518088N00552769EA0110601118
B1313594518092N00552765EA0110701119
B1314004518097N00552763EA0110901121
B1314014518102N00552763EA0111101123
B1314024518106N00552765EA0111201124
B1314034518109N00552769EA0111501127
B1314044518111N00552774EA0111701129
B1314054518112N00552779EA0111801130
B1314064518111N00552785EA0111901131
B1314074518108N00552790EA0112101133
B1314084518105N00552793EA0112401136
B1314094518101N00552796EA0112701139
B1314104518096N00552796EA0112901141
B1314114518091N00552794EA0113101143
B1314124518086N00552790EA0113301145
B1314134518082N00552785EA0113501147
B1314144518079N00552778EA0113701149
B1314154518078N00552770EA0113901151
B1314164518077N00552761EA0114101153
B1314174518079N00552754EA0114301155
B1314184518081N00552746EA0114501157
B1314194518085N00552741EA0114701159
B1314204518089N00552737EA0114901161
B1314214518094N00552735EA0115101163
B1314224518098N00552735EA0115301165
B1314234518102N00552737EA0115501167
B1314244518106N00552741EA0115701169
B1314254518108N00552746EA0115901171
B1314264518108N00552751EA0116101173
B1314274518107N00552757EA0116401176
B1314284518105N00552762EA0116701179
B1314294518101N00552765EA0116901181
B1314304518097N00552767EA0117201184
B1314314518092N00552768EA0117301185
B1314324518087N00552766EA0117501187
B1314334518082N00552762EA0117601188
B1314344518079N00552756EA0118001192
B1314354518076N00552749EA0118201194
B1314364518074N00552741EA0118301195
B1314374518074N00552733EA0118601198
B1314384518075N00552725EA0118801200
B1314394518078N00552718EA0119001202
B1314404518082N00552712EA0119301205
B1314414518086N00552709EA0119401206
B1314424518091N00552707EA0119601208
B1314434518095N00552707EA0119801210
B1314444518099N00552709EA0120001212
B1314454518102N00552713EA0120201214
B1314464518104N00552718EA0120401216
B1314474518105N00552724EA0120701219
B1314484518104N00552729EA0121001222
B1314494518101N00552734EA0121201224
B1314504518098N00552737EA0121301225
B1314514518093N00552739EA0121601228
B1314524518088N00552739EA0121801230
B1314534518083N00552737EA0122001232
B1314544518079N00552733EA0122301235
B1314554518075N00552728EA0122401236
B1314564518072N00552720EA0122701239
B1314574518071N00552712EA0123101243
B1314584518071N00552704EA0123301245
B1314594518072N00552696EA0123401246
B1315004518075N00552689EA0123601248
B1315014518078N00552684EA0123701249
B1315024518083N00552680EA0123901251
B1315034518088N00552679EA0124201254
B1315044518092N00552679EA0124501257
B1315054518096N00552681EA0124801260
B1315064518099N00552685EA0125001262
B1315074518101N00552690EA0125101263
B1315084518101N00552696EA0125301265
B1315094518100N00552701EA0125501267
B1315104518098N00552706EA0125701269
B1315114518094N00552709EA0125901271
B1315124518090N00552711EA0126001272
B1315134518085N00552711EA0126101273
B1315144518080N00552709EA0126301275
B1315154518075N00552705EA0126401276
B1315164518071N00552699EA0126701279
B1315174518069N00552692EA0127001282
B1315184518067N00552684EA0127201284
B1315194518067N00552676EA0127501287
B1315204518069N00552668EA0127701289
B1315214518071N00552661EA0127901291
B1315224518075N00552655EA0128201294
B1315234518080N00552652EA0128401296
B1315244518084N00552650EA0128701299
B1315254518089N00552651EA0128901301
B1315264518093N00552653EA0129101303
B1315274518096N00552657EA0129401306
B1315284518097N00552662EA0129601308
B1315294518098N00552668EA0129901311
B1315304518097N00552673EA0130001312
B1315314518094N00552678EA0130101313
B1315324518090N00552681EA0130401316
B1315334518086N00552683EA0130501317
B1315344518081N00552683EA0130901321
B1315354518076N00552681EA0131001322
B1315364518071N00552676EA0131201324
B1315374518068N00552670EA0131301325
B1315384518065N00552663EA0131501327
B1315394518064N00552655EA0131701329
B1315404518064N00552647EA0131901331
B1315414518065N00552639EA0132101333
B1315424518068N00552632EA0132301335
B1315434518072N00552627EA0132401336
B1315444518077N00552624EA0132501337
B1315454518081N00552622EA0132801340
B1315464518086N00552623EA0133001342
B1315474518090N00552625EA0133201344
B1315484518092N00552629EA0133401346
B1315494518094N00552634EA0133701349
B1315504518094N00552640EA0133801350
B1315514518093N00552645EA0134001352
B1315524518091N00552650EA0134201354
B1315534518087N00552653EA0134501357
B1315544518082N00552655EA0134701359
B1315554518077N00552655EA0134901361
B1315564518072N00552652EA0135101363
B1315574518068N00552648EA0135201364
B1315584518064N00552642EA0135301365
B1315594518062N00552634EA0135601368
B1316004518060N00552626EA0135701369
B1316014518059N00552618EA0135701369
B1316024518058N00552609EA0135501367
B1316034518056N00552600EA0135401366
B1316044518055N00552591EA0135301365
B1316054518054N00552582EA0135201364
B1316064518053N00552573EA0135101363
B1316074518051N00552565EA0135001362
B1316084518049N00552556EA0134901361
B1316094518048N00552547EA0134801360
B1316104518046N00552539EA0134601358
B1316114518044N00552530EA0134501357
B1316124518043N00552521EA0134401356
B1316134518042N00552512EA0134301355
B1316144518040N00552503EA0134201354
B1316154518039N00552494EA0134001352
B1316164518038N00552485EA0134001352
B1316174518037N00552477EA0133901351
B1316184518036N00552468EA0133901351
B1316194518034N00552459EA0133801350
B1316204518033N00552450EA0133701349
B1316214518032N00552441EA0133601348
B1316224518031N00552432EA0133501347
B1316234518029N00552424EA0133401346
B1316244518028N00552415EA0133301345
B1316254518027N00552406EA0133201344
B1316264518026N00552397EA0133101343
B1316274518025N00552388EA0132901341
B1316284518024N00552379EA0132801340
B1316294518022N00552370EA0132701339
B1316304518021N00552362EA0132601338
B1316314518020N00552353EA0132501337
B1316324518018N00552344EA0132401336
B1316334518016N00552335EA0132301335
B1316344518015N00552326EA0132201334
B1316354518014N00552318EA0132001332
B1316364518012N00552309EA0131901331
B1316374518011N00552300EA0131801330
B1316384518010N00552291EA0131601328
B1316394518008N00552282EA0131501327
B1316404518007N00552273EA0131501327
B1316414518007N00552264EA0131401326
B1316424518006N00552255EA0131301325
B1316434518005N00552246EA0131201324
B1316444518004N00552238EA0131001322
B1316454518004N00552229EA0130901321
B1316464518003N00552220EA0130801320
B1316474518003N00552211EA0130701319
B1316484518002N00552202EA0130601318
B1316494518001N00552193EA0130601318
B1316504518001N00552184EA0130501317
B1316514518000N00552175EA0130301315
B1316524518000N00552166EA0130201314
B1316534517999N00552157EA0130101313
B1316544517999N00552148EA0130001312
B1316554517998N00552139EA0129901311
B1316564517998N00552130EA0129701309
B1316574517997N00552121EA0129801310
B1316584517996N00552112EA0129701309
B1316594517995N00552103EA0129701309
B1317004517995N00552094EA0129601308
B1317014517994N00552085EA0129401306
B1317024517993N00552076EA0129301305
B1317034517993N00552067EA0129301305
B1317044517992N00552058EA0129201304
B1317054517991N00552049EA0129101303
B1317064517991N00552040EA0129001302
B1317074517990N00552031EA0128901301
B1317084517990N00552022EA0128901301
B1317094517989N00552013EA0128801300
B1317104517989N00552004EA0128601298
B1317114517988N00551995EA0128501297
B1317124517988N00551986EA0128401296
B1317134517987N00551977EA0128201294
B1317144517987N00551968EA0128101293
B1317154517987N00551959EA0128001292
B1317164517987N00551950EA0127801290
B1317174517986N00551941EA0127801290
B1317184517986N00551932EA0127701289
B1317194517986N00551923EA0127601288
B1317204517986N00551914EA0127401286
B1317214517985N00551905EA0127301285
B1317224517985N00551896EA0127201284
B1317234517985N00551887EA0127101283
B1317244517984N00551878EA0126901281
B1317254517984N00551869EA0126901281
B1317264517984N00551860EA0126701279
B1317274517984N00551851EA0126601278
B1317284517983N00551842EA0126501277
B1317294517983N00551833EA0126401276
B1317304517983N00551824EA0126301275
B1317314517983N00551815EA0126301275
B1317324517983N00551806EA0126201274
B1317334517984N00551797EA0126101273
B1317344517984N00551788EA0125901271
B1317354517984N00551779EA0125901271
B1317364517984N00551770EA0125701269
B1317374517985N00551761EA0125701269
B1317384517985N00551752EA0125501267
B1317394517986N00551743EA0125401266
B1317404517986N00551734EA0125301265
B1317414517986N00551725EA0125201264
B1317424517987N00551716EA0125201264
B1317434517987N00551707EA0125201264
B1317444517987N00551698EA0125001262
B1317454517987N00551689EA0124901261
B1317464517987N00551680EA0124801260
B1317474517987N00551671EA0124701259
B1317484517987N00551662EA0124601258
B1317494517988N00551653EA0124401256
B1317504517988N00551644EA0124301255
B1317514517988N00551635EA0124201254
B1317524517989N00551626EA0124001252
B1317534517989N00551617EA0124001252
B1317544517989N00551608EA0123901251
B1317554517989N00551599EA0123801250
B1317564517990N00551590EA0123801250
B1317574517990N00551581EA0123601248
B1317584517990N00551572EA0123601248
B1317594517991N00551563EA0123401246
B1318004517991N00551554EA0123201244
B1318014517992N00551545EA0123101243
B1318024517992N00551536EA0123001242
B1318034517993N00551528EA0122901241
B1318044517994N00551519EA0122801240
B1318054517994N00551510EA0122701239
B1318064517995N00551501EA0122601238
B1318074517995N00551492EA0122501237
B1318084517995N00551483EA0122301235
B1318094517996N00551474EA0122201234
B1318104517996N00551465EA0122101233
B1318114517997N00551456EA0122001232
B1318124517997N00551447EA0121901231
B1318134517997N00551438EA0121701229
B1318144517998N00551429EA0121601228
B1318154517998N00551420EA0121501227
B1318164517998N00551411EA0121301225
B1318174517998N00551402EA0121201224
B1318184517999N00551393EA0121101223
B1318194517999N00551384EA0121001222
B1318204517999N00551375EA0120801220
B1318214518001N00551367EA0121001222
B1318224518004N00551361EA0121101223
B1318234518008N00551356EA0121201224
B1318244518012N00551352EA0121301225
B1318254518017N00551351EA0121501227
B1318264518021N00551352EA0121501227
B1318274518025N00551355EA0121701229
B1318284518028N00551359EA0121801230
B1318294518029N00551364EA0121901231
B1318304518029N00551370EA0122001232
B1318314518028N00551375EA0122101233
B1318324518025N00551380EA0122301235
B1318334518022N00551383EA0122501237
B1318344518017N00551384EA0122701239
B1318354518012N00551384EA0122801240
B1318364518007N00551381EA0122901241
B1318374518003N00551376EA0123101243
B1318384517999N00551370EA0123101243
B1318394517997N00551363EA0123201244
B1318404517995N00551355EA0123401246
B1318414517996N00551346EA0123401246
B1318424517998N00551339EA0123601248
B1318434518001N00551332EA0123601248
B1318444518005N00551327EA0123701249
B1318454518009N00551324EA0123801250
B1318464518014N00551323EA0124001252
B1318474518018N00551324EA0124101253
B1318484518022N00551327EA0124301255
B1318494518025N00551331EA0124501257
B1318504518026N00551336EA0124601258
B1318514518026N00551342EA0124801260
B1318524518025N00551347EA0125001262
B1318534518022N00551352EA0125101263
B1318544518018N00551355EA0125201264
B1318554518013N00551356EA0125301265
B1318564518008N00551355EA0125301265
B1318574518003N00551353EA0125501267
B1318584517999N00551348EA0125501267
B1318594517995N00551342EA0125601268
B1319004517993N00551334EA0125601268
B1319014517992N00551326EA0125701269
B1319024517993N00551318EA0125801270
B1319034517994N00551310EA0125801270
B1319044517997N00551304EA0126001272
B1319054518001N00551299EA0126101273
B1319064518006N00551296EA0126101273
B1319074518011N00551295EA0126301275
B1319084518015N00551296EA0126401276
B1319094518019N00551299EA0126501277
B1319104518021N00551303EA0126501277
B1319114518023N00551308EA0126701279
B1319124518023N00551314EA0126801280
B1319134518021N00551319EA0126901281
B1319144518018N00551324EA0127001282
B1319154518014N00551327EA0127101283
B1319164518009N00551328EA0127201284
B1319174518004N00551327EA0127201284
B1319184518000N00551324EA0127401286
B1319194517995N00551319EA0127401286
B1319204517992N00551313EA0127501287
B1319214517989N00551305EA0127601288
B1319224517989N00551297EA0127601288
B1319234517989N00551289EA0127601288
B1319244517991N00551282EA0127801290
B1319254517994N00551275EA0127801290
B1319264517998N00551270EA0128001292
B1319274518003N00551267EA0128201294
B1319284518008N00551267EA0128201294
B1319294518012N00551268EA0128201294
B1319304518015N00551271EA0128301295
B1319314518018N00551275EA0128301295
B1319324518019N00551281EA0128401296
B1319334518019N00551286EA0128501297
B1319344518017N00551291EA0128701299
B1319354518014N00551296EA0128701299
B1319364518010N00551299EA0128801300
B1319374518006N00551300EA0129001302
B1319384518001N00551299EA0129001302
B1319394517996N00551296EA0129101303
B1319404517992N00551291EA0129201304
B1319414517988N00551284EA0129301305
B1319424517986N00551277EA0129501307
B1319434517985N00551269EA0129501307
B1319444517986N00551260EA0129601308
B1319454517988N00551253EA0129701309
B1319464517991N00551247EA0129701309
B1319474517995N00551242EA0129901311
B1319484518000N00551239EA0130001312
B1319494518004N00551239EA0130001312
B1319504518009N00551240EA0130201314
B1319514518012N00551243EA0130401316
B1319524518015N00551247EA0130601318
B1319534518016N00551253EA0130801320
B1319544518016N00551258EA0130901321
B1319554518014N00551263EA0131001322
B1319564518011N00551268EA0131101323
B1319574518007N00551270EA0131301325
B1319584518002N00551271EA0131401326
B1319594517997N00551270EA0131501327
B1320004517992N00551267EA0131801330
B1320014517988N00551262EA0131801330
B1320024517985N00551256EA0131901331
B1320034517982N00551248EA0131901331
B1320044517982N00551240EA0132001332
B1320054517982N00551232EA0132101333
B1320064517985N00551224EA0132101333
B1320074517988N00551218EA0132301335
B1320084517992N00551214EA0132301335
B1320094517997N00551211EA0132301335
B1320104518001N00551210EA0132401336
B1320114518005N00551212EA0132501337
B1320124518009N00551215EA0132701339
B1320134518011N00551219EA0132801340
B1320144518012N00551225EA0132901341
B1320154518012N00551230EA0133101343
B1320164518010N00551235EA0133101343
B1320174518007N00551240EA0133201344
B1320184518003N00551242EA0133301345
B1320194517998N00551243EA0133401346
B1320204517993N00551242EA0133501347
B1320214517989N00551239EA0133601348
B1320224517984N00551234EA0133701349
B1320234517981N00551227EA0133801350
B1320244517979N00551219EA0134001352
B1320254517978N00551211EA0134101353
B1320264517979N00551203EA0134201354
B1320274517981N00551196EA0134401356
B1320284517985N00551190EA0134501357
B1320294517989N00551185EA0134601358
B1320304517993N00551183EA0134701359
B1320314517998N00551182EA0134801360
B1320324518002N00551184EA0134901361
B1320334518006N00551187EA0134901361
B1320344518008N00551192EA0135101363
B1320354518009N00551197EA0135301365
B1320364518009N00551202EA0135501367
B1320374518007N00551208EA0135601368
B1320384518004N00551212EA0135701369
B1320394517999N00551214EA0135901371
B1320404517995N00551215EA0135901371
B1320414517990N00551214EA0136101373
B1320424517985N00551210EA0136201374
B1320434517981N00551205EA0136301375
B1320444517977N00551199EA0136401376
B1320454517975N00551191EA0136501377
B1320464517975N00551183EA0136601378
B1320474517976N00551175EA0136801380
B1320484517978N00551167EA0136901381
B1320494517981N00551161EA0136901381
B1320504517986N00551157EA0137001382
B1320514517990N00551154EA0137101383
B1320524517995N00551154EA0137201384
B1320534517999N00551156EA0137301385
B1320544518002N00551159EA0137401386
B1320554518005N00551164EA0137601388
B1320564518006N00551169EA0137701389
B1320574518005N00551174EA0137801390
B1320584518003N00551180EA0138001392
B1320594518000N00551184EA0138101393
B1321004517996N00551186EA0138101393
B1321014517991N00551187EA0138201394
B1321024517986N00551185EA0138301395
B1321034517981N00551182EA0138501397
B1321044517977N00551177EA0138501397
B1321054517974N00551170EA0138801400
B1321064517972N00551162EA0138901401
B1321074517971N00551154EA0139001402
B1321084517972N00551146EA0139101403
B1321094517975N00551139EA0139201404
B1321104517978N00551133EA0139301405
B1321114517982N00551128EA0139401406
B1321124517987N00551126EA0139701409
B1321134517992N00551126EA0139801410
B1321144517996N00551128EA0139901411
B1321154517999N00551131EA0140101413
B1321164518001N00551136EA0140201414
B1321174518002N00551141EA0140301415
B1321184518002N00551147EA0140301415
B1321194518000N00551152EA0140601418
B1321204517996N00551156EA0140701419
B1321214517992N00551158EA0140701419
B1321224517987N00551159EA0140801420
B1321234517982N00551157EA0140901421
B1321244517977N00551154EA0140901421
B1321254517973N00551148EA0141001422
B1321264517970N00551141EA0141001422
B1321274517968N00551134EA0141101423
B1321284517968N00551125EA0141101423
B1321294517969N00551117EA0141301425
B1321304517971N00551110EA0141301425
B1321314517975N00551104EA0141301425
B1321324517979N00551100EA0141401426
B1321334517984N00551098EA0141401426
B1321344517988N00551098EA0141501427
B1321354517993N00551100EA0141601428
B1321364517996N00551103EA0141601428
B1321374517998N00551108EA0141801430
B1321384517999N00551113EA0142001432
B1321394517998N00551119EA0142101433
B1321404517996N00551124EA0142301435
B1321414517993N00551128EA0142401436
B1321424517988N00551130EA0142601438
B1321434517984N00551130EA0142701439
B1321444517979N00551129EA0142801440
B1321454517974N00551125EA0142801440
B1321464517970N00551120EA0142901441
B1321474517967N00551113EA0143101443
B1321484517965N00551105EA0143201444
B1321494517965N00551097EA0143301445
B1321504517966N00551089EA0143401446
B1321514517968N00551081EA0143501447
B1321524517972N00551076EA0143601448
B1321534517976N00551072EA0143801450
B1321544517981N00551070EA0144001452
B1321554517985N00551070EA0144101453
B1321564517989N00551071EA0144301455
B1321574517993N00551075EA0144301455
B1321584517995N00551080EA0144401456
B1321594517995N00551085EA0144701459
B1322004517995N00551091EA0144801460
B1322014517994N00551097EA0144701459
B1322024517993N00551103EA0144601458
B1322034517993N00551110EA0144501457
B1322044517992N00551116EA0144401456
B1322054517991N00551122EA0144301455
B1322064517991N00551129EA0144301455
B1322074517990N00551135EA0144201454
B1322084517990N00551141EA0144101453
B1322094517989N00551147EA0144001452
B1322104517989N00551154EA0143801450
B1322114517988N00551160EA0143701449
B1322124517988N00551166EA0143701449
B1322134517987N00551173EA0143501447
B1322144517987N00551179EA0143301445
B1322154517986N00551185EA0143201444
B1322164517986N00551192EA0143101443
B1322174517985N00551198EA0143001442
B1322184517985N00551204EA0142901441
B1322194517984N00551210EA0142801440
B1322204517984N00551217EA0142701439
B1322214517983N00551223EA0142501437
B1322224517983N00551229EA0142401436
B1322234517983N00551236EA0142201434
B1322244517982N00551242EA0142101433
B1322254517982N00551248EA0142001432
B1322264517981N00551255EA0141901431
B1322274517981N00551261EA0141701429
B1322284517981N00551267EA0141701429
B1322294517980N00551274EA0141501427
B1322304517980N00551280EA0141401426
B1322314517980N00551286EA0141301425
B1322324517979N00551292EA0141201424
B1322334517979N00551299EA0141101423
B1322344517979N00551305EA0141001422
B1322354517978N00551311EA0140901421
B1322364517978N00551318EA0140901421
B1322374517978N00551324EA0140801420
B1322384517977N00551330EA0140701419
B1322394517977N00551337EA0140601418
B1322404517977N00551343EA0140401416
B1322414517977N00551349EA0140301415
B1322424517977N00551356EA0140101413
B1322434517977N00551362EA0140001412
B1322444517977N00551368EA0139801410
B1322454517977N00551375EA0139701409
B1322464517976N00551381EA0139501407
B1322474517976N00551387EA0139401406
B1322484517976N00551394EA0139301405
B1322494517976N00551400EA0139201404
B1322504517977N00551406EA0139001402
B1322514517977N00551412EA0138901401
B1322524517977N00551419EA0138801400
B1322534517977N00551425EA0138701399
B1322544517977N00551431EA0138601398
B1322554517978N00551438EA0138401396
B1322564517978N00551444EA0138401396
B1322574517979N00551450EA0138201394
B1322584517979N00551456EA0138101393
B1322594517979N00551463EA0138001392
B1323004517979N00551469EA0137901391
B1323014517980N00551475EA0137801390
B1323024517980N00551482EA0137701389
B1323034517980N00551488EA0137601388
B1323044517980N00551494EA0137501387
B1323054517980N00551501EA0137401386
B1323064517981N00551507EA0137401386
B1323074517981N00551513EA0137201384
B1323084517981N00551519EA0137101383
B1323094517982N00551526EA0137001382
B1323104517982N00551532EA0136901381
B1323114517982N00551538EA0136801380
B1323124517983N00551545EA0136601378
B1323134517983N00551551EA0136501377
B1323144517983N00551557EA0136401376
B1323154517983N00551563EA0136301375
B1323164517984N00551570EA0136101373
B1323174517984N00551576EA0136001372
B1323184517984N00551582EA0135801370
B1323194517984N00551589EA0135701369
B1323204517985N00551595EA0135601368
B1323214517985N00551601EA0135501367
B1323224517985N00551608EA0135401366
B1323234517985N00551614EA0135301365
B1323244517984N00551620EA0135201364
B1323254517984N00551626EA0135001362
B1323264517984N00551633EA0134901361
B1323274517984N00551639EA0134801360
B1323284517984N00551645EA0134701359
B1323294517984N00551652EA0134601358
B1323304517984N00551658EA0134601358
B1323314517984N00551664EA0134501357
B1323324517984N00551671EA0134301355
B1323334517983N00551677EA0134201354
B1323344517983N00551683EA0134001352
B1323354517983N00551690EA0133901351
B1323364517983N00551696EA0133801350
B1323374517983N00551702EA0133601348
B1323384517984N00551709EA0133601348
B1323394517984N00551715EA0133501347
B1323404517984N00551721EA0133401346
B1323414517982N00551726EA0133501347
B1323424517980N00551731EA0133601348
B1323434517976N00551734EA0133701349
B1323444517971N00551736EA0133801350
B1323454517966N00551735EA0133901351
B1323464517961N00551733EA0134001352
B1323474517957N00551728EA0134201354
B1323484517953N00551722EA0134301355
B1323494517951N00551715EA0134401356
B1323504517950N00551706EA0134501357
B1323514517950N00551698EA0134801360
B1323524517952N00551691EA0134801360
B1323534517955N00551684EA0134901361
B1323544517959N00551679EA0135001362
B1323554517963N00551676EA0135101363
B1323564517968N00551675EA0135201364
B1323574517972N00551676EA0135301365
B1323584517976N00551678EA0135401366
B1323594517979N00551683EA0135501367
B1324004517980N00551688EA0135601368
B1324014517980N00551693EA0135701369
B1324024517979N00551699EA0135901371
B1324034517976N00551703EA0136101373
B1324044517972N00551706EA0136101373
B1324054517968N00551708EA0136301375
B1324064517963N00551707EA0136401376
B1324074517958N00551704EA0136501377
B1324084517953N00551700EA0136601378
B1324094517950N00551693EA0136701379
B1324104517947N00551686EA0136701379
B1324114517946N00551678EA0136901381
B1324124517947N00551670EA0137001382
B1324134517949N00551662EA0137201384
B1324144517952N00551655EA0137401386
B1324154517956N00551650EA0137501387
B1324164517960N00551647EA0137601388
B1324174517965N00551646EA0137701389
B1324184517969N00551648EA0137801390
B1324194517973N00551650EA0137801390
B1324204517976N00551655EA0137801390
B1324214517977N00551660EA0137901391
B1324224517977N00551665EA0137901391
B1324234517975N00551671EA0138001392
B1324244517973N00551675EA0138101393
B1324254517969N00551678EA0138301395
B1324264517964N00551679EA0138401396
B1324274517959N00551679EA0138401396
B1324284517954N00551676EA0138401396
B1324294517950N00551671EA0138501397
B1324304517946N00551665EA0138701399
B1324314517944N00551657EA0138801400
B1324324517943N00551649EA0139001402
B1324334517943N00551641EA0139001402
B1324344517945N00551633EA0139101403
B1324354517948N00551627EA0139101403
B1324364517952N00551622EA0139101403
B1324374517957N00551619EA0139201404
B1324384517962N00551618EA0139201404
B1324394517966N00551619EA0139301405
B1324404517970N00551622EA0139401406
B1324414517972N00551627EA0139401406
B1324424517974N00551632EA0139501407
B1324434517973N00551637EA0139601408
B1324444517972N00551643EA0139701409
B1324454517969N00551647EA0139801410
B1324464517965N00551650EA0139801410
B1324474517960N00551651EA0139901411
B1324484517955N00551650EA0140101413
B1324494517950N00551647EA0140201414
B1324504517946N00551643EA0140301415
B1324514517943N00551636EA0140301415
B1324524517940N00551629EA0140301415
B1324534517939N00551620EA0140401416
B1324544517940N00551612EA0140501417
B1324554517942N00551605EA0140501417
B1324564517945N00551598EA0140601418
B1324574517949N00551594EA0140701419
B1324584517954N00551591EA0140901421
B1324594517959N00551590EA0141001422
B1325004517963N00551591EA0141101423
B1325014517966N00551594EA0141201424
B1325024517969N00551599EA0141201424
B1325034517970N00551604EA0141301425
B1325044517970N00551610EA0141401426
B1325054517968N00551615EA0141401426
B1325064517965N00551619EA0141501427
B1325074517961N00551622EA0141601428
B1325084517957N00551623EA0141801430
B1325094517952N00551622EA0141901431
B1325104517947N00551619EA0142101433
B1325114517942N00551614EA0142201434
B1325124517939N00551608EA0142301435
B1325134517937N00551600EA0142401436
B1325144517936N00551592EA0142401436
B1325154517937N00551584EA0142501437
B1325164517939N00551576EA0142601438
B1325174517942N00551570EA0142701439
B1325184517946N00551565EA0142801440
B1325194517951N00551563EA0142901441
B1325204517955N00551562EA0143101443
B1325214517960N00551563EA0143301445
B1325224517963N00551566EA0143501447
B1325234517966N00551571EA0143701449
B1325244517967N00551576EA0143901451
B1325254517966N00551582EA0144001452
B1325264517965N00551587EA0144101453
B1325274517962N00551591EA0144101453
B1325284517958N00551594EA0144201454
B1325294517953N00551595EA0144401456
B1325304517948N00551594EA0144401456
B1325314517943N00551591EA0144601458
B1325324517939N00551586EA0144701459
B1325334517935N00551579EA0144901461
B1325344517933N00551571EA0144901461
B1325354517933N00551563EA0145001462
B1325364517933N00551555EA0145101463
B1325374517935N00551548EA0145101463
B1325384517939N00551541EA0145101463
B1325394517943N00551537EA0145301465
B1325404517948N00551534EA0145401466
B1325414517952N00551534EA0145501467
B1325424517956N00551535EA0145501467
B1325434517960N00551538EA0145601468
B1325444517962N00551543EA0145601468
B1325454517963N00551548EA0145801470
B1325464517963N00551554EA0145901471
B1325474517961N00551559EA0146001472
B1325484517958N00551563EA0146101473
B1325494517954N00551566EA0146301475
B1325504517949N00551567EA0146401476
B1325514517944N00551565EA0146601478
B1325524517939N00551562EA0146701479
B1325534517935N00551557EA0146701479
B1325544517932N00551550EA0146801480
B1325554517930N00551543EA0146901481
B1325564517929N00551534EA0147001482
B1325574517930N00551526EA0147001482
B1325584517932N00551519EA0147001482
B1325594517936N00551513EA0147201484
B1326004517940N00551508EA0147401486
B1326014517944N00551506EA0147401486
B1326024517949N00551506EA0147501487
B1326034517953N00551507EA0147501487
B1326044517957N00551510EA0147501487
B1326054517959N00551515EA0147601488
B1326064517960N00551520EA0147701489
B1326074517959N00551526EA0147801490
B1326084517958N00551531EA0147901491
B1326094517954N00551535EA0148001492
B1326104517950N00551538EA0148001492
B1326114517945N00551538EA0148001492
B1326124517940N00551537EA0148101493
B1326134517936N00551534EA0148101493
B1326144517931N00551528EA0148101493
B1326154517928N00551522EA0148201494
B1326164517926N00551514EA0148301495
B1326174517926N00551506EA0148401496
B1326184517927N00551498EA0148501497
B1326194517929N00551490EA0148501497
B1326204517932N00551484EA0148401496
B1326214517937N00551480EA0148501497
B1326224517941N00551478EA0148601498
B1326234517946N00551477EA0148701499
B1326244517950N00551479EA0148801500
B1326254517953N00551482EA0149001502
B1326264517956N00551487EA0149101503
B1326274517956N00551492EA0149201504
B1326284517956N00551498EA0149301505
B1326294517954N00551503EA0149501507
B1326304517951N00551507EA0149701509
B1326314517947N00551510EA0149801510
B1326324517942N00551510EA0150001512
B1326334517937N00551509EA0150101513
B1326344517932N00551505EA0150201514
B1326354517928N00551500EA0150201514
B1326364517925N00551493EA0150201514
B1326374517923N00551485EA0150401516
B1326384517922N00551477EA0150501517
B1326394517923N00551469EA0150601518
B1326404517926N00551462EA0150701519
B1326414517929N00551456EA0150801520
B1326424517933N00551452EA0150901521
B1326434517938N00551449EA0151001522
B1326444517943N00551449EA0151001522
B1326454517947N00551451EA0151201524
B1326464517950N00551454EA0151301525
B1326474517952N00551459EA0151501527
B1326484517953N00551465EA0151501527
B1326494517952N00551470EA0151601528
B1326504517950N00551475EA0151701529
B1326514517947N00551479EA0151901531
B1326524517943N00551481EA0151901531
B1326534517938N00551482EA0152101533
B1326544517933N00551480EA0152201534
B1326554517928N00551477EA0152401536
B1326564517924N00551471EA0152601538
B1326574517921N00551465EA0152601538
B1326584517919N00551457EA0152701539
B1326594517919N00551448EA0152801540
B1327004517920N00551440EA0152701539
B1327014517922N00551433EA0152701539
B1327024517926N00551427EA0152801540
B1327034517930N00551423EA0153001542
B1327044517935N00551421EA0153001542
B1327054517939N00551421EA0153201544
B1327064517944N00551423EA0153301545
B1327074517947N00551427EA0153401546
B1327084517949N00551431EA0153501547
B1327094517950N00551437EA0153701549
B1327104517949N00551442EA0153801550
B1327114517947N00551447EA0153801550
B1327124517943N00551451EA0153901551
B1327134517939N00551453EA0153901551
B1327144517934N00551454EA0154001552
B1327154517929N00551452EA0154001552
B1327164517925N00551448EA0154101553
B1327174517921N00551443EA0154301555
B1327184517918N00551436EA0154401556
B1327194517916N00551428EA0154601558
B1327204517916N00551420EA0154601558
B1327214517917N00551412EA0154701559
B1327224517919N00551405EA0154801560
B1327234517923N00551399EA0155001562
B1327244517927N00551395EA0155101563
B1327254517932N00551393EA0155201564
B1327264517936N00551393EA0155401566
B1327274517940N00551395EA0155401566
B1327284517944N00551399EA0155401566
B1327294517946N00551403EA0155401566
B1327304517946N00551409EA0155601568
B1327314517945N00551414EA0155701569
B1327324517943N00551419EA0155801570
B1327334517940N00551423EA0155801570
B1327344517935N00551425EA0155901571
B1327354517931N00551425EA0156101573
B1327364517926N00551424EA0156101573
B1327374517921N00551420EA0156201574
B1327384517917N00551414EA0156301575
B1327394517914N00551407EA0156401576
B1327404517912N00551399EA0156601578
B1327414517912N00551391EA0156501577
B1327424517913N00551383EA0156701579
B1327434517916N00551376EA0156701579
B1327444517920N00551370EA0156901581
B1327454517924N00551367EA0156901581
B1327464517929N00551365EA0157001582
B1327474517933N00551365EA0157101583
B1327484517937N00551367EA0157201584
B1327494517940N00551371EA0157201584
B1327504517944N00551375EA0157101583
B1327514517948N00551379EA0157001582
B1327524517951N00551383EA0156901581
B1327534517955N00551387EA0156801580
B1327544517959N00551391EA0156701579
B1327554517963N00551394EA0156501577
B1327564517966N00551398EA0156401576
B1327574517970N00551402EA0156301575
B1327584517974N00551406EA0156201574
B1327594517978N00551410EA0156201574
B1328004517982N00551413EA0156001572
B1328014517986N00551417EA0155901571
B1328024517990N00551421EA0155801570
B1328034517994N00551424EA0155701569
B1328044517998N00551428EA0155701569
B1328054518002N00551431EA0155601568
B1328064518006N00551435EA0155501567
B1328074518010N00551438EA0155401566
B1328084518014N00551441EA0155301565
B1328094518018N00551445EA0155201564
B1328104518022N00551448EA0155101563
B1328114518026N00551451EA0155001562
B1328124518030N00551455EA0154901561
B1328134518035N00551458EA0154901561
B1328144518039N00551461EA0154701559
B1328154518043N00551464EA0154701559
B1328164518047N00551467EA0154601558
B1328174518052N00551470EA0154401556
B1328184518056N00551473EA0154301555
B1328194518060N00551475EA0154201554
B1328204518065N00551478EA0154101553
B1328214518069N00551480EA0153901551
B1328224518074N00551483EA0153901551
B1328234518078N00551486EA0153801550
B1328244518083N00551488EA0153701549
B1328254518087N00551491EA0153601548
B1328264518092N00551493EA0153401546
B1328274518096N00551495EA0153301545
B1328284518101N00551498EA0153201544
B1328294518105N00551500EA0153101543
B1328304518110N00551502EA0153001542
B1328314518115N00551505EA0153001542
B1328324518119N00551507EA0152801540
B1328334518124N00551509EA0152701539
B1328344518129N00551511EA0152701539
B1328354518133N00551513EA0152501537
B1328364518138N00551515EA0152401536
B1328374518143N00551516EA0152301535
B1328384518148N00551518EA0152201534
B1328394518152N00551519EA0152101533
B1328404518157N00551521EA0151901531
B1328414518162N00551522EA0151801530
B1328424518167N00551524EA0151601528
B1328434518172N00551525EA0151601528
B1328444518177N00551527EA0151401526
B1328454518182N00551528EA0151301525
B1328464518187N00551529EA0151201524
B1328474518192N00551530EA0151101523
B1328484518197N00551531EA0151001522
B1328494518201N00551532EA0150901521
B1328504518206N00551534EA0150801520
B1328514518211N00551535EA0150601518
B1328524518216N00551536EA0150601518
B1328534518221N00551537EA0150501517
B1328544518226N00551538EA0150401516
B1328554518231N00551539EA0150301515
B1328564518236N00551540EA0150201514
B1328574518241N00551541EA0150101513
B1328584518246N00551542EA0149901511
B1328594518251N00551542EA0149801510
B1329004518256N00551543EA0149701509
B1329014518261N00551544EA0149601508
B1329024518266N00551545EA0149501507
B1329034518271N00551545EA0149301505
B1329044518276N00551546EA0149201504
B1329054518281N00551546EA0149101503
B1329064518286N00551546EA0149001502
B1329074518292N00551547EA0148901501
B1329084518297N00551547EA0148701499
B1329094518302N00551547EA0148701499
B1329104518307N00551547EA0148601498
B1329114518312N00551548EA0148501497
B1329124518317N00551548EA0148401496
B1329134518322N00551548EA0148301495
B1329144518327N00551548EA0148201494
B1329154518333N00551548EA0148001492
B1329164518338N00551548EA0147901491
B1329174518343N00551548EA0147701489
B1329184518348N00551548EA0147601488
B1329194518353N00551548EA0147501487
B1329204518358N00551548EA0147401486
B1329214518363N00551548EA0147301485
B1329224518369N00551547EA0147101483
B1329234518374N00551547EA0147001482
B1329244518379N00551547EA0146901481
B1329254518384N00551547EA0146701479
B1329264518389N00551547EA0146601478
B1329274518394N00551546EA0146501477
B1329284518400N00551546EA0146401476
B1329294518405N00551546EA0146301475
B1329304518410N00551546EA0146101473
B1329314518415N00551546EA0146001472
B1329324518420N00551545EA0145901471
B1329334518425N00551545EA0145801470
B1329344518431N00551544EA0145701469
B1329354518436N00551544EA0145601468
B1329364518441N00551543EA0145501467
B1329374518446N00551542EA0145301465
B1329384518451N00551541EA0145201464
B1329394518457N00551540EA0145201464
B1329404518462N00551539EA0145101463
B1329414518467N00551538EA0144901461
B1329424518472N00551537EA0144801460
B1329434518478N00551536EA0144701459
B1329444518483N00551535EA0144601458
B1329454518488N00551534EA0144501457
B1329464518493N00551533EA0144401456
B1329474518498N00551532EA0144301455
B1329484518504N00551531EA0144101453
B1329494518509N00551530EA0144001452
B1329504518514N00551529EA0144001452
B1329514518519N00551527EA0143801450
B1329524518525N00551526EA0143701449
B1329534518530N00551524EA0143601448
B1329544518535N00551523EA0143401446
B1329554518540N00551522EA0143301445
B1329564518545N00551521EA0143201444
B1329574518551N00551519EA0143101443
B1329584518556N00551518EA0142901441
B1329594518561N00551517EA0142801440
B1330004518566N00551516EA0142701439
B1330014518572N00551515EA0142601438
B1330024518577N00551514EA0142501437
B1330034518582N00551514EA0142401436
B1330044518587N00551513EA0142301435
B1330054518592N00551513EA0142201434
B1330064518598N00551512EA0142001432
B1330074518603N00551512EA0141901431
B1330084518608N00551511EA0141801430
B1330094518613N00551511EA0141801430
B1330104518618N00551510EA0141601428
B1330114518624N00551510EA0141501427
B1330124518629N00551509EA0141401426
B1330134518634N00551509EA0141301425
B1330144518639N00551508EA0141201424
B1330154518644N00551508EA0141101423
B1330164518649N00551507EA0141001422
B1330174518655N00551507EA0140901421
B1330184518660N00551507EA0140801420
B1330194518665N00551506EA0140601418
B1330204518670N00551506EA0140501417
B1330214518675N00551505EA0140401416
B1330224518681N00551505EA0140301415
B1330234518686N00551504EA0140201414
B1330244518691N00551504EA0140101413
B1330254518696N00551503EA0140001412
B1330264518701N00551503EA0139901411
B1330274518707N00551502EA0139701409
B1330284518712N00551502EA0139601408
B1330294518717N00551501EA0139601408
B1330304518722N00551501EA0139501407
B1330314518727N00551500EA0139401406
B1330324518733N00551499EA0139201404
B1330334518738N00551498EA0139101403
B1330344518743N00551497EA0139001402
B1330354518748N00551497EA0138901401
B1330364518753N00551496EA0138701399
B1330374518759N00551495EA0138601398
B1330384518764N00551495EA0138501397
B1330394518769N00551494EA0138301395
B1330404518774N00551494EA0138201394
B1330414518779N00551493EA0138101393
B1330424518785N00551493EA0138001392
B1330434518790N00551493EA0137901391
B1330444518795N00551493EA0137801390
B1330454518800N00551493EA0137701389
B1330464518805N00551493EA0137601388
B1330474518810N00551493EA0137501387
B1330484518815N00551493EA0137401386
B1330494518821N00551493EA0137301385
B1330504518826N00551493EA0137201384
B1330514518831N00551493EA0137101383
B1330524518836N00551493EA0137001382
B1330534518841N00551492EA0136801380
B1330544518846N00551492EA0136701379
B1330554518852N00551492EA0136701379
B1330564518857N00551492EA0136601378
B1330574518862N00551491EA0136401376
B1330584518867N00551491EA0136301375
B1330594518872N00551491EA0136201374
B1331004518877N00551491EA0136101373
B1331014518882N00551491EA0136001372
B1331024518888N00551492EA0135901371
B1331034518893N00551492EA0135901371
B1331044518898N00551492EA0135701369
B1331054518903N00551493EA0135601368
B1331064518908N00551493EA0135501367
B1331074518913N00551494EA0135301365
B1331084518918N00551494EA0135201364
B1331094518923N00551495EA0135101363
B1331104518928N00551495EA0135001362
B1331114518933N00551496EA0134901361
B1331124518938N00551496EA0134801360
B1331134518943N00551496EA0134701359
B1331144518949N00551496EA0134601358
B1331154518954N00551497EA0134501357
B1331164518959N00551497EA0134401356
B1331174518964N00551497EA0134201354
B1331184518969N00551497EA0134101353
B1331194518974N00551498EA0134001352
B1331204518979N00551498EA0133901351
B1331214518984N00551498EA0133901351
B1331224518989N00551499EA0133801350
B1331234518994N00551499EA0133701349
B1331244518999N00551500EA0133601348
B1331254519005N00551500EA0133501347
B1331264519010N00551501EA0133401346
B1331274519015N00551502EA0133301345
B1331284519020N00551503EA0133201344
B1331294519024N00551504EA0133201344
B1331304519029N00551506EA0133101343
B1331314519034N00551506EA0132901341
B1331324519039N00551508EA0132701339
B1331334519044N00551509EA0132601338
B1331344519049N00551510EA0132501337
B1331354519054N00551511EA0132401336
B1331364519059N00551513EA0132301335
B1331374519064N00551514EA0132301335
B1331384519068N00551516EA0132101333
B1331394519073N00551517EA0132001332
B1331404519078N00551519EA0131901331
B1331414519083N00551520EA0131701329
B1331424519088N00551522EA0131601328
B1331434519093N00551523EA0131501327
B1331444519098N00551524EA0131501327
B1331454519102N00551526EA0131401326
B1331464519107N00551527EA0131201324
B1331474519112N00551528EA0131101323
B1331484519117N00551529EA0131001322
B1331494519122N00551530EA0130801320
B1331504519127N00551531EA0130701319
B1331514519132N00551532EA0130601318
B1331524519136N00551535EA0130901321
B1331534519139N00551539EA0131301325
B1331544519140N00551544EA0131501327
B1331554519140N00551550EA0131801330
B1331564519139N00551555EA0132001332
B1331574519137N00551560EA0132301335
B1331584519133N00551563EA0132601338
B1331594519128N00551564EA0132801340
B1332004519123N00551564EA0132901341
B1332014519118N00551561EA0133301345
B1332024519114N00551557EA0133401346
B1332034519110N00551551EA0133601348
B1332044519108N00551543EA0133801350
B1332054519106N00551535EA0134001352
B1332064519107N00551527EA0134301355
B1332074519108N00551519EA0134501357
B1332084519111N00551513EA0134801360
B1332094519115N00551508EA0135001362
B1332104519120N00551505EA0135301365
B1332114519125N00551503EA0135501367
B1332124519129N00551504EA0135701369
B1332134519133N00551507EA0135901371
B1332144519135N00551511EA0136101373
B1332154519137N00551516EA0136401376
B1332164519137N00551522EA0136701379
B1332174519136N00551527EA0136801380
B1332184519133N00551532EA0137101383
B1332194519129N00551535EA0137301385
B1332204519124N00551536EA0137501387
B1332214519120N00551536EA0137701389
B1332224519115N00551533EA0138001392
B1332234519110N00551529EA0138201394
B1332244519107N00551522EA0138501397
B1332254519104N00551515EA0138701399
B1332264519103N00551507EA0139001402
B1332274519103N00551499EA0139201404
B1332284519105N00551491EA0139401406
B1332294519108N00551484EA0139601408
B1332304519112N00551479EA0139901411
B1332314519117N00551476EA0140101413
B1332324519121N00551475EA0140401416
B1332334519126N00551476EA0140601418
B1332344519130N00551479EA0140901421
B1332354519132N00551483EA0141101423
B1332364519134N00551488EA0141301425
B1332374519134N00551494EA0141501427
B1332384519132N00551499EA0141801430
B1332394519129N00551504EA0142001432
B1332404519125N00551507EA0142301435
B1332414519121N00551508EA0142601438
B1332424519116N00551507EA0142801440
B1332434519111N00551505EA0143001442
B1332444519106N00551500EA0143201444
B1332454519103N00551494EA0143301445
B1332464519101N00551486EA0143701449
B1332474519100N00551478EA0143801450
B1332484519100N00551470EA0144101453
B1332494519102N00551462EA0144301455
B1332504519105N00551456EA0144501457
B1332514519109N00551451EA0144801460
B1332524519114N00551448EA0145001462
B1332534519118N00551447EA0145201464
B1332544519123N00551448EA0145301465
B1332554519126N00551451EA0145501467
B1332564519129N00551455EA0145701469
B1332574519130N00551460EA0145901471
B1332584519130N00551466EA0146101473
B1332594519129N00551471EA0146301475
B1333004519126N00551476EA0146601478
B1333014519122N00551479EA0146801480
B1333024519117N00551480EA0147001482
B1333034519112N00551479EA0147201484
B1333044519107N00551476EA0147501487
B1333054519103N00551471EA0147701489
B1333064519099N00551465EA0147801490
B1333074519097N00551458EA0148001492
B1333084519096N00551449EA0148201494
B1333094519097N00551441EA0148401496
B1333104519099N00551434EA0148701499
B1333114519102N00551427EA0148901501
B1333124519106N00551422EA0149101503
B1333134519110N00551420EA0149401506
B1333144519115N00551419EA0149701509
B1333154519119N00551420EA0149801510
B1333164519123N00551423EA0150101513
B1333174519126N00551427EA0150201514
B1333184519127N00551433EA0150501517
B1333194519127N00551438EA0150801520
B1333204519125N00551443EA0151001522
B1333214519122N00551448EA0151101523
B1333224519118N00551451EA0151301525
B1333234519113N00551452EA0151601528
B1333244519108N00551451EA0151701529
B1333254519103N00551448EA0152001532
B1333264519099N00551443EA0152101533
B1333274519096N00551437EA0152201534
B1333284519092N00551430EA0152101533
B1333294519088N00551423EA0152101533
B1333304519084N00551415EA0152001532
B1333314519081N00551408EA0151801530
B1333324519077N00551402EA0151701529
B1333334519073N00551395EA0151601528
B1333344519069N00551388EA0151501527
B1333354519065N00551381EA0151401526
B1333364519061N00551374EA0151201524
B1333374519058N00551367EA0151101523
B1333384519054N00551360EA0151101523
B1333394519050N00551353EA0151001522
B1333404519046N00551346EA0150901521
B1333414519042N00551339EA0150801520
B1333424519038N00551332EA0150701519
B1333434519034N00551325EA0150601518
B1333444519030N00551319EA0150401516
B1333454519026N00551312EA0150301515
B1333464519023N00551305EA0150201514
B1333474519019N00551298EA0150101513
B1333484519015N00551291EA0150001512
B1333494519011N00551284EA0149901511
B1333504519007N00551277EA0149801510
B1333514519003N00551270EA0149701509
B1333524519000N00551263EA0149601508
B1333534518996N00551256EA0149501507
B1333544518992N00551248EA0149401506
B1333554518989N00551241EA0149301505
B1333564518986N00551233EA0149201504
B1333574518982N00551226EA0149101503
B1333584518979N00551218EA0149001502
B1333594518976N00551211EA0148901501
B1334004518972N00551203EA0148801500
B1334014518969N00551196EA0148701499
B1334024518966N00551188EA0148601498
B1334034518962N00551181EA0148601498
B1334044518959N00551173EA0148401496
B1334054518956N00551165EA0148301495
B1334064518953N00551158EA0148201494
B1334074518949N00551150EA0148101493
B1334084518946N00551143EA0148001492
B1334094518943N00551135EA0147901491
B1334104518939N00551128EA0147801490
B1334114518936N00551120EA0147701489
B1334124518932N00551113EA0147601488
B1334134518928N00551106EA0147401486
B1334144518925N00551099EA0147301485
B1334154518921N00551091EA0147201484
B1334164518918N00551084EA0147001482
B1334174518914N00551077EA0146901481
B1334184518910N00551070EA0146801480
B1334194518907N00551062EA0146701479
B1334204518903N00551055EA0146601478
B1334214518900N00551048EA0146401476
B1334224518896N00551040EA0146401476
B1334234518893N00551033EA0146301475
B1334244518889N00551026EA0146201474
B1334254518886N00551018EA0146101473
B1334264518882N00551011EA0146001472
B1334274518878N00551004EA0145901471
B1334284518875N00550997EA0145801470
B1334294518871N00550990EA0145701469
B1334304518867N00550983EA0145601468
B1334314518863N00550976EA0145501467
B1334324518860N00550969EA0145401466
B1334334518856N00550962EA0145201464
B1334344518852N00550955EA0145101463
B1334354518848N00550948EA0145001462
B1334364518844N00550941EA0144901461
B1334374518840N00550934EA0144801460
B1334384518836N00550927EA0144701459
B1334394518832N00550920EA0144501457
B1334404518829N00550913EA0144301455
B1334414518825N00550906EA0144201454
B1334424518821N00550899EA0144101453
B1334434518817N00550892EA0143901451
B1334444518813N00550886EA0143801450
B1334454518809N00550879EA0143701449
B1334464518806N00550872EA0143601448
B1334474518802N00550865EA0143501447
B1334484518798N00550858EA0143401446
B1334494518794N00550851EA0143301445
B1334504518790N00550844EA0143201444
B1334514518786N00550837EA0143101443
B1334524518782N00550830EA0142901441
B1334534518779N00550823EA0142801440
B1334544518775N00550816EA0142701439
B1334554518771N00550809EA0142701439
B1334564518767N00550803EA0142501437
B1334574518763N00550796EA0142401436
B1334584518759N00550789EA0142301435
B1334594518755N00550782EA0142201434
B1335004518751N00550776EA0142101433
B1335014518747N00550769EA0142001432
B1335024518743N00550762EA0142001432
B1335034518739N00550756EA0141801430
B1335044518735N00550749EA0141601428
B1335054518731N00550742EA0141501427
B1335064518727N00550735EA0141301425
B1335074518723N00550729EA0141101423
B1335084518719N00550722EA0141001422
B1335094518715N00550715EA0140901421
B1335104518711N00550708EA0140901421
B1335114518708N00550701EA0140801420
B1335124518704N00550693EA0140701419
B1335134518700N00550686EA0140601418
B1335144518697N00550679EA0140501417
B1335154518693N00550672EA0140401416
B1335164518690N00550664EA0140201414
B1335174518686N00550657EA0140101413
B1335184518683N00550650EA0139901411
B1335194518679N00550642EA0139801410
B1335204518676N00550635EA0139701409
B1335214518674N00550627EA0139801410
B1335224518673N00550619EA0139801410
B1335234518674N00550611EA0139901411
B1335244518677N00550604EA0140201414
B1335254518680N00550598EA0140201414
B1335264518684N00550593EA0140301415
B1335274518689N00550591EA0140401416
B1335284518694N00550591EA0140501417
B1335294518698N00550593EA0140601418
B1335304518701N00550596EA0140601418
B1335314518703N00550601EA0140701419
B1335324518704N00550607EA0140801420
B1335334518703N00550612EA0140801420
B1335344518701N00550617EA0141001422
B1335354518698N00550621EA0141101423
B1335364518694N00550623EA0141201424
B1335374518689N00550624EA0141301425
B1335384518684N00550622EA0141501427
B1335394518679N00550619EA0141501427
B1335404518675N00550613EA0141701429
B1335414518672N00550606EA0141801430
B1335424518670N00550598EA0142001432
B1335434518670N00550590EA0142101433
B1335444518671N00550582EA0142301435
B1335454518673N00550575EA0142501437
B1335464518677N00550569EA0142701439
B1335474518681N00550565EA0142701439
B1335484518686N00550563EA0142701439
B1335494518690N00550563EA0142901441
B1335504518695N00550565EA0143001442
B1335514518698N00550568EA0143201444
B1335524518700N00550573EA0143201444
B1335534518701N00550579EA0143301445
B1335544518700N00550584EA0143401446
B1335554518698N00550589EA0143601448
B1335564518694N00550593EA0143701449
B1335574518690N00550595EA0143801450
B1335584518685N00550596EA0143901451
B1335594518680N00550594EA0144101453
B1336004518676N00550590EA0144301455
B1336014518671N00550585EA0144401456
B1336024518668N00550578EA0144501457
B1336034518667N00550570EA0144701459
B1336044518667N00550562EA0144901461
B1336054518668N00550554EA0144901461
B1336064518670N00550546EA0145001462
B1336074518674N00550541EA0145201464
B1336084518678N00550537EA0145301465
B1336094518683N00550535EA0145401466
B1336104518687N00550535EA0145501467
B1336114518691N00550537EA0145701469
B1336124518695N00550540EA0145901471
B1336134518697N00550545EA0146101473
B1336144518697N00550551EA0146201474
B1336154518696N00550556EA0146201474
B1336164518694N00550561EA0146301475
B1336174518691N00550565EA0146501477
B1336184518686N00550567EA0146701479
B1336194518682N00550567EA0146801480
B1336204518677N00550566EA0146901481
B1336214518672N00550562EA0147101483
B1336224518668N00550556EA0147201484
B1336234518665N00550549EA0147301485
B1336244518663N00550541EA0147401486
B1336254518663N00550533EA0147401486
B1336264518664N00550525EA0147501487
B1336274518667N00550518EA0147701489
B1336284518671N00550512EA0147901491
B1336294518675N00550508EA0147901491
B1336304518680N00550507EA0148001492
B1336314518684N00550507EA0148201494
B1336324518688N00550509EA0148401496
B1336334518691N00550513EA0148301495
B1336344518693N00550517EA0148401496
B1336354518694N00550523EA0148501497
B1336364518693N00550528EA0148701499
B1336374518691N00550533EA0148901501
B1336384518687N00550537EA0148901501
B1336394518683N00550539EA0149001502
B1336404518678N00550539EA0149201504
B1336414518673N00550537EA0149301505
B1336424518668N00550533EA0149501507
B1336434518664N00550528EA0149701509
B1336444518661N00550520EA0149701509
B1336454518660N00550513EA0149701509
B1336464518660N00550504EA0149801510
B1336474518661N00550496EA0149901511
B1336484518664N00550489EA0150001512
B1336494518667N00550484EA0150101513
B1336504518672N00550480EA0150201514
B1336514518676N00550478EA0150401516
B1336524518681N00550479EA0150601518
B1336534518685N00550481EA0150701519
B1336544518688N00550485EA0150801520
B1336554518690N00550489EA0150901521
B1336564518690N00550495EA0151001522
B1336574518689N00550500EA0151201524
B1336584518687N00550505EA0151201524
B1336594518683N00550509EA0151201524
B1337004518679N00550511EA0151301525
B1337014518674N00550511EA0151301525
B1337024518669N00550509EA0151401526
B1337034518664N00550505EA0151401526
B1337044518661N00550499EA0151401526
B1337054518658N00550492EA0151501527
B1337064518656N00550484EA0151501527
B1337074518656N00550476EA0151701529
B1337084518658N00550468EA0151801530
B1337094518660N00550461EA0151901531
B1337104518664N00550455EA0152001532
B1337114518669N00550452EA0152301535
B1337124518673N00550450EA0152301535
B1337134518678N00550450EA0152501537
B1337144518682N00550453EA0152601538
B1337154518685N00550457EA0152701539
B1337164518687N00550462EA0152801540
B1337174518687N00550467EA0152901541
B1337184518686N00550473EA0152901541
B1337194518683N00550477EA0153001542
B1337204518680N00550481EA0153001542
B1337214518675N00550483EA0153301545
B1337224518670N00550483EA0153401546
B1337234518665N00550480EA0153401546
B1337244518661N00550476EA0153501547
B1337254518657N00550470EA0153601548
B1337264518654N00550463EA0153701549
B1337274518653N00550455EA0153801550
B1337284518653N00550447EA0153901551
B1337294518654N00550439EA0154001552
B1337304518657N00550432EA0154101553
B1337314518661N00550427EA0154201554
B1337324518665N00550423EA0154401556
B1337334518670N00550422EA0154501557
B1337344518675N00550422EA0154601558
B1337354518678N00550425EA0154601558
B1337364518681N00550429EA0154701559
B1337374518683N00550434EA0154901561
B1337384518683N00550439EA0155001562
B1337394518682N00550445EA0155201564
B1337404518680N00550449EA0155301565
B1337414518676N00550453EA0155301565
B1337424518672N00550454EA0155401566
B1337434518667N00550454EA0155501567
B1337444518662N00550452EA0155601568
B1337454518657N00550448EA0155701569
B1337464518653N00550442EA0155901571
B1337474518651N00550435EA0155901571
B1337484518649N00550427EA0156101573
B1337494518650N00550418EA0156201574
B1337504518651N00550411EA0156301575
B1337514518654N00550404EA0156401576
B1337524518658N00550398EA0156601578
B1337534518662N00550395EA0156801580
B1337544518667N00550394EA0156901581
B1337554518671N00550394EA0157001582
B1337564518675N00550397EA0157001582
B1337574518678N00550401EA0157201584
B1337584518680N00550406EA0157201584
B1337594518680N00550411EA0157401586
B1338004518679N00550417EA0157601588
B1338014518676N00550421EA0157801590
B1338024518672N00550425EA0157901591
B1338034518668N00550426EA0158101593
B1338044518663N00550426EA0158201594
B1338054518658N00550424EA0158201594
B1338064518653N00550419EA0158301595
B1338074518650N00550413EA0158501597
B1338084518647N00550406EA0158601598
B1338094518646N00550398EA0158601598
B1338104518646N00550390EA0158801600
B1338114518648N00550382EA0158901601
B1338124518651N00550375EA0159101603
B1338134518655N00550370EA0159301605
B1338144518659N00550367EA0159501607
B1338154518664N00550365EA0159701609
B1338164518668N00550366EA0159801610
B1338174518672N00550369EA0160001612
B1338184518675N00550373EA0160101613
B1338194518676N00550378EA0160101613
B1338204518677N00550383EA0160201614
B1338214518675N00550389EA0160401616
B1338224518673N00550393EA0160501617
B1338234518669N00550397EA0160701619
B1338244518664N00550398EA0160901621
B1338254518659N00550398EA0161001622
B1338264518654N00550395EA0161101623
B1338274518650N00550391EA0161301625
B1338284518646N00550385EA0161401626
B1338294518644N00550377EA0161601628
B1338304518643N00550369EA0161601628
B1338314518643N00550361EA0161801630
B1338324518645N00550353EA0162001632
B1338334518647N00550347EA0162001632
B1338344518651N00550342EA0162101633
B1338354518656N00550338EA0162301635
B1338364518661N00550337EA0162401636
B1338374518665N00550338EA0162501637
B1338384518669N00550341EA0162601638
B1338394518672N00550345EA0162901641
B1338404518673N00550350EA0162901641
B1338414518673N00550356EA0162901641
B1338424518672N00550361EA0163001642
B1338434518669N00550365EA0163101643
B1338444518665N00550369EA0163201644
B1338454518661N00550370EA0163201644
B1338464518656N00550369EA0163301645
B1338474518651N00550367EA0163401646
B1338484518646N00550362EA0163501647
B1338494518643N00550356EA0163601648
B1338504518640N00550349EA0163801650
B1338514518639N00550341EA0163901651
B1338524518639N00550332EA0163901651
B1338534518641N00550325EA0164101653
B1338544518644N00550318EA0164301655
B1338554518648N00550313EA0164401656
B1338564518653N00550310EA0164501657
B1338574518657N00550309EA0164401656
B1338584518662N00550310EA0164501657
B1338594518666N00550313EA0164701659
B1339004518668N00550317EA0164801660
B1339014518670N00550322EA0165001662
B1339024518670N00550328EA0165201664
B1339034518668N00550333EA0165201664
B1339044518665N00550337EA0165401666
B1339054518661N00550340EA0165701669
B1339064518657N00550342EA0165701669
B1339074518652N00550341EA0165801670
B1339084518647N00550338EA0165901671
B1339094518643N00550334EA0166001672
B1339104518639N00550328EA0166101673
B1339114518637N00550320EA0166201674
B1339124518636N00550312EA0166201674
B1339134518636N00550304EA0166301675
B1339144518638N00550296EA0166401676
B1339154518641N00550290EA0166501677
B1339164518645N00550285EA0166601678
B1339174518650N00550282EA0166701679
B1339184518654N00550281EA0166801680
B1339194518659N00550282EA0167001682
B1339204518662N00550285EA0167101683
B1339214518665N00550289EA0167201684
B1339224518666N00550294EA0167401686
B1339234518666N00550300EA0167501687
B1339244518665N00550305EA0167701689
B1339254518662N00550309EA0167801690
B1339264518658N00550312EA0168001692
B1339274518653N00550314EA0168101693
B1339284518648N00550315EA0168001692
B1339294518643N00550316EA0167801690
B1339304518637N00550317EA0167701689
B1339314518632N00550317EA0167701689
B1339324518627N00550318EA0167501687
B1339334518621N00550319EA0167401686
B1339344518616N00550320EA0167301685
B1339354518611N00550321EA0167201684
B1339364518605N00550321EA0167101683
B1339374518600N00550322EA0166901681
B1339384518595N00550323EA0166901681
B1339394518589N00550324EA0166701679
B1339404518584N00550325EA0166601678
B1339414518579N00550326EA0166501677
B1339424518573N00550327EA0166401676
B1339434518568N00550328EA0166201674
B1339444518563N00550328EA0166101673
B1339454518557N00550329EA0165901671
B1339464518552N00550330EA0165801670
B1339474518547N00550331EA0165701669
B1339484518541N00550332EA0165601668
B1339494518536N00550332EA0165401666
B1339504518531N00550333EA0165301665
B1339514518525N00550333EA0165201664
B1339524518520N00550334EA0165101663
B1339534518515N00550335EA0165001662
B1339544518509N00550336EA0164801660
B1339554518504N00550337EA0164701659
B1339564518499N00550338EA0164601658
B1339574518493N00550339EA0164501657
B1339584518488N00550340EA0164301655
B1339594518483N00550341EA0164201654
B1340004518477N00550342EA0164101653
B1340014518472N00550343EA0164001652
B1340024518467N00550344EA0164001652
B1340034518462N00550345EA0163801650
B1340044518456N00550346EA0163701649
B1340054518451N00550348EA0163601648
B1340064518446N00550349EA0163601648
B1340074518441N00550350EA0163401646
B1340084518435N00550351EA0163301645
B1340094518430N00550352EA0163201644
B1340104518425N00550353EA0163101643
B1340114518419N00550353EA0163001642
B1340124518414N00550355EA0162801640
B1340134518409N00550356EA0162701639
B1340144518403N00550356EA0162601638
B1340154518398N00550357EA0162501637
B1340164518393N00550358EA0162401636
B1340174518388N00550359EA0162401636
B1340184518382N00550360EA0162201634
B1340194518377N00550361EA0162101633
B1340204518372N00550362EA0162001632
B1340214518366N00550363EA0161901631
B1340224518361N00550363EA0161801630
B1340234518355N00550364EA0161601628
B1340244518350N00550365EA0161501627
B1340254518345N00550365EA0161301625
B1340264518339N00550366EA0161201624
B1340274518334N00550367EA0161001622
B1340284518329N00550368EA0161001622
B1340294518323N00550369EA0160801620
B1340304518318N00550370EA0160701619
B1340314518313N00550371EA0160601618
B1340324518308N00550372EA0160501617
B1340334518302N00550373EA0160501617
B1340344518297N00550374EA0160401616
B1340354518292N00550375EA0160201614
B1340364518287N00550377EA0160101613
B1340374518281N00550378EA0160001612
B1340384518276N00550379EA0159901611
B1340394518271N00550380EA0159701609
B1340404518265N00550381EA0159601608
B1340414518260N00550382EA0159501607
B1340424518255N00550382EA0159401606
B1340434518249N00550383EA0159301605
B1340444518244N00550384EA0159101603
B1340454518239N00550385EA0159101603
B1340464518233N00550385EA0159001602
B1340474518228N00550386EA0159001602
B1340484518223N00550386EA0158801600
B1340494518217N00550387EA0158801600
B1340504518212N00550387EA0158701599
B1340514518206N00550388EA0158601598
B1340524518201N00550389EA0158401596
B1340534518196N00550390EA0158301595
B1340544518190N00550390EA0158201594
B1340554518185N00550390EA0158101593
B1340564518179N00550391EA0158001592
B1340574518174N00550391EA0157801590
B1340584518169N00550391EA0157701589
B1340594518163N00550391EA0157601588
B1341004518158N00550391EA0157501587
B1341014518152N00550391EA0157401586
B1341024518147N00550392EA0157301585
B1341034518141N00550392EA0157101583
B1341044518136N00550392EA0157001582
B1341054518131N00550393EA0156801580
B1341064518125N00550393EA0156701579
B1341074518120N00550393EA0156601578
B1341084518114N00550393EA0156601578
B1341094518109N00550394EA0156501577
B1341104518103N00550394EA0156401576
B1341114518098N00550394EA0156301575
B1341124518093N00550395EA0156201574
B1341134518087N00550395EA0156101573
B1341144518082N00550393EA0156201574
B1341154518077N00550389EA0156301575
B1341164518073N00550384EA0156401576
B1341174518071N00550377EA0156501577
B1341184518069N00550369EA0156601578
B1341194518069N00550360EA0156701579
B1341204518070N00550352EA0156801580
B1341214518073N00550345EA0156801580
B1341224518076N00550340EA0157001582
B1341234518081N00550336EA0157101583
B1341244518085N00550334EA0157201584
B1341254518090N00550334EA0157201584
B1341264518094N00550337EA0157401586
B1341274518097N00550340EA0157601588
B1341284518099N00550345EA0157701589
B1341294518100N00550351EA0157801590
B1341304518099N00550356EA0158001592
B1341314518096N00550361EA0158101593
B1341324518093N00550365EA0158201594
B1341334518088N00550367EA0158301595
B1341344518083N00550367EA0158401596
B1341354518078N00550365EA0158501597
B1341364518074N00550361EA0158701599
B1341374518070N00550355EA0158801600
B1341384518067N00550348EA0158901601
B1341394518066N00550340EA0159001602
B1341404518066N00550332EA0159101603
B1341414518067N00550324EA0159101603
B1341424518070N00550317EA0159201604
B1341434518073N00550311EA0159301605
B1341444518078N00550308EA0159501607
B1341454518082N00550306EA0159601608
B1341464518087N00550306EA0159701609
B1341474518091N00550309EA0159801610
B1341484518094N00550312EA0159801610
B1341494518096N00550317EA0160101613
B1341504518096N00550323EA0160101613
B1341514518095N00550328EA0160201614
B1341524518093N00550333EA0160301615
B1341534518089N00550337EA0160401616
B1341544518085N00550339EA0160401616
B1341554518080N00550339EA0160801620
B1341564518075N00550336EA0160801620
B1341574518070N00550332EA0160901621
B1341584518066N00550327EA0161001622
B1341594518064N00550319EA0161001622
B1342004518062N00550311EA0161101623
B1342014518062N00550303EA0161201624
B1342024518064N00550295EA0161201624
B1342034518066N00550288EA0161301625
B1342044518070N00550283EA0161301625
B1342054518074N00550279EA0161501627
B1342064518079N00550278EA0161501627
B1342074518084N00550278EA0161701629
B1342084518088N00550281EA0161801630
B1342094518091N00550285EA0161801630
B1342104518092N00550290EA0161901631
B1342114518093N00550295EA0161901631
B1342124518092N00550300EA0161901631
B1342134518089N00550305EA0162101633
B1342144518085N00550309EA0162101633
B1342154518081N00550310EA0162301635
B1342164518076N00550310EA0162301635
B1342174518071N00550308EA0162401636
B1342184518066N00550304EA0162501637
B1342194518063N00550298EA0162601638
B1342204518060N00550291EA0162701639
B1342214518059N00550283EA0162701639
B1342224518059N00550274EA0162801640
B1342234518060N00550267EA0162901641
B1342244518063N00550260EA0163101643
B1342254518067N00550254EA0163201644
B1342264518071N00550251EA0163301645
B1342274518076N00550250EA0163501647
B1342284518080N00550250EA0163501647
B1342294518084N00550253EA0163601648
B1342304518087N00550257EA0163601648
B1342314518089N00550262EA0163701649
B1342324518089N00550267EA0163801650
B1342334518088N00550273EA0164001652
B1342344518085N00550277EA0164101653
B1342354518082N00550281EA0164201654
B1342364518077N00550282EA0164301655
B1342374518072N00550282EA0164401656
B1342384518067N00550280EA0164501657
B1342394518063N00550275EA0164701659
B1342404518059N00550269EA0164701659
B1342414518056N00550262EA0165001662
B1342424518055N00550254EA0165201664
B1342434518055N00550246EA0165301665
B1342444518057N00550238EA0165401666
B1342454518060N00550231EA0165501667
B1342464518064N00550226EA0165601668
B1342474518068N00550223EA0165701669
B1342484518073N00550221EA0165901671
B1342494518077N00550222EA0165901671
B1342504518081N00550225EA0166101673
B1342514518084N00550229EA0166101673
B1342524518086N00550234EA0166201674
B1342534518086N00550239EA0166301675
B1342544518084N00550245EA0166301675
B1342554518082N00550249EA0166401676
B1342564518078N00550253EA0166501677
B1342574518074N00550254EA0166601678
B1342584518069N00550254EA0166801680
B1342594518064N00550251EA0166901681
B1343004518059N00550247EA0167001682
B1343014518055N00550241EA0167001682
B1343024518053N00550233EA0167201684
B1343034518052N00550225EA0167301685
B1343044518052N00550217EA0167401686
B1343054518054N00550209EA0167501687
B1343064518057N00550203EA0167501687
B1343074518060N00550198EA0167601688
B1343084518065N00550194EA0167601688
B1343094518070N00550193EA0167701689
B1343104518074N00550194EA0167901691
B1343114518078N00550197EA0167901691
B1343124518081N00550201EA0168001692
B1343134518082N00550206EA0168101693
B1343144518082N00550211EA0168101693
B1343154518081N00550217EA0168101693
B1343164518078N00550221EA0168201694
B1343174518074N00550224EA0168301695
B1343184518070N00550226EA0168401696
B1343194518065N00550225EA0168401696
B1343204518060N00550223EA0168501697
B1343214518055N00550218EA0168601698
B1343224518052N00550212EA0168801700
B1343234518049N00550205EA0168801700
B1343244518048N00550197EA0169001702
B1343254518049N00550188EA0169101703
B1343264518050N00550181EA0169201704
B1343274518053N00550174EA0169201704
B1343284518057N00550169EA0169301705
B1343294518062N00550166EA0169301705
B1343304518066N00550165EA0169501707
B1343314518071N00550166EA0169601708
B1343324518075N00550169EA0169701709
B1343334518077N00550173EA0169901711
B1343344518079N00550178EA0169901711
B1343354518079N00550183EA0170001712
B1343364518077N00550189EA0170001712
B1343374518075N00550193EA0170101713
B1343384518071N00550196EA0170101713
B1343394518066N00550198EA0170101713
B1343404518061N00550197EA0170101713
B1343414518056N00550195EA0170301715
B1343424518052N00550190EA0170301715
B1343434518048N00550184EA0170401716
B1343444518046N00550176EA0170401716
B1343454518045N00550168EA0170501717
B1343464518045N00550160EA0170601718
B1343474518047N00550152EA0170701719
B1343484518050N00550146EA0170801720
B1343494518054N00550141EA0170901721
B1343504518059N00550138EA0171101723
B1343514518063N00550137EA0171201724
B1343524518068N00550138EA0171301725
B1343534518071N00550141EA0171401726
B1343544518074N00550145EA0171501727
B1343554518075N00550150EA0171601728
B1343564518075N00550156EA0171801730
B1343574518074N00550161EA0172001732
B1343584518071N00550165EA0172101733
B1343594518067N00550168EA0172101733
B1344004518062N00550170EA0172101733
B1344014518057N00550169EA0172201734
B1344024518053N00550166EA0172401736
B1344034518048N00550161EA0172601738
B1344044518045N00550155EA0172701739
B1344054518042N00550148EA0172901741
B1344064518041N00550139EA0173001742
B1344074518042N00550131EA0173101743
B1344084518044N00550124EA0173301745
B1344094518047N00550117EA0173501747
B1344104518051N00550112EA0173501747
B1344114518055N00550109EA0173701749
B1344124518060N00550109EA0173801750
B1344134518064N00550110EA0174001752
B1344144518068N00550113EA0174101753
B1344154518071N00550117EA0174201754
B1344164518072N00550122EA0174401756
B1344174518072N00550128EA0174301755
B1344184518070N00550133EA0174401756
B1344194518067N00550137EA0174501757
B1344204518063N00550140EA0174601758
B1344214518059N00550141EA0174701759
B1344224518054N00550141EA0174801760
B1344234518049N00550138EA0175001762
B1344244518044N00550133EA0175101763
B1344254518041N00550126EA0175201764
B1344264518039N00550119EA0175401766
B1344274518038N00550111EA0175501767
B1344284518039N00550103EA0175601768
B1344294518040N00550095EA0175801770
B1344304518044N00550089EA0175801770
B1344314518048N00550084EA0176001772
B1344324518052N00550081EA0176201774
B1344334518057N00550080EA0176301775
B1344344518061N00550082EA0176401776
B1344354518065N00550085EA0176501777
B1344364518067N00550089EA0176701779
B1344374518069N00550094EA0176801780
B1344384518068N00550100EA0176801780
B1344394518067N00550105EA0176901781
B1344404518064N00550109EA0177101783
B1344414518060N00550112EA0177101783
B1344424518055N00550113EA0177201784
B1344434518050N00550112EA0177301785
B1344444518044N00550112EA0177201784
B1344454518039N00550111EA0177101783
B1344464518033N00550110EA0177001782
B1344474518028N00550110EA0176901781
B1344484518022N00550109EA0176701779
B1344494518017N00550108EA0176601778
B1344504518011N00550108EA0176501777
B1344514518006N00550107EA0176401776
B1344524518000N00550107EA0176301775
B1344534517995N00550106EA0176201774
B1344544517989N00550105EA0176101773
B1344554517984N00550104EA0176001772
B1344564517978N00550103EA0176001772
B1344574517973N00550102EA0175801770
B1344584517967N00550101EA0175801770
B1344594517961N00550100EA0175701769
B1345004517956N00550099EA0175601768
B1345014517950N00550098EA0175401766
B1345024517945N00550097EA0175301765
B1345034517939N00550096EA0175201764
B1345044517934N00550095EA0175101763
B1345054517928N00550094EA0175001762
B1345064517923N00550094EA0174901761
B1345074517917N00550093EA0174801760
B1345084517912N00550093EA0174701759
B1345094517906N00550092EA0174601758
B1345104517901N00550091EA0174501757
B1345114517895N00550090EA0174301755
B1345124517889N00550090EA0174301755
B1345134517884N00550089EA0174101753
B1345144517878N00550088EA0173901751
B1345154517873N00550088EA0173801750
B1345164517867N00550087EA0173701749
B1345174517862N00550086EA0173501747
B1345184517856N00550086EA0173401746
B1345194517851N00550085EA0173301745
B1345204517845N00550084EA0173301745
B1345214517840N00550083EA0173101743
B1345224517834N00550082EA0173001742
B1345234517829N00550082EA0172901741
B1345244517823N00550081EA0172901741
B1345254517817N00550080EA0172701739
B1345264517812N00550079EA0172601738
B1345274517806N00550077EA0172501737
B1345284517801N00550076EA0172301735
B1345294517795N00550075EA0172301735
B1345304517790N00550074EA0172201734
B1345314517784N00550073EA0172101733
B1345324517779N00550072EA0172101733
B1345334517773N00550071EA0172101733
B1345344517768N00550070EA0172001732
B1345354517762N00550069EA0171801730
B1345364517756N00550068EA0171701729
B1345374517751N00550066EA0171501727
B1345384517745N00550065EA0171301725
B1345394517740N00550064EA0171101723
B1345404517734N00550062EA0171001722
B1345414517729N00550061EA0170901721
B1345424517723N00550059EA0170801720
B1345434517718N00550058EA0170601718
B1345444517712N00550056EA0170401716
B1345454517706N00550055EA0170301715
B1345464517701N00550054EA0170201714
B1345474517695N00550052EA0170101713
B1345484517690N00550051EA0170001712
B1345494517684N00550049EA0169801710
B1345504517679N00550048EA0169701709
B1345514517673N00550046EA0169501707
B1345524517668N00550045EA0169401706
B1345534517662N00550043EA0169301705
B1345544517656N00550042EA0169301705
B1345554517651N00550041EA0169201704
B1345564517645N00550039EA0169101703
B1345574517640N00550038EA0169001702
B1345584517634N00550037EA0168901701
B1345594517629N00550035EA0168801700
B1346004517623N00550034EA0168701699
B1346014517618N00550032EA0168701699
B1346024517612N00550031EA0168501697
B1346034517606N00550029EA0168401696
B1346044517601N00550028EA0168301695
B1346054517595N00550027EA0168201694
B1346064517590N00550025EA0168101693
B1346074517584N00550023EA0168001692
B1346084517579N00550021EA0167801690
B1346094517573N00550020EA0167801690
B1346104517568N00550019EA0167601688
B1346114517562N00550017EA0167501687
B1346124517557N00550016EA0167401686
B1346134517551N00550014EA0167301685
B1346144517545N00550012EA0167201684
B1346154517540N00550010EA0167101683
B1346164517534N00550008EA0167001682
B1346174517529N00550005EA0166901681
B1346184517523N00550003EA0166701679
B1346194517518N00550001EA0166601678
B1346204517512N00549999EA0166401676
B1346214517507N00549997EA0166401676
B1346224517501N00549995EA0166201674
B1346234517496N00549993EA0166101673
B1346244517490N00549991EA0166001672
B1346254517485N00549988EA0165801670
B1346264517479N00549986EA0165601668
B1346274517474N00549984EA0165501667
B1346284517468N00549981EA0165501667
B1346294517463N00549979EA0165301665
B1346304517457N00549976EA0165101663
B1346314517452N00549973EA0165001662
B1346324517446N00549971EA0164901661
B1346334517441N00549968EA0164801660
B1346344517435N00549966EA0164801660
B1346354517430N00549964EA0164701659
B1346364517424N00549961EA0164601658
B1346374517419N00549959EA0164401656
B1346384517413N00549957EA0164301655
B1346394517408N00549955EA0164201654
B1346404517402N00549952EA0164101653
B1346414517397N00549950EA0164001652
B1346424517391N00549948EA0163901651
B1346434517386N00549946EA0163801650
B1346444517380N00549944EA0163701649
B1346454517375N00549942EA0163601648
B1346464517369N00549940EA0163501647
B1346474517363N00549938EA0163401646
B1346484517358N00549936EA0163301645
B1346494517352N00549934EA0163201644
B1346504517347N00549932EA0163201644
B1346514517341N00549931EA0163001642
B1346524517336N00549929EA0162901641
B1346534517330N00549927EA0162801640
B1346544517325N00549926EA0162701639
B1346554517319N00549925EA0162601638
B1346564517314N00549924EA0162601638
B1346574517308N00549922EA0162501637
B1346584517302N00549921EA0162401636
B1346594517297N00549920EA0162301635
B1347004517291N00549919EA0162201634
B1347014517286N00549918EA0162201634
B1347024517280N00549917EA0162101633
B1347034517275N00549916EA0162001632
B1347044517269N00549915EA0161801630
B1347054517264N00549914EA0161701629
B1347064517258N00549913EA0161601628
B1347074517253N00549912EA0161401626
B1347084517247N00549912EA0161301625
B1347094517241N00549911EA0161201624
B1347104517236N00549910EA0161101623
B1347114517230N00549910EA0160901621
B1347124517225N00549909EA0160801620
B1347134517219N00549909EA0160701619
B1347144517214N00549908EA0160601618
B1347154517208N00549907EA0160501617
B1347164517203N00549907EA0160401616
B1347174517197N00549907EA0160301615
B1347184517192N00549906EA0160201614
B1347194517186N00549906EA0160101613
B1347204517181N00549905EA0160001612
B1347214517175N00549905EA0159901611
B1347224517170N00549904EA0159801610
B1347234517164N00549904EA0159701609
B1347244517159N00549904EA0159601608
B1347254517153N00549904EA0159401606
B1347264517148N00549904EA0159201604
B1347274517149N00549910EA0159101603
B1347284517150N00549916EA0159001602
B1347294517151N00549922EA0158801600
B1347304517152N00549928EA0158701599
B1347314517154N00549934EA0158601598
B1347324517155N00549940EA0158501597
B1347334517156N00549946EA0158401596
B1347344517157N00549952EA0158301595
B1347354517158N00549958EA0158201594
B1347364517160N00549964EA0158201594
B1347374517161N00549970EA0158001592
B1347384517162N00549976EA0157901591
B1347394517163N00549982EA0157701589
B1347404517164N00549989EA0157601588
B1347414517166N00549995EA0157501587
B1347424517167N00550001EA0157401586
B1347434517168N00550007EA0157301585
B1347444517169N00550013EA0157201584
B1347454517170N00550019EA0157001582
B1347464517172N00550025EA0156901581
B1347474517173N00550031EA0156801580
B1347484517174N00550037EA0156601578
B1347494517175N00550043EA0156501577
B1347504517176N00550049EA0156401576
B1347514517177N00550055EA0156401576
B1347524517179N00550061EA0156201574
B1347534517180N00550067EA0156001572
B1347544517181N00550074EA0155901571
B1347554517182N00550080EA0155801570
B1347564517183N00550086EA0155701569
B1347574517185N00550092EA0155601568
B1347584517186N00550098EA0155501567
B1347594517187N00550104EA0155401566
B1348004517188N00550110EA0155301565
B1348014517189N00550116EA0155201564
B1348024517191N00550122EA0155101563
B1348034517192N00550128EA0155001562
B1348044517193N00550134EA0154801560
B1348054517194N00550140EA0154701559
B1348064517195N00550146EA0154601558
B1348074517196N00550153EA0154501557
B1348084517198N00550159EA0154401556
B1348094517199N00550165EA0154301555
B1348104517200N00550171EA0154201554
B1348114517201N00550177EA0154101553
B1348124517202N00550183EA0154001552
B1348134517204N00550189EA0153901551
B1348144517205N00550195EA0153801550
B1348154517206N00550201EA0153701549
B1348164517207N00550207EA0153501547
B1348174517208N00550213EA0153401546
B1348184517209N00550219EA0153301545
B1348194517211N00550225EA0153201544
B1348204517212N00550231EA0153101543
B1348214517213N00550238EA0152901541
B1348224517214N00550244EA0152801540
B1348234517215N00550250EA0152701539
B1348244517217N00550256EA0152601538
B1348254517218N00550262EA0152501537
B1348264517219N00550268EA0152401536
B1348274517220N00550274EA0152301535
B1348284517221N00550280EA0152101533
B1348294517223N00550286EA0152101533
B1348304517224N00550292EA0152001532
B1348314517225N00550298EA0151901531
B1348324517226N00550304EA0151701529
B1348334517227N00550310EA0151601528
B1348344517228N00550316EA0151501527
B1348354517230N00550323EA0151301525
B1348364517231N00550329EA0151201524
B1348374517232N00550335EA0151001522
B1348384517233N00550341EA0150901521
B1348394517234N00550347EA0150801520
B1348404517236N00550353EA0150701519
B1348414517237N00550359EA0150501517
B1348424517238N00550365EA0150401516
B1348434517239N00550371EA0150201514
B1348444517240N00550377EA0150201514
B1348454517241N00550383EA0150101513
B1348464517243N00550389EA0150001512
B1348474517244N00550395EA0149901511
B1348484517245N00550402EA0149801510
B1348494517246N00550408EA0149701509
B1348504517247N00550414EA0149601508
B1348514517248N00550420EA0149401506
B1348524517250N00550426EA0149301505
B1348534517251N00550432EA0149201504
B1348544517252N00550438EA0149001502
B1348554517253N00550444EA0148801500
B1348564517254N00550450EA0148701499
B1348574517256N00550456EA0148601498
B1348584517257N00550462EA0148301495
B1348594517258N00550468EA0148201494
B1349004517259N00550474EA0148101493
B1349014517260N00550481EA0148001492
B1349024517261N00550487EA0147901491
B1349034517263N00550493EA0147801490
B1349044517264N00550499EA0147601488
B1349054517265N00550505EA0147501487
B1349064517266N00550511EA0147401486
B1349074517267N00550517EA0147301485
B1349084517269N00550523EA0147201484
B1349094517270N00550529EA0147101483
B1349104517271N00550535EA0147001482
B1349114517272N00550541EA0146901481
B1349124517273N00550547EA0146801480
B1349134517274N00550553EA0146701479
B1349144517276N00550560EA0146501477
B1349154517277N00550566EA0146401476
B1349164517278N00550572EA0146401476
B1349174517279N00550578EA0146301475
B1349184517280N00550584EA0146201474
B1349194517281N00550590EA0146001472
B1349204517283N00550596EA0145901471
B1349214517284N00550602EA0145801470
B1349224517285N00550608EA0145701469
B1349234517286N00550614EA0145601468
B1349244517287N00550620EA0145501467
B1349254517289N00550626EA0145401466
B1349264517290N00550632EA0145201464
B1349274517291N00550638EA0145101463
B1349284517292N00550645EA0145001462
B1349294517293N00550651EA0144901461
B1349304517294N00550657EA0144801460
B1349314517296N00550663EA0144601458
B1349324517297N00550669EA0144501457
B1349334517298N00550675EA0144401456
B1349344517299N00550681EA0144301455
B1349354517300N00550687EA0144201454
B1349364517301N00550693EA0144101453
B1349374517303N00550699EA0144001452
B1349384517304N00550705EA0143901451
B1349394517305N00550711EA0143801450
B1349404517306N00550718EA0143601448
B1349414517307N00550724EA0143501447
B1349424517309N00550730EA0143301445
B1349434517310N00550736EA0143201444
B1349444517311N00550742EA0143101443
B1349454517312N00550748EA0143001442
B1349464517313N00550754EA0142801440
B1349474517314N00550760EA0142701439
B1349484517316N00550766EA0142601438
B1349494517317N00550772EA0142501437
B1349504517318N00550778EA0142401436
B1349514517319N00550784EA0142201434
B1349524517320N00550790EA0142101433
B1349534517321N00550797EA0141901431
B1349544517323N00550803EA0141801430
B1349554517324N00550809EA0141601428
B1349564517325N00550815EA0141501427
B1349574517326N00550821EA0141401426
B1349584517327N00550827EA0141201424
B1349594517328N00550833EA0141201424
B1350004517330N00550839EA0141001422
B1350014517331N00550845EA0140901421
B1350024517332N00550851EA0140801420
B1350034517333N00550857EA0140601418
B1350044517334N00550863EA0140401416
B1350054517335N00550869EA0140301415
B1350064517337N00550876EA0140301415
B1350074517338N00550882EA0140201414
B1350084517339N00550888EA0140101413
B1350094517340N00550894EA0140001412
B1350104517341N00550900EA0139801410
B1350114517342N00550906EA0139701409
B1350124517344N00550912EA0139601408
B1350134517345N00550918EA0139401406
B1350144517346N00550924EA0139301405
B1350154517347N00550930EA0139201404
B1350164517348N00550936EA0139101403
B1350174517349N00550942EA0139001402
B1350184517351N00550948EA0138901401
B1350194517352N00550955EA0138801400
B1350204517353N00550961EA0138701399
B1350214517354N00550967EA0138601398
B1350224517355N00550973EA0138501397
B1350234517356N00550979EA0138401396
B1350244517358N00550985EA0138301395
B1350254517359N00550991EA0138201394
B1350264517360N00550997EA0138101393
B1350274517361N00551003EA0138001392
B1350284517362N00551009EA0137901391
B1350294517363N00551015EA0137701389
B1350304517365N00551021EA0137601388
B1350314517366N00551028EA0137401386
B1350324517367N00551034EA0137301385
B1350334517368N00551040EA0137201384
B1350344517369N00551046EA0137101383
B1350354517370N00551052EA0136901381
B1350364517372N00551058EA0136701379
B1350374517373N00551064EA0136601378
B1350384517374N00551070EA0136501377
B1350394517375N00551076EA0136401376
B1350404517376N00551082EA0136201374
B1350414517377N00551088EA0136201374
B1350424517379N00551094EA0136101373
B1350434517380N00551101EA0136001372
B1350444517381N00551107EA0135901371
B1350454517382N00551113EA0135701369
B1350464517383N00551119EA0135601368
B1350474517384N00551125EA0135501367
B1350484517386N00551131EA0135301365
B1350494517387N00551137EA0135101363
B1350504517388N00551143EA0135101363
B1350514517389N00551149EA0134901361
B1350524517390N00551155EA0134801360
B1350534517391N00551161EA0134701359
B1350544517393N00551167EA0134601358
B1350554517394N00551173EA0134501357
B1350564517395N00551180EA0134401356
B1350574517396N00551186EA0134301355
B1350584517397N00551192EA0134201354
B1350594517398N00551198EA0134001352
B1351004517400N00551204EA0133901351
B1351014517401N00551210EA0133801350
B1351024517402N00551216EA0133701349
B1351034517403N00551222EA0133601348
B1351044517404N00551228EA0133501347
B1351054517405N00551234EA0133401346
B1351064517406N00551240EA0133301345
B1351074517408N00551246EA0133101343
B1351084517409N00551253EA0133001342
B1351094517410N00551259EA0132901341
B1351104517411N00551265EA0132801340
B1351114517412N00551271EA0132701339
B1351124517413N00551277EA0132501337
B1351134517415N00551283EA0132401336
B1351144517416N00551289EA0132301335
B1351154517417N00551295EA0132101333
B1351164517418N00551301EA0132101333
B1351174517419N00551307EA0132101333
B1351184517420N00551313EA0132001332
B1351194517422N00551319EA0131901331
B1351204517423N00551326EA0131801330
B1351214517424N00551332EA0131601328
B1351224517425N00551338EA0131501327
B1351234517426N00551344EA0131401326
B1351244517427N00551350EA0131301325
B1351254517429N00551356EA0131201324
B1351264517430N00551362EA0131001322
B1351274517431N00551368EA0130901321
B1351284517432N00551374EA0130801320
B1351294517433N00551380EA0130701319
B1351304517434N00551386EA0130601318
B1351314517435N00551392EA0130401316
B1351324517437N00551399EA0130301315
B1351334517438N00551405EA0130101313
B1351344517439N00551411EA0130001312
B1351354517440N00551417EA0129901311
B1351364517441N00551423EA0129701309
B1351374517442N00551429EA0129701309
B1351384517444N00551435EA0129501307
B1351394517445N00551441EA0129401306
B1351404517446N00551447EA0129301305
B1351414517447N00551453EA0129201304
B1351424517448N00551459EA0129101303
B1351434517449N00551465EA0129001302
B1351444517450N00551472EA0128901301
B1351454517452N00551478EA0128701299
B1351464517453N00551484EA0128601298
B1351474517454N00551490EA0128401296
B1351484517455N00551496EA0128301295
B1351494517456N00551502EA0128201294
B1351504517457N00551508EA0128101293
B1351514517459N00551514EA0128101293
B1351524517460N00551520EA0128001292
B1351534517461N00551526EA0128001292
B1351544517462N00551532EA0127801290
B1351554517463N00551538EA0127801290
B1351564517464N00551545EA0127701289
B1351574517465N00551551EA0127601288
B1351584517467N00551557EA0127501287
B1351594517468N00551563EA0127401286
B1352004517469N00551569EA0127201284
B1352014517470N00551575EA0127001282
B1352024517471N00551581EA0126901281
B1352034517472N00551587EA0126701279
B1352044517473N00551593EA0126601278
B1352054517475N00551599EA0126501277
B1352064517476N00551605EA0126401276
B1352074517477N00551612EA0126301275
B1352084517478N00551618EA0126301275
B1352094517479N00551624EA0126201274
B1352104517480N00551630EA0126001272
B1352114517482N00551636EA0125901271
B1352124517483N00551642EA0125801270
B1352134517484N00551648EA0125701269
B1352144517485N00551654EA0125601268
B1352154517486N00551660EA0125501267
B1352164517487N00551666EA0125401266
B1352174517488N00551672EA0125301265
B1352184517490N00551678EA0125201264
B1352194517491N00551685EA0125201264
B1352204517492N00551691EA0125101263
B1352214517493N00551697EA0124901261
B1352224517494N00551703EA0124801260
B1352234517495N00551709EA0124701259
B1352244517496N00551715EA0124701259
B1352254517498N00551721EA0124501257
B1352264517499N00551727EA0124401256
B1352274517500N00551733EA0124301255
B1352284517501N00551739EA0124301255
B1352294517502N00551745EA0124101253
B1352304517503N00551752EA0123901251
B1352314517504N00551758EA0123801250
B1352324517506N00551764EA0123701249
B1352334517507N00551770EA0123701249
B1352344517508N00551776EA0123501247
B1352354517509N00551782EA0123401246
B1352364517510N00551788EA0123201244
B1352374517511N00551794EA0123101243
B1352384517512N00551800EA0123001242
B1352394517514N00551806EA0122901241
B1352404517515N00551812EA0122801240
B1352414517516N00551818EA0122701239
B1352424517517N00551825EA0122601238
B1352434517518N00551831EA0122401236
B1352444517519N00551837EA0122301235
B1352454517520N00551843EA0122101233
B1352464517522N00551849EA0122001232
B1352474517523N00551855EA0121801230
B1352484517524N00551861EA0121701229
B1352494517525N00551867EA0121601228
B1352504517526N00551873EA0121501227
B1352514517527N00551879EA0121501227
B1352524517528N00551885EA0121401226
B1352534517530N00551892EA0121301225
B1352544517531N00551898EA0121201224
B1352554517532N00551904EA0121101223
B1352564517533N00551910EA0121001222
B1352574517534N00551916EA0120901221
B1352584517535N00551922EA0120801220
B1352594517536N00551928EA0120701219
B1353004517538N00551934EA0120601218
B1353014517539N00551940EA0120501217
B1353024517540N00551946EA0120401216
B1353034517541N00551952EA0120201214
B1353044517542N00551959EA0120101213
B1353054517543N00551965EA0120001212
B1353064517544N00551971EA0119901211
B1353074517546N00551977EA0119701209
B1353084517547N00551983EA0119601208
B1353094517548N00551989EA0119501207
B1353104517549N00551995EA0119401206
B1353114517550N00552001EA0119301205
B1353124517551N00552007EA0119201204
B1353134517552N00552013EA0119001202
B1353144517554N00552019EA0118801200
B1353154517555N00552026EA0118701199
B1353164517556N00552032EA0118601198
B1353174517557N00552038EA0118401196
B1353184517558N00552044EA0118401196
B1353194517559N00552050EA0118301195
B1353204517560N00552056EA0118101193
B1353214517561N00552062EA0117901191
B1353224517563N00552068EA0117801190
B1353234517564N00552074EA0117701189
B1353244517565N00552080EA0117501187
B1353254517566N00552086EA0117501187
B1353264517567N00552093EA0117301185
B1353274517568N00552099EA0117201184
B1353284517569N00552105EA0117001182
B1353294517571N00552111EA0116901181
B1353304517572N00552117EA0116801180
B1353314517573N00552123EA0116601178
B1353324517574N00552129EA0116601178
B1353334517575N00552135EA0116501177
B1353344517576N00552141EA0116401176
B1353354517577N00552147EA0116301175
B1353364517579N00552153EA0116101173
B1353374517580N00552160EA0116001172
B1353384517581N00552166EA0115801170
B1353394517582N00552172EA0115701169
B1353404517583N00552178EA0115601168
B1353414517584N00552184EA0115501167
B1353424517585N00552190EA0115401166
B1353434517586N00552196EA0115301165
B1353444517588N00552202EA0115201164
B1353454517589N00552208EA0115001162
B1353464517590N00552214EA0114901161
B1353474517591N00552220EA0114701159
B1353484517592N00552227EA0114501157
B1353494517593N00552233EA0114401156
B1353504517594N00552239EA0114201154
B1353514517595N00552245EA0114101153
B1353524517597N00552251EA0113901151
B1353534517598N00552257EA0113801150
B1353544517599N00552263EA0113701149
B1353554517600N00552269EA0113501147
B1353564517601N00552275EA0113401146
B1353574517602N00552281EA0113201144
B1353584517603N00552288EA0113101143
B1353594517604N00552294EA0113001142
B1354004517606N00552300EA0112901141
B1354014517607N00552306EA0112801140
B1354024517608N00552312EA0112701139
B1354034517609N00552318EA0112501137
B1354044517610N00552324EA0112401136
B1354054517611N00552330EA0112301135
B1354064517612N00552336EA0112101133
B1354074517614N00552342EA0112001132
B1354084517615N00552348EA0111901131
B1354094517616N00552355EA0111801130
B1354104517617N00552361EA0111601128
B1354114517618N00552367EA0111501127
B1354124517619N00552373EA0111401126
B1354134517620N00552379EA0111301125
B1354144517621N00552385EA0111101123
B1354154517622N00552391EA0111001122
B1354164517624N00552397EA0110801120
B1354174517625N00552403EA0110701119
B1354184517626N00552409EA0110601118
B1354194517627N00552415EA0110501117
B1354204517628N00552422EA0110401116
B1354214517629N00552428EA0110201114
B1354224517630N00552434EA0110101113
B1354234517631N00552440EA0110001112
B1354244517633N00552446EA0109901111
B1354254517634N00552452EA0109701109
B1354264517635N00552458EA0109701109
B1354274517636N00552464EA0109501107
B1354284517637N00552470EA0109401106
B1354294517638N00552476EA0109301105
B1354304517639N00552483EA0109101103
B1354314517640N00552489EA0109001102
B1354324517642N00552495EA0108901101
B1354334517643N00552501EA0108701099
B1354344517644N00552507EA0108601098
B1354354517645N00552513EA0108401096
B1354364517646N00552519EA0108201094
B1354374517647N00552525EA0108201094
B1354384517648N00552531EA0108001092
B1354394517649N00552537EA0107801090
B1354404517651N00552544EA0107801090
B1354414517652N00552550EA0107601088
B1354424517653N00552556EA0107501087
B1354434517654N00552562EA0107301085
B1354444517655N00552568EA0107301085
B1354454517656N00552574EA0107101083
B1354464517657N00552580EA0107001082
B1354474517658N00552586EA0106801080
B1354484517659N00552592EA0106701079
B1354494517661N00552598EA0106601078
B1354504517662N00552604EA0106501077
B1354514517663N00552611EA0106401076
B1354524517664N00552617EA0106301075
B1354534517665N00552623EA0106001072
B1354544517666N00552629EA0105901071
B1354554517667N00552635EA0105801070
B1354564517668N00552641EA0105701069
B1354574517669N00552647EA0105601068
B1354584517671N00552653EA0105501067
B1354594517672N00552659EA0105401066
B1355004517673N00552665EA0105301065
B1355014517674N00552672EA0105101063
B1355024517675N00552678EA0105001062
B1355034517676N00552684EA0104801060
B1355044517677N00552690EA0104701059
B1355054517678N00552696EA0104601058
B1355064517679N00552702EA0104401056
B1355074517681N00552708EA0104301055
B1355084517682N00552714EA0104101053
B1355094517683N00552720EA0104001052
B1355104517684N00552726EA0103901051
B1355114517685N00552733EA0103801050
B1355124517686N00552739EA0103701049
B1355134517687N00552745EA0103601048
B1355144517688N00552751EA0103501047
B1355154517689N00552757EA0103301045
B1355164517691N00552763EA0103201044
B1355174517692N00552769EA0103101043
B1355184517693N00552775EA0103101043
B1355194517694N00552781EA0103001042
B1355204517695N00552787EA0102801040
B1355214517696N00552794EA0102701039
B1355224517697N00552800EA0102501037
B1355234517698N00552806EA0102401036
B1355244517699N00552812EA0102301035
B1355254517701N00552818EA0102101033
B1355264517702N00552824EA0101901031
B1355274517703N00552830EA0101801030
B1355284517704N00552836EA0101501027
B1355294517705N00552842EA0101301025
B1355304517706N00552848EA0101201024
B1355314517707N00552855EA0101001022
B1355324517708N00552861EA0100901021
B1355334517709N00552867EA0100701019
B1355344517711N00552873EA0100601018
B1355354517712N00552879EA0100501017
B1355364517713N00552885EA0100401016
B1355374517714N00552891EA0100201014
B1355384517715N00552897EA0100101013
B1355394517716N00552903EA0100001012
B1355404517717N00552910EA0099901011
B1355414517718N00552916EA0099701009
B1355424517719N00552922EA0099701009
B1355434517720N00552928EA0099501007
B1355444517722N00552934EA0099401006
B1355454517723N00552940EA0099301005
B1355464517724N00552946EA0099201004
B1355474517725N00552952EA0099001002
B1355484517726N00552958EA0098901001
B1355494517727N00552964EA0098801000
B1355504517728N00552971EA0098700999
B1355514517729N00552977EA0098500997
B1355524517730N00552983EA0098300995
B1355534517731N00552989EA0098200994
B1355544517733N00552995EA0098100993
B1355554517734N00553001EA0097900991
B1355564517735N00553007EA0097900991
B1355574517736N00553013EA0097800990
B1355584517737N00553019EA0097700989
B1355594517738N00553025EA0097500987
B1356004517739N00553032EA0097300985
B1356014517740N00553038EA0097200984
B1356024517741N00553044EA0097000982
B1356034517742N00553050EA0097000982
B1356044517743N00553056EA0096900981
B1356054517745N00553062EA0096800980
B1356064517746N00553068EA0096700979
B1356074517747N00553074EA0096600978
B1356084517748N00553080EA0096500977
B1356094517749N00553087EA0096400976
B1356104517750N00553093EA0096300975
B1356114517751N00553099EA0096200974
B1356124517752N00553105EA0096000972
B1356134517753N00553111EA0095800970
B1356144517754N00553117EA0095700969
B1356154517756N00553123EA0095700969
B1356164517757N00553129EA0095600968
B1356174517758N00553135EA0095400966
B1356184517759N00553141EA0095300965
B1356194517760N00553148EA0095200964
B1356204517761N00553154EA0095100963
B1356214517762N00553160EA0094900961
B1356224517763N00553166EA0094800960
B1356234517764N00553172EA0094700959
B1356244517765N00553178EA0094500957
B1356254517766N00553184EA0094400956
B1356264517767N00553190EA0094200954
B1356274517769N00553196EA0094100953
B1356284517770N00553203EA0094000952
B1356294517771N00553209EA0093900951
B1356304517772N00553215EA0093800950
B1356314517773N00553221EA0093700949
B1356324517774N00553227EA0093500947
B1356334517775N00553233EA0093400946
B1356344517776N00553239EA0093300945
B1356354517777N00553245EA0093200944
B1356364517778N00553251EA0093000942
B1356374517779N00553258EA0092900941
B1356384517781N00553264EA0092800940
B1356394517782N00553270EA0092700939
B1356404517783N00553276EA0092500937
B1356414517784N00553282EA0092400936
B1356424517785N00553288EA0092300935
B1356434517786N00553294EA0092100933
B1356444517787N00553300EA0092000932
B1356454517788N00553306EA0091900931
B1356464517789N00553313EA0091700929
B1356474517790N00553319EA0091600928
B1356484517791N00553325EA0091500927
B1356494517792N00553331EA0091500927
B1356504517793N00553337EA0091400926
B1356514517795N00553343EA0091200924
B1356524517796N00553349EA0091100923
B1356534517797N00553355EA0091000922
B1356544517798N00553361EA0090900921
B1356554517799N00553368EA0090700919
B1356564517800N00553374EA0090700919
B1356574517801N00553380EA0090600918
B1356584517802N00553386EA0090500917
B1356594517803N00553392EA0090400916
B1357004517804N00553398EA0090200914
B1357014517805N00553404EA0090000912
B1357024517806N00553410EA0089900911
B1357034517807N00553416EA0089700909
B1357044517809N00553423EA0089600908
B1357054517810N00553429EA0089500907
B1357064517811N00553435EA0089400906
B1357074517812N00553441EA0089300905
B1357084517813N00553447EA0089200904
B1357094517814N00553453EA0089000902
B1357104517815N00553459EA0088900901
B1357114517816N00553465EA0088800900
B1357124517817N00553471EA0088700899
B1357134517818N00553478EA0088600898
B1357144517819N00553484EA0088500897
B1357154517820N00553490EA0088400896
B1357164517821N00553496EA0088300895
B1357174517822N00553502EA0088200894
B1357184517824N00553508EA0088100893
B1357194517825N00553514EA0087900891
B1357204517826N00553520EA0087800890
B1357214517827N00553526EA0087600888
B1357224517828N00553533EA0087500887
B1357234517829N00553539EA0087400886
B1357244517830N00553545EA0087200884
B1357254517831N00553551EA0087100883
B1357264517832N00553557EA0086900881
B1357274517833N00553563EA0086800880
B1357284517834N00553569EA0086600878
B1357294517835N00553575EA0086500877
B1357304517836N00553582EA0086400876
B1357314517837N00553588EA0086200874
B1357324517838N00553594EA0086100873
B1357334517840N00553600EA0086000872
B1357344517841N00553606EA0085900871
B1357354517842N00553612EA0085800870
B1357364517843N00553618EA0085600868
B1357374517844N00553624EA0085500867
B1357384517845N00553630EA0085400866
B1357394517846N00553637EA0085300865
B1357404517847N00553643EA0085100863
B1357414517848N00553649EA0085000862
B1357424517849N00553655EA0084900861
B1357434517850N00553661EA0084800860
B1357444517851N00553667EA0084700859
B1357454517852N00553673EA0084600858
B1357464517853N00553679EA0084500857
B1357474517854N00553685EA0084400856
B1357484517855N00553692EA0084200854
B1357494517856N00553698EA0084100853
B1357504517858N00553704EA0084000852
B1357514517859N00553710EA0083900851
B1357524517860N00553716EA0083800850
B1357534517861N00553722EA0083700849
B1357544517862N00553728EA0083600848
B1357554517863N00553734EA0083400846
B1357564517864N00553741EA0083300845
B1357574517865N00553747EA0083100843
B1357584517866N00553753EA0083100843
B1357594517867N00553759EA0082900841
B1358004517868N00553765EA0082900841
B1358014517869N00553771EA0082800840
B1358024517870N00553777EA0082700839
B1358034517871N00553783EA0082500837
B1358044517872N00553790EA0082300835
B1358054517873N00553796EA0082100833
B1358064517874N00553802EA0082000832
B1358074517875N00553808EA0081900831
B1358084517876N00553814EA0081700829
B1358094517877N00553820EA0081600828
B1358104517879N00553826EA0081400826
B1358114517880N00553832EA0081300825
B1358124517881N00553839EA0081100823
B1358134517882N00553845EA0081000822
B1358144517883N00553851EA0080900821
B1358154517884N00553857EA0080700819
B1358164517885N00553863EA0080600818
B1358174517886N00553869EA0080500817
B1358184517887N00553875EA0080400816
B1358194517888N00553881EA0080300815
B1358204517889N00553887EA0080200814
B1358214517890N00553894EA0080000812
B1358224517891N00553900EA0080000812
B1358234517892N00553906EA0079900811
B1358244517893N00553912EA0079800810
B1358254517894N00553918EA0079700809
B1358264517895N00553924EA0079600808
B1358274517896N00553930EA0079500807
B1358284517897N00553937EA0079400806
B1358294517898N00553943EA0079300805
B1358304517899N00553949EA0079200804
B1358314517900N00553955EA0079100803
B1358324517901N00553961EA0079000802
B1358334517902N00553967EA0078900801
B1358344517903N00553973EA0078700799
B1358354517904N00553979EA0078600798
B1358364517905N00553986EA0078400796
B1358374517906N00553992EA0078300795
B1358384517907N00553998EA0078300795
B1358394517908N00554004EA0078200794
B1358404517910N00554010EA0078100793
B1358414517911N00554016EA0078000792
B1358424517912N00554022EA0077800790
B1358434517913N00554028EA0077700789
B1358444517914N00554035EA0077500787
B1358454517915N00554041EA0077400786
B1358464517916N00554047EA0077200784
B1358474517917N00554053EA0077100783
B1358484517918N00554059EA0076900781
B1358494517919N00554065EA0076700779
B1358504517920N00554071EA0076600778
B1358514517921N00554077EA0076400776
B1358524517922N00554084EA0076300775
B1358534517923N00554090EA0076300775
B1358544517924N00554096EA0076100773
B1358554517925N00554102EA0076000772
B1358564517926N00554108EA0075900771
B1358574517927N00554114EA0075800770
B1358584517928N00554120EA0075600768
B1358594517929N00554127EA0075500767
B1359004517930N00554133EA0075400766
B1359014517931N00554139EA0075300765
B1359024517932N00554145EA0075200764
B1359034517933N00554151EA0075100763
B1359044517934N00554157EA0075000762
B1359054517935N00554163EA0074800760
B1359064517936N00554169EA0074800760
B1359074517937N00554176EA0074700759
B1359084517938N00554182EA0074600758
B1359094517939N00554188EA0074500757
B1359104517940N00554194EA0074400756
B1359114517941N00554200EA0074300755
B1359124517942N00554206EA0074200754
B1359134517943N00554212EA0074000752
B1359144517944N00554219EA0073800750
B1359154517945N00554225EA0073700749
B1359164517946N00554231EA0073600748
B1359174517947N00554237EA0073500747
B1359184517948N00554243EA0073400746
B1359194517949N00554249EA0073200744
B1359204517950N00554255EA0073100743
B1359214517951N00554262EA0072900741
B1359224517952N00554268EA0072800740
B1359234517953N00554274EA0072700739
B1359244517954N00554280EA0072600738
B1359254517955N00554286EA0072500737
B1359264517956N00554292EA0072400736
B1359274517957N00554298EA0072300735
B1359284517958N00554305EA0072200734
B1359294517959N00554311EA0072100733
B1359304517960N00554317EA0071900731
B1359314517961N00554323EA0071800730
B1359324517962N00554329EA0071600728
B1359334517963N00554335EA0071600728
B1359344517963N00554341EA0071500727
B1359354517964N00554348EA0071400726
B1359364517965N00554354EA0071300725
B1359374517966N00554360EA0071200724
B1359384517967N00554366EA0071100723
B1359394517968N00554372EA0070900721
B1359404517969N00554378EA0070900721
B1359414517970N00554384EA0070800720
B1359424517971N00554391EA0070600718
B1359434517972N00554397EA0070600718
B1359444517973N00554403EA0070500717
B1359454517974N00554409EA0070300715
B1359464517975N00554415EA0070200714
B1359474517976N00554421EA0070200714
B1359484517977N00554428EA0070100713
B1359494517978N00554434EA0070000712
B1359504517979N00554440EA0069800710
B1359514517980N00554446EA0069700709
B1359524517979N00554451EA0069400706
B1359534517978N00554455EA0069200704
B1359544517977N00554460EA0068900701
B1359554517974N00554463EA0068700699
B1359564517971N00554466EA0068500697
B1359574517967N00554468EA0068200694
B1359584517963N00554469EA0068000692
B1359594517958N00554469EA0067800690
B1400004517954N00554468EA0067500687
B1400014517950N00554465EA0067300685
B1400024517954N00554468EA0067100683
B1400034517957N00554471EA0066900681
B1400044517959N00554475EA0066600678
B1400054517960N00554479EA0066400676
B1400064517960N00554484EA0066100673
B1400074517960N00554489EA0065900671
B1400084517959N00554493EA0065600668
B1400094517957N00554498EA0065500667
B1400104517954N00554501EA0065200664
B1400114517951N00554504EA0064900661
B1400124517947N00554506EA0064700659
B1400134517942N00554506EA0064500657
B1400144517948N00554505EA0064300655
B1400154517952N00554504EA0064000652
B1400164517956N00554505EA0063800650
B1400174517959N00554507EA0063600648
B1400184517962N00554510EA0063200644
B1400194517964N00554514EA0063000642
B1400204517966N00554518EA0062800640
B1400214517967N00554523EA0062600638
B1400224517966N00554527EA0062300635
B1400234517965N00554532EA0062000632
B1400244517964N00554536EA0061800630
B1400254517961N00554540EA0061500627
B1400264517958N00554543EA0061300625
B1400274517954N00554545EA0061100623
B1400284517958N00554539EA0061000622
B1400294517961N00554534EA0060800620
B1400304517965N00554531EA0060500617
B1400314517970N00554529EA0060300615
B1400324517974N00554528EA0060000612
B1400334517978N00554529EA0059700609
B1400344517981N00554531EA0059500607
B1400354517984N00554533EA0059300605
B1400364517987N00554537EA0059000602
B1400374517989N00554541EA0058800600
B1400384517990N00554545EA0058500597
B1400394517990N00554550EA0058200594
B1400404517989N00554555EA0057900591
B1400414517988N00554559EA0057600588
B1400424517985N00554563EA0057300585
B1400434517982N00554566EA0057000582
B1400444517983N00554557EA0057000582
B1400454517984N00554550EA0056800580
B1400464517986N00554544EA0056500577
B1400474517989N00554538EA0056300575
B1400484517992N00554533EA0056100573
B1400494517996N00554529EA0055900571
B1400504518000N00554526EA0055600568
B1400514518004N00554524EA0055400566
B1400524518008N00554524EA0055000562
B1400534518012N00554525EA0054800560
B1400544518015N00554527EA0054500557
B1400554518018N00554530EA0054400556
B1400564518021N00554533EA0054100553
B1400574518022N00554538EA0053900551
B1400584518023N00554542EA0053600548
B1400594518019N00554536EA0053400546
B1401004518016N00554530EA0053200544
B1401014518013N00554524EA0052900541
B1401024518012N00554516EA0052700539
B1401034518011N00554509EA0052400536
B1401044518011N00554501EA0052200534
B1401054518012N00554494EA0051900531
B1401064518014N00554487EA0051700529
B1401074518017N00554481EA0051400526
B1401084518020N00554476EA0051200524
B1401094518024N00554472EA0050900521
B1401104518028N00554469EA0050500517
B1401114518023N00554472EA0050300515
B1401124518019N00554472EA0050200514
B1401134518014N00554472EA0049900511
B1401144518010N00554470EA0049700509
B1401154518005N00554468EA0049500507
B1401164518001N00554464EA0049300505
B1401174517998N00554459EA0049000502
B1401184517995N00554453EA0048700499
B1401194517992N00554446EA0048400496
B1401204517991N00554439EA0048100493
B1401214517990N00554445EA0048000492
B1401224517989N00554450EA0047800490
B1401234517987N00554454EA0047600488
B1401244517984N00554457EA0047400486
B1401254517981N00554460EA0047100483
B1401264517977N00554462EA0046800480
B1401274517972N00554462EA0046600478
B1401284517968N00554462EA0046400476
B1401294517964N00554460EA0046200474
B1401304517959N00554457EA0045900471
B1401314517963N00554461EA0045800470
B1401324517965N00554465EA0045500467
B1401334517966N00554470EA0045300465
B1401344517966N00554474EA0045100463
B1401354517966N00554479EA0044800460
B1401364517964N00554484EA0044600458
B1401374517962N00554488EA0044300455
B1401384517959N00554491EA0044000452
B1401394517956N00554494EA0043700449
B1401404517952N00554495EA0043600448
B1401414517947N00554495EA0043300445
B1401424517943N00554495EA0043000442
B1401434517948N00554494EA0042900441
B1401444517952N00554495EA0042600438
B1401454517955N00554497EA0042300435
B1401464517958N00554500EA0042100433
B1401474517961N00554503EA0041900431
B1401484517962N00554508EA0041600428
B1401494517963N00554512EA0041400426
B1401504517963N00554517EA0041100423
B1401514517962N00554522EA0041000422
B1401524517960N00554526EA0040700419
B1401534517958N00554530EA0040500417
B1401544517955N00554533EA0040200414
B1401554517951N00554535EA0040000412
B1401564517947N00554536EA0039800410
B1401574517951N00554531EA0039600408
B1401584517955N00554528EA0039400406
B1401594517960N00554526EA0039200404
B1402004517964N00554525EA0039000402
B1402014517968N00554526EA0038800400
B1402024517971N00554527EA0038600398
B1402034517974N00554530EA0038300395
B1402044517977N00554533EA0038100393
B1402054517979N00554537EA0037800390
B1402064517980N00554542EA0037500387
B1402074517980N00554547EA0037300385
B1402084517979N00554551EA0037000382
B1402094517978N00554556EA0036700379
B1402104517975N00554560EA0036500377
B1402114517972N00554563EA0036300375
B1402124517974N00554555EA0036200374
B1402134517976N00554548EA0036100373
B1402144517979N00554542EA0035900371
B1402154517982N00554537EA0035600368
B1402164517986N00554534EA0035400366
B1402174517990N00554531EA0035100363
B1402184517994N00554530EA0034800360
B1402194517998N00554529EA0034500357
B1402204518002N00554530EA0034300355
B1402214518006N00554533EA0034100353
B1402224518008N00554536EA0033800350
B1402234518011N00554539EA0033500347
B1402244518012N00554544EA0033300345
B1402254518013N00554548EA0033100343
B1402264518012N00554553EA0032800340
B1402274518011N00554558EA0032400336
B1402284518008N00554550EA0032300335
B1402294518007N00554543EA0032100333
B1402304518006N00554535EA0031900331
B1402314518006N00554528EA0031600328
B1402324518007N00554521EA0031300325
B1402334518008N00554514EA0031100323
B1402344518011N00554508EA0030900321
B1402354518014N00554502EA0030700319
B1402364518018N00554498EA0030400316
B1402374518021N00554494EA0030000312
B1402384518026N00554492EA0029800310
B1402394518030N00554492EA0029600308
B1402404518034N00554492EA0029400306
B1402414518028N00554492EA0029200304
B1402424518024N00554490EA0028900301
B1402434518019N00554488EA0028700299
B1402444518015N00554484EA0028400296
B1402454518012N00554479EA0028200294
B1402464518008N00554473EA0027900291
B1402474518006N00554467EA0027600288
B1402484518004N00554460EA0027400286
B1402494518004N00554452EA0027100283
B1402504518004N00554445EA0026900281
B1402514518002N00554451EA0026800280
B1402524517999N00554454EA0026500277
B1402534517996N00554458EA0026200274
B1402544517992N00554460EA0026000272
B1402554517988N00554461EA0025700269
B1402564517984N00554461EA0025500267
B1402574517979N00554460EA0025200264
B1402584517975N00554457EA0024900261
B1402594517971N00554453EA0024700259
B1403004517967N00554449EA0024500257
B1403014517969N00554454EA0024400256
B1403024517970N00554459EA0024100253
B1403034517971N00554463EA0023900251
B1403044517970N00554468EA0023600248
B1403054517970N00554468EA0023300245
B1403064517970N00554468EA0023300245
B1403074517970N00554468EA0023300245
B1403084517970N00554468EA0023300245
B1403094517970N00554468EA0023300245
B1403104517970N00554468EA0023300245
B1403114517970N00554468EA0023300245
B1403124517970N00554468EA0023300245
B1403134517970N00554468EA0023300245
B1403144517970N00554468EA0023300245
B1403154517970N00554468EA0023300245
B1403164517970N00554468EA0023300245
B1403174517970N00554468EA0023300245
B1403184517970N00554468EA0023300245
B1403194517970N00554468EA0023200244
B1403204517970N00554468EA0023300245
B1403214517970N00554468EA0023300245
B1403224517970N00554468EA0023400246
B1403234517970N00554468EA0023300245
B1403244517970N00554468EA0023300245
