AXCT FlyLog example
HFDTEDATE:180826,01
HFPLTPILOTINCHARGE:Pilote Demo
HFGTYGLIDERTYPE:Voile EN-B
HFGIDGLIDERID:
B1346004515480N00539900EA0108701099
B1346014515480N00539900EA0108801100
B1346024515480N00539900EA0108801100
B1346034515480N00539900EA0108801100
B1346044515480N00539900EA0108801100
B1346054515480N00539900EA0108801100
B1346064515480N00539900EA0108701099
B1346074515480N00539900EA0108801100
B1346084515480N00539900EA0108801100
B1346094515480N00539900EA0108801100
B1346104515480N00539900EA0108801100
B1346114515480N00539900EA0108801100
B1346124515480N00539900EA0108801100
B1346134515480N00539900EA0108801100
B1346144515480N00539900EA0108801100
B1346154515480N00539900EA0108801100
B1346164515480N00539900EA0108801100
B1346174515480N00539900EA0108801100
B1346184515480N00539900EA0108801100
B1346194515480N00539900EA0108801100
B1346204515480N00539900EA0108801100
B1346214515480N00539900EA0108801100
B1346224515480N00539900EA0108801100
B1346234515480N00539900EA0108801100
B1346244515480N00539900EA0108801100
B1346254515480N00539900EA0108801100
B1346264515480N00539900EA0108801100
B1346274515480N00539900EA0108801100
B1346284515480N00539900EA0108701099
B1346294515480N00539900EA0108801100
B1346304515475N00539903EA0108701099
B1346314515469N00539906EA0108601098
B1346324515464N00539909EA0108601098
B1346334515458N00539911EA0108501097
B1346344515453N00539914EA0108401096
B1346354515447N00539917EA0108301095
B1346364515442N00539920EA0108201094
B1346374515436N00539923EA0108101093
B1346384515431N00539925EA0108101093
B1346394515425N00539928EA0108001092
B1346404515420N00539931EA0107801090
B1346414515414N00539934EA0107701089
B1346424515409N00539937EA0107601088
B1346434515403N00539940EA0107501087
B1346444515398N00539943EA0107401086
B1346454515392N00539946EA0107201084
B1346464515387N00539949EA0107001082
B1346474515381N00539951EA0106901081
B1346484515376N00539954EA0106801080
B1346494515371N00539957EA0106701079
B1346504515365N00539960EA0106601078
B1346514515360N00539963EA0106501077
B1346524515354N00539966EA0106401076
B1346534515349N00539969EA0106301075
B1346544515343N00539972EA0106101073
B1346554515338N00539976EA0106001072
B1346564515333N00539979EA0105901071
B1346574515327N00539982EA0105801070
B1346584515322N00539986EA0105701069
B1346594515317N00539989EA0105601068
B1347004515311N00539993EA0105501067
B1347014515306N00539997EA0105401066
B1347024515301N00540000EA0105301065
B1347034515295N00540004EA0105101063
B1347044515290N00540007EA0105001062
B1347054515285N00540010EA0104901061
B1347064515279N00540014EA0104801060
B1347074515274N00540017EA0104601058
B1347084515269N00540020EA0104501057
B1347094515263N00540024EA0104401056
B1347104515258N00540027EA0104201054
B1347114515253N00540030EA0104101053
B1347124515247N00540033EA0104101053
B1347134515242N00540037EA0104001052
B1347144515236N00540040EA0103901051
B1347154515231N00540043EA0103801050
B1347164515226N00540046EA0103701049
B1347174515220N00540049EA0103601048
B1347184515215N00540051EA0103501047
B1347194515209N00540054EA0103401046
B1347204515203N00540056EA0103201044
B1347214515198N00540058EA0103201044
B1347224515192N00540060EA0103001042
B1347234515187N00540062EA0102901041
B1347244515181N00540063EA0102801040
B1347254515175N00540065EA0102701039
B1347264515170N00540067EA0102601038
B1347274515164N00540068EA0102501037
B1347284515158N00540070EA0102301035
B1347294515153N00540071EA0102201034
B1347304515147N00540072EA0102101033
B1347314515141N00540073EA0101901031
B1347324515135N00540075EA0101901031
B1347334515130N00540076EA0101701029
B1347344515124N00540077EA0101601028
B1347354515118N00540078EA0101501027
B1347364515113N00540079EA0101401026
B1347374515107N00540080EA0101301025
B1347384515101N00540082EA0101201024
B1347394515096N00540083EA0101101023
B1347404515090N00540084EA0100901021
B1347414515084N00540085EA0100801020
B1347424515079N00540086EA0100701019
B1347434515073N00540087EA0100601018
B1347444515068N00540087EA0100801020
B1347454515063N00540084EA0101001022
B1347464515060N00540080EA0101301025
B1347474515057N00540074EA0101501027
B1347484515056N00540068EA0101801030
B1347494515056N00540062EA0102101033
B1347504515058N00540056EA0102401036
B1347514515061N00540052EA0102801040
B1347524515065N00540049EA0103001042
B1347534515069N00540048EA0103201044
B1347544515074N00540049EA0103501047
B1347554515078N00540052EA0104001052
B1347564515082N00540057EA0104301055
B1347574515084N00540064EA0104601058
B1347584515085N00540071EA0104901061
B1347594515085N00540078EA0105101063
B1348004515083N00540086EA0105301065
B1348014515080N00540092EA0105501067
B1348024515076N00540097EA0105901071
B1348034515071N00540100EA0106101073
B1348044515066N00540101EA0106401076
B1348054515061N00540100EA0106701079
B1348064515057N00540097EA0107101083
B1348074515053N00540093EA0107301085
B1348084515051N00540087EA0107701089
B1348094515050N00540081EA0107801090
B1348104515050N00540075EA0108101093
B1348114515052N00540069EA0108401096
B1348124515055N00540065EA0108701099
B1348134515059N00540062EA0109001102
B1348144515063N00540062EA0109401106
B1348154515068N00540063EA0109501107
B1348164515072N00540066EA0109801110
B1348174515075N00540071EA0110101113
B1348184515078N00540078EA0110301115
B1348194515079N00540085EA0110601118
B1348204515078N00540092EA0110901121
B1348214515077N00540100EA0111101123
B1348224515073N00540106EA0111501127
B1348234515069N00540111EA0111701129
B1348244515064N00540114EA0111901131
B1348254515059N00540115EA0112101133
B1348264515054N00540114EA0112301135
B1348274515050N00540111EA0112601138
B1348284515046N00540106EA0113001142
B1348294515044N00540101EA0113201144
B1348304515043N00540094EA0113601148
B1348314515044N00540088EA0113801150
B1348324515045N00540083EA0114101153
B1348334515048N00540079EA0114301155
B1348344515052N00540076EA0114601158
B1348354515057N00540075EA0114901161
B1348364515061N00540077EA0115101163
B1348374515066N00540080EA0115401166
B1348384515069N00540085EA0115601168
B1348394515071N00540092EA0115901171
B1348404515072N00540099EA0116101173
B1348414515072N00540106EA0116301175
B1348424515070N00540114EA0116401176
B1348434515067N00540120EA0116601178
B1348444515062N00540125EA0116901181
B1348454515058N00540127EA0117301185
B1348464515052N00540128EA0117401186
B1348474515047N00540127EA0117701189
B1348484515043N00540124EA0118001192
B1348494515039N00540120EA0118301195
B1348504515037N00540114EA0118601198
B1348514515036N00540108EA0118801200
B1348524515037N00540102EA0119001202
B1348534515039N00540096EA0119301205
B1348544515042N00540092EA0119601208
B1348554515046N00540089EA0119901211
B1348564515051N00540089EA0120101213
B1348574515055N00540090EA0120301215
B1348584515059N00540094EA0120501217
B1348594515063N00540099EA0120701219
B1349004515065N00540106EA0120901221
B1349014515066N00540113EA0121301225
B1349024515065N00540120EA0121501227
B1349034515063N00540128EA0121601228
B1349044515060N00540134EA0121901231
B1349054515056N00540138EA0122201234
B1349064515051N00540141EA0122401236
B1349074515046N00540142EA0122801240
B1349084515041N00540141EA0123001242
B1349094515036N00540138EA0123301245
B1349104515033N00540133EA0123601248
B1349114515031N00540127EA0124001252
B1349124515030N00540121EA0124301255
B1349134515031N00540115EA0124501257
B1349144515033N00540110EA0124701259
B1349154515036N00540105EA0125001262
B1349164515040N00540103EA0125301265
B1349174515044N00540103EA0125601268
B1349184515049N00540104EA0125901271
B1349194515053N00540108EA0126301275
B1349204515056N00540113EA0126501277
B1349214515058N00540120EA0126901281
B1349224515059N00540127EA0127101283
B1349234515058N00540135EA0127301285
B1349244515056N00540142EA0127501287
B1349254515053N00540148EA0127801290
B1349264515049N00540152EA0128101293
B1349274515044N00540155EA0128301295
B1349284515039N00540156EA0128601298
B1349294515034N00540154EA0129001302
B1349304515029N00540151EA0129301305
B1349314515026N00540146EA0129601308
B1349324515024N00540141EA0129901311
B1349334515023N00540134EA0130301315
B1349344515024N00540128EA0130601318
B1349354515026N00540123EA0130801320
B1349364515029N00540119EA0131101323
B1349374515034N00540117EA0131201324
B1349384515038N00540116EA0131401326
B1349394515043N00540118EA0131801330
B1349404515047N00540122EA0132101333
B1349414515050N00540127EA0132301335
B1349424515052N00540134EA0132701339
B1349434515053N00540141EA0132901341
B1349444515052N00540149EA0133301345
B1349454515050N00540156EA0133401346
B1349464515046N00540162EA0133801350
B1349474515042N00540166EA0134001352
B1349484515037N00540169EA0134401356
B1349494515032N00540169EA0134601358
B1349504515027N00540168EA0134901361
B1349514515023N00540164EA0135101363
B1349524515019N00540160EA0135501367
B1349534515017N00540154EA0135901371
B1349544515017N00540148EA0136101373
B1349554515018N00540142EA0136401376
B1349564515020N00540136EA0136601378
B1349574515023N00540132EA0136901381
B1349584515027N00540130EA0137101383
B1349594515032N00540130EA0137401386
B1350004515036N00540132EA0137701389
B1350014515040N00540136EA0138001392
B1350024515043N00540141EA0138201394
B1350034515045N00540148EA0138401396
B1350044515046N00540155EA0138701399
B1350054515045N00540163EA0139001402
B1350064515043N00540170EA0139301405
B1350074515040N00540176EA0139701409
B1350084515035N00540180EA0140001412
B1350094515030N00540182EA0140301415
B1350104515025N00540183EA0140501417
B1350114515020N00540181EA0140801420
B1350124515016N00540178EA0141201424
B1350134515013N00540173EA0141401426
B1350144515011N00540167EA0141501427
B1350154515010N00540161EA0141901431
B1350164515011N00540155EA0142101433
B1350174515013N00540150EA0142501437
B1350184515017N00540146EA0142901441
B1350194515021N00540144EA0143201444
B1350204515025N00540144EA0143401446
B1350214515030N00540146EA0143601448
B1350224515034N00540149EA0143801450
B1350234515037N00540155EA0144101453
B1350244515039N00540162EA0144301455
B1350254515039N00540169EA0144601458
B1350264515039N00540177EA0144801460
B1350274515036N00540184EA0145101463
B1350284515033N00540189EA0145501467
B1350294515028N00540194EA0145901471
B1350304515023N00540196EA0146101473
B1350314515018N00540196EA0146301475
B1350324515013N00540195EA0146601478
B1350334515009N00540191EA0146801480
B1350344515006N00540186EA0147001482
B1350354515004N00540180EA0147301485
B1350364515004N00540174EA0147401486
B1350374515005N00540168EA0147801490
B1350384515007N00540163EA0148201494
B1350394515010N00540159EA0148401496
B1350404515015N00540157EA0148601498
B1350414515019N00540157EA0148801500
B1350424515024N00540159EA0149101503
B1350434515028N00540163EA0149401506
B1350444515031N00540169EA0149701509
B1350454515032N00540176EA0150001512
B1350464515033N00540183EA0150201514
B1350474515032N00540191EA0150501517
B1350484515030N00540198EA0150701519
B1350494515026N00540203EA0151001522
B1350504515022N00540208EA0151301525
B1350514515017N00540210EA0151701529
B1350524515011N00540210EA0152001532
B1350534515007N00540208EA0152301535
B1350544515002N00540205EA0152601538
B1350554514999N00540200EA0152901541
B1350564514998N00540194EA0153201544
B1350574514997N00540187EA0153501547
B1350584514998N00540182EA0153701549
B1350594515001N00540176EA0153901551
B1351004515004N00540173EA0154101553
B1351014515008N00540171EA0154401556
B1351024515013N00540171EA0154601558
B1351034515017N00540173EA0154701559
B1351044515021N00540177EA0155101563
B1351054515024N00540183EA0155401566
B1351064515026N00540190EA0155701569
B1351074515026N00540197EA0155901571
B1351084515025N00540205EA0156301575
B1351094515023N00540212EA0156601578
B1351104515019N00540217EA0156801580
B1351114515015N00540221EA0157101583
B1351124515010N00540224EA0157201584
B1351134515005N00540224EA0157501587
B1351144515000N00540222EA0157601588
B1351154514996N00540218EA0157901591
B1351164514993N00540213EA0158101593
B1351174514991N00540207EA0158301595
B1351184514991N00540201EA0158501597
B1351194514992N00540195EA0158601598
B1351204514994N00540190EA0158901601
B1351214514998N00540186EA0159101603
B1351224515002N00540184EA0159501607
B1351234515007N00540185EA0159801610
B1351244515011N00540187EA0160101613
B1351254515016N00540190EA0160001612
B1351264515021N00540192EA0159901611
B1351274515026N00540195EA0159901611
B1351284515031N00540197EA0159801610
B1351294515036N00540200EA0159601608
B1351304515040N00540202EA0159501607
B1351314515045N00540205EA0159401606
B1351324515050N00540207EA0159301605
B1351334515055N00540209EA0159201604
B1351344515060N00540212EA0159201604
B1351354515065N00540214EA0159101603
B1351364515070N00540217EA0159001602
B1351374515075N00540219EA0158901601
B1351384515080N00540221EA0158701599
B1351394515085N00540223EA0158601598
B1351404515090N00540224EA0158501597
B1351414515095N00540226EA0158301595
B1351424515100N00540228EA0158201594
B1351434515105N00540230EA0158101593
B1351444515110N00540231EA0158001592
B1351454515115N00540233EA0157801590
B1351464515120N00540235EA0157701589
B1351474515125N00540237EA0157601588
B1351484515130N00540239EA0157501587
B1351494515135N00540241EA0157401586
B1351504515140N00540242EA0157301585
B1351514515145N00540244EA0157201584
B1351524515150N00540245EA0157101583
B1351534515155N00540247EA0156901581
B1351544515160N00540248EA0156801580
B1351554515165N00540249EA0156801580
B1351564515171N00540250EA0156601578
B1351574515176N00540251EA0156501577
B1351584515181N00540253EA0156401576
B1351594515186N00540254EA0156301575
B1352004515191N00540255EA0156201574
B1352014515196N00540256EA0156101573
B1352024515201N00540257EA0155901571
B1352034515206N00540258EA0155801570
B1352044515211N00540259EA0155701569
B1352054515216N00540260EA0155701569
B1352064515221N00540262EA0155601568
B1352074515226N00540263EA0155501567
B1352084515231N00540264EA0155401566
B1352094515236N00540264EA0155301565
B1352104515242N00540265EA0155101563
B1352114515247N00540266EA0155001562
B1352124515252N00540267EA0154901561
B1352134515257N00540268EA0154701559
B1352144515262N00540269EA0154501557
B1352154515267N00540270EA0154401556
B1352164515272N00540271EA0154301555
B1352174515277N00540272EA0154201554
B1352184515282N00540273EA0154101553
B1352194515287N00540274EA0154001552
B1352204515292N00540275EA0153901551
B1352214515297N00540275EA0153801550
B1352224515302N00540276EA0153701549
B1352234515307N00540276EA0153701549
B1352244515313N00540277EA0153701549
B1352254515318N00540277EA0153501547
B1352264515323N00540277EA0153501547
B1352274515328N00540277EA0153401546
B1352284515333N00540277EA0153401546
B1352294515338N00540277EA0153301545
B1352304515343N00540278EA0153201544
B1352314515348N00540278EA0153101543
B1352324515353N00540278EA0152901541
B1352334515358N00540279EA0152701539
B1352344515363N00540279EA0152601538
B1352354515368N00540279EA0152501537
B1352364515373N00540280EA0152401536
B1352374515378N00540280EA0152201534
B1352384515384N00540281EA0152101533
B1352394515389N00540281EA0152001532
B1352404515394N00540282EA0151901531
B1352414515399N00540282EA0151801530
B1352424515404N00540283EA0151701529
B1352434515409N00540283EA0151601528
B1352444515414N00540284EA0151501527
B1352454515419N00540285EA0151401526
B1352464515424N00540286EA0151301525
B1352474515429N00540287EA0151101523
B1352484515434N00540289EA0151001522
B1352494515439N00540290EA0150901521
B1352504515444N00540291EA0150801520
B1352514515449N00540292EA0150701519
B1352524515454N00540294EA0150601518
B1352534515460N00540295EA0150401516
B1352544515465N00540295EA0150401516
B1352554515470N00540296EA0150201514
B1352564515475N00540297EA0150101513
B1352574515480N00540298EA0150001512
B1352584515485N00540298EA0149901511
B1352594515490N00540299EA0149801510
B1353004515495N00540300EA0149701509
B1353014515500N00540301EA0149601508
B1353024515505N00540301EA0149501507
B1353034515510N00540302EA0149501507
B1353044515515N00540303EA0149401506
B1353054515520N00540303EA0149301505
B1353064515526N00540304EA0149101503
B1353074515531N00540304EA0149001502
B1353084515536N00540304EA0148901501
B1353094515541N00540305EA0148801500
B1353104515546N00540306EA0148601498
B1353114515551N00540307EA0148601498
B1353124515556N00540308EA0148401496
B1353134515561N00540309EA0148301495
B1353144515566N00540310EA0148101493
B1353154515571N00540311EA0148001492
B1353164515576N00540312EA0147901491
B1353174515581N00540313EA0147801490
B1353184515586N00540314EA0147601488
B1353194515591N00540315EA0147501487
B1353204515597N00540316EA0147401486
B1353214515602N00540317EA0147301485
B1353224515607N00540317EA0147201484
B1353234515612N00540318EA0147101483
B1353244515617N00540319EA0146901481
B1353254515622N00540320EA0146801480
B1353264515627N00540321EA0146701479
B1353274515632N00540322EA0146601478
B1353284515637N00540323EA0146501477
B1353294515641N00540326EA0146801480
B1353304515645N00540331EA0147001482
B1353314515647N00540338EA0147201484
B1353324515648N00540345EA0147501487
B1353334515648N00540352EA0147801490
B1353344515646N00540360EA0148001492
B1353354515643N00540366EA0148301495
B1353364515639N00540371EA0148501497
B1353374515634N00540374EA0148701499
B1353384515629N00540375EA0148901501
B1353394515624N00540374EA0149101503
B1353404515620N00540371EA0149301505
B1353414515616N00540367EA0149701509
B1353424515614N00540361EA0150101513
B1353434515613N00540355EA0150301515
B1353444515613N00540349EA0150501517
B1353454515615N00540344EA0150801520
B1353464515618N00540339EA0151201524
B1353474515622N00540337EA0151501527
B1353484515626N00540336EA0151701529
B1353494515631N00540337EA0152001532
B1353504515635N00540340EA0152201534
B1353514515638N00540345EA0152301535
B1353524515641N00540352EA0152501537
B1353534515642N00540359EA0152801540
B1353544515641N00540367EA0153101543
B1353554515640N00540374EA0153301545
B1353564515636N00540380EA0153601548
B1353574515632N00540385EA0153901551
B1353584515627N00540388EA0154101553
B1353594515622N00540389EA0154301555
B1354004515617N00540388EA0154501557
B1354014515613N00540385EA0154801560
B1354024515609N00540380EA0155001562
B1354034515607N00540375EA0155301565
B1354044515606N00540369EA0155501567
B1354054515607N00540362EA0155701569
B1354064515609N00540357EA0156001572
B1354074515612N00540353EA0156301575
B1354084515616N00540350EA0156601578
B1354094515620N00540349EA0156901581
B1354104515625N00540351EA0157301585
B1354114515629N00540354EA0157501587
B1354124515632N00540359EA0157801590
B1354134515634N00540366EA0158101593
B1354144515635N00540373EA0158301595
B1354154515635N00540381EA0158701599
B1354164515633N00540388EA0159001602
B1354174515630N00540394EA0159201604
B1354184515625N00540399EA0159401606
B1354194515621N00540402EA0159701609
B1354204515615N00540402EA0160001612
B1354214515610N00540401EA0160201614
B1354224515606N00540398EA0160501617
B1354234515603N00540394EA0160801620
B1354244515600N00540388EA0161201624
B1354254515599N00540382EA0161501627
B1354264515600N00540376EA0161701629
B1354274515602N00540370EA0162001632
B1354284515605N00540366EA0162301635
B1354294515609N00540364EA0162501637
B1354304515614N00540363EA0162801640
B1354314515618N00540365EA0163301645
B1354324515622N00540368EA0163501647
B1354334515626N00540373EA0163801650
B1354344515628N00540380EA0163901651
B1354354515629N00540387EA0164001652
B1354364515628N00540395EA0164301655
B1354374515626N00540402EA0164501657
B1354384515623N00540408EA0164801660
B1354394515619N00540413EA0165001662
B1354404515614N00540415EA0165201664
B1354414515609N00540416EA0165401666
B1354424515604N00540415EA0165601668
B1354434515599N00540412EA0165801670
B1354444515596N00540407EA0166301675
B1354454515594N00540401EA0166501677
B1354464515593N00540395EA0166601678
B1354474515594N00540389EA0166901681
B1354484515596N00540384EA0167201684
B1354494515599N00540380EA0167501687
B1354504515603N00540377EA0167701689
B1354514515607N00540377EA0167701689
B1354524515612N00540378EA0167901691
B1354534515616N00540382EA0168101693
B1354544515619N00540387EA0168301695
B1354554515621N00540394EA0168601698
B1354564515622N00540401EA0168801700
B1354574515622N00540409EA0169001702
B1354584515619N00540416EA0169401706
B1354594515616N00540422EA0169601708
B1355004515612N00540426EA0169701709
B1355014515607N00540429EA0169901711
B1355024515602N00540430EA0170301715
B1355034515597N00540428EA0170501717
B1355044515592N00540425EA0170801720
B1355054515589N00540420EA0171101723
B1355064515587N00540415EA0171401726
B1355074515586N00540408EA0171701729
B1355084515587N00540402EA0171901731
B1355094515589N00540397EA0172101733
B1355104515593N00540393EA0172201734
B1355114515597N00540391EA0172501737
B1355124515601N00540390EA0172801740
B1355134515606N00540392EA0173101743
B1355144515610N00540396EA0173301745
B1355154515613N00540401EA0173501747
B1355164515615N00540408EA0173701749
B1355174515616N00540415EA0174001752
B1355184515615N00540423EA0174301755
B1355194515614N00540431EA0174201754
B1355204515613N00540439EA0174101753
B1355214515613N00540448EA0174001752
B1355224515612N00540456EA0173901751
B1355234515611N00540464EA0173801750
B1355244515610N00540472EA0173701749
B1355254515609N00540481EA0173701749
B1355264515608N00540489EA0173601748
B1355274515607N00540497EA0173501747
B1355284515606N00540505EA0173401746
B1355294515604N00540513EA0173201744
B1355304515603N00540522EA0173201744
B1355314515602N00540530EA0173101743
B1355324515600N00540538EA0173001742
B1355334515599N00540546EA0172901741
B1355344515598N00540554EA0172801740
B1355354515597N00540563EA0172801740
B1355364515595N00540571EA0172701739
B1355374515594N00540579EA0172601738
B1355384515593N00540587EA0172601738
B1355394515591N00540595EA0172401736
B1355404515590N00540603EA0172301735
B1355414515589N00540612EA0172201734
B1355424515587N00540620EA0172101733
B1355434515586N00540628EA0172001732
B1355444515584N00540636EA0171901731
B1355454515583N00540644EA0171801730
B1355464515582N00540652EA0171801730
B1355474515581N00540661EA0171701729
B1355484515580N00540669EA0171701729
B1355494515579N00540677EA0171501727
B1355504515578N00540685EA0171301725
B1355514515576N00540694EA0171101723
B1355524515576N00540702EA0171001722
B1355534515575N00540710EA0170901721
B1355544515574N00540718EA0170701719
B1355554515573N00540727EA0170501717
B1355564515572N00540735EA0170401716
B1355574515572N00540743EA0170201714
B1355584515571N00540751EA0170101713
B1355594515570N00540760EA0169901711
B1356004515570N00540768EA0169801710
B1356014515569N00540776EA0169701709
B1356024515569N00540785EA0169601708
B1356034515568N00540793EA0169501707
B1356044515567N00540801EA0169401706
B1356054515567N00540810EA0169401706
B1356064515566N00540818EA0169301705
B1356074515565N00540826EA0169201704
B1356084515565N00540834EA0169201704
B1356094515564N00540843EA0169001702
B1356104515563N00540851EA0168901701
B1356114515563N00540859EA0168801700
B1356124515562N00540868EA0168701699
B1356134515561N00540876EA0168601698
B1356144515560N00540884EA0168501697
B1356154515559N00540892EA0168401696
B1356164515558N00540901EA0168301695
B1356174515557N00540909EA0168201694
B1356184515556N00540917EA0168101693
B1356194515556N00540925EA0168001692
B1356204515555N00540934EA0167901691
B1356214515554N00540942EA0167701689
B1356224515553N00540950EA0167601688
B1356234515552N00540958EA0167501687
B1356244515551N00540967EA0167401686
B1356254515550N00540975EA0167401686
B1356264515549N00540983EA0167301685
B1356274515549N00540992EA0167201684
B1356284515548N00541000EA0167201684
B1356294515547N00541008EA0167001682
B1356304515546N00541016EA0166801680
B1356314515545N00541025EA0166601678
B1356324515544N00541033EA0166501677
B1356334515543N00541041EA0166401676
B1356344515542N00541049EA0166201674
B1356354515542N00541058EA0166101673
B1356364515541N00541066EA0166001672
B1356374515540N00541074EA0165901671
B1356384515539N00541082EA0165801670
B1356394515538N00541091EA0165701669
B1356404515538N00541099EA0165601668
B1356414515537N00541107EA0165501667
B1356424515536N00541116EA0165401666
B1356434515536N00541124EA0165301665
B1356444515536N00541132EA0165201664
B1356454515535N00541141EA0165001662
B1356464515535N00541149EA0164901661
B1356474515534N00541157EA0164801660
B1356484515534N00541165EA0164701659
B1356494515534N00541174EA0164601658
B1356504515533N00541182EA0164501657
B1356514515533N00541190EA0164301655
B1356524515532N00541199EA0164301655
B1356534515532N00541207EA0164101653
B1356544515531N00541215EA0164101653
B1356554515530N00541224EA0163901651
B1356564515530N00541232EA0163801650
B1356574515529N00541240EA0163601648
B1356584515529N00541248EA0163501647
B1356594515529N00541257EA0163401646
B1357004515528N00541265EA0163201644
B1357014515528N00541273EA0163101643
B1357024515527N00541282EA0163001642
B1357034515526N00541290EA0162801640
B1357044515525N00541298EA0162701639
B1357054515525N00541307EA0162701639
B1357064515524N00541315EA0162501637
B1357074515524N00541323EA0162401636
B1357084515523N00541331EA0162201634
B1357094515521N00541339EA0162501637
B1357104515518N00541345EA0162701639
B1357114515514N00541350EA0162901641
B1357124515509N00541353EA0163101643
B1357134515504N00541353EA0163301645
B1357144515499N00541352EA0163501647
B1357154515494N00541349EA0163701649
B1357164515491N00541345EA0163901651
B1357174515489N00541339EA0164001652
B1357184515488N00541333EA0164201654
B1357194515488N00541327EA0164401656
B1357204515490N00541321EA0164701659
B1357214515493N00541317EA0164801660
B1357224515497N00541315EA0165001662
B1357234515502N00541314EA0165201664
B1357244515506N00541315EA0165401666
B1357254515511N00541319EA0165701669
B1357264515514N00541324EA0166001672
B1357274515516N00541331EA0166201674
B1357284515517N00541338EA0166501677
B1357294515517N00541345EA0166701679
B1357304515515N00541353EA0166901681
B1357314515511N00541359EA0167101683
B1357324515507N00541363EA0167301685
B1357334515502N00541366EA0167501687
B1357344515497N00541367EA0167901691
B1357354515492N00541366EA0168101693
B1357364515488N00541363EA0168401696
B1357374515484N00541358EA0168601698
B1357384515482N00541352EA0168801700
B1357394515481N00541346EA0169201704
B1357404515482N00541340EA0169401706
B1357414515484N00541335EA0169701709
B1357424515487N00541331EA0170001712
B1357434515491N00541328EA0170201714
B1357444515496N00541328EA0170401716
B1357454515500N00541329EA0170601718
B1357464515504N00541333EA0170801720
B1357474515507N00541338EA0171101723
B1357484515510N00541345EA0171301725
B1357494515510N00541352EA0171601728
B1357504515510N00541360EA0171801730
B1357514515508N00541367EA0172101733
B1357524515505N00541373EA0172401736
B1357534515500N00541377EA0172701739
B1357544515495N00541380EA0173001742
B1357554515490N00541381EA0173301745
B1357564515485N00541379EA0173401746
B1357574515481N00541376EA0173601748
B1357584515478N00541372EA0173901751
B1357594515475N00541366EA0174201754
B1358004515475N00541360EA0174401756
B1358014515475N00541353EA0174601758
B1358024515478N00541348EA0174801760
B1358034515481N00541344EA0174901761
B1358044515485N00541342EA0175001762
B1358054515489N00541341EA0175201764
B1358064515494N00541343EA0175401766
B1358074515498N00541347EA0175501767
B1358084515501N00541352EA0175701769
B1358094515503N00541359EA0175901771
B1358104515504N00541366EA0176101773
B1358114515503N00541374EA0176301775
B1358124515501N00541381EA0176501777
B1358134515498N00541387EA0176601778
B1358144515493N00541391EA0176801780
B1358154515489N00541394EA0177101783
B1358164515483N00541394EA0177501787
B1358174515478N00541393EA0177901791
B1358184515474N00541390EA0178101793
B1358194515471N00541385EA0178401796
B1358204515469N00541379EA0178501797
B1358214515468N00541373EA0178601798
B1358224515469N00541367EA0178801800
B1358234515471N00541362EA0178901801
B1358244515474N00541358EA0179001802
B1358254515479N00541355EA0179101803
B1358264515483N00541355EA0179401806
B1358274515488N00541357EA0179701809
B1358284515492N00541361EA0179801810
B1358294515495N00541366EA0180101813
B1358304515497N00541373EA0180301815
B1358314515497N00541380EA0180601818
B1358324515497N00541388EA0180901821
B1358334515494N00541395EA0181001822
B1358344515491N00541401EA0181301825
B1358354515487N00541405EA0181601828
B1358364515482N00541407EA0181901831
B1358374515477N00541408EA0182101833
B1358384515472N00541406EA0182301835
B1358394515467N00541403EA0182601838
B1358404515464N00541398EA0182801840
B1358414515462N00541392EA0182901841
B1358424515462N00541386EA0183101843
B1358434515463N00541380EA0183401846
B1358444515464N00541373EA0183401846
B1358454515465N00541367EA0183301845
B1358464515466N00541360EA0183201844
B1358474515467N00541353EA0183101843
B1358484515468N00541347EA0182901841
B1358494515470N00541340EA0182701839
B1358504515471N00541333EA0182601838
B1358514515472N00541327EA0182501837
B1358524515474N00541320EA0182401836
B1358534515476N00541314EA0182301835
B1358544515477N00541307EA0182201834
B1358554515479N00541301EA0182101833
B1358564515481N00541294EA0182001832
B1358574515483N00541288EA0181901831
B1358584515484N00541281EA0181701829
B1358594515486N00541275EA0181601828
B1359004515488N00541269EA0181501827
B1359014515489N00541262EA0181301825
B1359024515491N00541256EA0181201824
B1359034515493N00541250EA0181101823
B1359044515495N00541243EA0181001822
B1359054515497N00541237EA0180801820
B1359064515499N00541231EA0180701819
B1359074515501N00541224EA0180601818
B1359084515503N00541218EA0180501817
B1359094515505N00541212EA0180401816
B1359104515508N00541206EA0180301815
B1359114515510N00541200EA0180201814
B1359124515512N00541194EA0180101813
B1359134515514N00541188EA0179901811
B1359144515517N00541182EA0179801810
B1359154515519N00541176EA0179601808
B1359164515521N00541170EA0179501807
B1359174515524N00541164EA0179401806
B1359184515526N00541158EA0179301805
B1359194515529N00541152EA0179201804
B1359204515531N00541146EA0179101803
B1359214515534N00541140EA0179101803
B1359224515537N00541135EA0178801800
B1359234515539N00541129EA0178701799
B1359244515542N00541123EA0178601798
B1359254515544N00541117EA0178401796
B1359264515547N00541111EA0178301795
B1359274515549N00541105EA0178201794
B1359284515551N00541099EA0178101793
B1359294515554N00541093EA0178001792
B1359304515556N00541087EA0177901791
B1359314515559N00541082EA0177801790
B1359324515562N00541076EA0177601788
B1359334515564N00541070EA0177501787
B1359344515567N00541064EA0177501787
B1359354515570N00541059EA0177401786
B1359364515572N00541053EA0177201784
B1359374515575N00541048EA0177101783
B1359384515578N00541042EA0177001782
B1359394515581N00541037EA0176901781
B1359404515584N00541031EA0176801780
B1359414515587N00541026EA0176701779
B1359424515590N00541020EA0176601778
B1359434515593N00541015EA0176401776
B1359444515596N00541009EA0176401776
B1359454515599N00541004EA0176201774
B1359464515602N00540999EA0176001772
B1359474515606N00540994EA0175901771
B1359484515609N00540989EA0175801770
B1359494515612N00540983EA0175701769
B1359504515615N00540978EA0175601768
B1359514515618N00540973EA0175501767
B1359524515621N00540968EA0175401766
B1359534515625N00540963EA0175301765
B1359544515628N00540958EA0175201764
B1359554515631N00540953EA0175101763
B1359564515634N00540948EA0174901761
B1359574515638N00540943EA0174801760
B1359584515641N00540937EA0174701759
B1359594515644N00540932EA0174701759
B1400004515647N00540927EA0174501757
B1400014515650N00540922EA0174401756
B1400024515654N00540917EA0174401756
B1400034515657N00540912EA0174301755
B1400044515660N00540907EA0174101753
B1400054515664N00540902EA0174001752
B1400064515668N00540898EA0173901751
B1400074515671N00540893EA0173701749
B1400084515675N00540888EA0173601748
B1400094515678N00540883EA0173501747
B1400104515682N00540878EA0173401746
B1400114515685N00540874EA0173401746
B1400124515689N00540869EA0173301745
B1400134515692N00540865EA0173201744
B1400144515696N00540860EA0173001742
B1400154515700N00540856EA0172901741
B1400164515704N00540852EA0172901741
B1400174515707N00540847EA0172701739
B1400184515711N00540842EA0172601738
B1400194515714N00540838EA0172501737
B1400204515718N00540833EA0172401736
B1400214515722N00540829EA0172301735
B1400224515725N00540824EA0172101733
B1400234515729N00540819EA0172001732
B1400244515733N00540815EA0171901731
B1400254515737N00540811EA0171701729
B1400264515740N00540807EA0171701729
B1400274515744N00540802EA0171501727
B1400284515748N00540798EA0171401726
B1400294515752N00540793EA0171301725
B1400304515755N00540789EA0171201724
B1400314515759N00540785EA0171101723
B1400324515763N00540781EA0171001722
B1400334515767N00540776EA0170901721
B1400344515771N00540772EA0171001722
B1400354515775N00540768EA0170801720
B1400364515779N00540764EA0170801720
B1400374515782N00540760EA0170601718
B1400384515786N00540755EA0170501717
B1400394515790N00540751EA0170301715
B1400404515793N00540746EA0170201714
B1400414515797N00540741EA0170101713
B1400424515801N00540737EA0170001712
B1400434515804N00540732EA0169901711
B1400444515808N00540728EA0169701709
B1400454515811N00540723EA0169601708
B1400464515815N00540719EA0169501707
B1400474515819N00540714EA0169401706
B1400484515822N00540709EA0169301705
B1400494515826N00540705EA0169101703
B1400504515829N00540700EA0169001702
B1400514515833N00540695EA0168801700
B1400524515836N00540690EA0168801700
B1400534515840N00540685EA0168701699
B1400544515843N00540681EA0168601698
B1400554515847N00540676EA0168501697
B1400564515850N00540671EA0168401696
B1400574515854N00540666EA0168301695
B1400584515857N00540661EA0168201694
B1400594515860N00540656EA0168001692
B1401004515864N00540651EA0167901691
B1401014515867N00540647EA0167801690
B1401024515871N00540642EA0167701689
B1401034515874N00540637EA0167601688
B1401044515878N00540632EA0167501687
B1401054515881N00540628EA0167401686
B1401064515885N00540623EA0167201684
B1401074515889N00540619EA0167201684
B1401084515892N00540614EA0167001682
B1401094515896N00540610EA0167001682
B1401104515900N00540605EA0166801680
B1401114515903N00540601EA0166701679
B1401124515907N00540596EA0166601678
B1401134515911N00540592EA0166501677
B1401144515914N00540587EA0166301675
B1401154515918N00540582EA0166201674
B1401164515921N00540577EA0166101673
B1401174515924N00540572EA0166101673
B1401184515928N00540567EA0165901671
B1401194515931N00540562EA0165801670
B1401204515934N00540557EA0165701669
B1401214515938N00540552EA0165601668
B1401224515941N00540547EA0165501667
B1401234515944N00540542EA0165401666
B1401244515947N00540537EA0165401666
B1401254515950N00540532EA0165301665
B1401264515953N00540526EA0165201664
B1401274515956N00540521EA0165201664
B1401284515960N00540516EA0165101663
B1401294515963N00540510EA0165001662
B1401304515966N00540505EA0164901661
B1401314515969N00540500EA0164701659
B1401324515972N00540494EA0164601658
B1401334515975N00540489EA0164501657
B1401344515978N00540484EA0164401656
B1401354515981N00540478EA0164201654
B1401364515984N00540473EA0164201654
B1401374515987N00540468EA0164101653
B1401384515991N00540463EA0164001652
B1401394515994N00540458EA0163901651
B1401404515997N00540453EA0163701649
B1401414516000N00540448EA0163601648
B1401424516004N00540443EA0163601648
B1401434516007N00540438EA0163401646
B1401444516010N00540432EA0163301645
B1401454516013N00540427EA0163201644
B1401464516017N00540422EA0163001642
B1401474516020N00540417EA0162901641
B1401484516023N00540412EA0162801640
B1401494516026N00540407EA0162701639
B1401504516030N00540402EA0162601638
B1401514516033N00540397EA0162401636
B1401524516036N00540392EA0162301635
B1401534516040N00540387EA0162201634
B1401544516043N00540382EA0162101633
B1401554516046N00540376EA0162001632
B1401564516049N00540371EA0161801630
B1401574516053N00540366EA0161701629
B1401584516056N00540361EA0161601628
B1401594516059N00540356EA0161501627
B1402004516063N00540351EA0161501627
B1402014516067N00540349EA0161801630
B1402024516071N00540348EA0161901631
B1402034516075N00540349EA0162201634
B1402044516080N00540352EA0162401636
B1402054516083N00540357EA0162701639
B1402064516085N00540364EA0162901641
B1402074516087N00540371EA0163101643
B1402084516086N00540379EA0163501647
B1402094516084N00540386EA0163801650
B1402104516081N00540392EA0164001652
B1402114516077N00540397EA0164201654
B1402124516072N00540400EA0164401656
B1402134516067N00540401EA0164601658
B1402144516062N00540400EA0164901661
B1402154516058N00540397EA0165001662
B1402164516054N00540393EA0165301665
B1402174516052N00540387EA0165501667
B1402184516051N00540381EA0165801670
B1402194516051N00540375EA0166001672
B1402204516053N00540369EA0166301675
B1402214516056N00540365EA0166601678
B1402224516060N00540362EA0166901681
B1402234516065N00540362EA0167001682
B1402244516069N00540363EA0167201684
B1402254516073N00540366EA0167501687
B1402264516077N00540371EA0167801690
B1402274516079N00540378EA0168101693
B1402284516080N00540385EA0168301695
B1402294516080N00540393EA0168601698
B1402304516078N00540400EA0168901701
B1402314516075N00540406EA0169101703
B1402324516070N00540411EA0169401706
B1402334516065N00540414EA0169501707
B1402344516060N00540415EA0169701709
B1402354516055N00540414EA0170001712
B1402364516051N00540411EA0170101713
B1402374516047N00540406EA0170401716
B1402384516045N00540400EA0170601718
B1402394516044N00540394EA0170901721
B1402404516045N00540388EA0171001722
B1402414516047N00540383EA0171201724
B1402424516050N00540378EA0171401726
B1402434516054N00540376EA0171601728
B1402444516058N00540375EA0171901731
B1402454516063N00540377EA0172101733
B1402464516067N00540380EA0172201734
B1402474516070N00540385EA0172601738
B1402484516073N00540392EA0172801740
B1402494516073N00540399EA0173001742
B1402504516073N00540407EA0173301745
B1402514516071N00540414EA0173601748
B1402524516068N00540420EA0173801750
B1402534516064N00540425EA0174101753
B1402544516059N00540427EA0174301755
B1402554516053N00540428EA0174701759
B1402564516048N00540427EA0175001762
B1402574516044N00540424EA0175301765
B1402584516041N00540419EA0175601768
B1402594516038N00540414EA0175901771
B1403004516038N00540407EA0176301775
B1403014516038N00540401EA0176401776
B1403024516040N00540396EA0176701779
B1403034516044N00540392EA0176901781
B1403044516048N00540389EA0177201784
B1403054516052N00540389EA0177401786
B1403064516057N00540390EA0177501787
B1403074516061N00540394EA0177901791
B1403084516064N00540399EA0178101793
B1403094516066N00540406EA0178401796
B1403104516067N00540413EA0178501797
B1403114516066N00540421EA0178901801
B1403124516064N00540428EA0179201804
B1403134516061N00540434EA0179401806
B1403144516057N00540438EA0179701809
B1403154516052N00540441EA0179801810
B1403164516047N00540442EA0180101813
B1403174516042N00540441EA0180201814
B1403184516037N00540437EA0180401816
B1403194516034N00540433EA0180701819
B1403204516032N00540427EA0180901821
B1403214516031N00540421EA0181101823
B1403224516032N00540415EA0181401826
B1403234516034N00540409EA0181601828
B1403244516037N00540405EA0181801830
B1403254516041N00540403EA0181901831
B1403264516046N00540403EA0182101833
B1403274516050N00540404EA0182401836
B1403284516054N00540408EA0182701839
B1403294516058N00540413EA0182801840
B1403304516060N00540420EA0183101843
B1403314516060N00540427EA0183401846
B1403324516060N00540435EA0183701849
B1403334516059N00540443EA0183601848
B1403344516058N00540451EA0183401846
B1403354516058N00540460EA0183301845
B1403364516057N00540468EA0183101843
B1403374516057N00540476EA0183001842
B1403384516057N00540485EA0182901841
B1403394516057N00540493EA0182801840
B1403404516056N00540501EA0182701839
B1403414516056N00540509EA0182601838
B1403424516056N00540518EA0182601838
B1403434516056N00540526EA0182401836
B1403444516056N00540534EA0182301835
B1403454516056N00540543EA0182201834
B1403464516056N00540551EA0182101833
B1403474516056N00540559EA0182001832
B1403484516056N00540568EA0181901831
B1403494516057N00540576EA0181801830
B1403504516057N00540584EA0181701829
B1403514516057N00540592EA0181701829
B1403524516058N00540601EA0181501827
B1403534516058N00540609EA0181401826
B1403544516058N00540617EA0181301825
B1403554516059N00540625EA0181201824
B1403564516059N00540634EA0181001822
B1403574516059N00540642EA0180901821
B1403584516059N00540650EA0180801820
B1403594516059N00540658EA0180701819
B1404004516059N00540667EA0180601818
B1404014516060N00540675EA0180501817
B1404024516060N00540683EA0180401816
B1404034516060N00540691EA0180301815
B1404044516061N00540700EA0180101813
B1404054516061N00540708EA0179901811
B1404064516061N00540716EA0179901811
B1404074516061N00540725EA0179701809
B1404084516061N00540733EA0179601808
B1404094516061N00540741EA0179601808
B1404104516062N00540749EA0179501807
B1404114516062N00540758EA0179301805
B1404124516061N00540766EA0179301805
B1404134516061N00540774EA0179201804
B1404144516061N00540783EA0179101803
B1404154516061N00540791EA0179001802
B1404164516061N00540799EA0178901801
B1404174516061N00540808EA0178801800
B1404184516061N00540816EA0178701799
B1404194516061N00540824EA0178501797
B1404204516061N00540832EA0178401796
B1404214516060N00540841EA0178201794
B1404224516060N00540849EA0178101793
B1404234516060N00540857EA0178001792
B1404244516060N00540866EA0177901791
B1404254516059N00540874EA0177801790
B1404264516059N00540882EA0177701789
B1404274516059N00540891EA0177601788
B1404284516059N00540899EA0177401786
B1404294516058N00540907EA0177401786
B1404304516058N00540916EA0177301785
B1404314516058N00540924EA0177301785
B1404324516058N00540932EA0177201784
B1404334516058N00540940EA0176901781
B1404344516058N00540949EA0176801780
B1404354516058N00540957EA0176701779
B1404364516058N00540965EA0176601778
B1404374516058N00540974EA0176401776
B1404384516058N00540982EA0176301775
B1404394516058N00540990EA0176201774
B1404404516058N00540998EA0176201774
B1404414516058N00541007EA0176101773
B1404424516058N00541015EA0176001772
B1404434516058N00541023EA0175901771
B1404444516058N00541032EA0175801770
B1404454516058N00541040EA0175601768
B1404464516058N00541048EA0175501767
B1404474516058N00541057EA0175401766
B1404484516058N00541065EA0175301765
B1404494516058N00541073EA0175201764
B1404504516058N00541081EA0175201764
B1404514516058N00541090EA0175001762
B1404524516059N00541098EA0174901761
B1404534516059N00541106EA0174801760
B1404544516059N00541114EA0174701759
B1404554516059N00541123EA0174601758
B1404564516060N00541131EA0174501757
B1404574516060N00541139EA0174401756
B1404584516060N00541148EA0174301755
B1404594516060N00541156EA0174201754
B1405004516060N00541164EA0174101753
B1405014516060N00541172EA0174001752
B1405024516061N00541181EA0173901751
B1405034516061N00541189EA0173801750
B1405044516062N00541197EA0173701749
B1405054516062N00541205EA0173501747
B1405064516063N00541214EA0173301745
B1405074516063N00541222EA0173201744
B1405084516064N00541230EA0173101743
B1405094516064N00541238EA0173001742
B1405104516065N00541246EA0172801740
B1405114516065N00541255EA0172701739
B1405124516066N00541263EA0172601738
B1405134516067N00541271EA0172401736
B1405144516067N00541279EA0172401736
B1405154516068N00541287EA0172301735
B1405164516068N00541296EA0172101733
B1405174516069N00541304EA0172001732
B1405184516069N00541312EA0171901731
B1405194516069N00541320EA0171801730
B1405204516069N00541329EA0171601728
B1405214516070N00541337EA0171501727
B1405224516070N00541345EA0171401726
B1405234516070N00541353EA0171301725
B1405244516070N00541362EA0171201724
B1405254516071N00541370EA0171101723
B1405264516071N00541378EA0171001722
B1405274516071N00541387EA0170901721
B1405284516071N00541395EA0170801720
B1405294516072N00541403EA0170701719
B1405304516072N00541411EA0170501717
B1405314516073N00541419EA0170501717
B1405324516073N00541428EA0170401716
B1405334516074N00541436EA0170301715
B1405344516075N00541444EA0170101713
B1405354516075N00541452EA0170001712
B1405364516076N00541460EA0169901711
B1405374516076N00541469EA0169801710
B1405384516077N00541477EA0169701709
B1405394516077N00541485EA0169701709
B1405404516077N00541493EA0169601708
B1405414516078N00541502EA0169601708
B1405424516078N00541510EA0169501707
B1405434516079N00541518EA0169401706
B1405444516079N00541526EA0169301705
B1405454516080N00541534EA0169301705
B1405464516080N00541543EA0169201704
B1405474516081N00541551EA0169001702
B1405484516081N00541559EA0168901701
B1405494516082N00541567EA0168901701
B1405504516082N00541576EA0168801700
B1405514516082N00541584EA0168601698
B1405524516082N00541592EA0168501697
B1405534516082N00541601EA0168401696
B1405544516083N00541609EA0168201694
B1405554516083N00541617EA0168101693
B1405564516083N00541625EA0168001692
B1405574516084N00541633EA0167801690
B1405584516084N00541642EA0167701689
B1405594516085N00541650EA0167601688
B1406004516085N00541658EA0167501687
B1406014516085N00541666EA0167501687
B1406024516086N00541675EA0167301685
B1406034516086N00541683EA0167201684
B1406044516086N00541691EA0167001682
B1406054516087N00541699EA0166901681
B1406064516087N00541708EA0166801680
B1406074516088N00541716EA0166701679
B1406084516088N00541724EA0166601678
B1406094516089N00541732EA0166501677
B1406104516089N00541741EA0166401676
B1406114516090N00541749EA0166301675
B1406124516090N00541757EA0166101673
B1406134516091N00541765EA0166001672
B1406144516091N00541773EA0165901671
B1406154516092N00541782EA0165801670
B1406164516093N00541790EA0165701669
B1406174516093N00541798EA0165601668
B1406184516094N00541806EA0165401666
B1406194516094N00541814EA0165301665
B1406204516095N00541823EA0165201664
B1406214516095N00541831EA0165101663
B1406224516096N00541839EA0165001662
B1406234516096N00541847EA0164901661
B1406244516097N00541856EA0164901661
B1406254516097N00541864EA0164801660
B1406264516097N00541872EA0164601658
B1406274516098N00541880EA0164601658
B1406284516099N00541888EA0164501657
B1406294516099N00541897EA0164301655
B1406304516100N00541905EA0164301655
B1406314516101N00541913EA0164201654
B1406324516101N00541921EA0164101653
B1406334516102N00541929EA0164001652
B1406344516102N00541938EA0163901651
B1406354516103N00541946EA0163801650
B1406364516103N00541954EA0163701649
B1406374516104N00541962EA0163701649
B1406384516104N00541970EA0163501647
B1406394516104N00541979EA0163401646
B1406404516105N00541987EA0163201644
B1406414516105N00541995EA0163101643
B1406424516106N00542003EA0163001642
B1406434516106N00542012EA0162901641
B1406444516106N00542020EA0162701639
B1406454516106N00542028EA0162701639
B1406464516107N00542037EA0162601638
B1406474516107N00542045EA0162401636
B1406484516107N00542053EA0162401636
B1406494516108N00542061EA0162201634
B1406504516107N00542069EA0162501637
B1406514516104N00542076EA0162701639
B1406524516101N00542081EA0162901641
B1406534516096N00542085EA0163101643
B1406544516091N00542087EA0163301645
B1406554516086N00542087EA0163601648
B1406564516081N00542085EA0163701649
B1406574516077N00542082EA0164001652
B1406584516074N00542077EA0164301655
B1406594516073N00542071EA0164501657
B1407004516072N00542064EA0164801660
B1407014516073N00542059EA0165101663
B1407024516076N00542054EA0165301665
B1407034516079N00542050EA0165601668
B1407044516084N00542048EA0165801670
B1407054516088N00542049EA0166101673
B1407064516093N00542051EA0166201674
B1407074516096N00542055EA0166501677
B1407084516099N00542061EA0166601678
B1407094516101N00542068EA0166801680
B1407104516101N00542075EA0167101683
B1407114516100N00542083EA0167401686
B1407124516098N00542090EA0167601688
B1407134516094N00542095EA0167801690
B1407144516089N00542099EA0168101693
B1407154516084N00542101EA0168401696
B1407164516079N00542101EA0168601698
B1407174516074N00542099EA0168701699
B1407184516070N00542095EA0169001702
B1407194516068N00542090EA0169301705
B1407204516066N00542084EA0169501707
B1407214516066N00542078EA0169801710
B1407224516067N00542072EA0169901711
B1407234516070N00542067EA0170201714
B1407244516073N00542063EA0170501717
B1407254516077N00542062EA0170701719
B1407264516082N00542062EA0171001722
B1407274516086N00542065EA0171301725
B1407284516090N00542069EA0171601728
B1407294516093N00542075EA0171901731
B1407304516095N00542082EA0172201734
B1407314516095N00542089EA0172301735
B1407324516094N00542097EA0172601738
B1407334516091N00542104EA0172801740
B1407344516087N00542109EA0173001742
B1407354516083N00542113EA0173301745
B1407364516078N00542115EA0173501747
B1407374516072N00542115EA0173801750
B1407384516068N00542112EA0174001752
B1407394516064N00542108EA0174201754
B1407404516061N00542103EA0174401756
B1407414516059N00542097EA0174701759
B1407424516059N00542091EA0174901761
B1407434516061N00542085EA0175101763
B1407444516063N00542080EA0175601768
B1407454516067N00542077EA0175801770
B1407464516071N00542075EA0175901771
B1407474516076N00542076EA0176101773
B1407484516080N00542079EA0176301775
B1407494516084N00542083EA0176401776
B1407504516087N00542089EA0176701779
B1407514516088N00542096EA0177001782
B1407524516088N00542103EA0177201784
B1407534516087N00542111EA0177501787
B1407544516084N00542117EA0177701789
B1407554516080N00542123EA0178001792
B1407564516076N00542127EA0178401796
B1407574516071N00542128EA0178601798
B1407584516066N00542128EA0178801800
B1407594516061N00542126EA0179101803
B1408004516057N00542122EA0179401806
B1408014516054N00542117EA0179601808
B1408024516053N00542111EA0179801810
B1408034516053N00542104EA0180101813
B1408044516054N00542099EA0180501817
B1408054516057N00542094EA0180701819
B1408064516061N00542090EA0180801820
B1408074516065N00542089EA0181001822
B1408084516069N00542090EA0181101823
B1408094516074N00542092EA0181401826
B1408104516077N00542097EA0181601828
B1408114516080N00542103EA0181901831
B1408124516082N00542110EA0182101833
B1408134516082N00542117EA0182301835
B1408144516080N00542125EA0182601838
B1408154516078N00542131EA0182801840
B1408164516074N00542137EA0183201844
B1408174516069N00542140EA0183401846
B1408184516064N00542142EA0183601848
B1408194516059N00542142EA0183901851
B1408204516054N00542139EA0184201854
B1408214516050N00542135EA0184501857
B1408224516048N00542130EA0184701859
B1408234516046N00542124EA0184901861
B1408244516046N00542118EA0185101863
B1408254516048N00542112EA0185301865
B1408264516050N00542107EA0185601868
B1408274516054N00542104EA0185801870
B1408284516059N00542103EA0186101873
B1408294516063N00542103EA0186401876
B1408304516067N00542106EA0186701879
B1408314516071N00542111EA0186901881
B1408324516074N00542117EA0187101883
B1408334516075N00542124EA0187501887
B1408344516075N00542132EA0187801890
B1408354516074N00542139EA0188201894
B1408364516071N00542145EA0188401896
B1408374516067N00542151EA0188701899
B1408384516062N00542154EA0188801900
B1408394516057N00542156EA0189001902
B1408404516052N00542155EA0189301905
B1408414516047N00542153EA0189601908
B1408424516043N00542149EA0189901911
B1408434516041N00542143EA0190201914
B1408444516040N00542137EA0190401916
B1408454516040N00542131EA0190601918
B1408464516041N00542125EA0190901921
B1408474516044N00542121EA0191201924
B1408484516048N00542118EA0191501927
B1408494516052N00542116EA0191901931
B1408504516057N00542117EA0192101933
B1408514516061N00542120EA0192401936
B1408524516065N00542125EA0192601938
B1408534516067N00542131EA0192901941
B1408544516069N00542138EA0193101943
B1408554516068N00542146EA0193501947
B1408564516067N00542153EA0193801950
B1408574516064N00542159EA0194001952
B1408584516060N00542165EA0194401956
B1408594516055N00542168EA0194501957
B1409004516050N00542169EA0194801960
B1409014516045N00542169EA0195001962
B1409024516040N00542166EA0195201964
B1409034516037N00542162EA0195501967
B1409044516034N00542157EA0195801970
B1409054516033N00542150EA0196101973
B1409064516033N00542144EA0196301975
B1409074516035N00542139EA0196501977
B1409084516038N00542134EA0196901981
B1409094516042N00542131EA0197101983
B1409104516046N00542130EA0197301985
B1409114516050N00542131EA0197501987
B1409124516055N00542134EA0197801990
B1409134516058N00542139EA0198201994
B1409144516061N00542145EA0198301995
B1409154516062N00542152EA0198501997
B1409164516062N00542160EA0198802000
B1409174516060N00542167EA0199102003
B1409184516057N00542173EA0199402006
B1409194516053N00542178EA0199602008
B1409204516048N00542182EA0199902011
B1409214516043N00542183EA0200102013
B1409224516038N00542182EA0200402016
B1409234516034N00542180EA0200702019
B1409244516030N00542175EA0201002022
B1409254516028N00542170EA0201302025
B1409264516026N00542164EA0201602028
B1409274516027N00542158EA0201902031
B1409284516028N00542152EA0202202034
B1409294516031N00542147EA0202502037
B1409304516035N00542145EA0202702039
B1409314516040N00542144EA0202902041
B1409324516044N00542145EA0203302045
B1409334516048N00542148EA0203502047
B1409344516052N00542153EA0203802050
B1409354516054N00542159EA0204002052
B1409364516056N00542166EA0204302055
B1409374516055N00542174EA0204602058
B1409384516054N00542181EA0204902061
B1409394516051N00542187EA0205202064
B1409404516046N00542192EA0205502067
B1409414516042N00542196EA0205902071
B1409424516036N00542197EA0206202074
B1409434516031N00542196EA0206202074
B1409444516027N00542193EA0206402076
B1409454516023N00542189EA0206702079
B1409464516021N00542183EA0207002082
B1409474516020N00542177EA0207202084
B1409484516020N00542171EA0207302085
B1409494516022N00542165EA0207602088
B1409504516025N00542161EA0208002092
B1409514516029N00542158EA0208202094
B1409524516033N00542157EA0208302095
B1409534516038N00542158EA0208602098
B1409544516042N00542162EA0208902101
B1409554516046N00542167EA0209202104
B1409564516048N00542173EA0209302105
B1409574516049N00542180EA0209502107
B1409584516049N00542188EA0209702109
B1409594516047N00542195EA0209902111
B1410004516044N00542201EA0210102113
B1410014516040N00542206EA0210502117
B1410024516035N00542209EA0210702119
B1410034516030N00542210EA0210902121
B1410044516025N00542209EA0211102123
B1410054516020N00542207EA0211402126
B1410064516017N00542202EA0211602128
B1410074516014N00542196EA0211902131
B1410084516013N00542190EA0212102133
B1410094516014N00542184EA0212302135
B1410104516016N00542179EA0212502137
B1410114516019N00542174EA0212702139
B1410124516023N00542172EA0212902141
B1410134516027N00542171EA0213102143
B1410144516032N00542172EA0213402146
B1410154516036N00542175EA0213502147
B1410164516039N00542181EA0213702149
B1410174516041N00542187EA0213902151
B1410184516042N00542194EA0214202154
B1410194516042N00542202EA0214502157
B1410204516040N00542209EA0214902161
B1410214516037N00542215EA0215202164
B1410224516033N00542220EA0215402166
B1410234516028N00542223EA0215602168
B1410244516023N00542224EA0215802170
B1410254516018N00542223EA0216102173
B1410264516013N00542220EA0216402176
B1410274516010N00542215EA0216702179
B1410284516008N00542210EA0216902181
B1410294516007N00542204EA0217102183
B1410304516007N00542197EA0217302185
B1410314516009N00542192EA0217602188
B1410324516012N00542188EA0217802190
B1410334516016N00542185EA0218202194
B1410344516021N00542185EA0218402196
B1410354516025N00542186EA0218702199
B1410364516029N00542189EA0218902201
B1410374516033N00542195EA0219102203
B1410384516035N00542201EA0219402206
B1410394516036N00542208EA0219602208
B1410404516035N00542216EA0220002212
B1410414516034N00542223EA0220302215
B1410424516030N00542229EA0220502217
B1410434516026N00542234EA0220802220
B1410444516021N00542237EA0221002222
B1410454516016N00542238EA0221302225
B1410464516011N00542236EA0221602228
B1410474516007N00542233EA0221802230
B1410484516003N00542229EA0222002232
B1410494516001N00542223EA0222302235
B1410504516000N00542217EA0222502237
B1410514516001N00542211EA0222802240
B1410524516003N00542205EA0223002242
B1410534516006N00542201EA0223302245
B1410544516010N00542199EA0223502247
B1410554516015N00542198EA0223702249
B1410564516019N00542200EA0224002252
B1410574516023N00542203EA0224202254
B1410584516026N00542209EA0224502257
B1410594516029N00542215EA0224802260
B1411004516029N00542222EA0225102263
B1411014516029N00542230EA0225402266
B1411024516027N00542237EA0225602268
B1411034516024N00542243EA0225902271
B1411044516019N00542248EA0226202274
B1411054516014N00542251EA0226402276
B1411064516009N00542251EA0226702279
B1411074516004N00542250EA0226902281
B1411084516000N00542247EA0227202284
B1411094515996N00542242EA0227302285
B1411104515994N00542236EA0227602288
B1411114515994N00542230EA0227802290
B1411124515994N00542224EA0228102293
B1411134515996N00542219EA0228302295
B1411144516000N00542215EA0228602298
B1411154516004N00542212EA0228802300
B1411164516008N00542212EA0229102303
B1411174516013N00542214EA0229302305
B1411184516017N00542217EA0229602308
B1411194516020N00542222EA0229802310
B1411204516022N00542229EA0230002312
B1411214516023N00542236EA0230102313
B1411224516022N00542244EA0230302315
B1411234516020N00542251EA0230702319
B1411244516017N00542257EA0230902321
B1411254516012N00542262EA0231202324
B1411264516007N00542264EA0231502327
B1411274516002N00542265EA0231802330
B1411284515997N00542263EA0232102333
B1411294515993N00542260EA0232302335
B1411304515990N00542255EA0232402336
B1411314515988N00542250EA0232602338
B1411324515987N00542243EA0232902341
B1411334515988N00542237EA0233102343
B1411344515990N00542232EA0233402346
B1411354515993N00542228EA0233702349
B1411364515997N00542226EA0234102353
B1411374516002N00542226EA0234502357
B1411384516006N00542227EA0234602358
B1411394516010N00542231EA0234902361
B1411404516015N00542235EA0234802360
B1411414516019N00542239EA0234702359
B1411424516024N00542243EA0234602358
B1411434516029N00542247EA0234502357
B1411444516033N00542251EA0234402356
B1411454516038N00542255EA0234202354
B1411464516042N00542259EA0234102353
B1411474516047N00542263EA0234002352
B1411484516051N00542267EA0233902351
B1411494516056N00542271EA0233802350
B1411504516060N00542275EA0233602348
B1411514516065N00542280EA0233502347
B1411524516069N00542284EA0233402346
B1411534516073N00542289EA0233302345
B1411544516078N00542293EA0233202344
B1411554516082N00542297EA0233102343
B1411564516087N00542302EA0232902341
B1411574516091N00542306EA0232802340
B1411584516095N00542311EA0232702339
B1411594516100N00542315EA0232602338
B1412004516104N00542320EA0232502337
B1412014516108N00542324EA0232402336
B1412024516112N00542329EA0232302335
B1412034516117N00542334EA0232102333
B1412044516121N00542339EA0232002332
B1412054516125N00542343EA0231902331
B1412064516129N00542348EA0231802330
B1412074516133N00542353EA0231702329
B1412084516138N00542358EA0231502327
B1412094516142N00542363EA0231502327
B1412104516146N00542368EA0231402326
B1412114516150N00542373EA0231302325
B1412124516154N00542378EA0231202324
B1412134516158N00542383EA0231002322
B1412144516162N00542388EA0230902321
B1412154516166N00542393EA0230802320
B1412164516171N00542398EA0230702319
B1412174516175N00542403EA0230602318
B1412184516179N00542408EA0230402316
B1412194516183N00542412EA0230202314
B1412204516188N00542417EA0230102313
B1412214516192N00542421EA0229902311
B1412224516196N00542426EA0229802310
B1412234516200N00542431EA0229702309
B1412244516205N00542436EA0229602308
B1412254516209N00542441EA0229502307
B1412264516213N00542446EA0229402306
B1412274516217N00542451EA0229302305
B1412284516221N00542457EA0229102303
B1412294516224N00542462EA0229002302
B1412304516228N00542468EA0228902301
B1412314516232N00542474EA0228802300
B1412324516236N00542479EA0228702299
B1412334516240N00542484EA0228602298
B1412344516244N00542490EA0228602298
B1412354516248N00542495EA0228502297
B1412364516252N00542500EA0228402296
B1412374516256N00542505EA0228302295
B1412384516260N00542510EA0228202294
B1412394516264N00542515EA0228002292
B1412404516268N00542520EA0228002292
B1412414516273N00542525EA0227902291
B1412424516277N00542530EA0227802290
B1412434516281N00542535EA0227602288
B1412444516285N00542539EA0227502287
B1412454516289N00542544EA0227302285
B1412464516294N00542549EA0227202284
B1412474516298N00542554EA0227102283
B1412484516302N00542559EA0227002282
B1412494516306N00542564EA0226902281
B1412504516310N00542569EA0226802280
B1412514516314N00542573EA0226702279
B1412524516319N00542579EA0226702279
B1412534516323N00542584EA0226602278
B1412544516327N00542589EA0226402276
B1412554516331N00542594EA0226302275
B1412564516335N00542599EA0226102273
B1412574516339N00542604EA0226002272
B1412584516343N00542609EA0225902271
B1412594516347N00542615EA0225802270
B1413004516351N00542620EA0225802270
B1413014516355N00542625EA0225702269
B1413024516359N00542630EA0225502267
B1413034516363N00542636EA0225402266
B1413044516367N00542641EA0225302265
B1413054516370N00542647EA0225202264
B1413064516374N00542653EA0225002262
B1413074516378N00542658EA0224802260
B1413084516382N00542664EA0224802260
B1413094516385N00542670EA0224602258
B1413104516389N00542676EA0224502257
B1413114516393N00542681EA0224402256
B1413124516396N00542687EA0224202254
B1413134516400N00542693EA0224202254
B1413144516404N00542699EA0224102253
B1413154516407N00542705EA0224002252
B1413164516410N00542711EA0223802250
B1413174516414N00542717EA0223702249
B1413184516417N00542724EA0223602248
B1413194516421N00542730EA0223502247
B1413204516424N00542736EA0223302245
B1413214516427N00542743EA0223302245
B1413224516430N00542749EA0223202244
B1413234516434N00542756EA0223002242
B1413244516437N00542762EA0223002242
B1413254516440N00542768EA0222802240
B1413264516443N00542775EA0222802240
B1413274516446N00542782EA0222702239
B1413284516449N00542788EA0222502237
B1413294516452N00542795EA0222402236
B1413304516455N00542802EA0222302235
B1413314516458N00542808EA0222202234
B1413324516461N00542815EA0222202234
B1413334516464N00542822EA0222002232
B1413344516467N00542829EA0222002232
B1413354516470N00542835EA0221902231
B1413364516473N00542842EA0221802230
B1413374516476N00542849EA0221702229
B1413384516479N00542855EA0221502227
B1413394516482N00542862EA0221502227
B1413404516485N00542868EA0221402226
B1413414516488N00542875EA0221302225
B1413424516491N00542882EA0221202224
B1413434516495N00542888EA0221202224
B1413444516498N00542895EA0221002222
B1413454516501N00542901EA0220902221
B1413464516504N00542908EA0220802220
B1413474516507N00542915EA0220702219
B1413484516510N00542921EA0220702219
B1413494516513N00542928EA0220602218
B1413504516516N00542935EA0220502217
B1413514516519N00542941EA0220402216
B1413524516522N00542948EA0220302215
B1413534516525N00542955EA0220202214
B1413544516528N00542962EA0220002212
B1413554516530N00542969EA0219902211
B1413564516532N00542976EA0219702209
B1413574516535N00542984EA0219602208
B1413584516537N00542991EA0219502207
B1413594516539N00542999EA0219402206
B1414004516541N00543006EA0219302205
B1414014516543N00543014EA0219202204
B1414024516545N00543021EA0219202204
B1414034516547N00543029EA0219102203
B1414044516548N00543037EA0219002202
B1414054516550N00543045EA0218802200
B1414064516552N00543052EA0218602198
B1414074516553N00543060EA0218502197
B1414084516554N00543068EA0218402196
B1414094516556N00543076EA0218302195
B1414104516557N00543084EA0218202194
B1414114516558N00543092EA0218102193
B1414124516559N00543100EA0218002192
B1414134516560N00543108EA0217902191
B1414144516561N00543116EA0217702189
B1414154516562N00543125EA0217602188
B1414164516563N00543133EA0217502187
B1414174516564N00543141EA0217502187
B1414184516564N00543149EA0217402186
B1414194516565N00543157EA0217302185
B1414204516566N00543165EA0217202184
B1414214516567N00543173EA0217202184
B1414224516567N00543182EA0217002182
B1414234516568N00543190EA0216902181
B1414244516569N00543198EA0216802180
B1414254516570N00543206EA0216702179
B1414264516571N00543214EA0216502177
B1414274516572N00543222EA0216402176
B1414284516572N00543230EA0216302175
B1414294516573N00543239EA0216202174
B1414304516574N00543247EA0216102173
B1414314516575N00543255EA0215902171
B1414324516576N00543263EA0215802170
B1414334516577N00543271EA0215602168
B1414344516578N00543279EA0215502167
B1414354516579N00543287EA0215402166
B1414364516580N00543295EA0215302165
B1414374516580N00543303EA0215502167
B1414384516578N00543310EA0215702169
B1414394516575N00543316EA0215802170
B1414404516571N00543321EA0216102173
B1414414516566N00543324EA0216102173
B1414424516561N00543325EA0216202174
B1414434516556N00543324EA0216402176
B1414444516551N00543322EA0216702179
B1414454516548N00543317EA0217002182
B1414464516545N00543312EA0217202184
B1414474516544N00543305EA0217302185
B1414484516545N00543299EA0217402186
B1414494516547N00543294EA0217602188
B1414504516550N00543289EA0217702189
B1414514516553N00543287EA0217902191
B1414524516558N00543286EA0217902191
B1414534516562N00543287EA0218002192
B1414544516567N00543290EA0218202194
B1414554516570N00543296EA0218402196
B1414564516572N00543302EA0218502197
B1414574516573N00543309EA0218702199
B1414584516573N00543317EA0218802200
B1414594516571N00543324EA0218902201
B1415004516568N00543330EA0219102203
B1415014516564N00543335EA0219202204
B1415024516559N00543338EA0219402206
B1415034516554N00543339EA0219702209
B1415044516549N00543338EA0219802210
B1415054516544N00543335EA0219902211
B1415064516541N00543330EA0220002212
B1415074516539N00543325EA0220002212
B1415084516538N00543319EA0220202214
B1415094516538N00543313EA0220302215
B1415104516540N00543307EA0220402216
B1415114516543N00543303EA0220602218
B1415124516547N00543300EA0220802220
B1415134516552N00543300EA0221102223
B1415144516556N00543301EA0221202224
B1415154516560N00543304EA0221402226
B1415164516564N00543310EA0221602228
B1415174516566N00543316EA0221802230
B1415184516567N00543323EA0221902231
B1415194516566N00543331EA0222102233
B1415204516564N00543338EA0222202234
B1415214516561N00543344EA0222302235
B1415224516557N00543349EA0222502237
B1415234516552N00543352EA0222502237
B1415244516547N00543353EA0222702239
B1415254516542N00543351EA0222702239
B1415264516538N00543348EA0222902241
B1415274516534N00543344EA0223002242
B1415284516532N00543338EA0223302245
B1415294516531N00543332EA0223502247
B1415304516532N00543326EA0223602248
B1415314516534N00543320EA0223702249
B1415324516537N00543316EA0223802250
B1415334516541N00543314EA0223902251
B1415344516545N00543313EA0224002252
B1415354516550N00543315EA0224102253
B1415364516554N00543318EA0224302255
B1415374516557N00543323EA0224402256
B1415384516559N00543330EA0224602258
B1415394516560N00543337EA0224802260
B1415404516560N00543345EA0225102263
B1415414516558N00543352EA0225202264
B1415424516554N00543358EA0225202264
B1415434516550N00543363EA0225502267
B1415444516545N00543366EA0225602268
B1415454516540N00543366EA0225702269
B1415464516535N00543365EA0225902271
B1415474516531N00543362EA0226102273
B1415484516527N00543357EA0226202274
B1415494516525N00543351EA0226302275
B1415504516525N00543345EA0226502277
B1415514516525N00543339EA0226502277
B1415524516527N00543334EA0226702279
B1415534516531N00543330EA0226902281
B1415544516535N00543327EA0227002282
B1415554516539N00543327EA0227302285
B1415564516544N00543329EA0227302285
B1415574516548N00543332EA0227402286
B1415584516551N00543337EA0227502287
B1415594516553N00543344EA0227702289
B1416004516554N00543351EA0227802290
B1416014516553N00543359EA0228002292
B1416024516551N00543366EA0228202294
B1416034516548N00543372EA0228302295
B1416044516543N00543377EA0228402296
B1416054516538N00543379EA0228502297
B1416064516533N00543380EA0228802300
B1416074516528N00543379EA0229002302
B1416084516524N00543375EA0229102303
B1416094516521N00543371EA0229202304
B1416104516519N00543365EA0229402306
B1416114516518N00543359EA0229502307
B1416124516519N00543352EA0229702309
B1416134516521N00543347EA0230002312
B1416144516524N00543343EA0230102313
B1416154516528N00543341EA0230302315
B1416164516533N00543341EA0230502317
B1416174516537N00543342EA0230802320
B1416184516541N00543346EA0230902321
B1416194516544N00543351EA0231202324
B1416204516547N00543358EA0231302325
B1416214516547N00543365EA0231502327
B1416224516546N00543373EA0231602328
B1416234516544N00543380EA0231802330
B1416244516541N00543386EA0231802330
B1416254516537N00543390EA0231902331
B1416264516532N00543393EA0232102333
B1416274516526N00543394EA0232202334
B1416284516522N00543392EA0232202334
B1416294516517N00543389EA0232402336
B1416304516514N00543384EA0232502337
B1416314516512N00543378EA0232602338
B1416324516511N00543372EA0232802340
B1416334516512N00543366EA0233002342
B1416344516515N00543361EA0233102343
B1416354516518N00543357EA0233202344
B1416364516522N00543354EA0233502347
B1416374516526N00543354EA0233702349
B1416384516531N00543356EA0233902351
B1416394516535N00543360EA0234002352
B1416404516538N00543365EA0234202354
B1416414516540N00543372EA0234402356
B1416424516541N00543380EA0234802360
B1416434516540N00543387EA0235002362
B1416444516538N00543394EA0235202364
B1416454516534N00543400EA0235302365
B1416464516530N00543404EA0235402366
B1416474516525N00543407EA0235602368
B1416484516520N00543407EA0235802370
B1416494516515N00543406EA0235902371
B1416504516510N00543402EA0236102373
B1416514516507N00543397EA0236302375
B1416524516505N00543391EA0236402376
B1416534516505N00543385EA0236602378
B1416544516506N00543379EA0236802380
B1416554516508N00543374EA0236902381
B1416564516512N00543370EA0237002382
B1416574516516N00543368EA0237202384
B1416584516520N00543368EA0237402386
B1416594516525N00543370EA0237602388
B1417004516529N00543374EA0237702389
B1417014516532N00543379EA0237802390
B1417024516534N00543386EA0237902391
B1417034516534N00543394EA0238102393
B1417044516533N00543401EA0238202394
B1417054516531N00543408EA0238402396
B1417064516527N00543414EA0238502397
B1417074516523N00543418EA0238702399
B1417084516518N00543420EA0238902401
B1417094516513N00543421EA0239102403
B1417104516508N00543419EA0239302405
B1417114516504N00543415EA0239602408
B1417124516501N00543411EA0239802410
B1417134516499N00543405EA0240002412
B1417144516498N00543398EA0240202414
B1417154516499N00543392EA0240202414
B1417164516502N00543387EA0240302415
B1417174516505N00543384EA0240502417
B1417184516509N00543382EA0240602418
B1417194516514N00543382EA0240802420
B1417204516518N00543384EA0241002422
B1417214516522N00543388EA0241102423
B1417224516525N00543393EA0241202424
B1417234516527N00543400EA0241402426
B1417244516528N00543408EA0241602428
B1417254516527N00543415EA0241802430
B1417264516524N00543422EA0241902431
B1417274516521N00543428EA0242102433
B1417284516516N00543432EA0242302435
B1417294516511N00543434EA0242502437
B1417304516506N00543434EA0242602438
B1417314516501N00543432EA0242802440
B1417324516497N00543429EA0243002442
B1417334516494N00543424EA0243202444
B1417344516492N00543418EA0243402446
B1417354516490N00543411EA0243302445
B1417364516488N00543405EA0243302445
B1417374516486N00543398EA0243202444
B1417384516484N00543391EA0243002442
B1417394516482N00543385EA0242902441
B1417404516480N00543378EA0242702439
B1417414516479N00543371EA0242602438
B1417424516477N00543365EA0242502437
B1417434516475N00543358EA0242402436
B1417444516474N00543351EA0242402436
B1417454516472N00543344EA0242202434
B1417464516471N00543337EA0242002432
B1417474516469N00543331EA0242002432
B1417484516468N00543324EA0241902431
B1417494516467N00543317EA0241802430
B1417504516465N00543310EA0241702429
B1417514516464N00543303EA0241502427
B1417524516463N00543296EA0241402426
B1417534516461N00543289EA0241302425
B1417544516460N00543283EA0241202424
B1417554516459N00543276EA0241102423
B1417564516457N00543269EA0241002422
B1417574516456N00543262EA0240902421
B1417584516455N00543255EA0240802420
B1417594516453N00543248EA0240702419
B1418004516452N00543241EA0240602418
B1418014516450N00543235EA0240402416
B1418024516449N00543228EA0240302415
B1418034516447N00543221EA0240302415
B1418044516446N00543214EA0240102413
B1418054516444N00543207EA0240002412
B1418064516442N00543201EA0239902411
B1418074516440N00543194EA0239802410
B1418084516438N00543187EA0239802410
B1418094516437N00543181EA0239702409
B1418104516435N00543174EA0239502407
B1418114516433N00543167EA0239502407
B1418124516431N00543161EA0239402406
B1418134516429N00543154EA0239302405
B1418144516427N00543147EA0239102403
B1418154516425N00543141EA0239002402
B1418164516423N00543134EA0238802400
B1418174516420N00543128EA0238702399
B1418184516418N00543121EA0238602398
B1418194516415N00543115EA0238602398
B1418204516413N00543109EA0238402396
B1418214516410N00543103EA0238302395
B1418224516408N00543096EA0238102393
B1418234516405N00543090EA0238102393
B1418244516402N00543084EA0238002392
B1418254516400N00543077EA0237902391
B1418264516398N00543071EA0237802390
B1418274516395N00543065EA0237602388
B1418284516393N00543058EA0237602388
B1418294516390N00543052EA0237502387
B1418304516388N00543045EA0237402386
B1418314516385N00543039EA0237202384
B1418324516383N00543033EA0237002382
B1418334516380N00543026EA0236902381
B1418344516378N00543020EA0236802380
B1418354516375N00543014EA0236702379
B1418364516372N00543008EA0236602378
B1418374516369N00543002EA0236502377
B1418384516366N00542996EA0236402376
B1418394516363N00542990EA0236302375
B1418404516360N00542984EA0236202374
B1418414516357N00542978EA0236102373
B1418424516355N00542971EA0236102373
B1418434516352N00542965EA0235902371
B1418444516349N00542959EA0235802370
B1418454516346N00542953EA0235702369
B1418464516343N00542948EA0235602368
B1418474516340N00542942EA0235402366
B1418484516337N00542936EA0235302365
B1418494516334N00542930EA0235302365
B1418504516331N00542924EA0235102363
B1418514516328N00542918EA0235102363
B1418524516325N00542912EA0234902361
B1418534516322N00542906EA0234802360
B1418544516319N00542900EA0234702359
B1418554516315N00542894EA0234602358
B1418564516312N00542888EA0234402356
B1418574516309N00542882EA0234302355
B1418584516306N00542876EA0234202354
B1418594516303N00542870EA0234002352
B1419004516300N00542864EA0233902351
B1419014516297N00542858EA0233802350
B1419024516295N00542852EA0233602348
B1419034516292N00542845EA0233502347
B1419044516290N00542839EA0233502347
B1419054516287N00542833EA0233402346
B1419064516285N00542826EA0233302345
B1419074516282N00542820EA0233102343
B1419084516279N00542814EA0233002342
B1419094516277N00542808EA0232902341
B1419104516274N00542801EA0232802340
B1419114516271N00542795EA0232702339
B1419124516269N00542789EA0232602338
B1419134516266N00542783EA0232402336
B1419144516264N00542776EA0232302335
B1419154516262N00542770EA0232202334
B1419164516259N00542763EA0232102333
B1419174516257N00542757EA0232002332
B1419184516255N00542750EA0231802330
B1419194516252N00542744EA0231602328
B1419204516249N00542738EA0231502327
B1419214516246N00542732EA0231302325
B1419224516243N00542726EA0231202324
B1419234516240N00542720EA0231202324
B1419244516237N00542714EA0231002322
B1419254516234N00542708EA0230902321
B1419264516231N00542702EA0230802320
B1419274516228N00542696EA0230602318
B1419284516225N00542690EA0230502317
B1419294516223N00542684EA0230402316
B1419304516220N00542678EA0230302315
B1419314516216N00542672EA0230302315
B1419324516213N00542666EA0230102313
B1419334516210N00542660EA0230002312
B1419344516208N00542654EA0230002312
B1419354516205N00542648EA0229902311
B1419364516202N00542641EA0229702309
B1419374516199N00542635EA0229602308
B1419384516196N00542629EA0229602308
B1419394516194N00542623EA0229502307
B1419404516191N00542617EA0229402306
B1419414516189N00542610EA0229302305
B1419424516186N00542604EA0229202304
B1419434516183N00542598EA0229202304
B1419444516180N00542592EA0229102303
B1419454516177N00542586EA0229002302
B1419464516175N00542580EA0229002302
B1419474516172N00542573EA0228902301
B1419484516169N00542567EA0228702299
B1419494516167N00542561EA0228702299
B1419504516164N00542555EA0228602298
B1419514516162N00542548EA0228502297
B1419524516159N00542542EA0228402296
B1419534516156N00542536EA0228302295
B1419544516154N00542529EA0228202294
B1419554516151N00542523EA0228102293
B1419564516149N00542517EA0228102293
B1419574516146N00542511EA0228002292
B1419584516143N00542504EA0227902291
B1419594516141N00542498EA0227802290
B1420004516138N00542492EA0227702289
B1420014516136N00542485EA0227602288
B1420024516133N00542479EA0227502287
B1420034516131N00542473EA0227402286
B1420044516128N00542466EA0227302285
B1420054516125N00542460EA0227202284
B1420064516123N00542454EA0227102283
B1420074516120N00542448EA0226902281
B1420084516117N00542441EA0226702279
B1420094516115N00542435EA0226602278
B1420104516112N00542429EA0226602278
B1420114516109N00542423EA0226402276
B1420124516107N00542416EA0226302275
B1420134516104N00542410EA0226202274
B1420144516101N00542404EA0226102273
B1420154516099N00542398EA0225902271
B1420164516096N00542392EA0225902271
B1420174516093N00542386EA0225802270
B1420184516090N00542380EA0225702269
B1420194516087N00542374EA0225602268
B1420204516084N00542368EA0225402266
B1420214516080N00542362EA0225302265
B1420224516077N00542356EA0225202264
B1420234516075N00542350EA0225202264
B1420244516072N00542344EA0225102263
B1420254516069N00542338EA0225002262
B1420264516066N00542332EA0224802260
B1420274516063N00542326EA0224702259
B1420284516060N00542319EA0224602258
B1420294516058N00542313EA0224502257
B1420304516055N00542307EA0224302255
B1420314516052N00542301EA0224202254
B1420324516049N00542295EA0224102253
B1420334516046N00542289EA0224102253
B1420344516043N00542283EA0223902251
B1420354516041N00542277EA0223802250
B1420364516038N00542270EA0223802250
B1420374516035N00542264EA0223602248
B1420384516032N00542258EA0223502247
B1420394516029N00542252EA0223402246
B1420404516026N00542246EA0223202244
B1420414516023N00542240EA0223102243
B1420424516020N00542234EA0223002242
B1420434516017N00542228EA0223002242
B1420444516014N00542222EA0222802240
B1420454516011N00542217EA0222702239
B1420464516008N00542211EA0222602238
B1420474516004N00542205EA0222402236
B1420484516001N00542199EA0222302235
B1420494515998N00542193EA0222202234
B1420504515995N00542188EA0222102233
B1420514515992N00542182EA0222002232
B1420524515988N00542176EA0221902231
B1420534515985N00542170EA0221702229
B1420544515982N00542164EA0221602228
B1420554515979N00542158EA0221502227
B1420564515976N00542152EA0221402226
B1420574515974N00542146EA0221202224
B1420584515971N00542140EA0221102223
B1420594515968N00542134EA0221002222
B1421004515965N00542128EA0220902221
B1421014515962N00542122EA0220802220
B1421024515959N00542116EA0220702219
B1421034515956N00542109EA0220602218
B1421044515953N00542103EA0220502217
B1421054515951N00542097EA0220402216
B1421064515949N00542091EA0220302215
B1421074515946N00542084EA0220202214
B1421084515944N00542078EA0220102213
B1421094515942N00542071EA0220002212
B1421104515939N00542065EA0219902211
B1421114515937N00542058EA0219802210
B1421124515935N00542051EA0219602208
B1421134515934N00542045EA0219502207
B1421144515932N00542038EA0219402206
B1421154515930N00542031EA0219302205
B1421164515928N00542024EA0219202204
B1421174515926N00542018EA0219002202
B1421184515924N00542011EA0218902201
B1421194515923N00542005EA0218902201
B1421204515921N00541998EA0218702199
B1421214515919N00541991EA0218602198
B1421224515917N00541985EA0218402196
B1421234515915N00541978EA0218302195
B1421244515913N00541971EA0218202194
B1421254515911N00541965EA0218102193
B1421264515909N00541958EA0218002192
B1421274515907N00541951EA0217902191
B1421284515905N00541945EA0217702189
B1421294515903N00541938EA0217602188
B1421304515902N00541931EA0217502187
B1421314515901N00541924EA0217402186
B1421324515899N00541917EA0217402186
B1421334515898N00541911EA0217202184
B1421344515897N00541904EA0217102183
B1421354515896N00541897EA0217002182
B1421364515895N00541890EA0216802180
B1421374515894N00541883EA0216702179
B1421384515893N00541876EA0216502177
B1421394515892N00541869EA0216402176
B1421404515891N00541862EA0216402176
B1421414515891N00541855EA0216302175
B1421424515891N00541849EA0216602178
B1421434515893N00541843EA0216802180
B1421444515896N00541839EA0216902181
B1421454515900N00541837EA0217102183
B1421464515905N00541836EA0217202184
B1421474515909N00541837EA0217402186
B1421484515913N00541841EA0217602188
B1421494515917N00541846EA0217602188
B1421504515919N00541852EA0217702189
B1421514515920N00541860EA0217802190
B1421524515919N00541867EA0218002192
B1421534515917N00541874EA0218302195
B1421544515914N00541881EA0218402196
B1421554515910N00541885EA0218702199
B1421564515905N00541888EA0218902201
B1421574515900N00541889EA0219102203
B1421584515895N00541888EA0219402206
B1421594515890N00541885EA0219402206
B1422004515887N00541880EA0219602208
B1422014515885N00541874EA0219802210
B1422024515884N00541868EA0220102213
B1422034515885N00541862EA0220202214
B1422044515887N00541857EA0220402216
B1422054515890N00541853EA0220602218
B1422064515894N00541850EA0220702219
B1422074515898N00541850EA0221002222
B1422084515903N00541851EA0221002222
B1422094515907N00541855EA0221202224
B1422104515910N00541860EA0221402226
B1422114515912N00541866EA0221502227
B1422124515913N00541874EA0221702229
B1422134515913N00541881EA0221802230
B1422144515911N00541888EA0222002232
B1422154515907N00541894EA0222302235
B1422164515903N00541899EA0222402236
B1422174515898N00541902EA0222702239
B1422184515893N00541903EA0223002242
B1422194515888N00541901EA0223202244
B1422204515884N00541898EA0223402246
B1422214515880N00541893EA0223602248
B1422224515878N00541888EA0223802250
B1422234515877N00541881EA0224002252
B1422244515878N00541875EA0224202254
B1422254515880N00541870EA0224302255
B1422264515883N00541866EA0224502257
B1422274515888N00541864EA0224702259
B1422284515892N00541863EA0225002262
B1422294515896N00541865EA0225302265
B1422304515901N00541869EA0225402266
B1422314515904N00541874EA0225602268
B1422324515906N00541880EA0225902271
B1422334515907N00541888EA0226102273
B1422344515906N00541895EA0226402276
B1422354515904N00541902EA0226602278
B1422364515901N00541908EA0226702279
B1422374515896N00541913EA0226902281
B1422384515891N00541916EA0227102283
B1422394515886N00541916EA0227302285
B1422404515881N00541915EA0227602288
B1422414515877N00541912EA0227802290
B1422424515874N00541907EA0228102293
B1422434515872N00541901EA0228202294
B1422444515871N00541895EA0228502297
B1422454515872N00541889EA0228702299
B1422464515874N00541883EA0229002302
B1422474515877N00541879EA0229202304
B1422484515881N00541877EA0229402306
B1422494515886N00541877EA0229602308
B1422504515890N00541879EA0229802310
B1422514515894N00541882EA0230002312
B1422524515897N00541888EA0230202314
B1422534515899N00541894EA0230402316
B1422544515900N00541902EA0230702319
B1422554515899N00541909EA0230902321
B1422564515897N00541916EA0231102323
B1422574515894N00541922EA0231302325
B1422584515889N00541927EA0231602328
B1422594515884N00541929EA0231902331
B1423004515879N00541930EA0232102333
B1423014515874N00541928EA0232302335
B1423024515870N00541925EA0232602338
B1423034515867N00541920EA0232802340
B1423044515865N00541914EA0233102343
B1423054515864N00541908EA0233202344
B1423064515865N00541902EA0233502347
B1423074515867N00541897EA0233602348
B1423084515871N00541893EA0233802350
B1423094515875N00541891EA0234102353
B1423104515879N00541891EA0234202354
B1423114515884N00541892EA0234302355
B1423124515888N00541896EA0234602358
B1423134515891N00541902EA0234802360
B1423144515893N00541909EA0235102363
B1423154515894N00541916EA0235402366
B1423164515893N00541923EA0235602368
B1423174515890N00541930EA0235802370
B1423184515887N00541936EA0235902371
B1423194515883N00541941EA0236202374
B1423204515878N00541943EA0236502377
B1423214515872N00541943EA0236702379
B1423224515868N00541942EA0237002382
B1423234515863N00541938EA0237102383
B1423244515860N00541933EA0237402386
B1423254515858N00541928EA0237702389
B1423264515858N00541921EA0237702389
B1423274515859N00541915EA0237802390
B1423284515861N00541910EA0238002392
B1423294515864N00541906EA0238202394
B1423304515869N00541904EA0238402396
B1423314515873N00541904EA0238502397
B1423324515878N00541906EA0238602398
B1423334515882N00541910EA0238802400
B1423344515885N00541916EA0238902401
B1423354515886N00541923EA0239102403
B1423364515887N00541930EA0239202404
B1423374515886N00541937EA0239302405
B1423384515884N00541944EA0239602408
B1423394515880N00541950EA0239902411
B1423404515876N00541954EA0240102413
B1423414515871N00541957EA0240302415
B1423424515866N00541957EA0240502417
B1423434515861N00541955EA0240702419
B1423444515857N00541952EA0241002422
B1423454515853N00541947EA0241202424
B1423464515852N00541941EA0241302425
B1423474515851N00541935EA0241602428
B1423484515852N00541929EA0241702429
B1423494515855N00541924EA0241902431
B1423504515858N00541920EA0242102433
B1423514515862N00541918EA0242402436
B1423524515867N00541918EA0242602438
B1423534515871N00541920EA0242802440
B1423544515875N00541924EA0243002442
B1423554515878N00541930EA0243102443
B1423564515880N00541937EA0243402446
B1423574515880N00541944EA0243402446
B1423584515879N00541952EA0243702449
B1423594515877N00541958EA0243802450
B1424004515873N00541964EA0244102453
B1424014515869N00541968EA0244302455
B1424024515864N00541970EA0244502457
B1424034515859N00541971EA0244602458
B1424044515854N00541969EA0244902461
B1424054515850N00541965EA0245002462
B1424064515847N00541960EA0245102463
B1424074515845N00541954EA0245302465
B1424084515845N00541948EA0245502467
B1424094515846N00541942EA0245702469
B1424104515848N00541937EA0245902471
B1424114515852N00541933EA0246002472
B1424124515856N00541931EA0246202474
B1424134515861N00541932EA0246402476
B1424144515865N00541934EA0246502477
B1424154515869N00541938EA0246702479
B1424164515872N00541944EA0246902481
B1424174515874N00541951EA0247102483
B1424184515874N00541958EA0247302485
B1424194515873N00541966EA0247502487
B1424204515870N00541972EA0247702489
B1424214515867N00541978EA0247902491
B1424224515862N00541982EA0248102493
B1424234515857N00541984EA0248202494
B1424244515852N00541984EA0248502497
B1424254515847N00541982EA0248702499
B1424264515843N00541979EA0248802500
B1424274515840N00541973EA0249002502
B1424284515838N00541967EA0249202504
B1424294515838N00541961EA0249402506
B1424304515839N00541955EA0249502507
B1424314515842N00541950EA0249702509
B1424324515845N00541947EA0249902511
B1424334515850N00541945EA0250102513
B1424344515854N00541945EA0250202514
B1424354515859N00541948EA0250402516
B1424364515862N00541952EA0250702519
B1424374515865N00541958EA0250902521
B1424384515867N00541965EA0251202524
B1424394515867N00541972EA0251502527
B1424404515866N00541980EA0251702529
B1424414515864N00541986EA0251902531
B1424424515860N00541992EA0252102533
B1424434515855N00541996EA0252302535
B1424444515850N00541998EA0252502537
B1424454515845N00541998EA0252702539
B1424464515840N00541996EA0253102543
B1424474515836N00541992EA0253302545
B1424484515833N00541987EA0253502547
B1424494515832N00541981EA0253602548
B1424504515832N00541974EA0253802550
B1424514515833N00541969EA0254002552
B1424524515836N00541964EA0254202554
B1424534515839N00541960EA0254302555
B1424544515843N00541959EA0254402556
B1424554515848N00541959EA0254702559
B1424564515852N00541962EA0254902561
B1424574515856N00541966EA0255002562
B1424584515859N00541972EA0255202564
B1424594515861N00541979EA0255302565
B1425004515861N00541986EA0255402566
B1425014515860N00541994EA0255702569
B1425024515857N00542000EA0255902571
B1425034515853N00542006EA0256002572
B1425044515849N00542010EA0256102573
B1425054515843N00542012EA0256402576
B1425064515838N00542011EA0256602578
B1425074515834N00542009EA0256802580
B1425084515830N00542005EA0257002582
B1425094515827N00542000EA0257302585
B1425104515825N00541994EA0257402586
B1425114515825N00541988EA0257602588
B1425124515827N00541982EA0257702589
B1425134515829N00541977EA0257902591
B1425144515833N00541974EA0258102593
B1425154515837N00541972EA0258202594
B1425164515842N00541973EA0258402596
B1425174515846N00541975EA0258702599
B1425184515850N00541980EA0258902601
B1425194515853N00541986EA0259002602
B1425204515854N00541993EA0259302605
B1425214515854N00542000EA0259402606
B1425224515853N00542008EA0259602608
B1425234515850N00542014EA0259702609
B1425244515846N00542020EA0259902611
B1425254515842N00542023EA0260002612
B1425264515837N00542025EA0260202614
B1425274515831N00542025EA0260502617
B1425284515827N00542023EA0260602618
B1425294515823N00542019EA0260702619
B1425304515820N00542013EA0260802620
B1425314515819N00542007EA0260902621
B1425324515819N00542001EA0261102623
B1425334515820N00541995EA0261402626
B1425344515823N00541991EA0261502627
B1425354515826N00541985EA0261302625
B1425364515829N00541980EA0261202624
B1425374515832N00541975EA0261102623
B1425384515835N00541970EA0261002622
B1425394515838N00541964EA0260902621
B1425404515842N00541959EA0260802620
B1425414515845N00541954EA0260702619
B1425424515848N00541949EA0260502617
B1425434515851N00541943EA0260302615
B1425444515854N00541938EA0260202614
B1425454515857N00541933EA0260102613
B1425464515861N00541928EA0260002612
B1425474515864N00541923EA0259902611
B1425484515867N00541918EA0259802610
B1425494515870N00541912EA0259802610
B1425504515873N00541907EA0259602608
B1425514515877N00541902EA0259502607
B1425524515880N00541897EA0259402606
B1425534515883N00541892EA0259402606
B1425544515886N00541887EA0259302605
B1425554515889N00541881EA0259202604
B1425564515892N00541876EA0259102603
B1425574515895N00541871EA0259002602
B1425584515898N00541865EA0258802600
B1425594515901N00541859EA0258702599
B1426004515903N00541854EA0258602598
B1426014515906N00541848EA0258502597
B1426024515909N00541842EA0258402596
B1426034515912N00541837EA0258302595
B1426044515915N00541831EA0258302595
B1426054515918N00541826EA0258202594
B1426064515920N00541820EA0258102593
B1426074515923N00541815EA0258002592
B1426084515926N00541809EA0258002592
B1426094515929N00541804EA0257802590
B1426104515932N00541799EA0257702589
B1426114515935N00541793EA0257702589
B1426124515938N00541787EA0257602588
B1426134515940N00541781EA0257502587
B1426144515943N00541775EA0257302585
B1426154515945N00541769EA0257202584
B1426164515948N00541764EA0257102583
B1426174515950N00541758EA0257002582
B1426184515953N00541752EA0257002582
B1426194515956N00541746EA0256902581
B1426204515959N00541741EA0256702579
B1426214515961N00541735EA0256602578
B1426224515964N00541730EA0256502577
B1426234515967N00541724EA0256302575
B1426244515971N00541719EA0256302575
B1426254515974N00541714EA0256202574
B1426264515977N00541709EA0256002572
B1426274515981N00541705EA0256002572
B1426284515984N00541700EA0255902571
B1426294515988N00541695EA0255802570
B1426304515991N00541690EA0255702569
B1426314515995N00541686EA0255602568
B1426324515998N00541681EA0255502567
B1426334516002N00541676EA0255402566
B1426344516005N00541671EA0255202564
B1426354516009N00541667EA0255202564
B1426364516013N00541662EA0255202564
B1426374516016N00541658EA0255102563
B1426384516020N00541653EA0255102563
B1426394516024N00541649EA0254902561
B1426404516027N00541644EA0254902561
B1426414516031N00541640EA0254702559
B1426424516035N00541635EA0254602558
B1426434516038N00541631EA0254502557
B1426444516042N00541626EA0254502557
B1426454516046N00541622EA0254402556
B1426464516049N00541617EA0254202554
B1426474516053N00541612EA0254102553
B1426484516056N00541608EA0254002552
B1426494516060N00541603EA0253902551
B1426504516063N00541598EA0253702549
B1426514516067N00541593EA0253502547
B1426524516070N00541589EA0253402546
B1426534516074N00541584EA0253302545
B1426544516078N00541580EA0253302545
B1426554516082N00541576EA0253202544
B1426564516086N00541572EA0253102543
B1426574516089N00541567EA0253002542
B1426584516093N00541563EA0252902541
B1426594516097N00541558EA0252902541
B1427004516100N00541553EA0252802540
B1427014516103N00541548EA0252602538
B1427024516107N00541543EA0252502537
B1427034516110N00541538EA0252402536
B1427044516114N00541534EA0252402536
B1427054516117N00541529EA0252202534
B1427064516121N00541524EA0252102533
B1427074516124N00541519EA0252002532
B1427084516127N00541514EA0251902531
B1427094516131N00541509EA0251802530
B1427104516134N00541504EA0251602528
B1427114516137N00541499EA0251502527
B1427124516141N00541494EA0251302525
B1427134516144N00541489EA0251202524
B1427144516148N00541485EA0251002522
B1427154516151N00541480EA0250902521
B1427164516155N00541475EA0250902521
B1427174516158N00541470EA0250802520
B1427184516162N00541466EA0250702519
B1427194516165N00541461EA0250702519
B1427204516169N00541456EA0250502517
B1427214516173N00541452EA0250402516
B1427224516176N00541447EA0250302515
B1427234516180N00541443EA0250202514
B1427244516184N00541439EA0250102513
B1427254516188N00541434EA0250002512
B1427264516191N00541430EA0249902511
B1427274516195N00541426EA0249802510
B1427284516199N00541421EA0249602508
B1427294516203N00541417EA0249402506
B1427304516207N00541413EA0249302505
B1427314516211N00541409EA0249102503
B1427324516214N00541405EA0249102503
B1427334516218N00541401EA0249002502
B1427344516222N00541396EA0248802500
B1427354516226N00541392EA0248602498
B1427364516230N00541388EA0248402496
B1427374516234N00541384EA0248402496
B1427384516237N00541379EA0248302495
B1427394516241N00541375EA0248202494
B1427404516245N00541371EA0248002492
B1427414516249N00541366EA0247902491
B1427424516252N00541362EA0247802490
B1427434516256N00541357EA0247702489
B1427444516260N00541353EA0247702489
B1427454516263N00541348EA0247602488
B1427464516267N00541344EA0247502487
B1427474516271N00541339EA0247402486
B1427484516274N00541334EA0247302485
B1427494516278N00541330EA0247102483
B1427504516281N00541325EA0247002482
B1427514516285N00541320EA0246902481
B1427524516288N00541315EA0246702479
B1427534516292N00541311EA0246702479
B1427544516295N00541306EA0246502477
B1427554516299N00541301EA0246402476
B1427564516302N00541296EA0246302475
B1427574516306N00541291EA0246302475
B1427584516309N00541287EA0246202474
B1427594516313N00541282EA0246102473
B1428004516316N00541277EA0246002472
B1428014516319N00541272EA0245902471
B1428024516323N00541267EA0245802470
B1428034516326N00541262EA0245602468
B1428044516329N00541257EA0245502467
B1428054516333N00541252EA0245402466
B1428064516336N00541248EA0245302465
B1428074516340N00541243EA0245202464
B1428084516344N00541239EA0245002462
B1428094516347N00541234EA0244902461
B1428104516351N00541229EA0244802460
B1428114516355N00541225EA0244802460
B1428124516358N00541220EA0244702459
B1428134516362N00541215EA0244502457
B1428144516365N00541211EA0244302455
B1428154516369N00541206EA0244302455
B1428164516373N00541202EA0244202454
B1428174516376N00541197EA0244002452
B1428184516380N00541193EA0243902451
B1428194516384N00541188EA0243802450
B1428204516387N00541184EA0243602448
B1428214516391N00541179EA0243502447
B1428224516394N00541174EA0243402446
B1428234516398N00541170EA0243302445
B1428244516402N00541166EA0243202444
B1428254516406N00541161EA0243102443
B1428264516410N00541157EA0243002442
B1428274516414N00541153EA0242902441
B1428284516417N00541149EA0242802440
B1428294516421N00541144EA0242702439
B1428304516425N00541140EA0242502437
B1428314516428N00541135EA0242402436
B1428324516432N00541131EA0242302435
B1428334516436N00541127EA0242202434
B1428344516440N00541123EA0242102433
B1428354516444N00541119EA0242002432
B1428364516448N00541115EA0241902431
B1428374516452N00541110EA0241802430
B1428384516455N00541106EA0241702429
B1428394516459N00541102EA0241502427
B1428404516463N00541097EA0241402426
B1428414516466N00541092EA0241302425
B1428424516470N00541088EA0241202424
B1428434516473N00541083EA0241102423
B1428444516477N00541078EA0240902421
B1428454516480N00541074EA0240802420
B1428464516484N00541069EA0240702419
B1428474516487N00541064EA0240602418
B1428484516491N00541059EA0240502417
B1428494516494N00541054EA0240402416
B1428504516498N00541049EA0240302415
B1428514516501N00541044EA0240202414
B1428524516505N00541040EA0240102413
B1428534516508N00541035EA0240002412
B1428544516511N00541030EA0239902411
B1428554516515N00541025EA0239702409
B1428564516518N00541020EA0239702409
B1428574516521N00541015EA0239602408
B1428584516525N00541010EA0239502407
B1428594516528N00541005EA0239402406
B1429004516532N00541000EA0239202404
B1429014516535N00540995EA0239202404
B1429024516539N00540991EA0239102403
B1429034516542N00540986EA0238902401
B1429044516546N00540981EA0238802400
B1429054516549N00540976EA0238702399
B1429064516553N00540972EA0238502397
B1429074516556N00540967EA0238502397
B1429084516560N00540963EA0238302395
B1429094516564N00540958EA0238202394
B1429104516568N00540954EA0238102393
B1429114516571N00540950EA0238002392
B1429124516575N00540945EA0237902391
B1429134516579N00540941EA0237802390
B1429144516582N00540936EA0237602388
B1429154516586N00540931EA0237502387
B1429164516590N00540927EA0237402386
B1429174516593N00540923EA0237302385
B1429184516597N00540920EA0237502387
B1429194516602N00540920EA0237702389
B1429204516606N00540922EA0238002392
B1429214516610N00540926EA0238202394
B1429224516613N00540931EA0238602398
B1429234516615N00540938EA0238802400
B1429244516616N00540946EA0238902401
B1429254516615N00540953EA0239202404
B1429264516613N00540960EA0239402406
B1429274516610N00540966EA0239702409
B1429284516605N00540970EA0240002412
B1429294516600N00540973EA0240202414
B1429304516595N00540973EA0240402416
B1429314516590N00540971EA0240702419
B1429324516586N00540968EA0241102423
B1429334516583N00540963EA0241302425
B1429344516581N00540957EA0241502427
B1429354516580N00540951EA0241902431
B1429364516581N00540945EA0242102433
B1429374516584N00540940EA0242302435
B1429384516587N00540936EA0242602438
B1429394516591N00540934EA0242902441
B1429404516596N00540934EA0243302445
B1429414516600N00540936EA0243602448
B1429424516604N00540940EA0243802450
B1429434516607N00540945EA0244102453
B1429444516609N00540952EA0244302455
B1429454516610N00540960EA0244602458
B1429464516609N00540967EA0244902461
B1429474516606N00540974EA0245202464
B1429484516603N00540980EA0245502467
B1429494516598N00540984EA0245802470
B1429504516593N00540986EA0245902471
B1429514516588N00540987EA0246302475
B1429524516583N00540985EA0246602478
B1429534516579N00540981EA0246802480
B1429544516576N00540976EA0247102483
B1429554516574N00540971EA0247402486
B1429564516574N00540964EA0247702489
B1429574516575N00540958EA0248102493
B1429584516577N00540953EA0248402496
B1429594516581N00540950EA0248602498
B1430004516585N00540948EA0248802500
B1430014516589N00540948EA0249102503
B1430024516594N00540950EA0249402506
B1430034516598N00540954EA0249602508
B1430044516601N00540959EA0249802510
B1430054516603N00540966EA0250102513
B1430064516603N00540974EA0250402516
B1430074516602N00540981EA0250702519
B1430084516600N00540988EA0250802520
B1430094516596N00540994EA0250902521
B1430104516592N00540998EA0251202524
B1430114516586N00541000EA0251402526
B1430124516581N00541000EA0251702529
B1430134516576N00540998EA0251902531
B1430144516572N00540995EA0252102533
B1430154516569N00540990EA0252402536
B1430164516568N00540984EA0252602538
B1430174516567N00540978EA0252902541
B1430184516568N00540972EA0253302545
B1430194516571N00540967EA0253602548
B1430204516574N00540963EA0253802550
B1430214516578N00540961EA0254002552
B1430224516583N00540961EA0254302555
B1430234516587N00540964EA0254702559
B1430244516591N00540968EA0255102563
B1430254516594N00540973EA0255302565
B1430264516596N00540980EA0255602568
B1430274516596N00540988EA0255902571
B1430284516595N00540995EA0256102573
B1430294516593N00541002EA0256302575
B1430304516589N00541008EA0256502577
B1430314516585N00541012EA0256902581
B1430324516580N00541014EA0257102583
B1430334516575N00541014EA0257402586
B1430344516570N00541012EA0257602588
B1430354516566N00541008EA0258002592
B1430364516563N00541003EA0258302595
B1430374516561N00540997EA0258602598
B1430384516561N00540991EA0258802600
B1430394516562N00540985EA0259102603
B1430404516564N00540980EA0259302605
B1430414516568N00540976EA0259602608
B1430424516572N00540975EA0259902611
B1430434516577N00540975EA0260102613
B1430444516581N00540977EA0260502617
B1430454516585N00540982EA0260902621
B1430464516588N00540987EA0261202624
B1430474516590N00540994EA0261402626
B1430484516590N00541002EA0261802630
B1430494516589N00541009EA0262002632
B1430504516586N00541016EA0262302635
B1430514516582N00541022EA0262502637
B1430524516578N00541026EA0262802640
B1430534516573N00541028EA0263102643
B1430544516568N00541027EA0263402646
B1430554516563N00541025EA0263602648
B1430564516558N00541023EA0263402646
B1430574516552N00541021EA0263302645
B1430584516547N00541019EA0263202644
B1430594516542N00541016EA0263202644
B1431004516536N00541014EA0263102643
B1431014516531N00541012EA0263002642
B1431024516526N00541009EA0263002642
B1431034516521N00541007EA0262902641
B1431044516515N00541005EA0262802640
B1431054516510N00541003EA0262802640
B1431064516505N00541000EA0262702639
B1431074516499N00540998EA0262502637
B1431084516494N00540996EA0262402636
B1431094516489N00540994EA0262302635
B1431104516483N00540991EA0262202634
B1431114516478N00540989EA0262102633
B1431124516473N00540987EA0262002632
B1431134516468N00540984EA0261802630
B1431144516463N00540981EA0261702629
B1431154516457N00540979EA0261502627
B1431164516452N00540976EA0261502627
B1431174516447N00540973EA0261402626
B1431184516442N00540970EA0261302625
B1431194516437N00540967EA0261202624
B1431204516432N00540964EA0261102623
B1431214516427N00540962EA0261002622
B1431224516422N00540959EA0261002622
B1431234516416N00540956EA0260902621
B1431244516411N00540954EA0260702619
B1431254516406N00540951EA0260602618
B1431264516401N00540948EA0260502617
B1431274516396N00540946EA0260402616
B1431284516390N00540944EA0260302615
B1431294516385N00540942EA0260202614
B1431304516380N00540940EA0260102613
B1431314516374N00540938EA0260102613
B1431324516369N00540936EA0259902611
B1431334516363N00540934EA0259902611
B1431344516358N00540932EA0259802610
B1431354516353N00540930EA0259702609
B1431364516347N00540928EA0259602608
B1431374516342N00540926EA0259402606
B1431384516336N00540925EA0259302605
B1431394516331N00540923EA0259202604
B1431404516326N00540921EA0259002602
B1431414516320N00540919EA0259002602
B1431424516315N00540917EA0258802600
B1431434516309N00540916EA0258702599
B1431444516304N00540914EA0258602598
B1431454516298N00540913EA0258502597
B1431464516293N00540911EA0258302595
B1431474516287N00540910EA0258202594
B1431484516282N00540909EA0258102593
B1431494516276N00540907EA0258002592
B1431504516271N00540906EA0257902591
B1431514516265N00540905EA0257802590
B1431524516260N00540904EA0257702589
B1431534516254N00540903EA0257602588
B1431544516248N00540902EA0257502587
B1431554516243N00540901EA0257302585
B1431564516237N00540900EA0257202584
B1431574516232N00540899EA0257002582
B1431584516226N00540898EA0256902581
B1431594516221N00540897EA0256902581
B1432004516215N00540896EA0256802580
B1432014516209N00540895EA0256702579
B1432024516204N00540894EA0256602578
B1432034516198N00540893EA0256502577
B1432044516193N00540892EA0256402576
B1432054516187N00540891EA0256302575
B1432064516182N00540890EA0256102573
B1432074516176N00540888EA0256002572
B1432084516171N00540887EA0255902571
B1432094516165N00540885EA0255702569
B1432104516160N00540884EA0255602568
B1432114516154N00540883EA0255402566
B1432124516149N00540881EA0255202564
B1432134516143N00540880EA0255102563
B1432144516138N00540878EA0254902561
B1432154516132N00540877EA0254802560
B1432164516127N00540875EA0254702559
B1432174516121N00540874EA0254502557
B1432184516116N00540872EA0254502557
B1432194516110N00540871EA0254402556
B1432204516105N00540869EA0254302555
B1432214516099N00540868EA0254202554
B1432224516094N00540866EA0254202554
B1432234516088N00540864EA0254002552
B1432244516083N00540863EA0253902551
B1432254516077N00540861EA0253902551
B1432264516072N00540859EA0253802550
B1432274516067N00540858EA0253602548
B1432284516061N00540856EA0253502547
B1432294516056N00540855EA0253402546
B1432304516050N00540853EA0253302545
B1432314516044N00540852EA0253202544
B1432324516039N00540851EA0253102543
B1432334516033N00540850EA0252902541
B1432344516028N00540848EA0252802540
B1432354516022N00540847EA0252802540
B1432364516017N00540845EA0252602538
B1432374516011N00540844EA0252402536
B1432384516006N00540842EA0252302535
B1432394516000N00540841EA0252102533
B1432404515995N00540840EA0252002532
B1432414515989N00540839EA0251902531
B1432424515984N00540838EA0251802530
B1432434515978N00540836EA0251702529
B1432444515973N00540835EA0251502527
B1432454515967N00540833EA0251402526
B1432464515962N00540832EA0251302525
B1432474515956N00540830EA0251302525
B1432484515951N00540829EA0251102523
B1432494515945N00540827EA0251002522
B1432504515940N00540825EA0250902521
B1432514515934N00540824EA0250802520
B1432524515929N00540822EA0250702519
B1432534515923N00540821EA0250602518
B1432544515918N00540820EA0250402516
B1432554515912N00540818EA0250402516
B1432564515907N00540817EA0250302515
B1432574515902N00540815EA0250202514
B1432584515896N00540814EA0250102513
B1432594515890N00540813EA0250002512
B1433004515885N00540811EA0249902511
B1433014515879N00540810EA0249802510
B1433024515874N00540809EA0249702509
B1433034515868N00540807EA0249502507
B1433044515863N00540806EA0249402506
B1433054515857N00540804EA0249402506
B1433064515852N00540803EA0249302505
B1433074515846N00540801EA0249202504
B1433084515841N00540799EA0248902501
B1433094515836N00540798EA0248902501
B1433104515830N00540796EA0248802500
B1433114515825N00540794EA0248702499
B1433124515819N00540793EA0248502497
B1433134515814N00540791EA0248402496
B1433144515808N00540790EA0248302495
B1433154515803N00540788EA0248202494
B1433164515797N00540787EA0248102493
B1433174515792N00540785EA0248002492
B1433184515786N00540783EA0247902491
B1433194515781N00540782EA0247902491
B1433204515776N00540780EA0247802490
B1433214515770N00540778EA0247702489
B1433224515765N00540776EA0247602488
B1433234515759N00540775EA0247502487
B1433244515754N00540773EA0247402486
B1433254515748N00540771EA0247202484
B1433264515743N00540770EA0247102483
B1433274515737N00540768EA0247002482
B1433284515732N00540766EA0246802480
B1433294515727N00540765EA0246702479
B1433304515721N00540763EA0246602478
B1433314515716N00540761EA0246602478
B1433324515710N00540759EA0246402476
B1433334515705N00540758EA0246302475
B1433344515699N00540756EA0246202474
B1433354515694N00540755EA0246102473
B1433364515688N00540753EA0246002472
B1433374515683N00540751EA0245902471
B1433384515677N00540750EA0245802470
B1433394515672N00540748EA0245702469
B1433404515667N00540746EA0245602468
B1433414515661N00540745EA0245402466
B1433424515656N00540743EA0245302465
B1433434515650N00540741EA0245302465
B1433444515645N00540739EA0245202464
B1433454515641N00540735EA0245302465
B1433464515638N00540730EA0245502467
B1433474515636N00540725EA0245702469
B1433484515635N00540718EA0245902471
B1433494515636N00540712EA0246102473
B1433504515639N00540707EA0246202474
B1433514515642N00540703EA0246402476
B1433524515646N00540701EA0246602478
B1433534515651N00540701EA0246602478
B1433544515655N00540704EA0246702479
B1433554515659N00540708EA0247002482
B1433564515662N00540713EA0247302485
B1433574515664N00540720EA0247602488
B1433584515665N00540727EA0247702489
B1433594515664N00540735EA0248002492
B1434004515661N00540742EA0248202494
B1434014515658N00540748EA0248202494
B1434024515653N00540752EA0248302495
B1434034515648N00540754EA0248602498
B1434044515643N00540754EA0248802500
B1434054515638N00540752EA0249002502
B1434064515634N00540749EA0249102503
B1434074515631N00540744EA0249402506
B1434084515629N00540738EA0249502507
B1434094515629N00540732EA0249602508
B1434104515630N00540726EA0249702509
B1434114515632N00540721EA0249802510
B1434124515636N00540717EA0250102513
B1434134515640N00540715EA0250302515
B1434144515644N00540715EA0250402516
B1434154515649N00540717EA0250602518
B1434164515653N00540721EA0250802520
B1434174515656N00540727EA0251002522
B1434184515658N00540734EA0251202524
B1434194515658N00540741EA0251502527
B1434204515657N00540749EA0251502527
B1434214515655N00540756EA0251702529
B1434224515651N00540761EA0251802530
B1434234515646N00540766EA0252102533
B1434244515641N00540768EA0252302535
B1434254515636N00540768EA0252502537
B1434264515631N00540766EA0252702539
B1434274515627N00540762EA0252802540
B1434284515624N00540757EA0253102543
B1434294515623N00540751EA0253302545
B1434304515622N00540745EA0253402546
B1434314515623N00540739EA0253702549
B1434324515626N00540734EA0253702549
B1434334515629N00540730EA0254002552
B1434344515634N00540729EA0254102553
B1434354515638N00540729EA0254302555
B1434364515643N00540731EA0254602558
B1434374515646N00540735EA0254702559
B1434384515649N00540741EA0255002562
B1434394515651N00540748EA0255102563
B1434404515651N00540756EA0255102563
B1434414515650N00540763EA0255502567
B1434424515648N00540770EA0255702569
B1434434515644N00540775EA0256002572
B1434444515640N00540779EA0256102573
B1434454515635N00540781EA0256402576
B1434464515629N00540781EA0256602578
B1434474515625N00540779EA0256802580
B1434484515621N00540776EA0256902581
B1434494515618N00540770EA0257102583
B1434504515616N00540764EA0257402586
B1434514515616N00540758EA0257602588
B1434524515617N00540752EA0257802590
B1434534515620N00540747EA0258002592
B1434544515623N00540744EA0258202594
B1434554515627N00540742EA0258302595
B1434564515632N00540743EA0258502597
B1434574515636N00540745EA0258702599
B1434584515640N00540749EA0259002602
B1434594515643N00540755EA0259002602
B1435004515645N00540762EA0259302605
B1435014515645N00540770EA0259502607
B1435024515644N00540777EA0259602608
B1435034515641N00540784EA0259702609
B1435044515637N00540789EA0259902611
B1435054515633N00540793EA0260102613
B1435064515628N00540795EA0260302615
B1435074515623N00540795EA0260402616
B1435084515618N00540793EA0260802620
B1435094515614N00540789EA0260902621
B1435104515611N00540784EA0261202624
B1435114515609N00540778EA0261302625
B1435124515609N00540772EA0261502627
B1435134515611N00540766EA0261802630
B1435144515613N00540761EA0262002632
B1435154515617N00540757EA0262202634
B1435164515621N00540756EA0262402636
B1435174515626N00540756EA0262602638
B1435184515630N00540759EA0262702639
B1435194515634N00540763EA0262902641
B1435204515637N00540769EA0263002642
B1435214515638N00540776EA0263102643
B1435224515638N00540784EA0263302645
B1435234515637N00540791EA0263502647
B1435244515634N00540798EA0263602648
B1435254515631N00540803EA0263902651
B1435264515626N00540807EA0264102653
B1435274515621N00540809EA0264202654
B1435284515616N00540809EA0264502657
B1435294515611N00540806EA0264802660
B1435304515607N00540802EA0265002662
B1435314515604N00540797EA0265202664
B1435324515603N00540791EA0265402666
B1435334515603N00540785EA0265502667
B1435344515604N00540779EA0265702669
B1435354515607N00540774EA0265902671
B1435364515610N00540771EA0266202674
B1435374515615N00540769EA0266502677
B1435384515619N00540770EA0266602678
B1435394515624N00540773EA0266802680
B1435404515627N00540777EA0267002682
B1435414515630N00540783EA0267402686
B1435424515632N00540790EA0267602688
B1435434515632N00540798EA0267702689
B1435444515630N00540805EA0267902691
B1435454515628N00540812EA0268102693
B1435464515624N00540817EA0268302695
B1435474515619N00540821EA0268602698
B1435484515614N00540822EA0268802700
B1435494515609N00540822EA0269102703
B1435504515604N00540820EA0269202704
B1435514515600N00540816EA0269302705
B1435524515598N00540810EA0269602708
B1435534515596N00540804EA0269802710
B1435544515596N00540798EA0270002712
B1435554515598N00540792EA0270202714
B1435564515600N00540788EA0270502717
B1435574515604N00540784EA0270702719
B1435584515608N00540783EA0270902721
B1435594515613N00540784EA0271102723
B1436004515617N00540786EA0271302725
B1436014515621N00540791EA0271502727
B1436024515624N00540797EA0271702729
B1436034515625N00540804EA0271902731
B1436044515625N00540812EA0272102733
B1436054515624N00540819EA0272402736
B1436064515621N00540826EA0272502737
B1436074515617N00540831EA0272702739
B1436084515612N00540835EA0272802740
B1436094515607N00540836EA0273002742
B1436104515602N00540836EA0273202744
B1436114515597N00540833EA0273302745
B1436124515594N00540829EA0273602748
B1436134515591N00540824EA0273902751
B1436144515590N00540818EA0274202754
B1436154515590N00540811EA0274502757
B1436164515591N00540806EA0274502757
B1436174515594N00540801EA0274702759
B1436184515598N00540798EA0274902761
B1436194515602N00540797EA0275102763
B1436204515607N00540797EA0275402766
B1436214515611N00540800EA0275502767
B1436224515615N00540805EA0275502767
B1436234515617N00540811EA0275702769
B1436244515619N00540818EA0275802770
B1436254515619N00540826EA0275902771
B1436264515617N00540833EA0276002772
B1436274515614N00540840EA0276102773
B1436284515610N00540845EA0276202774
B1436294515605N00540848EA0276402776
B1436304515600N00540850EA0276602778
B1436314515595N00540849EA0276802780
B1436324515591N00540847EA0276802780
B1436334515587N00540842EA0277002782
B1436344515584N00540837EA0277202784
B1436354515583N00540831EA0277502787
B1436364515583N00540825EA0277702789
B1436374515585N00540819EA0277902791
B1436384515588N00540814EA0278102793
B1436394515592N00540811EA0278302795
B1436404515596N00540810EA0278502797
B1436414515600N00540811EA0278702799
B1436424515605N00540814EA0278902801
B1436434515608N00540819EA0279102803
B1436444515611N00540825EA0279402806
B1436454515612N00540832EA0279602808
B1436464515612N00540840EA0280002812
B1436474515610N00540847EA0280202814
B1436484515607N00540854EA0280302815
B1436494515603N00540859EA0280502817
B1436504515599N00540862EA0280702819
B1436514515593N00540863EA0280902821
B1436524515588N00540863EA0281202824
B1436534515584N00540860EA0281202824
B1436544515580N00540856EA0281502827
B1436554515578N00540850EA0281702829
B1436564515576N00540844EA0282002832
B1436574515577N00540838EA0282202834
B1436584515578N00540832EA0282402836
B1436594515581N00540828EA0282602838
B1437004515585N00540825EA0282702839
B1437014515590N00540824EA0283002842
B1437024515594N00540825EA0283102843
B1437034515598N00540828EA0283202844
B1437044515602N00540833EA0283402846
B1437054515604N00540839EA0283502847
B1437064515606N00540846EA0283602848
B1437074515605N00540854EA0283802850
B1437084515604N00540861EA0283902851
B1437094515601N00540868EA0284002852
B1437104515597N00540873EA0284102853
B1437114515592N00540876EA0284302855
B1437124515587N00540877EA0284502857
B1437134515582N00540876EA0284702859
B1437144515576N00540875EA0284602858
B1437154515570N00540874EA0284402856
B1437164515565N00540873EA0284302855
B1437174515559N00540872EA0284302855
B1437184515554N00540871EA0284102853
B1437194515548N00540870EA0284002852
B1437204515543N00540869EA0283902851
B1437214515537N00540868EA0283702849
B1437224515531N00540867EA0283602848
B1437234515526N00540866EA0283502847
B1437244515520N00540865EA0283502847
B1437254515515N00540864EA0283302845
B1437264515509N00540863EA0283202844
B1437274515504N00540862EA0283102843
B1437284515498N00540860EA0283002842
B1437294515493N00540859EA0282902841
B1437304515487N00540858EA0282802840
B1437314515482N00540856EA0282702839
B1437324515476N00540855EA0282602838
B1437334515471N00540854EA0282402836
B1437344515465N00540852EA0282302835
B1437354515459N00540851EA0282202834
B1437364515454N00540851EA0282002832
B1437374515448N00540850EA0281902831
B1437384515443N00540849EA0281802830
B1437394515437N00540849EA0281702829
B1437404515431N00540849EA0281602828
B1437414515426N00540849EA0281502827
B1437424515420N00540849EA0281302825
B1437434515414N00540848EA0281302825
B1437444515409N00540849EA0281102823
B1437454515403N00540849EA0281002822
B1437464515397N00540849EA0280902821
B1437474515391N00540849EA0280802820
B1437484515386N00540849EA0280702819
B1437494515380N00540850EA0280602818
B1437504515374N00540850EA0280602818
B1437514515369N00540850EA0280502817
B1437524515363N00540850EA0280402816
B1437534515357N00540850EA0280202814
B1437544515352N00540850EA0280102813
B1437554515346N00540850EA0279902811
B1437564515340N00540850EA0279802810
B1437574515335N00540850EA0279802810
B1437584515329N00540851EA0279702809
B1437594515323N00540851EA0279502807
B1438004515318N00540851EA0279402806
B1438014515312N00540851EA0279302805
B1438024515306N00540852EA0279202804
B1438034515300N00540852EA0279002802
B1438044515295N00540853EA0278902801
B1438054515289N00540853EA0278802800
B1438064515283N00540853EA0278702799
B1438074515278N00540854EA0278602798
B1438084515272N00540854EA0278602798
B1438094515266N00540854EA0278402796
B1438104515261N00540855EA0278302795
B1438114515255N00540855EA0278202794
B1438124515249N00540855EA0278102793
B1438134515243N00540856EA0278002792
B1438144515238N00540856EA0277902791
B1438154515232N00540857EA0277802790
B1438164515226N00540858EA0277702789
B1438174515221N00540859EA0277602788
B1438184515215N00540859EA0277402786
B1438194515209N00540860EA0277302785
B1438204515204N00540861EA0277302785
B1438214515198N00540862EA0277202784
B1438224515192N00540863EA0277102783
B1438234515186N00540864EA0277002782
B1438244515181N00540866EA0276902781
B1438254515175N00540867EA0276802780
B1438264515169N00540868EA0276702779
B1438274515164N00540869EA0276602778
B1438284515158N00540870EA0276502777
B1438294515152N00540872EA0276402776
B1438304515147N00540873EA0276402776
B1438314515141N00540874EA0276202774
B1438324515135N00540875EA0276102773
B1438334515130N00540877EA0276102773
B1438344515124N00540878EA0276002772
B1438354515118N00540879EA0275902771
B1438364515113N00540880EA0275802770
B1438374515107N00540881EA0275702769
B1438384515101N00540882EA0275602768
B1438394515095N00540884EA0275502767
B1438404515090N00540884EA0275502767
B1438414515084N00540885EA0275302765
B1438424515078N00540886EA0275202764
B1438434515073N00540887EA0275202764
B1438444515067N00540888EA0275102763
B1438454515061N00540889EA0275002762
B1438464515056N00540890EA0274902761
B1438474515050N00540891EA0274802760
B1438484515044N00540892EA0274702759
B1438494515038N00540893EA0274602758
B1438504515033N00540895EA0274402756
B1438514515027N00540896EA0274402756
B1438524515021N00540898EA0274302755
B1438534515016N00540900EA0274202754
B1438544515010N00540901EA0274102753
B1438554515004N00540903EA0274002752
B1438564514999N00540904EA0273902751
B1438574514993N00540905EA0273802750
B1438584514987N00540906EA0273602748
B1438594514982N00540908EA0273602748
B1439004514976N00540910EA0273402746
B1439014514970N00540911EA0273202744
B1439024514965N00540913EA0273002742
B1439034514959N00540914EA0273002742
B1439044514953N00540916EA0272802740
B1439054514948N00540918EA0272702739
B1439064514942N00540919EA0272602738
B1439074514937N00540921EA0272402736
B1439084514931N00540923EA0272302735
B1439094514925N00540926EA0272202734
B1439104514920N00540928EA0272202734
B1439114514914N00540930EA0272102733
B1439124514909N00540932EA0271902731
B1439134514903N00540934EA0271802730
B1439144514897N00540936EA0271602728
B1439154514892N00540938EA0271602728
B1439164514886N00540940EA0271502727
B1439174514880N00540941EA0271402726
B1439184514875N00540943EA0271302725
B1439194514869N00540945EA0271302725
B1439204514864N00540947EA0271102723
B1439214514858N00540949EA0271002722
B1439224514852N00540951EA0270902721
B1439234514847N00540953EA0270802720
B1439244514841N00540955EA0270602718
B1439254514835N00540957EA0270602718
B1439264514830N00540959EA0270402716
B1439274514824N00540960EA0270302715
B1439284514818N00540962EA0270202714
B1439294514813N00540964EA0270002712
B1439304514807N00540966EA0269902711
B1439314514802N00540968EA0269802710
B1439324514796N00540970EA0269702709
B1439334514790N00540971EA0269602708
B1439344514785N00540973EA0269502707
B1439354514779N00540974EA0269402706
B1439364514773N00540976EA0269302705
B1439374514768N00540977EA0269202704
B1439384514762N00540979EA0269102703
B1439394514756N00540981EA0269002702
B1439404514751N00540982EA0268902701
B1439414514745N00540984EA0268802700
B1439424514739N00540985EA0268702699
B1439434514734N00540986EA0268502697
B1439444514728N00540988EA0268402696
B1439454514722N00540989EA0268302695
B1439464514717N00540990EA0268302695
B1439474514711N00540991EA0268202694
B1439484514705N00540992EA0268002692
B1439494514699N00540993EA0267802690
B1439504514694N00540995EA0267702689
B1439514514688N00540996EA0267602688
B1439524514682N00540997EA0267402686
B1439534514677N00540999EA0267302685
B1439544514671N00541000EA0267202684
B1439554514665N00541001EA0267102683
B1439564514660N00541003EA0267102683
B1439574514654N00541004EA0266902681
B1439584514648N00541005EA0266802680
B1439594514643N00541006EA0266602678
B1440004514637N00541007EA0266502677
B1440014514631N00541008EA0266402676
B1440024514626N00541009EA0266302675
B1440034514620N00541010EA0266202674
B1440044514614N00541011EA0266202674
B1440054514608N00541013EA0266002672
B1440064514603N00541015EA0265902671
B1440074514597N00541016EA0265802670
B1440084514592N00541016EA0266002672
B1440094514587N00541013EA0266102673
B1440104514584N00541009EA0266302675
B1440114514581N00541003EA0266502677
B1440124514580N00540997EA0266702679
B1440134514580N00540991EA0267002682
B1440144514582N00540985EA0267202684
B1440154514585N00540981EA0267302685
B1440164514588N00540978EA0267402686
B1440174514593N00540977EA0267702689
B1440184514597N00540978EA0267902691
B1440194514602N00540981EA0268002692
B1440204514605N00540985EA0268102693
B1440214514608N00540992EA0268202694
B1440224514609N00540999EA0268302695
B1440234514609N00541006EA0268602698
B1440244514607N00541014EA0268602698
B1440254514604N00541020EA0268802700
B1440264514600N00541025EA0269002702
B1440274514595N00541028EA0269102703
B1440284514590N00541030EA0269302705
B1440294514585N00541029EA0269502707
B1440304514581N00541026EA0269602708
B1440314514577N00541022EA0269802710
B1440324514574N00541017EA0269902711
B1440334514573N00541010EA0270102713
B1440344514574N00541004EA0270302715
B1440354514575N00540999EA0270502717
B1440364514578N00540994EA0270602718
B1440374514582N00540991EA0270802720
B1440384514586N00540990EA0271002722
B1440394514591N00540991EA0271202724
B1440404514595N00540994EA0271302725
B1440414514599N00540999EA0271402726
B1440424514601N00541006EA0271602728
B1440434514602N00541013EA0271702729
B1440444514602N00541020EA0271902731
B1440454514600N00541028EA0271902731
B1440464514597N00541034EA0272002732
B1440474514593N00541039EA0272202734
B1440484514589N00541042EA0272502737
B1440494514583N00541043EA0272602738
B1440504514578N00541043EA0272902741
B1440514514574N00541040EA0273002742
B1440524514570N00541035EA0273302745
B1440534514568N00541030EA0273602748
B1440544514567N00541024EA0273802750
B1440554514567N00541018EA0274002752
B1440564514569N00541012EA0274002752
B1440574514572N00541008EA0274302755
B1440584514576N00541005EA0274402756
B1440594514580N00541004EA0274702759
B1441004514585N00541005EA0274802760
B1441014514589N00541008EA0275002762
B1441024514592N00541013EA0275102763
B1441034514595N00541020EA0275302765
B1441044514596N00541027EA0275502767
B1441054514596N00541034EA0275602768
B1441064514594N00541042EA0275702769
B1441074514591N00541048EA0275902771
B1441084514587N00541053EA0276002772
B1441094514582N00541056EA0276202774
B1441104514577N00541057EA0276502777
B1441114514572N00541056EA0276602778
B1441124514567N00541053EA0276702779
B1441134514564N00541049EA0276802780
B1441144514561N00541043EA0277102783
B1441154514560N00541037EA0277202784
B1441164514561N00541031EA0277302785
B1441174514563N00541025EA0277402786
B1441184514566N00541021EA0277602788
B1441194514569N00541018EA0277702789
B1441204514574N00541018EA0277902791
B1441214514578N00541019EA0278102793
B1441224514583N00541022EA0278402796
B1441234514586N00541027EA0278602798
B1441244514588N00541034EA0278602798
B1441254514589N00541041EA0278802800
B1441264514589N00541048EA0279002802
B1441274514587N00541056EA0279202804
B1441284514584N00541062EA0279402806
B1441294514580N00541067EA0279602808
B1441304514575N00541070EA0279802810
B1441314514570N00541071EA0279902811
B1441324514565N00541070EA0280102813
B1441334514560N00541067EA0280302815
B1441344514557N00541062EA0280502817
B1441354514555N00541057EA0280702819
B1441364514554N00541050EA0281002822
B1441374514554N00541044EA0281102823
B1441384514556N00541039EA0281302825
B1441394514559N00541035EA0281402826
B1441404514563N00541032EA0281502827
B1441414514568N00541031EA0281602828
B1441424514572N00541033EA0281802830
B1441434514576N00541036EA0282002832
B1441444514580N00541041EA0282202834
B1441454514582N00541048EA0282402836
B1441464514583N00541055EA0282602838
B1441474514582N00541063EA0282702839
B1441484514580N00541070EA0282902841
B1441494514577N00541076EA0283102843
B1441504514573N00541081EA0283102843
B1441514514568N00541083EA0283302845
B1441524514563N00541084EA0283402846
B1441534514558N00541083EA0283402846
B1441544514554N00541080EA0283602848
B1441554514550N00541076EA0283802850
B1441564514548N00541070EA0283902851
B1441574514547N00541064EA0284102853
B1441584514548N00541058EA0284102853
B1441594514550N00541052EA0284202854
B1442004514553N00541048EA0284402856
B1442014514557N00541045EA0284602858
B1442024514561N00541045EA0284702859
B1442034514566N00541046EA0284902861
B1442044514570N00541050EA0285002862
B1442054514573N00541055EA0285202864
B1442064514575N00541062EA0285402866
B1442074514576N00541069EA0285602868
B1442084514576N00541077EA0285802870
B1442094514574N00541084EA0286002872
B1442104514570N00541090EA0286202874
B1442114514566N00541094EA0286402876
B1442124514561N00541097EA0286502877
B1442134514556N00541098EA0286702879
B1442144514551N00541097EA0286902881
B1442154514547N00541094EA0287202884
B1442164514543N00541089EA0287402886
B1442174514541N00541083EA0287402886
B1442184514541N00541077EA0287802890
B1442194514541N00541071EA0288002892
B1442204514543N00541065EA0288102893
B1442214514547N00541061EA0288202894
B1442224514551N00541059EA0288302895
B1442234514555N00541059EA0288402896
B1442244514560N00541060EA0288602898
B1442254514564N00541064EA0288702899
B1442264514567N00541069EA0288802900
B1442274514569N00541076EA0288902901
B1442284514570N00541083EA0289102903
B1442294514569N00541091EA0289202904
B1442304514567N00541098EA0289402906
B1442314514564N00541104EA0289502907
B1442324514559N00541108EA0289602908
B1442334514554N00541111EA0289702909
B1442344514549N00541112EA0289902911
B1442354514544N00541110EA0289902911
B1442364514540N00541107EA0290102913
B1442374514537N00541102EA0290202914
B1442384514535N00541096EA0290402916
B1442394514534N00541090EA0290602918
B1442404514535N00541084EA0290602918
B1442414514537N00541079EA0290802920
B1442424514540N00541075EA0290902921
B1442434514544N00541073EA0291002922
B1442444514549N00541072EA0291202924
B1442454514553N00541074EA0291302925
B1442464514557N00541078EA0291502927
B1442474514560N00541083EA0291702929
B1442484514563N00541090EA0291902931
B1442494514563N00541097EA0292002932
B1442504514562N00541105EA0292202934
B1442514514560N00541112EA0292402936
B1442524514557N00541118EA0292502937
B1442534514553N00541122EA0292502937
B1442544514548N00541125EA0292502937
B1442554514542N00541125EA0292802940
B1442564514538N00541124EA0292802940
B1442574514533N00541120EA0293002942
B1442584514530N00541116EA0293102943
B1442594514526N00541110EA0293002942
B1443004514523N00541105EA0292902941
B1443014514519N00541099EA0292802940
B1443024514516N00541094EA0292702939
B1443034514512N00541089EA0292702939
B1443044514508N00541083EA0292602938
B1443054514505N00541078EA0292402936
B1443064514501N00541072EA0292302935
B1443074514498N00541067EA0292302935
B1443084514494N00541061EA0292202934
B1443094514491N00541056EA0292002932
B1443104514487N00541050EA0291902931
B1443114514483N00541045EA0291702929
B1443124514480N00541039EA0291602928
B1443134514476N00541034EA0291502927
B1443144514473N00541029EA0291402926
B1443154514469N00541023EA0291402926
B1443164514465N00541018EA0291202924
B1443174514462N00541012EA0291102923
B1443184514458N00541007EA0291002922
B1443194514455N00541002EA0290902921
B1443204514451N00540996EA0290902921
B1443214514447N00540991EA0290802920
B1443224514444N00540986EA0290702919
B1443234514440N00540980EA0290502917
B1443244514436N00540975EA0290502917
B1443254514433N00540970EA0290402916
B1443264514429N00540964EA0290302915
B1443274514426N00540958EA0290202914
B1443284514422N00540953EA0290102913
B1443294514419N00540947EA0290002912
B1443304514415N00540942EA0289902911
B1443314514412N00540936EA0289802910
B1443324514408N00540931EA0289702909
B1443334514404N00540926EA0289602908
B1443344514401N00540920EA0289502907
B1443354514398N00540914EA0289302905
B1443364514394N00540909EA0289102903
B1443374514391N00540903EA0289102903
B1443384514387N00540897EA0289002902
B1443394514384N00540892EA0288902901
B1443404514381N00540886EA0288902901
B1443414514378N00540880EA0288802900
B1443424514374N00540874EA0288702899
B1443434514371N00540869EA0288602898
B1443444514368N00540863EA0288402896
B1443454514364N00540857EA0288302895
B1443464514361N00540852EA0288202894
B1443474514358N00540846EA0288202894
B1443484514355N00540840EA0288002892
B1443494514351N00540834EA0287902891
B1443504514348N00540828EA0287802890
B1443514514345N00540822EA0287702889
B1443524514342N00540816EA0287502887
B1443534514339N00540810EA0287402886
B1443544514336N00540804EA0287302885
B1443554514333N00540798EA0287202884
B1443564514330N00540793EA0287102883
B1443574514327N00540787EA0287002882
B1443584514324N00540781EA0286902881
B1443594514320N00540775EA0286802880
B1444004514317N00540770EA0286702879
B1444014514314N00540764EA0286502877
B1444024514311N00540758EA0286402876
B1444034514308N00540752EA0286202874
B1444044514304N00540746EA0286102873
B1444054514301N00540740EA0286002872
B1444064514298N00540735EA0285802870
B1444074514295N00540729EA0285702869
B1444084514291N00540723EA0285602868
B1444094514288N00540717EA0285502867
B1444104514285N00540712EA0285402866
B1444114514282N00540706EA0285302865
B1444124514278N00540700EA0285202864
B1444134514275N00540694EA0285202864
B1444144514272N00540688EA0285002862
B1444154514269N00540682EA0284802860
B1444164514266N00540676EA0284802860
B1444174514263N00540670EA0284602858
B1444184514260N00540664EA0284502857
B1444194514257N00540658EA0284402856
B1444204514254N00540652EA0284202854
B1444214514251N00540646EA0284102853
B1444224514248N00540641EA0284202854
B1444234514245N00540635EA0284102853
B1444244514242N00540629EA0283902851
B1444254514238N00540623EA0283702849
B1444264514235N00540617EA0283602848
B1444274514232N00540611EA0283602848
B1444284514229N00540605EA0283502847
B1444294514226N00540599EA0283402846
B1444304514223N00540594EA0283202844
B1444314514220N00540588EA0283202844
B1444324514217N00540582EA0283002842
B1444334514214N00540576EA0282802840
B1444344514211N00540570EA0282702839
B1444354514208N00540564EA0282602838
B1444364514205N00540558EA0282602838
B1444374514202N00540551EA0282502837
B1444384514200N00540545EA0282302835
B1444394514197N00540539EA0282202834
B1444404514194N00540533EA0282102833
B1444414514191N00540527EA0282002832
B1444424514188N00540521EA0282002832
B1444434514186N00540514EA0281802830
B1444444514183N00540508EA0281602828
B1444454514180N00540502EA0281502827
B1444464514178N00540496EA0281302825
B1444474514175N00540489EA0281202824
B1444484514172N00540483EA0281102823
B1444494514170N00540477EA0281002822
B1444504514167N00540471EA0280802820
B1444514514164N00540465EA0280702819
B1444524514161N00540458EA0280602818
B1444534514159N00540452EA0280502817
B1444544514156N00540446EA0280402816
B1444554514153N00540440EA0280302815
B1444564514150N00540434EA0280302815
B1444574514147N00540428EA0280102813
B1444584514145N00540422EA0280002812
B1444594514142N00540415EA0279802810
B1445004514139N00540409EA0279702809
B1445014514137N00540403EA0279702809
B1445024514134N00540397EA0279502807
B1445034514131N00540390EA0279402806
B1445044514129N00540384EA0279302805
B1445054514126N00540378EA0279202804
B1445064514123N00540372EA0279102803
B1445074514121N00540366EA0278902801
B1445084514118N00540359EA0278902801
B1445094514115N00540353EA0278802800
B1445104514112N00540347EA0278702799
B1445114514109N00540341EA0278602798
B1445124514106N00540335EA0278402796
B1445134514103N00540329EA0278402796
B1445144514100N00540323EA0278302795
B1445154514097N00540317EA0278202794
B1445164514094N00540311EA0278102793
B1445174514091N00540305EA0278102793
B1445184514089N00540299EA0277902791
B1445194514086N00540293EA0277902791
B1445204514083N00540287EA0277802790
B1445214514080N00540281EA0277602788
B1445224514077N00540274EA0277502787
B1445234514075N00540268EA0277402786
B1445244514072N00540262EA0277302785
B1445254514069N00540256EA0277102783
B1445264514066N00540250EA0276902781
B1445274514063N00540244EA0276902781
B1445284514060N00540238EA0276702779
B1445294514058N00540231EA0276602778
B1445304514055N00540225EA0276502777
B1445314514052N00540219EA0276402776
B1445324514049N00540213EA0276302775
B1445334514046N00540208EA0276202774
B1445344514042N00540202EA0276102773
B1445354514039N00540196EA0275902771
B1445364514036N00540190EA0275802770
B1445374514033N00540184EA0275802770
B1445384514029N00540179EA0275602768
B1445394514026N00540173EA0275602768
B1445404514023N00540167EA0275402766
B1445414514019N00540162EA0275202764
B1445424514016N00540156EA0275202764
B1445434514014N00540150EA0275202764
B1445444514014N00540144EA0275302765
B1445454514015N00540138EA0275502767
B1445464514018N00540133EA0275602768
B1445474514021N00540129EA0275802770
B1445484514025N00540127EA0276002772
B1445494514030N00540127EA0275902771
B1445504514034N00540130EA0275902771
B1445514514038N00540134EA0275902771
B1445524514041N00540140EA0276002772
B1445534514043N00540147EA0276102773
B1445544514043N00540154EA0276202774
B1445554514042N00540161EA0276302775
B1445564514040N00540168EA0276502777
B1445574514036N00540174EA0276502777
B1445584514031N00540178EA0276502777
B1445594514026N00540180EA0276602778
B1446004514021N00540180EA0276602778
B1446014514016N00540178EA0276802780
B1446024514012N00540174EA0276802780
B1446034514009N00540169EA0276902781
B1446044514008N00540163EA0277002782
B1446054514008N00540157EA0277102783
B1446064514009N00540151EA0277202784
B1446074514011N00540146EA0277302785
B1446084514015N00540143EA0277302785
B1446094514019N00540141EA0277502787
B1446104514024N00540141EA0277502787
B1446114514028N00540144EA0277602788
B1446124514032N00540148EA0277802790
B1446134514035N00540154EA0277802790
B1446144514036N00540161EA0277902791
B1446154514037N00540168EA0278002792
B1446164514035N00540175EA0278202794
B1446174514033N00540182EA0278302795
B1446184514029N00540188EA0278502797
B1446194514025N00540192EA0278602798
B1446204514020N00540194EA0278702799
B1446214514014N00540194EA0278802800
B1446224514010N00540192EA0278902801
B1446234514006N00540188EA0279102803
B1446244514003N00540183EA0279202804
B1446254514001N00540177EA0279302805
B1446264514001N00540170EA0279402806
B1446274514002N00540164EA0279602808
B1446284514005N00540160EA0279602808
B1446294514008N00540156EA0279802810
B1446304514013N00540155EA0279902811
B1446314514017N00540155EA0279902811
B1446324514022N00540157EA0280002812
B1446334514025N00540162EA0280102813
B1446344514028N00540168EA0280102813
B1446354514030N00540175EA0280302815
B1446364514030N00540182EA0280402816
B1446374514029N00540190EA0280502817
B1446384514026N00540196EA0280602818
B1446394514022N00540202EA0280702819
B1446404514018N00540206EA0280902821
B1446414514013N00540207EA0280902821
B1446424514008N00540207EA0281002822
B1446434514003N00540205EA0281002822
B1446444513999N00540201EA0281002822
B1446454513996N00540196EA0281102823
B1446464513995N00540190EA0281202824
B1446474513994N00540184EA0281302825
B1446484513996N00540178EA0281302825
B1446494513998N00540173EA0281402826
B1446504514002N00540170EA0281602828
B1446514514006N00540168EA0281602828
B1446524514011N00540169EA0281602828
B1446534514015N00540171EA0281602828
B1446544514019N00540176EA0281802830
B1446554514022N00540182EA0281902831
B1446564514023N00540189EA0282002832
B1446574514023N00540196EA0282102833
B1446584514022N00540204EA0282102833
B1446594514019N00540210EA0282202834
B1447004514016N00540216EA0282402836
B1447014514011N00540219EA0282402836
B1447024514006N00540221EA0282502837
B1447034514001N00540221EA0282702839
B1447044513996N00540218EA0282802840
B1447054513992N00540214EA0282902841
B1447064513989N00540209EA0283002842
B1447074513988N00540203EA0282902841
B1447084513988N00540197EA0283002842
B1447094513989N00540191EA0283202844
B1447104513992N00540186EA0283402846
B1447114513996N00540183EA0283502847
B1447124514000N00540182EA0283402846
B1447134514005N00540182EA0283602848
B1447144514009N00540185EA0283702849
B1447154514013N00540190EA0283802850
B1447164514015N00540196EA0283902851
B1447174514017N00540203EA0284002852
B1447184514017N00540210EA0284102853
B1447194514017N00540219EA0284002852
B1447204514017N00540227EA0283902851
B1447214514017N00540235EA0283802850
B1447224514017N00540243EA0283702849
B1447234514018N00540252EA0283602848
B1447244514018N00540260EA0283402846
B1447254514018N00540268EA0283402846
B1447264514018N00540276EA0283202844
B1447274514018N00540285EA0283102843
B1447284514019N00540293EA0282902841
B1447294514019N00540301EA0282802840
B1447304514019N00540310EA0282702839
B1447314514019N00540318EA0282602838
B1447324514019N00540326EA0282502837
B1447334514019N00540334EA0282402836
B1447344514019N00540343EA0282302835
B1447354514020N00540351EA0282102833
B1447364514020N00540359EA0282002832
B1447374514020N00540367EA0281802830
B1447384514021N00540376EA0281702829
B1447394514021N00540384EA0281602828
B1447404514021N00540392EA0281502827
B1447414514022N00540400EA0281402826
B1447424514022N00540409EA0281402826
B1447434514023N00540417EA0281302825
B1447444514023N00540425EA0281202824
B1447454514024N00540433EA0281102823
B1447464514024N00540442EA0281102823
B1447474514025N00540450EA0281002822
B1447484514025N00540458EA0280902821
B1447494514026N00540466EA0280802820
B1447504514026N00540474EA0280702819
B1447514514026N00540483EA0280502817
B1447524514026N00540491EA0280502817
B1447534514026N00540499EA0280302815
B1447544514026N00540508EA0280202814
B1447554514025N00540516EA0280102813
B1447564514025N00540524EA0280002812
B1447574514025N00540533EA0279802810
B1447584514024N00540541EA0279702809
B1447594514023N00540549EA0279602808
B1448004514023N00540557EA0279402806
B1448014514022N00540566EA0279402806
B1448024514022N00540574EA0279302805
B1448034514021N00540582EA0279202804
B1448044514020N00540591EA0279102803
B1448054514020N00540599EA0279002802
B1448064514019N00540607EA0278902801
B1448074514019N00540616EA0278802800
B1448084514018N00540624EA0278702799
B1448094514018N00540632EA0278702799
B1448104514017N00540640EA0278602798
B1448114514017N00540649EA0278502797
B1448124514016N00540657EA0278402796
B1448134514016N00540665EA0278302795
B1448144514015N00540674EA0278102793
B1448154514014N00540682EA0278102793
B1448164514014N00540690EA0278002792
B1448174514013N00540698EA0277902791
B1448184514012N00540707EA0277902791
B1448194514011N00540715EA0277802790
B1448204514010N00540723EA0277602788
B1448214514009N00540732EA0277502787
B1448224514008N00540740EA0277502787
B1448234514007N00540748EA0277302785
B1448244514006N00540756EA0277302785
B1448254514005N00540765EA0277102783
B1448264514004N00540773EA0276902781
B1448274514003N00540781EA0276802780
B1448284514002N00540789EA0276702779
B1448294514000N00540797EA0276502777
B1448304513999N00540805EA0276402776
B1448314513998N00540814EA0276302775
B1448324513996N00540822EA0276102773
B1448334513995N00540830EA0276002772
B1448344513993N00540838EA0276002772
B1448354513992N00540846EA0275902771
B1448364513990N00540854EA0275602768
B1448374513988N00540862EA0275602768
B1448384513987N00540870EA0275502767
B1448394513986N00540879EA0275402766
B1448404513984N00540887EA0275302765
B1448414513983N00540895EA0275202764
B1448424513982N00540903EA0275002762
B1448434513981N00540911EA0274902761
B1448444513980N00540920EA0274902761
B1448454513979N00540928EA0274802760
B1448464513978N00540936EA0274702759
B1448474513977N00540944EA0274602758
B1448484513976N00540953EA0274602758
B1448494513975N00540961EA0274402756
B1448504513974N00540969EA0274402756
B1448514513974N00540977EA0274302755
B1448524513973N00540986EA0274202754
B1448534513972N00540994EA0274102753
B1448544513971N00541002EA0274002752
B1448554513970N00541011EA0273902751
B1448564513970N00541019EA0273702749
B1448574513969N00541027EA0273702749
B1448584513968N00541035EA0273602748
B1448594513967N00541044EA0273502747
B1449004513966N00541052EA0273502747
B1449014513965N00541060EA0273402746
B1449024513964N00541068EA0273402746
B1449034513964N00541077EA0273302745
B1449044513963N00541085EA0273102743
B1449054513962N00541093EA0273102743
B1449064513961N00541102EA0272902741
B1449074513961N00541110EA0272802740
B1449084513960N00541118EA0272602738
B1449094513960N00541126EA0272502737
B1449104513959N00541135EA0272502737
B1449114513958N00541143EA0272302735
B1449124513957N00541151EA0272202734
B1449134513957N00541160EA0272002732
B1449144513956N00541168EA0271902731
B1449154513955N00541176EA0271802730
B1449164513954N00541184EA0271602728
B1449174513953N00541193EA0271502727
B1449184513952N00541201EA0271502727
B1449194513951N00541209EA0271302725
B1449204513949N00541217EA0271202724
B1449214513948N00541225EA0271102723
B1449224513947N00541234EA0270902721
B1449234513945N00541242EA0270702719
B1449244513944N00541250EA0270602718
B1449254513943N00541258EA0270502717
B1449264513941N00541266EA0270402716
B1449274513939N00541274EA0270302715
B1449284513938N00541282EA0270202714
B1449294513936N00541290EA0270102713
B1449304513934N00541298EA0269902711
B1449314513932N00541306EA0269802710
B1449324513930N00541314EA0269802710
B1449334513928N00541322EA0269702709
B1449344513927N00541330EA0269702709
B1449354513924N00541338EA0269502707
B1449364513922N00541346EA0269302705
B1449374513920N00541354EA0269302705
B1449384513918N00541361EA0269202704
B1449394513915N00541369EA0269002702
B1449404513913N00541377EA0268902701
B1449414513910N00541384EA0268802700
B1449424513908N00541392EA0268702699
B1449434513905N00541400EA0268602698
B1449444513902N00541407EA0268502697
B1449454513900N00541415EA0268302695
B1449464513897N00541422EA0268202694
B1449474513895N00541430EA0268102693
B1449484513893N00541438EA0268102693
B1449494513890N00541446EA0268002692
B1449504513888N00541453EA0267802690
B1449514513885N00541461EA0267702689
B1449524513882N00541468EA0267602688
B1449534513880N00541476EA0267502687
B1449544513877N00541483EA0267302685
B1449554513874N00541491EA0267202684
B1449564513871N00541498EA0267102683
B1449574513868N00541506EA0267002682
B1449584513866N00541513EA0266802680
B1449594513863N00541521EA0266702679
B1450004513860N00541528EA0266702679
B1450014513858N00541536EA0266602678
B1450024513855N00541543EA0266502677
B1450034513853N00541551EA0266302675
B1450044513850N00541558EA0266202674
B1450054513847N00541566EA0266102673
B1450064513845N00541573EA0266002672
B1450074513842N00541581EA0265902671
B1450084513839N00541589EA0265702669
B1450094513837N00541596EA0265602668
B1450104513834N00541604EA0265502667
B1450114513832N00541612EA0265302665
B1450124513829N00541619EA0265202664
B1450134513827N00541627EA0265002662
B1450144513825N00541635EA0264902661
B1450154513822N00541642EA0264802660
B1450164513820N00541650EA0264702659
B1450174513817N00541658EA0264602658
B1450184513815N00541666EA0264402656
B1450194513813N00541673EA0264302655
B1450204513810N00541681EA0264102653
B1450214513808N00541689EA0264002652
B1450224513805N00541696EA0264002652
B1450234513803N00541704EA0263902651
B1450244513800N00541712EA0263702649
B1450254513798N00541720EA0263602648
B1450264513796N00541727EA0263502647
B1450274513794N00541735EA0263402646
B1450284513791N00541743EA0263302645
B1450294513789N00541751EA0263202644
B1450304513787N00541758EA0263102643
B1450314513784N00541766EA0263002642
B1450324513782N00541774EA0262902641
B1450334513780N00541782EA0262702639
B1450344513778N00541790EA0262602638
B1450354513776N00541797EA0262502637
B1450364513773N00541805EA0262402636
B1450374513771N00541813EA0262302635
B1450384513769N00541821EA0262202634
B1450394513766N00541827EA0262202634
B1450404513761N00541832EA0262402636
B1450414513756N00541834EA0262502637
B1450424513751N00541835EA0262502637
B1450434513746N00541834EA0262602638
B1450444513742N00541831EA0262702639
B1450454513739N00541826EA0262802640
B1450464513737N00541820EA0263002642
B1450474513736N00541814EA0263002642
B1450484513737N00541808EA0263102643
B1450494513739N00541802EA0263102643
B1450504513742N00541798EA0263302645
B1450514513746N00541796EA0263402646
B1450524513750N00541796EA0263502647
B1450534513755N00541797EA0263602648
B1450544513759N00541801EA0263802650
B1450554513762N00541806EA0263902651
B1450564513764N00541813EA0264202654
B1450574513765N00541820EA0264302655
B1450584513764N00541828EA0264302655
B1450594513762N00541835EA0264502657
B1451004513759N00541841EA0264502657
B1451014513755N00541845EA0264502657
B1451024513750N00541848EA0264602658
B1451034513744N00541849EA0264702659
B1451044513740N00541847EA0264702659
B1451054513735N00541844EA0264902661
B1451064513732N00541839EA0264902661
B1451074513730N00541833EA0264902661
B1451084513729N00541827EA0265002662
B1451094513730N00541821EA0265102663
B1451104513732N00541816EA0265202664
B1451114513736N00541812EA0265402666
B1451124513740N00541810EA0265502667
B1451134513744N00541809EA0265602668
B1451144513749N00541811EA0265702669
B1451154513753N00541815EA0265802670
B1451164513756N00541820EA0265802670
B1451174513758N00541827EA0265902671
B1451184513759N00541834EA0265902671
B1451194513758N00541842EA0266102673
B1451204513756N00541849EA0266002672
B1451214513752N00541855EA0266102673
B1451224513748N00541859EA0266302675
B1451234513743N00541862EA0266502677
B1451244513738N00541862EA0266602678
B1451254513733N00541861EA0266802680
B1451264513728N00541857EA0266902681
B1451274513725N00541852EA0267102683
B1451284513723N00541847EA0267202684
B1451294513723N00541840EA0267302685
B1451304513724N00541834EA0267502687
B1451314513726N00541829EA0267602688
B1451324513729N00541825EA0267802690
B1451334513733N00541823EA0267902691
B1451344513738N00541823EA0267802690
B1451354513742N00541825EA0268002692
B1451364513746N00541829EA0268102693
B1451374513749N00541834EA0268302695
B1451384513751N00541841EA0268302695
B1451394513752N00541848EA0268402696
B1451404513751N00541856EA0268402696
B1451414513749N00541863EA0268502697
B1451424513745N00541869EA0268602698
B1451434513741N00541873EA0268702699
B1451444513736N00541875EA0268802700
B1451454513731N00541876EA0268902701
B1451464513726N00541874EA0269002702
B1451474513722N00541871EA0269102703
B1451484513719N00541866EA0269202704
B1451494513717N00541860EA0269302705
B1451504513716N00541854EA0269302705
B1451514513717N00541848EA0269502707
B1451524513719N00541843EA0269502707
B1451534513723N00541839EA0269602708
B1451544513727N00541837EA0269702709
B1451554513732N00541837EA0269902711
B1451564513736N00541839EA0269902711
B1451574513740N00541843EA0270002712
B1451584513743N00541848EA0270002712
B1451594513745N00541855EA0270002712
B1452004513745N00541862EA0270102713
B1452014513744N00541870EA0270102713
B1452024513742N00541877EA0270302715
B1452034513739N00541883EA0270502717
B1452044513734N00541887EA0270702719
B1452054513729N00541889EA0270802720
B1452064513724N00541889EA0271002722
B1452074513719N00541888EA0271002722
B1452084513715N00541884EA0271002722
B1452094513712N00541879EA0271002722
B1452104513710N00541873EA0271102723
B1452114513710N00541867EA0271302725
B1452124513711N00541861EA0271402726
B1452134513713N00541856EA0271602728
B1452144513717N00541852EA0271702729
B1452154513721N00541850EA0271802730
B1452164513725N00541850EA0272002732
B1452174513730N00541853EA0272002732
B1452184513734N00541857EA0272102733
B1452194513737N00541862EA0272102733
B1452204513738N00541869EA0272302735
B1452214513739N00541877EA0272402736
B1452224513738N00541884EA0272502737
B1452234513735N00541891EA0272502737
B1452244513732N00541897EA0272502737
B1452254513727N00541901EA0272602738
B1452264513722N00541903EA0272702739
B1452274513717N00541903EA0272802740
B1452284513712N00541901EA0272902741
B1452294513708N00541898EA0272902741
B1452304513705N00541892EA0273002742
B1452314513703N00541887EA0273102743
B1452324513703N00541880EA0273102743
B1452334513704N00541874EA0273302745
B1452344513707N00541869EA0273402746
B1452354513710N00541866EA0273602748
B1452364513714N00541864EA0273702749
B1452374513719N00541864EA0273702749
B1452384513723N00541866EA0273802750
B1452394513727N00541870EA0274002752
B1452404513730N00541876EA0274102753
B1452414513732N00541883EA0274102753
B1452424513732N00541891EA0274302755
B1452434513731N00541898EA0274402756
B1452444513729N00541905EA0274602758
B1452454513725N00541911EA0274602758
B1452464513721N00541915EA0274702759
B1452474513715N00541917EA0274702759
B1452484513710N00541917EA0274802760
B1452494513706N00541915EA0274802760
B1452504513701N00541911EA0274902761
B1452514513698N00541906EA0275002762
B1452524513697N00541900EA0275202764
B1452534513697N00541894EA0275302765
B1452544513698N00541888EA0275402766
B1452554513700N00541883EA0275502767
B1452564513704N00541879EA0275502767
B1452574513708N00541878EA0275602768
B1452584513713N00541878EA0275602768
B1452594513717N00541880EA0275702769
B1453004513721N00541884EA0275802770
B1453014513724N00541890EA0275802770
B1453024513725N00541897EA0275902771
B1453034513726N00541905EA0275902771
B1453044513725N00541912EA0276102773
B1453054513722N00541919EA0276202774
B1453064513718N00541924EA0276302775
B1453074513714N00541928EA0276502777
B1453084513709N00541930EA0276502777
B1453094513703N00541930EA0276702779
B1453104513699N00541928EA0276802780
B1453114513695N00541924EA0276902781
B1453124513692N00541919EA0277002782
B1453134513690N00541913EA0277202784
B1453144513690N00541907EA0277402786
B1453154513691N00541901EA0277402786
B1453164513694N00541896EA0277502787
B1453174513698N00541893EA0277502787
B1453184513702N00541891EA0277702789
B1453194513706N00541892EA0277802790
B1453204513711N00541894EA0278002792
B1453214513715N00541898EA0278002792
B1453224513717N00541904EA0278302795
B1453234513719N00541911EA0278302795
B1453244513719N00541919EA0278402796
B1453254513718N00541926EA0278502797
B1453264513715N00541933EA0278702799
B1453274513711N00541938EA0278802800
B1453284513707N00541942EA0278902801
B1453294513702N00541944EA0279002802
B1453304513697N00541944EA0279202804
B1453314513692N00541942EA0279102803
B1453324513688N00541938EA0279302805
B1453334513685N00541932EA0279402806
B1453344513684N00541926EA0279502807
B1453354513684N00541920EA0279702809
B1453364513685N00541914EA0279702809
B1453374513688N00541910EA0279902811
B1453384513691N00541906EA0280002812
B1453394513696N00541905EA0280102813
B1453404513700N00541905EA0280302815
B1453414513704N00541908EA0280402816
B1453424513708N00541912EA0280502817
B1453434513711N00541918EA0280602818
B1453444513712N00541925EA0280702819
B1453454513713N00541933EA0280902821
B1453464513711N00541940EA0281002822
B1453474513709N00541947EA0281102823
B1453484513705N00541952EA0281202824
B1453494513700N00541956EA0281202824
B1453504513695N00541958EA0281402826
B1453514513690N00541957EA0281502827
B1453524513685N00541955EA0281602828
B1453534513681N00541951EA0281702829
B1453544513678N00541946EA0281802830
B1453554513677N00541940EA0282002832
B1453564513677N00541933EA0282102833
B1453574513679N00541928EA0282302835
B1453584513681N00541923EA0282402836
B1453594513685N00541920EA0282502837
B1454004513689N00541918EA0282602838
B1454014513694N00541919EA0282802840
B1454024513698N00541922EA0282902841
B1454034513702N00541926EA0283102843
B1454044513705N00541932EA0283202844
B1454054513706N00541939EA0283402846
B1454064513706N00541947EA0283502847
B1454074513705N00541954EA0283502847
B1454084513702N00541961EA0283602848
B1454094513698N00541966EA0283602848
B1454104513693N00541970EA0283702849
B1454114513688N00541971EA0283902851
B1454124513683N00541971EA0284002852
B1454134513678N00541969EA0284002852
B1454144513675N00541964EA0284102853
B1454154513672N00541959EA0284102853
B1454164513670N00541953EA0284302855
B1454174513671N00541947EA0284302855
B1454184513672N00541941EA0284402856
B1454194513674N00541935EA0284302855
B1454204513676N00541928EA0284102853
B1454214513678N00541922EA0284002852
B1454224513679N00541916EA0283902851
B1454234513681N00541909EA0283802850
B1454244513683N00541903EA0283702849
B1454254513684N00541896EA0283602848
B1454264513686N00541890EA0283502847
B1454274513688N00541883EA0283402846
B1454284513689N00541877EA0283302845
B1454294513691N00541870EA0283202844
B1454304513693N00541864EA0283102843
B1454314513694N00541857EA0283002842
B1454324513696N00541851EA0282902841
B1454334513697N00541844EA0282702839
B1454344513699N00541838EA0282602838
B1454354513700N00541831EA0282502837
B1454364513702N00541825EA0282402836
B1454374513704N00541818EA0282302835
B1454384513705N00541811EA0282202834
B1454394513707N00541805EA0282002832
B1454404513709N00541799EA0281902831
B1454414513710N00541792EA0281802830
B1454424513712N00541786EA0281702829
B1454434513714N00541779EA0281602828
B1454444513716N00541773EA0281502827
B1454454513718N00541767EA0281502827
B1454464513720N00541760EA0281302825
B1454474513721N00541754EA0281202824
B1454484513723N00541748EA0281102823
B1454494513725N00541741EA0281102823
B1454504513727N00541735EA0281002822
B1454514513729N00541728EA0280902821
B1454524513730N00541722EA0280802820
B1454534513732N00541716EA0280602818
B1454544513734N00541709EA0280502817
B1454554513735N00541703EA0280402816
B1454564513737N00541696EA0280302815
B1454574513738N00541689EA0280202814
B1454584513740N00541683EA0280102813
B1454594513742N00541676EA0280102813
B1455004513743N00541670EA0279902811
B1455014513745N00541663EA0279802810
B1455024513746N00541657EA0279702809
B1455034513748N00541650EA0279602808
B1455044513750N00541644EA0279502807
B1455054513751N00541638EA0279402806
B1455064513753N00541631EA0279202804
B1455074513755N00541625EA0279102803
B1455084513757N00541618EA0279002802
B1455094513758N00541612EA0278902801
B1455104513760N00541605EA0278702799
B1455114513762N00541599EA0278602798
B1455124513764N00541593EA0278502797
B1455134513766N00541587EA0278302795
B1455144513768N00541580EA0278202794
B1455154513770N00541574EA0278202794
B1455164513773N00541568EA0278102793
B1455174513775N00541562EA0277902791
B1455184513777N00541556EA0277802790
B1455194513779N00541550EA0277602788
B1455204513782N00541544EA0277502787
B1455214513784N00541538EA0277402786
B1455224513786N00541532EA0277402786
B1455234513789N00541526EA0277302785
B1455244513791N00541520EA0277202784
B1455254513794N00541514EA0277102783
B1455264513796N00541508EA0277002782
B1455274513799N00541502EA0276802780
B1455284513801N00541497EA0276702779
B1455294513804N00541491EA0276602778
B1455304513807N00541485EA0276502777
B1455314513809N00541479EA0276302775
B1455324513812N00541473EA0276202774
B1455334513815N00541468EA0276102773
B1455344513817N00541462EA0275902771
B1455354513820N00541456EA0275802770
B1455364513822N00541451EA0275702769
B1455374513825N00541445EA0275602768
B1455384513828N00541439EA0275502767
B1455394513831N00541434EA0275302765
B1455404513833N00541428EA0275202764
B1455414513836N00541422EA0275002762
B1455424513839N00541417EA0274902761
B1455434513842N00541411EA0274702759
B1455444513845N00541406EA0274602758
B1455454513847N00541400EA0274502757
B1455464513850N00541394EA0274402756
B1455474513853N00541388EA0274402756
B1455484513855N00541383EA0274302755
B1455494513858N00541377EA0274202754
B1455504513860N00541370EA0274102753
B1455514513862N00541364EA0274002752
B1455524513864N00541358EA0273802750
B1455534513867N00541352EA0273702749
B1455544513869N00541346EA0273602748
B1455554513871N00541340EA0273402746
B1455564513874N00541334EA0273302745
B1455574513876N00541328EA0273202744
B1455584513878N00541322EA0273102743
B1455594513881N00541316EA0273002742
B1456004513883N00541310EA0272802740
B1456014513885N00541304EA0272802740
B1456024513888N00541298EA0272602738
B1456034513890N00541292EA0272502737
B1456044513893N00541286EA0272402736
B1456054513895N00541280EA0272302735
B1456064513897N00541274EA0272102733
B1456074513899N00541268EA0272002732
B1456084513902N00541262EA0271902731
B1456094513904N00541256EA0271902731
B1456104513906N00541250EA0271702729
B1456114513909N00541244EA0271602728
B1456124513911N00541238EA0271502727
B1456134513913N00541232EA0271402726
B1456144513916N00541226EA0271302725
B1456154513918N00541220EA0271202724
B1456164513921N00541214EA0271002722
B1456174513923N00541208EA0271002722
B1456184513926N00541202EA0270802720
B1456194513928N00541197EA0270702719
B1456204513931N00541191EA0270502717
B1456214513933N00541185EA0270402716
B1456224513936N00541179EA0270302715
B1456234513939N00541174EA0270202714
B1456244513942N00541168EA0270202714
B1456254513944N00541162EA0270102713
B1456264513947N00541157EA0270102713
B1456274513950N00541151EA0270002712
B1456284513953N00541145EA0269902711
B1456294513956N00541140EA0269802710
B1456304513958N00541134EA0269702709
B1456314513961N00541129EA0269602708
B1456324513964N00541123EA0269502707
B1456334513966N00541117EA0269302705
B1456344513969N00541111EA0269102703
B1456354513972N00541106EA0268902701
B1456364513974N00541100EA0268902701
B1456374513977N00541094EA0268802700
B1456384513980N00541089EA0268702699
B1456394513983N00541083EA0268502697
B1456404513986N00541078EA0268502697
B1456414513989N00541072EA0268402696
B1456424513992N00541067EA0268302695
B1456434513995N00541062EA0268202694
B1456444513998N00541057EA0268102693
B1456454514001N00541051EA0268002692
B1456464514005N00541046EA0268002692
B1456474514008N00541041EA0267902691
B1456484514011N00541036EA0267602688
B1456494514014N00541031EA0267602688
B1456504514017N00541025EA0267502687
B1456514514020N00541020EA0267502687
B1456524514023N00541015EA0267402686
B1456534514027N00541010EA0267302685
B1456544514030N00541005EA0267202684
B1456554514033N00541000EA0267102683
B1456564514037N00540995EA0267102683
B1456574514040N00540990EA0266902681
B1456584514043N00540985EA0266802680
B1456594514047N00540980EA0266802680
B1457004514050N00540975EA0266702679
B1457014514053N00540970EA0266502677
B1457024514057N00540965EA0266402676
B1457034514060N00540960EA0266302675
B1457044514063N00540955EA0266202674
B1457054514066N00540950EA0266102673
B1457064514070N00540944EA0266002672
B1457074514073N00540940EA0265902671
B1457084514076N00540935EA0265902671
B1457094514080N00540930EA0265802670
B1457104514083N00540925EA0265602668
B1457114514087N00540921EA0265502667
B1457124514091N00540916EA0265402666
B1457134514094N00540912EA0265202664
B1457144514098N00540907EA0265202664
B1457154514102N00540903EA0265102663
B1457164514105N00540898EA0265002662
B1457174514109N00540894EA0264902661
B1457184514113N00540889EA0264702659
B1457194514117N00540885EA0264702659
B1457204514120N00540880EA0264602658
B1457214514124N00540876EA0264602658
B1457224514128N00540872EA0264502657
B1457234514132N00540867EA0264402656
B1457244514136N00540865EA0264602658
B1457254514140N00540865EA0264802660
B1457264514145N00540867EA0264902661
B1457274514149N00540871EA0265102663
B1457284514152N00540876EA0265302665
B1457294514154N00540883EA0265502667
B1457304514154N00540891EA0265702669
B1457314514154N00540898EA0266102673
B1457324514151N00540905EA0266202674
B1457334514148N00540911EA0266402676
B1457344514143N00540915EA0266602678
B1457354514138N00540918EA0266702679
B1457364514133N00540918EA0266902681
B1457374514128N00540916EA0267202684
B1457384514124N00540913EA0267302685
B1457394514121N00540908EA0267702689
B1457404514119N00540902EA0267902691
B1457414514119N00540896EA0268102693
B1457424514120N00540890EA0268302695
B1457434514122N00540885EA0268602698
B1457444514125N00540881EA0268702699
B1457454514129N00540879EA0269002702
B1457464514134N00540879EA0269102703
B1457474514138N00540881EA0269402706
B1457484514142N00540885EA0269702709
B1457494514145N00540890EA0269902711
B1457504514147N00540897EA0270102713
B1457514514148N00540905EA0270202714
B1457524514147N00540912EA0270302715
B1457534514145N00540919EA0270602718
B1457544514141N00540925EA0270802720
B1457554514137N00540929EA0271002722
B1457564514132N00540931EA0271202724
B1457574514126N00540932EA0271402726
B1457584514122N00540930EA0271502727
B1457594514117N00540926EA0271702729
B1458004514114N00540921EA0271902731
B1458014514112N00540915EA0272102733
B1458024514112N00540909EA0272202734
B1458034514113N00540903EA0272302735
B1458044514116N00540898EA0272602738
B1458054514119N00540894EA0272902741
B1458064514123N00540892EA0273102743
B1458074514128N00540893EA0273102743
B1458084514132N00540895EA0273302745
B1458094514136N00540899EA0273602748
B1458104514139N00540904EA0273802750
B1458114514141N00540911EA0274102753
B1458124514141N00540919EA0274202754
B1458134514140N00540926EA0274502757
B1458144514138N00540933EA0274702759
B1458154514134N00540939EA0274902761
B1458164514130N00540943EA0275102763
B1458174514125N00540945EA0275302765
B1458184514120N00540945EA0275702769
B1458194514115N00540943EA0275802770
B1458204514111N00540940EA0275902771
B1458214514108N00540935EA0276102773
B1458224514106N00540929EA0276302775
B1458234514106N00540922EA0276402776
B1458244514107N00540916EA0276502777
B1458254514109N00540911EA0276602778
B1458264514113N00540908EA0276802780
B1458274514117N00540906EA0277002782
B1458284514121N00540906EA0277102783
B1458294514126N00540908EA0277302785
B1458304514130N00540913EA0277402786
B1458314514133N00540918EA0277402786
B1458324514134N00540925EA0277702789
B1458334514135N00540933EA0277702789
B1458344514134N00540940EA0277902791
B1458354514131N00540947EA0278102793
B1458364514127N00540953EA0278302795
B1458374514123N00540957EA0278302795
B1458384514118N00540959EA0278502797
B1458394514113N00540959EA0278802800
B1458404514108N00540957EA0279002802
B1458414514104N00540953EA0279102803
B1458424514101N00540948EA0279402806
B1458434514099N00540942EA0279602808
B1458444514099N00540936EA0279702809
B1458454514100N00540930EA0280002812
B1458464514103N00540925EA0280202814
B1458474514106N00540921EA0280302815
B1458484514111N00540920EA0280602818
B1458494514115N00540920EA0280802820
B1458504514119N00540922EA0280902821
B1458514514123N00540927EA0281202824
B1458524514126N00540932EA0281302825
B1458534514128N00540939EA0281502827
B1458544514128N00540947EA0281602828
B1458554514127N00540954EA0281702829
B1458564514124N00540961EA0281902831
B1458574514121N00540967EA0282002832
B1458584514116N00540970EA0282202834
B1458594514111N00540972EA0282602838
B1459004514106N00540972EA0282802840
B1459014514101N00540970EA0283102843
B1459024514097N00540966EA0283202844
B1459034514094N00540961EA0283402846
B1459044514093N00540955EA0283502847
B1459054514093N00540949EA0283702849
B1459064514094N00540943EA0283902851
B1459074514096N00540938EA0284002852
B1459084514100N00540935EA0284102853
B1459094514104N00540933EA0284302855
B1459104514109N00540934EA0284502857
B1459114514113N00540936EA0284602858
B1459124514117N00540940EA0284802860
B1459134514120N00540946EA0285002862
B1459144514121N00540953EA0285102863
B1459154514122N00540961EA0285302865
B1459164514120N00540968EA0285602868
B1459174514118N00540975EA0285802870
B1459184514114N00540980EA0286002872
B1459194514109N00540984EA0286202874
B1459204514104N00540986EA0286402876
B1459214514099N00540986EA0286602878
B1459224514094N00540984EA0286702879
B1459234514090N00540980EA0287002882
B1459244514088N00540975EA0287102883
B1459254514086N00540969EA0287402886
B1459264514086N00540962EA0287502887
B1459274514087N00540956EA0287702889
B1459284514090N00540952EA0287902891
B1459294514094N00540948EA0288102893
B1459304514098N00540947EA0288302895
B1459314514102N00540947EA0288502897
B1459324514107N00540950EA0288702899
B1459334514111N00540954EA0288902901
B1459344514113N00540960EA0289202904
B1459354514115N00540967EA0289302905
B1459364514115N00540975EA0289602908
B1459374514114N00540982EA0289802910
B1459384514111N00540989EA0290002912
B1459394514107N00540994EA0290202914
B1459404514102N00540998EA0290502917
B1459414514097N00541000EA0290602918
B1459424514092N00540999EA0290702919
B1459434514088N00540997EA0290902921
B1459444514084N00540993EA0291202924
B1459454514081N00540988EA0291402926
B1459464514079N00540982EA0291702929
B1459474514080N00540976EA0292002932
B1459484514081N00540970EA0292202934
B1459494514084N00540965EA0292402936
B1459504514087N00540962EA0292502937
B1459514514092N00540960EA0292702939
B1459524514096N00540961EA0292802940
B1459534514101N00540964EA0293102943
B1459544514104N00540968EA0293302945
B1459554514107N00540974EA0293502947
B1459564514108N00540981EA0293802950
B1459574514108N00540989EA0294002952
B1459584514107N00540996EA0294102953
B1459594514104N00541003EA0294302955
B1500004514100N00541008EA0294502957
B1500014514096N00541012EA0294702959
B1500024514091N00541013EA0294902961
B1500034514085N00541013EA0295002962
B1500044514081N00541011EA0295202964
B1500054514077N00541007EA0295402966
B1500064514074N00541001EA0295802970
B1500074514073N00540995EA0296002972
B1500084514073N00540989EA0296102973
B1500094514075N00540983EA0296302975
B1500104514077N00540978EA0296402976
B1500114514081N00540975EA0296702979
B1500124514085N00540974EA0296902981
B1500134514090N00540975EA0297202984
B1500144514094N00540978EA0297402986
B1500154514098N00540982EA0297502987
B1500164514100N00540988EA0297602988
B1500174514102N00540995EA0297802990
B1500184514102N00541003EA0298002992
B1500194514100N00541010EA0298102993
B1500204514097N00541017EA0298302995
B1500214514094N00541022EA0298502997
B1500224514089N00541026EA0298702999
B1500234514084N00541027EA0298803000
B1500244514079N00541027EA0299003002
B1500254514074N00541024EA0299203004
B1500264514070N00541020EA0299403006
B1500274514068N00541014EA0299603008
B1500284514066N00541008EA0299803010
B1500294514067N00541002EA0300003012
B1500304514068N00540997EA0300203014
B1500314514071N00540992EA0300403016
B1500324514075N00540989EA0300503017
B1500334514079N00540988EA0300603018
B1500344514084N00540989EA0300903021
B1500354514088N00540991EA0301303025
B1500364514091N00540996EA0301503027
B1500374514094N00541002EA0301803030
B1500384514095N00541010EA0302003032
B1500394514095N00541017EA0302203034
B1500404514094N00541024EA0302303035
B1500414514091N00541031EA0302603038
B1500424514087N00541036EA0302803040
B1500434514082N00541039EA0303103043
B1500444514077N00541041EA0303303045
B1500454514072N00541040EA0303503047
B1500464514067N00541038EA0303703049
B1500474514063N00541033EA0303903051
B1500484514061N00541028EA0304103053
B1500494514060N00541022EA0304303055
B1500504514060N00541015EA0304503057
B1500514514062N00541010EA0304603058
B1500524514065N00541005EA0304803060
B1500534514068N00541002EA0304903061
B1500544514073N00541001EA0305103063
B1500554514077N00541002EA0305203064
B1500564514082N00541005EA0305403066
B1500574514085N00541010EA0305503067
B1500584514088N00541016EA0305603068
B1500594514089N00541024EA0305703069
B1501004514089N00541031EA0305903071
B1501014514087N00541038EA0306103073
B1501024514084N00541045EA0306303075
B1501034514080N00541050EA0306403076
B1501044514075N00541053EA0306703079
B1501054514070N00541054EA0306803080
B1501064514065N00541054EA0307003082
B1501074514060N00541051EA0307203084
B1501084514057N00541047EA0307303085
B1501094514054N00541041EA0307503087
B1501104514053N00541035EA0307703089
B1501114514054N00541029EA0307903091
B1501124514055N00541023EA0308203094
B1501134514058N00541019EA0308503097
B1501144514062N00541016EA0308703099
B1501154514066N00541015EA0308903101
B1501164514071N00541016EA0309003102
B1501174514075N00541019EA0309203104
B1501184514079N00541024EA0309303105
B1501194514081N00541030EA0309503107
B1501204514082N00541038EA0309703109
B1501214514082N00541045EA0309903111
B1501224514080N00541052EA0309903111
B1501234514077N00541059EA0310103113
B1501244514073N00541064EA0310203114
B1501254514068N00541067EA0310403116
B1501264514063N00541068EA0310603118
B1501274514058N00541067EA0310803120
B1501284514054N00541064EA0311003122
B1501294514050N00541060EA0311203124
B1501304514048N00541054EA0311403126
B1501314514047N00541048EA0311803130
B1501324514047N00541042EA0312103133
B1501334514049N00541037EA0312303135
B1501344514052N00541032EA0312503137
B1501354514056N00541029EA0312803140
B1501364514060N00541029EA0313003142
B1501374514065N00541030EA0313203144
B1501384514069N00541033EA0313403146
B1501394514072N00541038EA0313703149
B1501404514075N00541044EA0313903151
B1501414514076N00541052EA0314303155
B1501424514075N00541059EA0314403156
B1501434514074N00541066EA0314603158
B1501444514071N00541073EA0314803160
B1501454514066N00541078EA0315003162
B1501464514062N00541081EA0315103163
B1501474514056N00541082EA0315303165
B1501484514051N00541081EA0315503167
B1501494514047N00541078EA0315703169
B1501504514043N00541073EA0315903171
B1501514514041N00541068EA0316003172
B1501524514040N00541062EA0316303175
B1501534514041N00541055EA0316603178
B1501544514042N00541050EA0316803180
B1501554514046N00541046EA0317003182
B1501564514049N00541043EA0317103183
B1501574514054N00541042EA0317403186
B1501584514058N00541044EA0317603188
B1501594514063N00541047EA0317803190
B1502004514066N00541052EA0318003192
B1502014514068N00541058EA0318203194
B1502024514069N00541066EA0318403196
B1502034514069N00541073EA0318503197
B1502044514067N00541080EA0318603198
B1502054514064N00541087EA0318903201
B1502064514060N00541091EA0319103203
B1502074514055N00541094EA0319303205
B1502084514050N00541095EA0319603208
B1502094514045N00541094EA0319703209
B1502104514040N00541091EA0319903211
B1502114514037N00541087EA0320203214
B1502124514034N00541081EA0320503217
B1502134514033N00541075EA0320603218
B1502144514033N00541068EA0320503217
B1502154514032N00541061EA0320403216
B1502164514031N00541054EA0320303215
B1502174514030N00541047EA0320303215
B1502184514029N00541040EA0320103213
B1502194514027N00541033EA0320003212
B1502204514026N00541026EA0319903211
B1502214514025N00541019EA0319903211
B1502224514024N00541012EA0319703209
B1502234514023N00541006EA0319603208
B1502244514021N00540999EA0319503207
B1502254514019N00540992EA0319303205
B1502264514018N00540985EA0319303205
B1502274514016N00540978EA0319203204
B1502284514015N00540972EA0319103203
B1502294514013N00540965EA0319003202
B1502304514011N00540958EA0318903201
B1502314514010N00540951EA0318803200
B1502324514008N00540945EA0318703199
B1502334514006N00540938EA0318603198
B1502344514005N00540931EA0318503197
B1502354514003N00540924EA0318403196
B1502364514002N00540917EA0318303195
B1502374514000N00540911EA0318203194
B1502384513999N00540904EA0318103193
B1502394513998N00540897EA0318003192
B1502404513996N00540890EA0317803190
B1502414513995N00540883EA0317703189
B1502424513994N00540876EA0317603188
B1502434513993N00540869EA0317403186
B1502444513992N00540862EA0317303185
B1502454513991N00540855EA0317203184
B1502464513990N00540848EA0317103183
B1502474513989N00540842EA0317003182
B1502484513988N00540835EA0316903181
B1502494513986N00540828EA0316803180
B1502504513985N00540821EA0316703179
B1502514513984N00540814EA0316703179
B1502524513983N00540807EA0316503177
B1502534513982N00540800EA0316403176
B1502544513981N00540793EA0316203174
B1502554513980N00540786EA0316103173
B1502564513979N00540779EA0316003172
B1502574513978N00540772EA0315903171
B1502584513977N00540765EA0315803170
B1502594513976N00540758EA0315603168
B1503004513975N00540751EA0315503167
B1503014513974N00540745EA0315403166
B1503024513973N00540738EA0315303165
B1503034513971N00540731EA0315303165
B1503044513970N00540724EA0315103163
B1503054513969N00540717EA0315003162
B1503064513968N00540710EA0314903161
B1503074513966N00540703EA0314803160
B1503084513965N00540696EA0314603158
B1503094513964N00540689EA0314603158
B1503104513962N00540683EA0314403156
B1503114513961N00540676EA0314203154
B1503124513959N00540669EA0314103153
B1503134513958N00540662EA0314003152
B1503144513956N00540655EA0313903151
B1503154513955N00540649EA0313703149
B1503164513953N00540642EA0313603148
B1503174513951N00540635EA0313403146
B1503184513949N00540628EA0313303145
B1503194513948N00540622EA0313103143
B1503204513946N00540615EA0313003142
B1503214513944N00540608EA0313003142
B1503224513943N00540601EA0312803140
B1503234513941N00540594EA0312803140
B1503244513940N00540588EA0312603138
B1503254513938N00540581EA0312503137
B1503264513937N00540574EA0312403136
B1503274513935N00540567EA0312203134
B1503284513933N00540561EA0312203134
B1503294513931N00540554EA0312003132
B1503304513929N00540547EA0311903131
B1503314513927N00540541EA0311803130
B1503324513926N00540534EA0311703129
B1503334513924N00540527EA0311603128
B1503344513922N00540521EA0311503127
B1503354513920N00540514EA0311403126
B1503364513918N00540507EA0311203124
B1503374513916N00540500EA0311103123
B1503384513915N00540494EA0311003122
B1503394513913N00540487EA0310903121
B1503404513911N00540480EA0310803120
B1503414513909N00540474EA0310703119
B1503424513907N00540467EA0310603118
B1503434513905N00540461EA0310503117
B1503444513904N00540469EA0310403116
B1503454513902N00540477EA0310303115
B1503464513901N00540485EA0310103113
B1503474513900N00540493EA0310003112
B1503484513899N00540502EA0309803110
B1503494513898N00540510EA0309703109
B1503504513897N00540518EA0309603108
B1503514513896N00540526EA0309503107
B1503524513894N00540535EA0309403106
B1503534513893N00540543EA0309203104
B1503544513892N00540551EA0309103103
B1503554513891N00540559EA0309003102
B1503564513890N00540567EA0309003102
B1503574513889N00540576EA0308803100
B1503584513888N00540584EA0308603098
B1503594513886N00540592EA0308503097
B1504004513885N00540600EA0308303095
B1504014513884N00540609EA0308303095
B1504024513883N00540617EA0308203094
B1504034513882N00540625EA0308103093
B1504044513881N00540633EA0308003092
B1504054513880N00540641EA0307903091
B1504064513879N00540650EA0307803090
B1504074513878N00540658EA0307703089
B1504084513876N00540666EA0307603088
B1504094513875N00540674EA0307403086
B1504104513874N00540683EA0307303085
B1504114513873N00540691EA0307203084
B1504124513872N00540699EA0307203084
B1504134513871N00540707EA0307103083
B1504144513870N00540715EA0306903081
B1504154513869N00540724EA0306903081
B1504164513868N00540732EA0306803080
B1504174513867N00540740EA0306703079
B1504184513866N00540748EA0306603078
B1504194513864N00540757EA0306503077
B1504204513863N00540765EA0306403076
B1504214513862N00540773EA0306403076
B1504224513861N00540781EA0306303075
B1504234513860N00540790EA0306303075
B1504244513859N00540798EA0306103073
B1504254513858N00540806EA0306003072
B1504264513857N00540814EA0305903071
B1504274513856N00540822EA0305803070
B1504284513855N00540831EA0305603068
B1504294513854N00540839EA0305503067
B1504304513853N00540847EA0305403066
B1504314513852N00540855EA0305303065
B1504324513851N00540864EA0305203064
B1504334513850N00540872EA0305003062
B1504344513849N00540880EA0304903061
B1504354513848N00540888EA0304903061
B1504364513847N00540897EA0304703059
B1504374513846N00540905EA0304603058
B1504384513845N00540913EA0304403056
B1504394513844N00540921EA0304303055
B1504404513843N00540930EA0304203054
B1504414513842N00540938EA0304103053
B1504424513841N00540946EA0303903051
B1504434513840N00540954EA0303803050
B1504444513839N00540963EA0303803050
B1504454513838N00540971EA0303703049
B1504464513837N00540979EA0303603048
B1504474513836N00540987EA0303503047
B1504484513835N00540996EA0303403046
B1504494513834N00541004EA0303403046
B1504504513833N00541012EA0303203044
B1504514513832N00541020EA0303103043
B1504524513831N00541029EA0303003042
B1504534513830N00541037EA0303003042
B1504544513829N00541045EA0302803040
B1504554513828N00541053EA0302703039
B1504564513827N00541062EA0302603038
B1504574513826N00541070EA0302503037
B1504584513825N00541078EA0302403036
B1504594513824N00541086EA0302303035
B1505004513824N00541095EA0302203034
B1505014513823N00541103EA0302003032
B1505024513822N00541111EA0301903031
B1505034513821N00541119EA0301803030
B1505044513820N00541128EA0301603028
B1505054513819N00541136EA0301503027
B1505064513818N00541144EA0301403026
B1505074513817N00541153EA0301203024
B1505084513817N00541161EA0301103023
B1505094513816N00541169EA0300903021
B1505104513815N00541177EA0300803020
B1505114513814N00541186EA0300803020
B1505124513813N00541194EA0300703019
B1505134513812N00541202EA0300503017
B1505144513812N00541210EA0300403016
B1505154513811N00541219EA0300403016
B1505164513810N00541227EA0300303015
B1505174513809N00541235EA0300203014
B1505184513809N00541244EA0300103013
B1505194513808N00541252EA0300003012
B1505204513807N00541260EA0299803010
B1505214513806N00541268EA0299703009
B1505224513806N00541277EA0299503007
B1505234513805N00541285EA0299503007
B1505244513804N00541293EA0299303005
B1505254513804N00541302EA0299203004
B1505264513803N00541310EA0299003002
B1505274513803N00541318EA0299003002
B1505284513802N00541326EA0298903001
B1505294513802N00541335EA0298702999
B1505304513801N00541343EA0298602998
B1505314513800N00541350EA0298302995
B1505324513798N00541356EA0298102993
B1505334513795N00541362EA0297802990
B1505344513791N00541366EA0297502987
B1505354513787N00541370EA0297202984
B1505364513783N00541373EA0297002982
B1505374513778N00541374EA0296702979
B1505384513774N00541375EA0296502977
B1505394513769N00541374EA0296302975
B1505404513765N00541371EA0296002972
B1505414513761N00541368EA0295802970
B1505424513766N00541373EA0295602968
B1505434513769N00541378EA0295302965
B1505444513771N00541383EA0295102963
B1505454513772N00541389EA0294802960
B1505464513773N00541396EA0294602958
B1505474513773N00541403EA0294402956
B1505484513772N00541409EA0294102953
B1505494513770N00541416EA0293802950
B1505504513768N00541422EA0293602948
B1505514513764N00541427EA0293302945
B1505524513761N00541431EA0293102943
B1505534513765N00541428EA0293002942
B1505544513769N00541427EA0292702939
B1505554513773N00541427EA0292502937
B1505564513777N00541428EA0292302935
B1505574513781N00541430EA0292102933
B1505584513784N00541434EA0291902931
B1505594513787N00541438EA0291702929
B1506004513789N00541444EA0291402926
B1506014513791N00541450EA0291202924
B1506024513792N00541457EA0290902921
B1506034513792N00541463EA0290602918
B1506044513793N00541456EA0290502917
B1506054513794N00541451EA0290202914
B1506064513796N00541447EA0289902911
B1506074513799N00541443EA0289702909
B1506084513802N00541440EA0289402906
B1506094513806N00541439EA0289202904
B1506104513810N00541438EA0289002902
B1506114513814N00541439EA0288702899
B1506124513817N00541441EA0288402896
B1506134513821N00541444EA0288202894
B1506144513824N00541448EA0288002892
B1506154513827N00541453EA0287802890
B1506164513824N00541447EA0287702889
B1506174513821N00541443EA0287502887
B1506184513820N00541437EA0287302885
B1506194513820N00541432EA0287002882
B1506204513820N00541426EA0286802880
B1506214513821N00541421EA0286502877
B1506224513823N00541417EA0286302875
B1506234513826N00541413EA0286002872
B1506244513829N00541410EA0285702869
B1506254513833N00541409EA0285502867
B1506264513837N00541408EA0285202864
B1506274513841N00541409EA0284902861
B1506284513845N00541411EA0284702859
B1506294513839N00541410EA0284702859
B1506304513835N00541408EA0284402856
B1506314513831N00541406EA0284102853
B1506324513828N00541402EA0283802850
B1506334513825N00541398EA0283602848
B1506344513823N00541393EA0283302845
B1506354513822N00541388EA0283002842
B1506364513821N00541382EA0282802840
B1506374513822N00541377EA0282502837
B1506384513823N00541372EA0282202834
B1506394513825N00541367EA0282002832
B1506404513828N00541364EA0281702829
B1506414513831N00541361EA0281502827
B1506424513835N00541359EA0281302825
B1506434513830N00541365EA0281202824
B1506444513826N00541368EA0280902821
B1506454513822N00541371EA0280702819
B1506464513817N00541372EA0280402816
B1506474513813N00541372EA0280102813
B1506484513808N00541371EA0279902811
B1506494513804N00541368EA0279602808
B1506504513801N00541365EA0279302805
B1506514513798N00541361EA0279102803
B1506524513795N00541356EA0278802800
B1506534513794N00541351EA0278602798
B1506544513794N00541345EA0278402796
B1506554513794N00541340EA0278102793
B1506564513795N00541335EA0277902791
B1506574513795N00541343EA0277802790
B1506584513795N00541350EA0277602788
B1506594513793N00541356EA0277402786
B1507004513791N00541362EA0277202784
B1507014513788N00541368EA0277002782
B1507024513784N00541372EA0276702779
B1507034513780N00541376EA0276502777
B1507044513775N00541378EA0276202774
B1507054513771N00541379EA0275902771
B1507064513766N00541379EA0275702769
B1507074513762N00541378EA0275502767
B1507084513758N00541375EA0275202764
B1507094513762N00541379EA0275202764
B1507104513766N00541383EA0275002762
B1507114513768N00541388EA0274802760
B1507124513770N00541394EA0274502757
B1507134513772N00541400EA0274302755
B1507144513772N00541407EA0274102753
B1507154513772N00541413EA0273902751
B1507164513770N00541420EA0273702749
B1507174513768N00541426EA0273402746
B1507184513766N00541432EA0273102743
B1507194513762N00541437EA0272802740
B1507204513766N00541433EA0272602738
B1507214513770N00541431EA0272402736
B1507224513774N00541431EA0272102733
B1507234513778N00541431EA0271902731
B1507244513782N00541433EA0271702729
B1507254513785N00541436EA0271402726
B1507264513789N00541440EA0271102723
B1507274513791N00541446EA0270802720
B1507284513793N00541451EA0270502717
B1507294513795N00541458EA0270302715
B1507304513795N00541464EA0270002712
B1507314513795N00541457EA0269902711
B1507324513796N00541452EA0269702709
B1507334513798N00541448EA0269502707
B1507344513801N00541444EA0269202704
B1507354513804N00541440EA0269002702
B1507364513807N00541438EA0268802700
B1507374513811N00541437EA0268602698
B1507384513815N00541438EA0268302695
B1507394513819N00541439EA0268102693
B1507404513823N00541442EA0267902691
B1507414513826N00541446EA0267702689
B1507424513829N00541450EA0267402686
B1507434513825N00541445EA0267302685
B1507444513823N00541440EA0267102683
B1507454513821N00541435EA0266902681
B1507464513821N00541430EA0266602678
B1507474513821N00541424EA0266402676
B1507484513822N00541419EA0266102673
B1507494513824N00541414EA0265902671
B1507504513826N00541410EA0265702669
B1507514513829N00541407EA0265502667
B1507524513833N00541405EA0265302665
B1507534513837N00541404EA0265102663
B1507544513841N00541405EA0264802660
B1507554513845N00541406EA0264502657
B1507564513839N00541406EA0264402656
B1507574513835N00541405EA0264102653
B1507584513831N00541403EA0263802650
B1507594513827N00541399EA0263602648
B1508004513824N00541395EA0263402646
B1508014513822N00541391EA0263202644
B1508024513820N00541385EA0262902641
B1508034513820N00541380EA0262702639
B1508044513820N00541374EA0262402636
B1508054513821N00541369EA0262202634
B1508064513823N00541365EA0261902631
B1508074513825N00541361EA0261602628
B1508084513828N00541358EA0261302625
B1508094513832N00541356EA0261102623
B1508104513828N00541362EA0260902621
B1508114513824N00541366EA0260702619
B1508124513820N00541369EA0260502617
B1508134513815N00541370EA0260302615
B1508144513810N00541371EA0260002612
B1508154513806N00541370EA0259802610
B1508164513802N00541368EA0259602608
B1508174513798N00541365EA0259302605
B1508184513795N00541361EA0259102603
B1508194513792N00541357EA0258802600
B1508204513790N00541352EA0258602598
B1508214513789N00541346EA0258402596
B1508224513789N00541341EA0258102593
B1508234513790N00541335EA0257802590
B1508244513791N00541344EA0257602588
B1508254513791N00541350EA0257302585
B1508264513790N00541357EA0257102583
B1508274513788N00541363EA0256802580
B1508284513785N00541369EA0256602578
B1508294513782N00541374EA0256402576
B1508304513778N00541378EA0256202574
B1508314513773N00541381EA0255902571
B1508324513769N00541383EA0255702569
B1508334513764N00541383EA0255402566
B1508344513760N00541383EA0255102563
B1508354513755N00541381EA0254802560
B1508364513760N00541384EA0254702559
B1508374513764N00541387EA0254402556
B1508384513767N00541392EA0254202554
B1508394513769N00541397EA0253902551
B1508404513771N00541403EA0253702549
B1508414513772N00541410EA0253402546
B1508424513772N00541417EA0253102543
B1508434513771N00541423EA0252802540
B1508444513769N00541430EA0252602538
B1508454513767N00541436EA0252302535
B1508464513764N00541441EA0252102533
B1508474513767N00541437EA0252002532
B1508484513771N00541435EA0251802530
B1508494513775N00541434EA0251602528
B1508504513779N00541434EA0251302525
B1508514513783N00541436EA0251102523
B1508524513787N00541438EA0250702519
B1508534513790N00541442EA0250502517
B1508544513793N00541447EA0250302515
B1508554513795N00541452EA0250002512
B1508564513797N00541458EA0249702509
B1508574513797N00541465EA0249502507
B1508584513797N00541458EA0249402506
B1508594513798N00541453EA0249102503
B1509004513800N00541448EA0248802500
B1509014513802N00541444EA0248502497
B1509024513805N00541440EA0248302495
B1509034513808N00541438EA0248202494
B1509044513812N00541437EA0248002492
B1509054513816N00541437EA0247802490
B1509064513820N00541438EA0247602488
B1509074513824N00541440EA0247302485
B1509084513828N00541444EA0247102483
B1509094513831N00541448EA0246902481
B1509104513827N00541443EA0246802480
B1509114513824N00541439EA0246502477
B1509124513822N00541433EA0246202474
B1509134513822N00541428EA0245902471
B1509144513822N00541423EA0245702469
B1509154513822N00541417EA0245402466
B1509164513824N00541412EA0245202464
B1509174513826N00541408EA0244902461
B1509184513829N00541405EA0244702459
B1509194513833N00541403EA0244402456
B1509204513837N00541402EA0244202454
B1509214513841N00541402EA0244002452
B1509224513845N00541403EA0243802450
B1509234513839N00541403EA0243602448
B1509244513834N00541402EA0243402446
B1509254513830N00541400EA0243102443
B1509264513826N00541397EA0242802440
B1509274513823N00541393EA0242602438
B1509284513821N00541389EA0242302435
B1509294513819N00541384EA0242002432
B1509304513818N00541378EA0241802430
B1509314513818N00541373EA0241502427
B1509324513819N00541367EA0241302425
B1509334513821N00541363EA0241102423
B1509344513823N00541358EA0240802420
B1509354513826N00541355EA0240602418
B1509364513829N00541353EA0240402416
B1509374513826N00541359EA0240302415
B1509384513822N00541364EA0239902411
B1509394513818N00541367EA0239602408
B1509404513813N00541369EA0239402406
B1509414513809N00541370EA0239102403
B1509424513804N00541370EA0238802400
B1509434513800N00541368EA0238602398
B1509444513796N00541366EA0238302395
B1509454513792N00541362EA0238102393
B1509464513789N00541358EA0237902391
B1509474513787N00541353EA0237602388
B1509484513786N00541347EA0237302385
B1509494513786N00541342EA0237002382
B1509504513787N00541350EA0236902381
B1509514513787N00541356EA0236602378
B1509524513787N00541363EA0236402376
B1509534513785N00541370EA0236102373
B1509544513783N00541376EA0235802370
B1509554513780N00541381EA0235602368
B1509564513777N00541386EA0235302365
B1509574513773N00541390EA0235102363
B1509584513768N00541392EA0234902361
B1509594513764N00541393EA0234602358
B1510004513759N00541394EA0234302355
B1510014513754N00541392EA0234002352
B1510024513760N00541394EA0233902351
B1510034513763N00541397EA0233602348
B1510044513767N00541400EA0233402346
B1510054513770N00541405EA0233102343
B1510064513772N00541410EA0232902341
B1510074513774N00541417EA0232702339
B1510084513774N00541423EA0232502337
B1510094513774N00541430EA0232202334
B1510104513773N00541437EA0231802330
B1510114513772N00541443EA0231602328
B1510124513769N00541449EA0231402326
B1510134513772N00541444EA0231402326
B1510144513775N00541441EA0231202324
B1510154513779N00541439EA0231002322
B1510164513783N00541438EA0230802320
B1510174513787N00541439EA0230602318
B1510184513791N00541440EA0230302315
B1510194513795N00541443EA0230102313
B1510204513798N00541447EA0229902311
B1510214513801N00541452EA0229702309
B1510224513803N00541457EA0229402306
B1510234513804N00541464EA0229102303
B1510244513803N00541457EA0229002302
B1510254513804N00541451EA0228702299
B1510264513805N00541446EA0228502297
B1510274513806N00541441EA0228202294
B1510284513809N00541437EA0228002292
B1510294513812N00541434EA0227802290
B1510304513815N00541432EA0227602288
B1510314513819N00541431EA0227402286
B1510324513823N00541431EA0227102283
B1510334513827N00541433EA0226902281
B1510344513831N00541436EA0226702279
B1510354513834N00541439EA0226402276
B1510364513830N00541435EA0226302275
B1510374513827N00541431EA0226102273
B1510384513824N00541426EA0225902271
B1510394513823N00541421EA0225602268
B1510404513822N00541416EA0225402266
B1510414513822N00541410EA0225102263
B1510424513823N00541405EA0224802260
B1510434513825N00541400EA0224602258
B1510444513828N00541396EA0224402256
B1510454513831N00541393EA0224102253
B1510464513834N00541391EA0223902251
B1510474513838N00541390EA0223702249
B1510484513842N00541391EA0223402246
B1510494513846N00541392EA0223102243
B1510504513840N00541394EA0223002242
B1510514513836N00541394EA0222702239
B1510524513831N00541393EA0222402236
B1510534513827N00541391EA0222202234
B1510544513824N00541387EA0222002232
B1510554513820N00541383EA0221602228
B1510564513818N00541379EA0221402226
B1510574513817N00541373EA0221102223
B1510584513816N00541368EA0220902221
B1510594513816N00541362EA0220602218
B1511004513817N00541357EA0220402216
B1511014513819N00541353EA0220202214
B1511024513821N00541349EA0219902211
B1511034513824N00541345EA0219702209
B1511044513821N00541353EA0219602208
B1511054513818N00541358EA0219402206
B1511064513814N00541362EA0219102203
B1511074513810N00541365EA0218802200
B1511084513805N00541367EA0218602198
B1511094513801N00541367EA0218402196
B1511104513796N00541367EA0218102193
B1511114513792N00541365EA0217902191
B1511124513788N00541362EA0217702189
B1511134513785N00541359EA0217402186
B1511144513782N00541354EA0217102183
B1511154513780N00541349EA0216902181
B1511164513779N00541344EA0216602178
B1511174513781N00541351EA0216502177
B1511184513782N00541358EA0216202174
B1511194513782N00541364EA0216002172
B1511204513781N00541371EA0215802170
B1511214513780N00541378EA0215502167
B1511224513777N00541384EA0215202164
B1511234513774N00541389EA0215002162
B1511244513770N00541393EA0214702159
B1511254513766N00541397EA0214502157
B1511264513762N00541399EA0214202154
B1511274513757N00541400EA0213902151
B1511284513753N00541400EA0213702149
B1511294513758N00541400EA0213602148
B1511304513762N00541402EA0213402146
B1511314513765N00541405EA0213102143
B1511324513768N00541410EA0212902141
B1511334513771N00541415EA0212602138
B1511344513773N00541420EA0212302135
B1511354513774N00541427EA0212102133
B1511364513775N00541433EA0211902131
B1511374513774N00541440EA0211702129
B1511384513773N00541447EA0211402126
B1511394513771N00541453EA0211202124
B1511404513774N00541448EA0211102123
B1511414513777N00541444EA0210802120
B1511424513780N00541442EA0210602118
B1511434513784N00541441EA0210302115
B1511444513788N00541441EA0210002112
B1511454513792N00541442EA0209802110
B1511464513796N00541444EA0209602108
B1511474513799N00541448EA0209202104
B1511484513802N00541452EA0209002102
B1511494513805N00541458EA0208802100
B1511504513806N00541464EA0208602098
B1511514513805N00541457EA0208502097
B1511524513805N00541452EA0208202094
B1511534513806N00541446EA0208002092
B1511544513808N00541441EA0207702089
B1511554513810N00541437EA0207502087
B1511564513813N00541434EA0207202084
B1511574513816N00541432EA0207002082
B1511584513820N00541430EA0206902081
B1511594513824N00541430EA0206502077
B1512004513828N00541431EA0206202074
B1512014513832N00541434EA0206002072
B1512024513835N00541437EA0205702069
B1512034513831N00541433EA0205602068
B1512044513828N00541430EA0205402066
B1512054513825N00541425EA0205202064
B1512064513823N00541420EA0204902061
B1512074513823N00541414EA0204702059
B1512084513823N00541409EA0204402056
B1512094513823N00541404EA0204102053
B1512104513825N00541399EA0203902051
B1512114513827N00541395EA0203702049
B1512124513830N00541391EA0203502047
B1512134513834N00541389EA0203202044
B1512144513838N00541388EA0202902041
B1512154513842N00541388EA0202602038
B1512164513845N00541389EA0202302035
B1512174513840N00541391EA0202202034
B1512184513835N00541391EA0201902031
B1512194513831N00541391EA0201702029
B1512204513827N00541389EA0201502027
B1512214513823N00541386EA0201302025
B1512224513820N00541382EA0201102023
B1512234513817N00541377EA0200802020
B1512244513815N00541372EA0200502017
B1512254513814N00541367EA0200302015
B1512264513814N00541361EA0200002012
B1512274513815N00541356EA0199802010
B1512284513817N00541351EA0199502007
B1512294513819N00541347EA0199302005
B1512304513822N00541344EA0199102003
B1512314513819N00541351EA0199102003
B1512324513816N00541356EA0198902001
B1512334513812N00541361EA0198601998
B1512344513808N00541364EA0198401996
B1512354513804N00541366EA0198201994
B1512364513799N00541367EA0198001992
B1512374513794N00541367EA0197801990
B1512384513790N00541366EA0197601988
B1512394513786N00541363EA0197401986
B1512404513782N00541360EA0197101983
B1512414513780N00541356EA0196901981
B1512424513777N00541351EA0196701979
B1512434513776N00541345EA0196501977
B1512444513779N00541353EA0196501977
B1512454513780N00541359EA0196201974
B1512464513780N00541366EA0196001972
B1512474513780N00541373EA0195701969
B1512484513778N00541379EA0195601968
B1512494513776N00541385EA0195401966
B1512504513773N00541391EA0195101963
B1512514513770N00541396EA0194901961
B1512524513766N00541399EA0194601958
B1512534513761N00541402EA0194401956
B1512544513757N00541403EA0194101953
B1512554513762N00541404EA0194001952
B1512564513766N00541405EA0193801950
B1512574513770N00541408EA0193601948
B1512584513773N00541412EA0193501947
B1512594513776N00541416EA0193201944
B1513004513778N00541422EA0192901941
B1513014513779N00541428EA0192701939
B1513024513780N00541435EA0192501937
B1513034513780N00541442EA0192201934
B1513044513779N00541448EA0191901931
B1513054513777N00541455EA0191701929
B1513064513779N00541449EA0191601928
B1513074513782N00541445EA0191301925
B1513084513785N00541442EA0191101923
B1513094513789N00541440EA0190801920
B1513104513793N00541439EA0190601918
B1513114513797N00541440EA0190301915
B1513124513801N00541441EA0190101913
B1513134513804N00541444EA0189801910
B1513144513808N00541448EA0189501907
B1513154513810N00541453EA0189201904
B1513164513813N00541459EA0189001902
B1513174513811N00541452EA0188901901
B1513184513810N00541447EA0188601898
B1513194513810N00541441EA0188401896
B1513204513811N00541436EA0188201894
B1513214513813N00541431EA0188001892
B1513224513815N00541427EA0187701889
B1513234513818N00541424EA0187401886
B1513244513822N00541422EA0187201884
B1513254513826N00541421EA0186901881
B1513264513830N00541422EA0186601878
B1513274513834N00541423EA0186301875
B1513284513838N00541426EA0186101873
B1513294513841N00541429EA0185801870
B1513304513836N00541427EA0185701869
B1513314513832N00541424EA0185501867
B1513324513829N00541419EA0185201864
B1513334513827N00541415EA0185001862
B1513344513825N00541410EA0184801860
B1513354513824N00541404EA0184401856
B1513364513824N00541399EA0184201854
B1513374513825N00541393EA0183901851
B1513384513827N00541389EA0183601848
B1513394513830N00541385EA0183301845
B1513404513833N00541382EA0183101843
B1513414513836N00541379EA0182801840
B1513424513840N00541378EA0182501837
B1513434513844N00541379EA0182301835
B1513444513839N00541382EA0182101833
B1513454513834N00541383EA0181901831
B1513464513829N00541383EA0181601828
B1513474513825N00541382EA0181301825
B1513484513821N00541380EA0181101823
B1513494513817N00541377EA0180801820
B1513504513814N00541373EA0180601818
B1513514513812N00541368EA0180401816
B1513524513810N00541363EA0180201814
B1513534513809N00541358EA0179801810
B1513544513809N00541352EA0179601808
B1513554513810N00541347EA0179401806
B1513564513812N00541342EA0179101803
B1513574513815N00541338EA0178901801
B1513584513812N00541346EA0178801800
B1513594513810N00541352EA0178501797
B1514004513807N00541357EA0178201794
B1514014513803N00541362EA0178001792
B1514024513799N00541365EA0177701789
B1514034513794N00541367EA0177501787
B1514044513790N00541368EA0177201784
B1514054513785N00541368EA0177001782
B1514064513781N00541366EA0176601778
B1514074513777N00541364EA0176301775
B1514084513773N00541360EA0176001772
B1514094513771N00541356EA0175801770
B1514104513769N00541351EA0175501767
B1514114513772N00541357EA0175301765
B1514124513774N00541363EA0175101763
B1514134513775N00541370EA0174901761
B1514144513775N00541376EA0174601758
B1514154513775N00541383EA0174401756
B1514164513773N00541390EA0174101753
B1514174513771N00541396EA0173901751
B1514184513768N00541401EA0173601748
B1514194513764N00541406EA0173501747
B1514204513760N00541410EA0173201744
B1514214513756N00541412EA0173001742
B1514224513761N00541411EA0172901741
B1514234513765N00541412EA0172601738
B1514244513769N00541414EA0172401736
B1514254513772N00541417EA0172101733
B1514264513776N00541421EA0171901731
B1514274513778N00541426EA0171601728
B1514284513780N00541432EA0171401726
B1514294513782N00541439EA0171201724
B1514304513782N00541445EA0170901721
B1514314513782N00541452EA0170701719
B1514324513780N00541459EA0170501717
B1514334513782N00541452EA0170301715
B1514344513785N00541448EA0170101713
B1514354513787N00541445EA0169801710
B1514364513791N00541442EA0169501707
B1514374513795N00541441EA0169201704
B1514384513799N00541441EA0168901701
B1514394513803N00541442EA0168701699
B1514404513806N00541444EA0168401696
B1514414513810N00541448EA0168201694
B1514424513813N00541452EA0168001692
B1514434513815N00541458EA0167701689
B1514444513813N00541451EA0167601688
B1514454513812N00541446EA0167401686
B1514464513812N00541440EA0167301685
B1514474513813N00541435EA0167001682
B1514484513814N00541430EA0166701679
B1514494513816N00541426EA0166401676
B1514504513819N00541422EA0166201674
B1514514513823N00541420EA0165901671
B1514524513827N00541419EA0165701669
B1514534513831N00541418EA0165401666
B1514544513834N00541419EA0165301665
B1514554513838N00541422EA0165001662
B1514564513842N00541425EA0164801660
B1514574513837N00541423EA0164701659
B1514584513833N00541420EA0164501657
B1514594513829N00541416EA0164201654
B1515004513827N00541412EA0163901651
B1515014513825N00541407EA0163601648
B1515024513824N00541401EA0163401646
B1515034513824N00541396EA0163101643
B1515044513824N00541390EA0162901641
B1515054513826N00541386EA0162601638
B1515064513828N00541381EA0162401636
B1515074513831N00541378EA0162101633
B1515084513834N00541375EA0161901631
B1515094513838N00541374EA0161501627
B1515104513842N00541374EA0161301625
B1515114513837N00541377EA0161201624
B1515124513832N00541379EA0161001622
B1515134513828N00541380EA0160801620
B1515144513823N00541380EA0160601618
B1515154513819N00541378EA0160301615
B1515164513815N00541375EA0160001612
B1515174513811N00541372EA0159801610
B1515184513809N00541367EA0159601608
B1515194513807N00541362EA0159301605
B1515204513806N00541357EA0159101603
B1515214513805N00541351EA0158901601
B1515224513806N00541346EA0158601598
B1515234513807N00541341EA0158401596
B1515244513810N00541337EA0158101593
B1515254513808N00541345EA0158001592
B1515264513806N00541351EA0157701589
B1515274513803N00541357EA0157501587
B1515284513800N00541362EA0157201584
B1515294513796N00541365EA0156901581
B1515304513792N00541368EA0156801580
B1515314513787N00541370EA0156601578
B1515324513782N00541370EA0156401576
B1515334513778N00541369EA0156101573
B1515344513774N00541368EA0155901571
B1515354513770N00541365EA0155701569
B1515364513767N00541361EA0155501567
B1515374513771N00541366EA0155401566
B1515384513773N00541372EA0155201564
B1515394513775N00541378EA0155001562
B1515404513775N00541384EA0154801560
B1515414513775N00541391EA0154501557
B1515424513775N00541398EA0154301555
B1515434513773N00541404EA0154101553
B1515444513770N00541410EA0153801550
B1515454513767N00541415EA0153601548
B1515464513764N00541420EA0153301545
B1515474513759N00541423EA0153101543
B1515484513764N00541421EA0152901541
B1515494513768N00541420EA0152701539
B1515504513772N00541421EA0152401536
B1515514513776N00541423EA0152101533
B1515524513779N00541426EA0151901531
B1515534513783N00541431EA0151601528
B1515544513785N00541436EA0151501527
B1515554513787N00541442EA0151201524
B1515564513788N00541448EA0150901521
B1515574513789N00541455EA0150701519
B1515584513788N00541461EA0150401516
B1515594513789N00541455EA0150201514
B1516004513791N00541450EA0150001512
B1516014513793N00541446EA0149701509
B1516024513796N00541442EA0149401506
B1516034513800N00541440EA0149201504
B1516044513804N00541439EA0148901501
B1516054513808N00541439EA0148601498
B1516064513811N00541440EA0148401496
B1516074513815N00541443EA0148101493
B1516084513819N00541446EA0147801490
B1516094513822N00541451EA0147601488
B1516104513824N00541456EA0147401486
B1516114513821N00541450EA0147301485
B1516124513819N00541445EA0147101483
B1516134513818N00541440EA0146801480
B1516144513818N00541434EA0146601478
B1516154513819N00541429EA0146401476
B1516164513821N00541424EA0146101473
B1516174513823N00541420EA0145801470
B1516184513826N00541417EA0145601468
B1516194513829N00541414EA0145401466
B1516204513833N00541413EA0145201464
B1516214513837N00541413EA0144901461
B1516224513841N00541414EA0144701459
B1516234513845N00541416EA0144401456
B1516244513839N00541415EA0144401456
B1516254513835N00541413EA0144101453
B1516264513831N00541410EA0143901451
B1516274513828N00541406EA0143801450
B1516284513826N00541401EA0143501447
B1516294513824N00541396EA0143301445
B1516304513823N00541391EA0143001442
B1516314513823N00541385EA0142801440
B1516324513824N00541380EA0142501437
B1516334513826N00541375EA0142301435
B1516344513828N00541371EA0142001432
B1516354513831N00541368EA0141801430
B1516364513835N00541366EA0141501427
B1516374513838N00541365EA0141301425
B1516384513834N00541369EA0141101423
B1516394513829N00541372EA0140901421
B1516404513825N00541374EA0140601418
B1516414513820N00541374EA0140301415
B1516424513816N00541374EA0140101413
B1516434513811N00541372EA0139801410
B1516444513808N00541369EA0139601408
B1516454513804N00541365EA0139401406
B1516464513802N00541361EA0139101403
B1516474513800N00541355EA0138801400
B1516484513799N00541350EA0138501397
B1516494513799N00541345EA0138301395
B1516504513800N00541339EA0138001392
B1516514513801N00541334EA0137801390
B1516524513801N00541343EA0137701389
B1516534513800N00541349EA0137401386
B1516544513797N00541356EA0137201384
B1516554513795N00541361EA0137001382
B1516564513791N00541366EA0136701379
B1516574513787N00541370EA0136401376
B1516584513783N00541372EA0136201374
B1516594513778N00541374EA0136001372
B1517004513774N00541374EA0135801370
B1517014513769N00541373EA0135601368
B1517024513765N00541371EA0135401366
B1517034513761N00541368EA0135201364
B1517044513766N00541373EA0135101363
B1517054513768N00541377EA0134801360
B1517064513771N00541383EA0134501357
B1517074513772N00541389EA0134301355
B1517084513773N00541396EA0134001352
B1517094513773N00541402EA0133901351
B1517104513772N00541409EA0133601348
B1517114513770N00541416EA0133401346
B1517124513768N00541421EA0133101343
B1517134513764N00541427EA0132801340
B1517144513761N00541431EA0132601338
B1517154513765N00541428EA0132401336
B1517164513769N00541427EA0132101333
B1517174513773N00541427EA0131801330
B1517184513777N00541428EA0131601328
B1517194513780N00541430EA0131301325
B1517204513784N00541434EA0131101323
B1517214513787N00541438EA0130901321
B1517224513789N00541444EA0130601318
B1517234513791N00541450EA0130301315
B1517244513792N00541457EA0130101313
B1517254513792N00541463EA0129901311
B1517264513792N00541456EA0129801310
B1517274513794N00541451EA0129601308
B1517284513796N00541447EA0129301305
B1517294513799N00541443EA0129101303
B1517304513802N00541440EA0128801300
B1517314513806N00541439EA0128601298
B1517324513809N00541438EA0128301295
B1517334513813N00541439EA0128101293
B1517344513817N00541441EA0127801290
B1517354513821N00541444EA0127601288
B1517364513824N00541448EA0127301285
B1517374513827N00541453EA0127101283
B1517384513823N00541448EA0127001282
B1517394513821N00541443EA0126701279
B1517404513820N00541437EA0126501277
B1517414513820N00541432EA0126201274
B1517424513820N00541427EA0126001272
B1517434513821N00541422EA0125801270
B1517444513823N00541417EA0125501267
B1517454513826N00541413EA0125201264
B1517464513829N00541411EA0125001262
B1517474513833N00541409EA0124701259
B1517484513837N00541408EA0124501257
B1517494513841N00541409EA0124301255
B1517504513845N00541411EA0124101253
B1517514513839N00541410EA0124001252
B1517524513835N00541409EA0123801250
B1517534513831N00541406EA0123601248
B1517544513828N00541403EA0123201244
B1517554513825N00541398EA0122901241
B1517564513823N00541393EA0122801240
B1517574513822N00541388EA0122501237
B1517584513821N00541382EA0122301235
B1517594513822N00541377EA0122001232
B1518004513823N00541372EA0121801230
B1518014513825N00541368EA0121601228
B1518024513828N00541364EA0121401226
B1518034513832N00541361EA0121101223
B1518044513835N00541360EA0120801220
B1518054513831N00541365EA0120601218
B1518064513827N00541369EA0120401216
B1518074513822N00541371EA0120101213
B1518084513818N00541372EA0119901211
B1518094513813N00541372EA0119701209
B1518104513809N00541371EA0119401206
B1518114513804N00541368EA0119301205
B1518124513801N00541365EA0119101203
B1518134513798N00541361EA0118801200
B1518144513796N00541356EA0118601198
B1518154513794N00541351EA0118301195
B1518164513794N00541345EA0118001192
B1518174513794N00541340EA0117801190
B1518184513795N00541335EA0117601188
B1518194513796N00541343EA0117501187
B1518204513795N00541350EA0117201184
B1518214513793N00541356EA0117001182
B1518224513791N00541362EA0116701179
B1518234513788N00541367EA0116501177
B1518244513784N00541372EA0116301175
B1518254513780N00541375EA0115901171
B1518264513776N00541378EA0115701169
B1518274513771N00541379EA0115401166
B1518284513766N00541378EA0115101163
B1518294513762N00541377EA0114801160
B1518304513758N00541375EA0114601158
B1518314513763N00541378EA0114501157
B1518324513766N00541382EA0114201154
B1518334513768N00541387EA0114001152
B1518344513771N00541393EA0113801150
B1518354513772N00541400EA0113501147
B1518364513772N00541406EA0113201144
B1518374513772N00541413EA0113001142
B1518384513770N00541420EA0112701139
B1518394513768N00541426EA0112501137
B1518404513765N00541432EA0112301135
B1518414513762N00541436EA0112101133
B1518424513766N00541433EA0112001132
B1518434513770N00541431EA0111701129
B1518444513774N00541430EA0111401126
B1518454513778N00541431EA0111201124
B1518464513782N00541433EA0111001122
B1518474513785N00541436EA0110701119
B1518484513789N00541440EA0110501117
B1518494513791N00541445EA0110301115
B1518504513793N00541451EA0110001112
B1518514513794N00541458EA0109801110
B1518524513795N00541464EA0109601108
B1518534513795N00541457EA0109401106
B1518544513796N00541452EA0109101103
B1518554513798N00541448EA0108901101
B1518564513800N00541444EA0108601098
B1518574513804N00541440EA0108301095
B1518584513807N00541438EA0108001092
B1518594513811N00541438EA0107701089
B1519004513815N00541438EA0107501087
B1519014513819N00541439EA0107201084
B1519024513823N00541442EA0107001082
B1519034513826N00541446EA0106801080
B1519044513829N00541451EA0106501077
B1519054513825N00541445EA0106401076
B1519064513823N00541441EA0106201074
B1519074513821N00541435EA0105901071
B1519084513821N00541430EA0105601068
B1519094513821N00541424EA0105401066
B1519104513822N00541419EA0105101063
B1519114513824N00541415EA0104901061
B1519124513826N00541411EA0104701059
B1519134513829N00541408EA0104401056
B1519144513833N00541406EA0104201054
B1519154513837N00541405EA0103901051
B1519164513841N00541405EA0103601048
B1519174513845N00541407EA0103401046
B1519184513839N00541407EA0103301045
B1519194513835N00541405EA0103101043
B1519204513831N00541403EA0102901041
B1519214513827N00541400EA0102601038
B1519224513824N00541396EA0102401036
B1519234513822N00541391EA0102101033
B1519244513820N00541385EA0101901031
B1519254513820N00541380EA0101601028
B1519264513820N00541375EA0101301025
B1519274513821N00541369EA0101101023
B1519284513823N00541365EA0100801020
B1519294513826N00541361EA0100601018
B1519304513829N00541358EA0100301015
B1519314513832N00541356EA0100001012
B1519324513828N00541362EA0099901011
B1519334513824N00541366EA0099701009
B1519344513820N00541369EA0099401006
B1519354513815N00541370EA0099201004
B1519364513811N00541371EA0099001002
B1519374513806N00541370EA0098700999
B1519384513802N00541368EA0098500997
B1519394513798N00541365EA0098300995
B1519404513795N00541361EA0098000992
B1519414513792N00541357EA0097800990
B1519424513791N00541351EA0097500987
B1519434513790N00541346EA0097200984
B1519444513790N00541341EA0097000982
B1519454513791N00541335EA0096800980
B1519464513791N00541343EA0096700979
B1519474513791N00541350EA0096400976
B1519484513790N00541357EA0096200974
B1519494513788N00541363EA0096000972
B1519504513785N00541369EA0095700969
B1519514513782N00541374EA0095400966
B1519524513778N00541378EA0095100963
B1519534513774N00541381EA0094900961
B1519544513769N00541382EA0094700959
B1519554513764N00541383EA0094400956
B1519564513760N00541382EA0094200954
B1519574513756N00541380EA0094000952
B1519584513760N00541383EA0093900951
B1519594513764N00541387EA0093700949
B1520004513767N00541392EA0093400946
B1520014513769N00541397EA0093100943
B1520024513771N00541403EA0092800940
B1520034513772N00541410EA0092600938
B1520044513772N00541416EA0092300935
B1520054513771N00541423EA0092000932
B1520064513769N00541430EA0091800930
B1520074513767N00541436EA0091500927
B1520084513763N00541441EA0091300925
B1520094513767N00541437EA0091100923
B1520104513771N00541435EA0090900921
B1520114513775N00541434EA0090600918
B1520124513779N00541434EA0090300915
B1520134513783N00541435EA0090000912
B1520144513786N00541438EA0089800910
B1520154513790N00541442EA0089600908
B1520164513793N00541447EA0089300905
B1520174513795N00541452EA0089100903
B1520184513796N00541458EA0088800900
B1520194513797N00541465EA0088600898
B1520204513797N00541458EA0088500897
B1520214513798N00541453EA0088300895
B1520224513800N00541448EA0088000892
B1520234513802N00541444EA0087800890
B1520244513805N00541440EA0087500887
B1520254513808N00541438EA0087200884
B1520264513812N00541437EA0087000882
B1520274513816N00541437EA0086700879
B1520284513820N00541438EA0086500877
B1520294513824N00541440EA0086200874
B1520304513827N00541444EA0085900871
B1520314513830N00541448EA0085600868
B1520324513827N00541443EA0085500867
B1520334513824N00541439EA0085300865
B1520344513822N00541434EA0085100863
B1520354513821N00541428EA0084900861
B1520364513821N00541423EA0084600858
B1520374513822N00541417EA0084400856
B1520384513824N00541413EA0084100853
B1520394513826N00541409EA0083700849
B1520404513829N00541405EA0083500847
B1520414513833N00541403EA0083300845
B1520424513837N00541402EA0083100843
B1520434513841N00541402EA0082800840
B1520444513845N00541403EA0082600838
B1520454513839N00541403EA0082500837
B1520464513834N00541403EA0082300835
B1520474513830N00541401EA0082000832
B1520484513826N00541397EA0081800830
B1520494513823N00541394EA0081500827
B1520504513821N00541389EA0081200824
B1520514513819N00541384EA0081000822
B1520524513818N00541378EA0080600818
B1520534513818N00541373EA0080300815
B1520544513819N00541368EA0080100813
B1520554513821N00541363EA0079800810
B1520564513823N00541359EA0079500807
B1520574513826N00541355EA0079200804
B1520584513830N00541353EA0079000802
B1520594513826N00541359EA0078900801
B1521004513822N00541364EA0078700799
B1521014513818N00541367EA0078400796
B1521024513813N00541369EA0078100793
B1521034513809N00541370EA0077900791
B1521044513804N00541370EA0077700789
B1521054513800N00541368EA0077400786
B1521064513796N00541366EA0077200784
B1521074513792N00541362EA0077000782
B1521084513790N00541358EA0076700779
B1521094513788N00541353EA0076500777
B1521104513786N00541347EA0076200774
B1521114513786N00541342EA0076000772
B1521124513787N00541350EA0075800770
B1521134513788N00541356EA0075500767
B1521144513787N00541363EA0075300765
B1521154513786N00541370EA0074900761
B1521164513783N00541376EA0074700759
B1521174513780N00541381EA0074500757
B1521184513777N00541386EA0074200754
B1521194513773N00541389EA0073900751
B1521204513768N00541392EA0073700749
B1521214513764N00541393EA0073500747
B1521224513759N00541393EA0073200744
B1521234513755N00541392EA0072900741
B1521244513760N00541394EA0072800740
B1521254513763N00541396EA0072500737
B1521264513767N00541400EA0072200734
B1521274513770N00541405EA0071900731
B1521284513772N00541410EA0071700729
B1521294513774N00541416EA0071500727
B1521304513774N00541423EA0071300725
B1521314513774N00541430EA0071100723
B1521324513773N00541436EA0070800720
B1521334513771N00541443EA0070600718
B1521344513769N00541449EA0070400716
B1521354513772N00541444EA0070300715
B1521364513775N00541441EA0070000712
B1521374513779N00541439EA0069800710
B1521384513783N00541438EA0069600708
B1521394513787N00541438EA0069400706
B1521404513791N00541440EA0069200704
B1521414513794N00541443EA0069000702
B1521424513798N00541447EA0068700699
B1521434513801N00541452EA0068500697
B1521444513803N00541457EA0068200694
B1521454513804N00541464EA0067900691
B1521464513803N00541457EA0067800690
B1521474513803N00541451EA0067600688
B1521484513804N00541446EA0067300685
B1521494513806N00541441EA0067100683
B1521504513809N00541437EA0066900681
B1521514513812N00541434EA0066600678
B1521524513815N00541432EA0066400676
B1521534513819N00541431EA0066100673
B1521544513823N00541432EA0065900671
B1521554513827N00541433EA0065600668
B1521564513831N00541436EA0065300665
B1521574513834N00541440EA0065100663
B1521584513830N00541435EA0065000662
B1521594513827N00541431EA0064700659
B1522004513824N00541427EA0064500657
B1522014513823N00541421EA0064200654
B1522024513822N00541416EA0064000652
B1522034513822N00541410EA0063800650
B1522044513823N00541405EA0063500647
B1522054513825N00541401EA0063300645
B1522064513828N00541397EA0063000642
B1522074513831N00541394EA0062700639
B1522084513834N00541391EA0062500637
B1522094513838N00541391EA0062200634
B1522104513842N00541391EA0062000632
B1522114513846N00541392EA0061700629
B1522124513840N00541394EA0061600628
B1522134513836N00541394EA0061400626
B1522144513831N00541393EA0061100623
B1522154513827N00541391EA0060900621
B1522164513824N00541388EA0060700619
B1522174513821N00541383EA0060400616
B1522184513818N00541379EA0060000612
B1522194513817N00541373EA0059800610
B1522204513816N00541368EA0059600608
B1522214513816N00541363EA0059300605
B1522224513817N00541357EA0059100603
B1522234513819N00541353EA0058900601
B1522244513821N00541349EA0058600598
B1522254513825N00541346EA0058400596
B1522264513821N00541353EA0058300595
B1522274513818N00541358EA0058100593
B1522284513814N00541362EA0057800590
B1522294513810N00541365EA0057600588
B1522304513805N00541367EA0057400586
B1522314513801N00541367EA0057100583
B1522324513796N00541367EA0056900581
B1522334513792N00541365EA0056700579
B1522344513788N00541362EA0056400576
B1522354513785N00541359EA0056200574
B1522364513782N00541354EA0056000572
B1522374513780N00541349EA0055700569
B1522384513779N00541344EA0055300565
B1522394513781N00541351EA0055300565
B1522404513782N00541358EA0055100563
B1522414513782N00541364EA0054800560
B1522424513781N00541371EA0054600558
B1522434513780N00541378EA0054200554
B1522444513777N00541384EA0054000552
B1522454513774N00541389EA0053800550
B1522464513771N00541393EA0053500547
B1522474513766N00541397EA0053200544
B1522484513762N00541399EA0053000542
B1522494513757N00541400EA0052700539
B1522504513753N00541399EA0052400536
B1522514513758N00541400EA0052200534
B1522524513762N00541402EA0051900531
B1522534513765N00541405EA0051700529
B1522544513768N00541409EA0051400526
B1522554513771N00541414EA0051100523
B1522564513773N00541420EA0050900521
B1522574513774N00541427EA0050700519
B1522584513775N00541433EA0050500517
B1522594513774N00541440EA0050300515
B1523004513773N00541447EA0050100513
B1523014513771N00541453EA0049800510
B1523024513774N00541448EA0049700509
B1523034513777N00541444EA0049400506
B1523044513780N00541442EA0049200504
B1523054513784N00541441EA0048900501
B1523064513788N00541441EA0048700499
B1523074513792N00541442EA0048400496
B1523084513796N00541444EA0048200494
B1523094513799N00541448EA0048000492
B1523104513802N00541452EA0047700489
B1523114513805N00541458EA0047500487
B1523124513806N00541464EA0047300485
B1523134513805N00541457EA0047100483
B1523144513805N00541452EA0046900481
B1523154513806N00541446EA0046600478
B1523164513808N00541441EA0046400476
B1523174513810N00541437EA0046100473
B1523184513813N00541434EA0045900471
B1523194513816N00541432EA0045600468
B1523204513820N00541430EA0045400466
B1523214513824N00541430EA0045100463
B1523224513828N00541432EA0044900461
B1523234513832N00541434EA0044600458
B1523244513835N00541437EA0044400456
B1523254513831N00541434EA0044300455
B1523264513828N00541430EA0044000452
B1523274513825N00541425EA0043800450
B1523284513823N00541420EA0043600448
B1523294513823N00541414EA0043400446
B1523304513823N00541409EA0043200444
B1523314513823N00541404EA0042900441
B1523324513825N00541399EA0042700439
B1523334513827N00541395EA0042500437
B1523344513830N00541391EA0042300435
B1523354513834N00541389EA0042100433
B1523364513838N00541388EA0041900431
B1523374513842N00541388EA0041600428
B1523384513846N00541389EA0041400426
B1523394513840N00541391EA0041300425
B1523404513835N00541392EA0041000422
B1523414513831N00541391EA0040800420
B1523424513827N00541389EA0040600418
B1523434513823N00541386EA0040400416
B1523444513820N00541382EA0040000412
B1523454513817N00541377EA0039700409
B1523464513815N00541372EA0039500407
B1523474513814N00541367EA0039100403
B1523484513814N00541361EA0038900401
B1523494513815N00541356EA0038700399
B1523504513817N00541351EA0038400396
B1523514513819N00541347EA0038200394
B1523524513822N00541344EA0037900391
B1523534513819N00541351EA0037900391
B1523544513816N00541356EA0037700389
B1523554513812N00541361EA0037400386
B1523564513808N00541364EA0037100383
B1523574513804N00541366EA0036900381
B1523584513799N00541367EA0036600378
B1523594513795N00541367EA0036400376
B1524004513790N00541366EA0036100373
B1524014513786N00541363EA0035900371
B1524024513783N00541360EA0035700369
B1524034513780N00541356EA0035500367
B1524044513778N00541351EA0035300365
B1524054513776N00541345EA0035100363
B1524064513779N00541353EA0035000362
B1524074513780N00541359EA0034700359
B1524084513780N00541366EA0034400356
B1524094513780N00541372EA0034200354
B1524104513778N00541379EA0033900351
B1524114513776N00541385EA0033700349
B1524124513773N00541391EA0033500347
B1524134513770N00541395EA0033300345
B1524144513766N00541399EA0033000342
B1524154513761N00541402EA0032900341
B1524164513757N00541403EA0032500337
B1524174513762N00541403EA0032500337
B1524184513766N00541405EA0032300335
B1524194513770N00541408EA0032100333
B1524204513773N00541412EA0031800330
B1524214513776N00541416EA0031500327
B1524224513778N00541422EA0031200324
B1524234513779N00541428EA0031000322
B1524244513780N00541435EA0030800320
B1524254513780N00541442EA0030500317
B1524264513779N00541448EA0030300315
B1524274513777N00541455EA0029900311
B1524284513779N00541449EA0029900311
B1524294513782N00541445EA0029600308
B1524304513785N00541442EA0029300305
B1524314513789N00541440EA0029100303
B1524324513793N00541439EA0028800300
B1524334513797N00541440EA0028500297
B1524344513800N00541441EA0028200294
B1524354513804N00541444EA0028000292
B1524364513808N00541448EA0027800290
B1524374513810N00541453EA0027500287
B1524384513812N00541459EA0027200284
B1524394513811N00541452EA0027100283
B1524404513810N00541447EA0026800280
B1524414513810N00541441EA0026600278
B1524424513811N00541436EA0026400276
B1524434513813N00541431EA0026200274
B1524444513815N00541427EA0025900271
B1524454513818N00541424EA0025600268
B1524464513822N00541422EA0025400266
B1524474513826N00541421EA0025100263
B1524484513830N00541422EA0024800260
B1524494513834N00541423EA0024600258
B1524504513837N00541426EA0024300255
B1524514513837N00541426EA0023800250
B1524524513837N00541426EA0023800250
B1524534513837N00541426EA0023800250
B1524544513837N00541426EA0023800250
B1524554513837N00541426EA0023800250
B1524564513837N00541426EA0023800250
B1524574513837N00541426EA0023800250
B1524584513837N00541426EA0023800250
B1524594513837N00541426EA0023800250
B1525004513837N00541426EA0023800250
B1525014513837N00541426EA0023800250
B1525024513837N00541426EA0023800250
B1525034513837N00541426EA0023800250
B1525044513837N00541426EA0023800250
B1525054513837N00541426EA0023900251
B1525064513837N00541426EA0023800250
B1525074513837N00541426EA0023800250
B1525084513837N00541426EA0023800250
B1525094513837N00541426EA0023800250
B1525104513837N00541426EA0023800250
