AXCT FlyLog example
HFDTEDATE:070726,01
HFPLTPILOTINCHARGE:Pilote Demo
HFGTYGLIDERTYPE:Voile EN-B
HFGIDGLIDERID:
B1351004518390N00553220EA0097800990
B1351014518390N00553220EA0097800990
B1351024518390N00553220EA0097800990
B1351034518390N00553220EA0097800990
B1351044518390N00553220EA0097800990
B1351054518390N00553220EA0097800990
B1351064518390N00553220EA0097800990
B1351074518390N00553220EA0097800990
B1351084518390N00553220EA0097800990
B1351094518390N00553220EA0097800990
B1351104518390N00553220EA0097800990
B1351114518390N00553220EA0097800990
B1351124518390N00553220EA0097800990
B1351134518390N00553220EA0097700989
B1351144518390N00553220EA0097800990
B1351154518390N00553220EA0097800990
B1351164518390N00553220EA0097800990
B1351174518390N00553220EA0097900991
B1351184518390N00553220EA0097800990
B1351194518390N00553220EA0097800990
B1351204518390N00553220EA0097800990
B1351214518390N00553220EA0097800990
B1351224518390N00553220EA0097800990
B1351234518390N00553220EA0097800990
B1351244518390N00553220EA0097800990
B1351254518390N00553220EA0097800990
B1351264518390N00553220EA0097800990
B1351274518390N00553220EA0097800990
B1351284518390N00553220EA0097800990
B1351294518390N00553220EA0097900991
B1351304518385N00553220EA0097700989
B1351314518379N00553220EA0097700989
B1351324518374N00553220EA0097600988
B1351334518368N00553220EA0097600988
B1351344518363N00553220EA0097500987
B1351354518357N00553220EA0097400986
B1351364518352N00553221EA0097200984
B1351374518346N00553221EA0097100983
B1351384518341N00553221EA0097000982
B1351394518335N00553221EA0096900981
B1351404518330N00553221EA0096800980
B1351414518325N00553222EA0096700979
B1351424518319N00553222EA0096600978
B1351434518314N00553222EA0096500977
B1351444518308N00553222EA0096400976
B1351454518303N00553223EA0096400976
B1351464518297N00553223EA0096300975
B1351474518292N00553224EA0096200974
B1351484518286N00553224EA0096100973
B1351494518281N00553225EA0096000972
B1351504518276N00553225EA0095900971
B1351514518270N00553226EA0095800970
B1351524518265N00553227EA0095700969
B1351534518259N00553227EA0095600968
B1351544518254N00553228EA0095500967
B1351554518248N00553228EA0095400966
B1351564518243N00553228EA0095300965
B1351574518238N00553229EA0095200964
B1351584518232N00553229EA0095100963
B1351594518227N00553230EA0095000962
B1352004518221N00553231EA0094900961
B1352014518216N00553231EA0094800960
B1352024518211N00553232EA0094700959
B1352034518205N00553234EA0094600958
B1352044518200N00553234EA0094400956
B1352054518194N00553235EA0094400956
B1352064518189N00553237EA0094300955
B1352074518184N00553238EA0094200954
B1352084518178N00553239EA0094100953
B1352094518173N00553240EA0094000952
B1352104518168N00553242EA0094000952
B1352114518162N00553243EA0093900951
B1352124518157N00553244EA0093800950
B1352134518152N00553245EA0093600948
B1352144518146N00553246EA0093500947
B1352154518141N00553247EA0093400946
B1352164518136N00553248EA0093200944
B1352174518130N00553249EA0093000942
B1352184518125N00553250EA0093000942
B1352194518119N00553251EA0092800940
B1352204518114N00553252EA0092700939
B1352214518109N00553254EA0092500937
B1352224518103N00553255EA0092400936
B1352234518098N00553256EA0092300935
B1352244518093N00553256EA0092100933
B1352254518087N00553257EA0091900931
B1352264518082N00553258EA0091900931
B1352274518076N00553259EA0091900931
B1352284518071N00553260EA0091700929
B1352294518066N00553260EA0091600928
B1352304518060N00553261EA0091500927
B1352314518055N00553262EA0091400926
B1352324518049N00553262EA0091300925
B1352334518044N00553261EA0091500927
B1352344518040N00553257EA0091900931
B1352354518036N00553252EA0092100933
B1352364518034N00553245EA0092400936
B1352374518033N00553238EA0092600938
B1352384518033N00553231EA0092800940
B1352394518035N00553224EA0093100943
B1352404518038N00553218EA0093400946
B1352414518042N00553214EA0093700949
B1352424518047N00553212EA0094000952
B1352434518051N00553211EA0094200954
B1352444518056N00553213EA0094500957
B1352454518060N00553217EA0094800960
B1352464518063N00553222EA0095000962
B1352474518064N00553228EA0095300965
B1352484518064N00553234EA0095600968
B1352494518063N00553240EA0095800970
B1352504518060N00553246EA0096100973
B1352514518057N00553250EA0096400976
B1352524518052N00553252EA0096700979
B1352534518047N00553252EA0097000982
B1352544518042N00553251EA0097200984
B1352554518038N00553247EA0097400986
B1352564518034N00553242EA0097700989
B1352574518032N00553235EA0098000992
B1352584518031N00553228EA0098200994
B1352594518032N00553221EA0098500997
B1353004518033N00553214EA0098801000
B1353014518036N00553208EA0099001002
B1353024518041N00553204EA0099201004
B1353034518045N00553202EA0099301005
B1353044518050N00553201EA0099601008
B1353054518054N00553203EA0099801010
B1353064518058N00553207EA0100001012
B1353074518061N00553212EA0100301015
B1353084518062N00553218EA0100501017
B1353094518063N00553224EA0100801020
B1353104518061N00553231EA0101101023
B1353114518058N00553236EA0101401026
B1353124518055N00553240EA0101601028
B1353134518050N00553242EA0101801030
B1353144518045N00553242EA0102201034
B1353154518040N00553241EA0102401036
B1353164518036N00553237EA0102601038
B1353174518033N00553231EA0103001042
B1353184518030N00553225EA0103201044
B1353194518029N00553218EA0103401046
B1353204518030N00553210EA0103701049
B1353214518032N00553203EA0103901051
B1353224518035N00553198EA0104201054
B1353234518039N00553194EA0104401056
B1353244518044N00553192EA0104701059
B1353254518048N00553192EA0105101063
B1353264518053N00553194EA0105401066
B1353274518057N00553197EA0105601068
B1353284518059N00553202EA0105901071
B1353294518061N00553209EA0106201074
B1353304518061N00553215EA0106401076
B1353314518059N00553221EA0106601078
B1353324518056N00553226EA0106801080
B1353334518053N00553230EA0107101083
B1353344518048N00553232EA0107401086
B1353354518043N00553232EA0107601088
B1353364518038N00553231EA0108001092
B1353374518034N00553227EA0108301095
B1353384518031N00553221EA0108601098
B1353394518028N00553215EA0109001102
B1353404518028N00553207EA0109101103
B1353414518028N00553200EA0109401106
B1353424518030N00553193EA0109701109
B1353434518033N00553188EA0110001112
B1353444518037N00553184EA0110201114
B1353454518042N00553182EA0110501117
B1353464518047N00553182EA0110801120
B1353474518051N00553184EA0111001122
B1353484518055N00553188EA0111301125
B1353494518058N00553193EA0111501127
B1353504518059N00553199EA0111701129
B1353514518059N00553205EA0112001132
B1353524518057N00553212EA0112301135
B1353534518054N00553217EA0112601138
B1353544518051N00553221EA0112801140
B1353554518046N00553223EA0113101143
B1353564518041N00553223EA0113301145
B1353574518036N00553220EA0113701149
B1353584518032N00553217EA0114001152
B1353594518029N00553211EA0114301155
B1354004518026N00553204EA0114601158
B1354014518026N00553197EA0114801160
B1354024518026N00553190EA0115101163
B1354034518028N00553183EA0115501167
B1354044518032N00553178EA0115701169
B1354054518036N00553174EA0115901171
B1354064518041N00553172EA0116101173
B1354074518045N00553172EA0116401176
B1354084518050N00553174EA0116501177
B1354094518053N00553178EA0116701179
B1354104518056N00553183EA0116901181
B1354114518057N00553189EA0117101183
B1354124518057N00553196EA0117301185
B1354134518055N00553202EA0117601188
B1354144518052N00553207EA0117901191
B1354154518049N00553211EA0118101193
B1354164518044N00553213EA0118201194
B1354174518039N00553213EA0118401196
B1354184518034N00553210EA0118701199
B1354194518030N00553206EA0119001202
B1354204518027N00553201EA0119301205
B1354214518025N00553194EA0119501207
B1354224518024N00553187EA0119701209
B1354234518025N00553179EA0120001212
B1354244518027N00553173EA0120301215
B1354254518030N00553167EA0120401216
B1354264518034N00553164EA0120501217
B1354274518039N00553162EA0120701219
B1354284518044N00553162EA0120901221
B1354294518048N00553164EA0121001222
B1354304518052N00553168EA0121301225
B1354314518054N00553174EA0121501227
B1354324518055N00553180EA0121901231
B1354334518055N00553186EA0122201234
B1354344518053N00553192EA0122601238
B1354354518051N00553197EA0122801240
B1354364518047N00553201EA0123101243
B1354374518042N00553203EA0123401246
B1354384518037N00553203EA0123701249
B1354394518032N00553200EA0123901251
B1354404518028N00553196EA0124001252
B1354414518025N00553190EA0124201254
B1354424518023N00553184EA0124401256
B1354434518022N00553176EA0124801260
B1354444518023N00553169EA0125001262
B1354454518025N00553163EA0125301265
B1354464518029N00553157EA0125701269
B1354474518033N00553154EA0125901271
B1354484518038N00553152EA0126101273
B1354494518042N00553152EA0126401276
B1354504518047N00553155EA0126701279
B1354514518050N00553159EA0127001282
B1354524518053N00553164EA0127301285
B1354534518054N00553170EA0127601288
B1354544518053N00553177EA0127901291
B1354554518052N00553183EA0128001292
B1354564518049N00553188EA0128401296
B1354574518044N00553191EA0128701299
B1354584518040N00553193EA0129001302
B1354594518035N00553193EA0129201304
B1355004518030N00553190EA0129401306
B1355014518026N00553186EA0129701309
B1355024518023N00553180EA0130101313
B1355034518021N00553173EA0130401316
B1355044518020N00553166EA0130601318
B1355054518021N00553159EA0130801320
B1355064518024N00553152EA0131101323
B1355074518027N00553147EA0131401326
B1355084518031N00553144EA0131601328
B1355094518036N00553142EA0131901331
B1355104518041N00553143EA0132201334
B1355114518045N00553145EA0132501337
B1355124518048N00553149EA0132801340
B1355134518051N00553155EA0133001342
B1355144518052N00553161EA0133301345
B1355154518051N00553167EA0133601348
B1355164518050N00553173EA0133801350
B1355174518047N00553178EA0134101353
B1355184518042N00553182EA0134301355
B1355194518038N00553183EA0134601358
B1355204518033N00553183EA0134801360
B1355214518028N00553180EA0135001362
B1355224518024N00553176EA0135201364
B1355234518021N00553170EA0135401366
B1355244518019N00553163EA0135801370
B1355254518019N00553156EA0136101373
B1355264518020N00553149EA0136301375
B1355274518022N00553142EA0136701379
B1355284518025N00553137EA0137001382
B1355294518030N00553134EA0137301385
B1355304518034N00553132EA0137601388
B1355314518039N00553133EA0137901391
B1355324518043N00553135EA0138201394
B1355334518047N00553140EA0138601398
B1355344518049N00553145EA0138801400
B1355354518050N00553151EA0139201404
B1355364518050N00553158EA0139401406
B1355374518048N00553164EA0139701409
B1355384518045N00553169EA0139901411
B1355394518040N00553172EA0140201414
B1355404518036N00553173EA0140501417
B1355414518031N00553173EA0140701419
B1355424518026N00553170EA0141001422
B1355434518022N00553166EA0141301425
B1355444518019N00553160EA0141501427
B1355454518017N00553153EA0141901431
B1355464518017N00553145EA0142201434
B1355474518018N00553138EA0142401436
B1355484518020N00553132EA0142701439
B1355494518024N00553127EA0142901441
B1355504518028N00553124EA0143201444
B1355514518033N00553122EA0143501447
B1355524518038N00553123EA0143901451
B1355534518042N00553126EA0144101453
B1355544518045N00553130EA0144301455
B1355554518047N00553136EA0144601458
B1355564518048N00553142EA0144801460
B1355574518048N00553148EA0145001462
B1355584518046N00553154EA0145401466
B1355594518043N00553159EA0145601468
B1356004518038N00553162EA0145801470
B1356014518034N00553163EA0146001472
B1356024518029N00553163EA0146201474
B1356034518024N00553160EA0146501477
B1356044518020N00553156EA0146801480
B1356054518017N00553149EA0147101483
B1356064518015N00553143EA0147301485
B1356074518015N00553135EA0147601488
B1356084518016N00553128EA0147801490
B1356094518019N00553122EA0148101493
B1356104518022N00553117EA0148301495
B1356114518027N00553114EA0148601498
B1356124518031N00553112EA0148901501
B1356134518036N00553113EA0149101503
B1356144518040N00553116EA0149401506
B1356154518044N00553120EA0149601508
B1356164518046N00553126EA0149801510
B1356174518047N00553132EA0150001512
B1356184518046N00553139EA0150301515
B1356194518044N00553145EA0150401516
B1356204518041N00553149EA0150801520
B1356214518036N00553152EA0151101523
B1356224518032N00553154EA0151301525
B1356234518027N00553153EA0151601528
B1356244518022N00553150EA0152001532
B1356254518018N00553145EA0152301535
B1356264518015N00553139EA0152501537
B1356274518013N00553132EA0152901541
B1356284518013N00553125EA0153101543
B1356294518015N00553118EA0153301545
B1356304518017N00553112EA0153701549
B1356314518021N00553107EA0153801550
B1356324518025N00553104EA0154001552
B1356334518030N00553102EA0154201554
B1356344518035N00553103EA0154301555
B1356354518039N00553106EA0154601558
B1356364518042N00553111EA0154701559
B1356374518044N00553116EA0154801560
B1356384518045N00553123EA0155001562
B1356394518044N00553129EA0155301565
B1356404518042N00553135EA0155601568
B1356414518039N00553140EA0155901571
B1356424518034N00553143EA0156201574
B1356434518029N00553144EA0156501577
B1356444518025N00553143EA0156701579
B1356454518020N00553140EA0157001582
B1356464518016N00553135EA0157201584
B1356474518013N00553129EA0157401586
B1356484518012N00553122EA0157701589
B1356494518012N00553115EA0158001592
B1356504518013N00553107EA0158301595
B1356514518015N00553101EA0158701599
B1356524518019N00553097EA0158901601
B1356534518024N00553094EA0159201604
B1356544518028N00553093EA0159301605
B1356554518033N00553094EA0159601608
B1356564518037N00553097EA0159801610
B1356574518040N00553101EA0160201614
B1356584518042N00553107EA0160401616
B1356594518043N00553113EA0160601618
B1357004518042N00553120EA0160901621
B1357014518040N00553125EA0161201624
B1357024518037N00553130EA0161401626
B1357034518032N00553133EA0161701629
B1357044518027N00553134EA0162001632
B1357054518022N00553133EA0162101633
B1357064518018N00553130EA0162401636
B1357074518014N00553125EA0162701639
B1357084518011N00553119EA0162901641
B1357094518010N00553112EA0163201644
B1357104518010N00553104EA0163401646
B1357114518011N00553097EA0163601648
B1357124518014N00553091EA0164001652
B1357134518018N00553086EA0164201654
B1357144518022N00553084EA0164601658
B1357154518027N00553083EA0164901661
B1357164518031N00553084EA0165001662
B1357174518036N00553087EA0165201664
B1357184518039N00553092EA0165601668
B1357194518041N00553097EA0165801670
B1357204518041N00553104EA0166101673
B1357214518040N00553110EA0166401676
B1357224518038N00553116EA0166701679
B1357234518035N00553120EA0166801680
B1357244518030N00553123EA0167101683
B1357254518025N00553124EA0167401686
B1357264518020N00553125EA0167301685
B1357274518015N00553126EA0167201684
B1357284518009N00553127EA0167101683
B1357294518004N00553128EA0167001682
B1357304517998N00553129EA0166901681
B1357314517993N00553130EA0166901681
B1357324517988N00553131EA0166801680
B1357334517982N00553132EA0166701679
B1357344517977N00553133EA0166601678
B1357354517972N00553134EA0166501677
B1357364517966N00553135EA0166401676
B1357374517961N00553136EA0166101673
B1357384517956N00553137EA0166001672
B1357394517950N00553138EA0165901671
B1357404517945N00553139EA0165801670
B1357414517939N00553140EA0165601668
B1357424517934N00553141EA0165501667
B1357434517929N00553141EA0165401666
B1357444517923N00553142EA0165301665
B1357454517918N00553143EA0165301665
B1357464517912N00553143EA0165101663
B1357474517907N00553144EA0165001662
B1357484517902N00553145EA0164901661
B1357494517896N00553146EA0164901661
B1357504517891N00553147EA0164801660
B1357514517885N00553148EA0164601658
B1357524517880N00553149EA0164501657
B1357534517875N00553150EA0164401656
B1357544517869N00553151EA0164201654
B1357554517864N00553152EA0164101653
B1357564517859N00553153EA0164001652
B1357574517853N00553155EA0163901651
B1357584517848N00553156EA0163801650
B1357594517843N00553157EA0163601648
B1358004517837N00553159EA0163501647
B1358014517832N00553160EA0163501647
B1358024517827N00553162EA0163401646
B1358034517821N00553163EA0163301645
B1358044517816N00553165EA0163301645
B1358054517811N00553167EA0163201644
B1358064517806N00553169EA0163201644
B1358074517800N00553170EA0163001642
B1358084517795N00553172EA0163001642
B1358094517790N00553173EA0162901641
B1358104517784N00553174EA0162701639
B1358114517779N00553175EA0162601638
B1358124517774N00553177EA0162501637
B1358134517768N00553178EA0162301635
B1358144517763N00553179EA0162201634
B1358154517758N00553180EA0162101633
B1358164517752N00553181EA0162001632
B1358174517747N00553182EA0161901631
B1358184517742N00553183EA0161801630
B1358194517736N00553183EA0161701629
B1358204517731N00553184EA0161601628
B1358214517725N00553185EA0161401626
B1358224517720N00553186EA0161301625
B1358234517715N00553187EA0161201624
B1358244517709N00553189EA0161101623
B1358254517704N00553190EA0160901621
B1358264517699N00553192EA0160801620
B1358274517693N00553193EA0160701619
B1358284517688N00553195EA0160701619
B1358294517683N00553196EA0160501617
B1358304517678N00553198EA0160401616
B1358314517672N00553199EA0160301615
B1358324517667N00553201EA0160101613
B1358334517662N00553202EA0160001612
B1358344517656N00553204EA0159901611
B1358354517651N00553205EA0159801610
B1358364517646N00553207EA0159701609
B1358374517641N00553208EA0159601608
B1358384517635N00553210EA0159501607
B1358394517630N00553211EA0159301605
B1358404517624N00553212EA0159201604
B1358414517619N00553214EA0159001602
B1358424517614N00553215EA0158901601
B1358434517609N00553217EA0158801600
B1358444517603N00553218EA0158801600
B1358454517598N00553220EA0158701599
B1358464517593N00553222EA0158601598
B1358474517588N00553223EA0158501597
B1358484517582N00553224EA0158301595
B1358494517577N00553226EA0158201594
B1358504517572N00553228EA0158101593
B1358514517567N00553230EA0157901591
B1358524517561N00553232EA0157801590
B1358534517556N00553234EA0157601588
B1358544517551N00553236EA0157601588
B1358554517546N00553239EA0157401586
B1358564517541N00553241EA0157301585
B1358574517536N00553242EA0157201584
B1358584517530N00553245EA0157101583
B1358594517525N00553246EA0156901581
B1359004517520N00553249EA0156701579
B1359014517515N00553251EA0156601578
B1359024517510N00553253EA0156501577
B1359034517505N00553255EA0156501577
B1359044517500N00553257EA0156401576
B1359054517494N00553260EA0156401576
B1359064517489N00553262EA0156301575
B1359074517484N00553265EA0156201574
B1359084517479N00553268EA0156201574
B1359094517474N00553270EA0156001572
B1359104517469N00553273EA0155901571
B1359114517464N00553275EA0155801570
B1359124517459N00553278EA0155601568
B1359134517454N00553281EA0155501567
B1359144517449N00553284EA0155501567
B1359154517444N00553286EA0155301565
B1359164517439N00553289EA0155301565
B1359174517434N00553291EA0155301565
B1359184517429N00553293EA0155101563
B1359194517424N00553295EA0155001562
B1359204517419N00553298EA0154901561
B1359214517414N00553300EA0154801560
B1359224517408N00553302EA0154701559
B1359234517403N00553304EA0154601558
B1359244517398N00553306EA0154601558
B1359254517393N00553308EA0154501557
B1359264517388N00553310EA0154301555
B1359274517383N00553312EA0154201554
B1359284517377N00553314EA0154101553
B1359294517372N00553316EA0154001552
B1359304517367N00553318EA0153901551
B1359314517362N00553320EA0153801550
B1359324517356N00553321EA0153601548
B1359334517351N00553323EA0153501547
B1359344517346N00553325EA0153401546
B1359354517341N00553327EA0153301545
B1359364517336N00553329EA0153201544
B1359374517330N00553331EA0153001542
B1359384517325N00553333EA0152901541
B1359394517320N00553335EA0152701539
B1359404517315N00553337EA0152601538
B1359414517310N00553339EA0152501537
B1359424517304N00553341EA0152401536
B1359434517299N00553342EA0152201534
B1359444517294N00553344EA0152101533
B1359454517289N00553346EA0152001532
B1359464517283N00553348EA0151901531
B1359474517278N00553349EA0151801530
B1359484517273N00553351EA0151701529
B1359494517268N00553353EA0151601528
B1359504517263N00553355EA0151501527
B1359514517257N00553357EA0151401526
B1359524517252N00553359EA0151301525
B1359534517247N00553362EA0151201524
B1359544517242N00553364EA0151001522
B1359554517237N00553366EA0150901521
B1359564517232N00553368EA0150901521
B1359574517226N00553370EA0150801520
B1359584517221N00553372EA0150601518
B1359594517216N00553374EA0150501517
B1400004517211N00553376EA0150401516
B1400014517206N00553379EA0150301515
B1400024517201N00553381EA0150201514
B1400034517196N00553383EA0150101513
B1400044517191N00553385EA0149901511
B1400054517185N00553388EA0149801510
B1400064517180N00553390EA0149701509
B1400074517175N00553392EA0149601508
B1400084517170N00553394EA0149501507
B1400094517165N00553397EA0149401506
B1400104517160N00553399EA0149301505
B1400114517155N00553401EA0149101503
B1400124517149N00553403EA0149001502
B1400134517144N00553405EA0148901501
B1400144517139N00553407EA0148701499
B1400154517134N00553409EA0148601498
B1400164517129N00553411EA0148601498
B1400174517124N00553414EA0148401496
B1400184517119N00553416EA0148301495
B1400194517113N00553418EA0148201494
B1400204517108N00553420EA0148101493
B1400214517103N00553423EA0148101493
B1400224517098N00553425EA0148101493
B1400234517093N00553427EA0147901491
B1400244517088N00553429EA0147801490
B1400254517083N00553432EA0147701489
B1400264517078N00553434EA0147601488
B1400274517072N00553436EA0147501487
B1400284517067N00553438EA0147401486
B1400294517062N00553440EA0147301485
B1400304517057N00553442EA0147201484
B1400314517052N00553444EA0147101483
B1400324517046N00553446EA0147101483
B1400334517041N00553448EA0146901481
B1400344517036N00553449EA0146801480
B1400354517031N00553451EA0146701479
B1400364517025N00553453EA0146601478
B1400374517020N00553455EA0146401476
B1400384517015N00553456EA0146301475
B1400394517010N00553458EA0146201474
B1400404517005N00553460EA0146101473
B1400414516999N00553462EA0146001472
B1400424516994N00553464EA0145801470
B1400434516989N00553466EA0145701469
B1400444516984N00553468EA0145701469
B1400454516979N00553471EA0145501467
B1400464516974N00553473EA0145501467
B1400474516968N00553475EA0145401466
B1400484516963N00553477EA0145201464
B1400494516958N00553479EA0145201464
B1400504516953N00553481EA0145101463
B1400514516948N00553483EA0144901461
B1400524516943N00553485EA0144701459
B1400534516937N00553487EA0144601458
B1400544516932N00553489EA0144501457
B1400554516927N00553491EA0144301455
B1400564516922N00553493EA0144201454
B1400574516917N00553495EA0144101453
B1400584516911N00553497EA0144001452
B1400594516906N00553499EA0143901451
B1401004516901N00553500EA0143801450
B1401014516896N00553502EA0143601448
B1401024516890N00553504EA0143401446
B1401034516885N00553506EA0143401446
B1401044516880N00553507EA0143201444
B1401054516875N00553509EA0143201444
B1401064516869N00553511EA0143101443
B1401074516864N00553512EA0142901441
B1401084516859N00553514EA0142701439
B1401094516854N00553516EA0142601438
B1401104516848N00553517EA0142501437
B1401114516843N00553519EA0142301435
B1401124516838N00553520EA0142201434
B1401134516832N00553522EA0142101433
B1401144516827N00553523EA0142101433
B1401154516822N00553525EA0141901431
B1401164516817N00553526EA0141801430
B1401174516811N00553528EA0141701429
B1401184516806N00553530EA0141601428
B1401194516801N00553532EA0141401426
B1401204516796N00553534EA0141301425
B1401214516791N00553536EA0141201424
B1401224516785N00553538EA0141101423
B1401234516780N00553540EA0141001422
B1401244516775N00553542EA0140901421
B1401254516770N00553544EA0140701419
B1401264516765N00553546EA0140701419
B1401274516760N00553546EA0141001422
B1401284516755N00553544EA0141201424
B1401294516751N00553540EA0141501427
B1401304516748N00553534EA0141701429
B1401314516745N00553527EA0141901431
B1401324516745N00553520EA0142201434
B1401334516746N00553512EA0142501437
B1401344516748N00553506EA0142801440
B1401354516751N00553501EA0143101443
B1401364516755N00553497EA0143401446
B1401374516760N00553495EA0143701449
B1401384516765N00553496EA0144001452
B1401394516769N00553498EA0144201454
B1401404516773N00553502EA0144501457
B1401414516775N00553507EA0144701459
B1401424516776N00553513EA0145101463
B1401434516776N00553520EA0145301465
B1401444516774N00553526EA0145601468
B1401454516771N00553531EA0145701469
B1401464516767N00553535EA0145901471
B1401474516763N00553536EA0146201474
B1401484516758N00553536EA0146601478
B1401494516753N00553534EA0146901481
B1401504516749N00553529EA0147201484
B1401514516746N00553524EA0147401486
B1401524516744N00553517EA0147801490
B1401534516743N00553509EA0148001492
B1401544516744N00553502EA0148101493
B1401554516746N00553496EA0148401496
B1401564516750N00553490EA0148601498
B1401574516754N00553487EA0148901501
B1401584516759N00553485EA0149201504
B1401594516763N00553486EA0149401506
B1402004516768N00553488EA0149701509
B1402014516771N00553492EA0150101513
B1402024516774N00553498EA0150401516
B1402034516775N00553504EA0150601518
B1402044516774N00553510EA0150901521
B1402054516772N00553516EA0151101523
B1402064516769N00553521EA0151401526
B1402074516765N00553525EA0151601528
B1402084516761N00553526EA0151801530
B1402094516756N00553526EA0152101533
B1402104516751N00553524EA0152301535
B1402114516747N00553519EA0152601538
B1402124516744N00553513EA0152801540
B1402134516742N00553506EA0153001542
B1402144516741N00553499EA0153401546
B1402154516742N00553492EA0153601548
B1402164516745N00553485EA0153901551
B1402174516748N00553480EA0154301555
B1402184516752N00553477EA0154601558
B1402194516757N00553475EA0154801560
B1402204516762N00553476EA0155201564
B1402214516766N00553478EA0155401566
B1402224516770N00553483EA0155701569
B1402234516772N00553488EA0156001572
B1402244516773N00553494EA0156201574
B1402254516772N00553501EA0156501577
B1402264516770N00553507EA0156901581
B1402274516767N00553512EA0157201584
B1402284516763N00553515EA0157401586
B1402294516758N00553517EA0157801590
B1402304516754N00553516EA0157901591
B1402314516749N00553513EA0158101593
B1402324516745N00553509EA0158501597
B1402334516742N00553503EA0158801600
B1402344516740N00553496EA0159001602
B1402354516740N00553489EA0159301605
B1402364516741N00553482EA0159501607
B1402374516743N00553475EA0159801610
B1402384516747N00553470EA0160101613
B1402394516751N00553467EA0160401616
B1402404516756N00553465EA0160601618
B1402414516760N00553466EA0160701619
B1402424516764N00553469EA0160901621
B1402434516768N00553473EA0161101623
B1402444516770N00553479EA0161301625
B1402454516771N00553485EA0161701629
B1402464516770N00553491EA0162001632
B1402474516769N00553497EA0162301635
B1402484516765N00553502EA0162601638
B1402494516761N00553505EA0162901641
B1402504516756N00553507EA0163201644
B1402514516751N00553506EA0163401646
B1402524516747N00553503EA0163701649
B1402534516743N00553499EA0164001652
B1402544516740N00553493EA0164201654
B1402554516738N00553486EA0164401656
B1402564516738N00553479EA0164701659
B1402574516739N00553471EA0165001662
B1402584516741N00553465EA0165101663
B1402594516745N00553460EA0165301665
B1403004516749N00553457EA0165501667
B1403014516754N00553456EA0165701669
B1403024516759N00553456EA0166101673
B1403034516763N00553459EA0166301675
B1403044516766N00553463EA0166601678
B1403054516768N00553469EA0166801680
B1403064516769N00553475EA0167101683
B1403074516769N00553482EA0167201684
B1403084516767N00553488EA0167401686
B1403094516763N00553492EA0167801690
B1403104516759N00553496EA0167901691
B1403114516754N00553497EA0168301695
B1403124516749N00553496EA0168701699
B1403134516745N00553493EA0169001702
B1403144516741N00553489EA0169301705
B1403154516738N00553483EA0169501707
B1403164516736N00553476EA0169801710
B1403174516736N00553468EA0170201714
B1403184516737N00553461EA0170301715
B1403194516740N00553455EA0170501717
B1403204516743N00553450EA0170801720
B1403214516748N00553447EA0171101723
B1403224516753N00553446EA0171401726
B1403234516757N00553447EA0171501727
B1403244516761N00553449EA0171601728
B1403254516765N00553454EA0171901731
B1403264516767N00553460EA0172201734
B1403274516767N00553466EA0172401736
B1403284516767N00553472EA0172701739
B1403294516765N00553478EA0173001742
B1403304516761N00553483EA0173301745
B1403314516757N00553486EA0173601748
B1403324516752N00553487EA0173801750
B1403334516747N00553486EA0174101753
B1403344516743N00553483EA0174401756
B1403354516739N00553478EA0174601758
B1403364516736N00553472EA0174901761
B1403374516734N00553465EA0175101763
B1403384516734N00553458EA0175401766
B1403394516736N00553451EA0175701769
B1403404516738N00553445EA0176001772
B1403414516742N00553440EA0176101773
B1403424516746N00553437EA0176301775
B1403434516751N00553436EA0176501777
B1403444516756N00553437EA0176801780
B1403454516760N00553440EA0177001782
B1403464516763N00553444EA0177201784
B1403474516765N00553450EA0177401786
B1403484516766N00553456EA0177601788
B1403494516765N00553463EA0177901791
B1403504516763N00553468EA0178101793
B1403514516759N00553473EA0178401796
B1403524516755N00553476EA0178601798
B1403534516750N00553477EA0178901801
B1403544516745N00553476EA0179101803
B1403554516741N00553473EA0179401806
B1403564516737N00553468EA0179501807
B1403574516734N00553462EA0179601808
B1403584516733N00553455EA0179801810
B1403594516732N00553448EA0180101813
B1404004516734N00553441EA0180501817
B1404014516737N00553434EA0180801820
B1404024516740N00553430EA0181001822
B1404034516745N00553427EA0181301825
B1404044516749N00553426EA0181601828
B1404054516754N00553427EA0181901831
B1404064516758N00553430EA0182301835
B1404074516761N00553435EA0182501837
B1404084516763N00553440EA0182801840
B1404094516764N00553447EA0182901841
B1404104516763N00553453EA0183201844
B1404114516761N00553459EA0183501847
B1404124516757N00553463EA0183701849
B1404134516753N00553466EA0183901851
B1404144516748N00553467EA0184101853
B1404154516743N00553466EA0184301855
B1404164516739N00553463EA0184501857
B1404174516735N00553458EA0184701859
B1404184516732N00553452EA0184801860
B1404194516731N00553445EA0185101863
B1404204516731N00553437EA0185401866
B1404214516732N00553430EA0185701869
B1404224516735N00553424EA0185901871
B1404234516739N00553420EA0186101873
B1404244516743N00553417EA0186301875
B1404254516748N00553416EA0186401876
B1404264516753N00553417EA0186801880
B1404274516757N00553420EA0187201884
B1404284516760N00553425EA0187401886
B1404294516762N00553431EA0187601888
B1404304516762N00553437EA0187801890
B1404314516761N00553444EA0188101893
B1404324516759N00553449EA0188501897
B1404334516755N00553454EA0188601898
B1404344516751N00553456EA0188801900
B1404354516746N00553457EA0189201904
B1404364516741N00553456EA0189501907
B1404374516737N00553453EA0189701909
B1404384516733N00553448EA0189901911
B1404394516730N00553442EA0190201914
B1404404516729N00553434EA0190501917
B1404414516729N00553427EA0190701919
B1404424516731N00553420EA0190901921
B1404434516733N00553414EA0191101923
B1404444516737N00553410EA0191401926
B1404454516742N00553407EA0191701929
B1404464516746N00553406EA0191801930
B1404474516751N00553407EA0192101933
B1404484516755N00553411EA0192301935
B1404494516758N00553416EA0192501937
B1404504516760N00553421EA0192701939
B1404514516760N00553428EA0192901941
B1404524516759N00553434EA0193101943
B1404534516757N00553440EA0193301945
B1404544516753N00553444EA0193501947
B1404554516749N00553447EA0193801950
B1404564516744N00553447EA0194101953
B1404574516739N00553446EA0194401956
B1404584516735N00553443EA0194601958
B1404594516731N00553438EA0194801960
B1405004516728N00553431EA0195101963
B1405014516727N00553424EA0195301965
B1405024516727N00553417EA0195701969
B1405034516729N00553410EA0195901971
B1405044516732N00553404EA0196101973
B1405054516736N00553399EA0196401976
B1405064516740N00553397EA0196701979
B1405074516745N00553396EA0196901981
B1405084516749N00553398EA0197201984
B1405094516753N00553401EA0197301985
B1405104516756N00553406EA0197501987
B1405114516758N00553412EA0197801990
B1405124516758N00553418EA0198301995
B1405134516757N00553425EA0198501997
B1405144516755N00553430EA0198701999
B1405154516751N00553434EA0198902001
B1405164516747N00553437EA0199102003
B1405174516742N00553437EA0199402006
B1405184516737N00553436EA0199602008
B1405194516733N00553433EA0199902011
B1405204516729N00553427EA0200102013
B1405214516726N00553421EA0200302015
B1405224516725N00553414EA0200502017
B1405234516726N00553406EA0200702019
B1405244516727N00553400EA0200902021
B1405254516730N00553394EA0201302025
B1405264516734N00553389EA0201702029
B1405274516739N00553387EA0202002032
B1405284516743N00553386EA0202102033
B1405294516748N00553388EA0202502037
B1405304516752N00553391EA0202802040
B1405314516755N00553396EA0203002042
B1405324516756N00553402EA0203302045
B1405334516757N00553409EA0203602048
B1405344516755N00553415EA0203902051
B1405354516753N00553420EA0204202054
B1405364516749N00553425EA0204502057
B1405374516745N00553427EA0204702059
B1405384516740N00553428EA0205002062
B1405394516735N00553426EA0205302065
B1405404516731N00553422EA0205502067
B1405414516727N00553417EA0205902071
B1405424516725N00553411EA0206202074
B1405434516723N00553404EA0206502077
B1405444516724N00553396EA0206802080
B1405454516726N00553389EA0207002082
B1405464516729N00553384EA0207302085
B1405474516733N00553379EA0207602088
B1405484516737N00553377EA0207902091
B1405494516742N00553377EA0208202094
B1405504516746N00553378EA0208502097
B1405514516750N00553382EA0208702099
B1405524516753N00553387EA0208902101
B1405534516755N00553393EA0209202104
B1405544516755N00553399EA0209302105
B1405554516754N00553405EA0209502107
B1405564516751N00553411EA0209702109
B1405574516747N00553415EA0210002112
B1405584516743N00553417EA0210102113
B1405594516738N00553418EA0210402116
B1406004516733N00553416EA0210602118
B1406014516729N00553412EA0210702119
B1406024516725N00553407EA0211102123
B1406034516723N00553400EA0211302125
B1406044516722N00553393EA0211402126
B1406054516722N00553386EA0211702129
B1406064516724N00553379EA0212002132
B1406074516727N00553373EA0212202134
B1406084516731N00553369EA0212602138
B1406094516736N00553367EA0212802140
B1406104516740N00553367EA0212902141
B1406114516745N00553369EA0213102143
B1406124516749N00553372EA0213402146
B1406134516751N00553377EA0213702149
B1406144516753N00553383EA0214002152
B1406154516753N00553390EA0214302155
B1406164516752N00553396EA0214502157
B1406174516750N00553403EA0214402156
B1406184516749N00553410EA0214302155
B1406194516747N00553417EA0214202154
B1406204516746N00553424EA0214102153
B1406214516744N00553430EA0214002152
B1406224516743N00553437EA0214002152
B1406234516741N00553444EA0213902151
B1406244516739N00553451EA0213802150
B1406254516738N00553458EA0213802150
B1406264516736N00553465EA0213702149
B1406274516735N00553472EA0213602148
B1406284516733N00553479EA0213502147
B1406294516731N00553486EA0213302145
B1406304516730N00553492EA0213202144
B1406314516728N00553499EA0213102143
B1406324516726N00553506EA0212902141
B1406334516724N00553513EA0212702139
B1406344516722N00553519EA0212602138
B1406354516720N00553526EA0212502137
B1406364516718N00553533EA0212402136
B1406374516716N00553539EA0212302135
B1406384516714N00553546EA0212202134
B1406394516713N00553553EA0212102133
B1406404516711N00553560EA0212002132
B1406414516709N00553567EA0211902131
B1406424516707N00553573EA0211702129
B1406434516705N00553580EA0211602128
B1406444516703N00553587EA0211502127
B1406454516701N00553593EA0211402126
B1406464516699N00553600EA0211202124
B1406474516697N00553607EA0211102123
B1406484516695N00553613EA0210902121
B1406494516692N00553620EA0210802120
B1406504516690N00553626EA0210702119
B1406514516687N00553633EA0210502117
B1406524516685N00553639EA0210402116
B1406534516682N00553645EA0210302115
B1406544516680N00553652EA0210202114
B1406554516677N00553658EA0210102113
B1406564516675N00553664EA0210002112
B1406574516672N00553671EA0209902111
B1406584516670N00553677EA0209702109
B1406594516667N00553683EA0209602108
B1407004516665N00553690EA0209602108
B1407014516662N00553696EA0209402106
B1407024516660N00553703EA0209402106
B1407034516657N00553709EA0209302105
B1407044516655N00553716EA0209202104
B1407054516653N00553722EA0209202104
B1407064516650N00553728EA0209002102
B1407074516648N00553735EA0208902101
B1407084516645N00553741EA0208802100
B1407094516643N00553748EA0208602098
B1407104516641N00553754EA0208502097
B1407114516639N00553761EA0208402096
B1407124516636N00553768EA0208302095
B1407134516634N00553774EA0208202094
B1407144516632N00553781EA0208102093
B1407154516630N00553788EA0208002092
B1407164516628N00553794EA0207902091
B1407174516627N00553801EA0207802090
B1407184516625N00553808EA0207702089
B1407194516623N00553815EA0207602088
B1407204516621N00553822EA0207402086
B1407214516620N00553828EA0207402086
B1407224516618N00553835EA0207202084
B1407234516616N00553842EA0207202084
B1407244516615N00553849EA0207102083
B1407254516613N00553856EA0206902081
B1407264516611N00553863EA0206802080
B1407274516610N00553870EA0206602078
B1407284516608N00553877EA0206502077
B1407294516607N00553884EA0206402076
B1407304516606N00553891EA0206302075
B1407314516604N00553897EA0206202074
B1407324516603N00553904EA0206002072
B1407334516601N00553911EA0205902071
B1407344516600N00553918EA0205802070
B1407354516599N00553925EA0205702069
B1407364516597N00553932EA0205602068
B1407374516596N00553939EA0205402066
B1407384516594N00553946EA0205302065
B1407394516593N00553953EA0205202064
B1407404516591N00553960EA0205002062
B1407414516589N00553967EA0204902061
B1407424516587N00553973EA0204802060
B1407434516586N00553980EA0204602058
B1407444516584N00553987EA0204502057
B1407454516582N00553994EA0204402056
B1407464516580N00554001EA0204402056
B1407474516579N00554008EA0204302055
B1407484516577N00554014EA0204202054
B1407494516575N00554021EA0204102053
B1407504516573N00554028EA0204002052
B1407514516572N00554035EA0203902051
B1407524516570N00554042EA0203802050
B1407534516568N00554048EA0203802050
B1407544516566N00554055EA0203702049
B1407554516564N00554062EA0203602048
B1407564516562N00554069EA0203502047
B1407574516560N00554075EA0203302045
B1407584516558N00554082EA0203302045
B1407594516557N00554089EA0203202044
B1408004516555N00554096EA0203002042
B1408014516553N00554102EA0202802040
B1408024516551N00554109EA0202702039
B1408034516549N00554116EA0202702039
B1408044516548N00554123EA0202502037
B1408054516546N00554130EA0202402036
B1408064516544N00554136EA0202302035
B1408074516543N00554143EA0202202034
B1408084516542N00554150EA0202002032
B1408094516540N00554157EA0201902031
B1408104516539N00554164EA0201702029
B1408114516537N00554171EA0201702029
B1408124516536N00554178EA0201502027
B1408134516534N00554185EA0201402026
B1408144516532N00554192EA0201302025
B1408154516531N00554199EA0201202024
B1408164516529N00554206EA0201102023
B1408174516527N00554212EA0201002022
B1408184516525N00554219EA0200902021
B1408194516523N00554226EA0200802020
B1408204516521N00554233EA0200702019
B1408214516520N00554239EA0200502017
B1408224516518N00554246EA0200402016
B1408234516516N00554253EA0200202014
B1408244516514N00554260EA0200102013
B1408254516512N00554267EA0200002012
B1408264516511N00554273EA0199902011
B1408274516509N00554280EA0199702009
B1408284516507N00554287EA0199402006
B1408294516505N00554294EA0199302005
B1408304516504N00554301EA0199202004
B1408314516502N00554308EA0199002002
B1408324516500N00554314EA0198902001
B1408334516499N00554321EA0198802000
B1408344516497N00554328EA0198701999
B1408354516495N00554335EA0198601998
B1408364516494N00554342EA0198401996
B1408374516492N00554349EA0198301995
B1408384516491N00554356EA0198201994
B1408394516489N00554362EA0198101993
B1408404516487N00554369EA0198001992
B1408414516486N00554376EA0197801990
B1408424516484N00554383EA0197701989
B1408434516483N00554390EA0197601988
B1408444516482N00554397EA0197501987
B1408454516480N00554404EA0197501987
B1408464516479N00554411EA0197301985
B1408474516477N00554418EA0197201984
B1408484516476N00554425EA0197001982
B1408494516474N00554432EA0197001982
B1408504516473N00554439EA0196901981
B1408514516472N00554446EA0196801980
B1408524516470N00554453EA0196701979
B1408534516469N00554460EA0196601978
B1408544516468N00554467EA0196601978
B1408554516467N00554474EA0196501977
B1408564516466N00554481EA0196401976
B1408574516464N00554488EA0196201974
B1408584516464N00554495EA0196101973
B1408594516463N00554502EA0196001972
B1409004516462N00554509EA0195901971
B1409014516461N00554516EA0195801970
B1409024516460N00554524EA0195701969
B1409034516460N00554531EA0195601968
B1409044516459N00554538EA0195501967
B1409054516458N00554545EA0195401966
B1409064516458N00554552EA0195301965
B1409074516457N00554559EA0195201964
B1409084516456N00554566EA0195001962
B1409094516456N00554574EA0194901961
B1409104516455N00554581EA0194701959
B1409114516454N00554588EA0194701959
B1409124516454N00554595EA0194501957
B1409134516453N00554602EA0194401956
B1409144516452N00554609EA0194301955
B1409154516452N00554616EA0194201954
B1409164516451N00554624EA0194001952
B1409174516451N00554631EA0193901951
B1409184516450N00554638EA0193801950
B1409194516450N00554645EA0193701949
B1409204516450N00554652EA0193601948
B1409214516450N00554659EA0193401946
B1409224516450N00554667EA0193301945
B1409234516449N00554674EA0193201944
B1409244516449N00554681EA0193001942
B1409254516449N00554688EA0192901941
B1409264516449N00554695EA0192801940
B1409274516450N00554703EA0192701939
B1409284516450N00554710EA0192601938
B1409294516450N00554717EA0192501937
B1409304516450N00554724EA0192401936
B1409314516451N00554731EA0192301935
B1409324516452N00554738EA0192201934
B1409334516452N00554746EA0192101933
B1409344516453N00554753EA0192001932
B1409354516453N00554760EA0191901931
B1409364516453N00554767EA0191801930
B1409374516453N00554774EA0191601928
B1409384516453N00554781EA0191401926
B1409394516453N00554789EA0191301925
B1409404516454N00554796EA0191101923
B1409414516454N00554803EA0191001922
B1409424516454N00554810EA0190901921
B1409434516454N00554817EA0190901921
B1409444516454N00554825EA0190801920
B1409454516454N00554832EA0190601918
B1409464516455N00554839EA0190401916
B1409474516455N00554846EA0190301915
B1409484516456N00554853EA0190201914
B1409494516456N00554860EA0190101913
B1409504516457N00554867EA0189901911
B1409514516457N00554875EA0189801910
B1409524516458N00554882EA0189601908
B1409534516459N00554889EA0189501907
B1409544516459N00554896EA0189301905
B1409554516460N00554903EA0189301905
B1409564516460N00554910EA0189101903
B1409574516461N00554917EA0189001902
B1409584516462N00554924EA0188901901
B1409594516462N00554932EA0188801900
B1410004516463N00554939EA0188701899
B1410014516464N00554946EA0188701899
B1410024516465N00554953EA0188501897
B1410034516465N00554960EA0188401896
B1410044516466N00554967EA0188301895
B1410054516467N00554974EA0188201894
B1410064516468N00554981EA0188101893
B1410074516469N00554988EA0188101893
B1410084516470N00554995EA0188001892
B1410094516470N00555002EA0187801890
B1410104516472N00555009EA0187701889
B1410114516473N00555016EA0187601888
B1410124516474N00555023EA0187401886
B1410134516475N00555030EA0187401886
B1410144516476N00555037EA0187301885
B1410154516477N00555045EA0187201884
B1410164516478N00555052EA0187101883
B1410174516479N00555059EA0186901881
B1410184516480N00555066EA0186901881
B1410194516481N00555073EA0186801880
B1410204516482N00555080EA0186801880
B1410214516481N00555086EA0186901881
B1410224516479N00555092EA0187101883
B1410234516476N00555097EA0187201884
B1410244516472N00555100EA0187301885
B1410254516467N00555101EA0187401886
B1410264516462N00555100EA0187601888
B1410274516457N00555097EA0187701889
B1410284516454N00555093EA0187801890
B1410294516451N00555087EA0187801890
B1410304516449N00555080EA0187901891
B1410314516449N00555072EA0188101893
B1410324516450N00555065EA0188201894
B1410334516453N00555059EA0188301895
B1410344516456N00555054EA0188501897
B1410354516461N00555051EA0188601898
B1410364516465N00555050EA0188601898
B1410374516470N00555051EA0188801900
B1410384516474N00555054EA0188701899
B1410394516477N00555058EA0188901901
B1410404516479N00555064EA0189001902
B1410414516480N00555070EA0189201904
B1410424516479N00555076EA0189201904
B1410434516477N00555082EA0189301905
B1410444516474N00555087EA0189401906
B1410454516470N00555090EA0189501907
B1410464516465N00555091EA0189701909
B1410474516460N00555090EA0189801910
B1410484516455N00555087EA0189901911
B1410494516452N00555083EA0190101913
B1410504516449N00555076EA0190201914
B1410514516447N00555069EA0190301915
B1410524516447N00555062EA0190401916
B1410534516448N00555055EA0190501917
B1410544516451N00555049EA0190601918
B1410554516455N00555044EA0190801920
B1410564516459N00555041EA0190801920
B1410574516464N00555040EA0190901921
B1410584516468N00555041EA0191001922
B1410594516473N00555044EA0191101923
B1411004516476N00555049EA0191201924
B1411014516478N00555054EA0191301925
B1411024516478N00555061EA0191401926
B1411034516478N00555067EA0191601928
B1411044516475N00555073EA0191601928
B1411054516472N00555077EA0191801930
B1411064516468N00555080EA0191901931
B1411074516463N00555081EA0192001932
B1411084516458N00555080EA0192101933
B1411094516453N00555077EA0192201934
B1411104516450N00555072EA0192301935
B1411114516447N00555066EA0192401936
B1411124516445N00555059EA0192501937
B1411134516445N00555052EA0192601938
B1411144516447N00555045EA0192501937
B1411154516449N00555039EA0192601938
B1411164516453N00555034EA0192801940
B1411174516457N00555031EA0192901941
B1411184516462N00555030EA0193101943
B1411194516467N00555031EA0193201944
B1411204516471N00555034EA0193301945
B1411214516474N00555039EA0193501947
B1411224516476N00555045EA0193601948
B1411234516477N00555051EA0193701949
B1411244516476N00555057EA0193901951
B1411254516473N00555063EA0194001952
B1411264516470N00555068EA0194101953
B1411274516466N00555070EA0194301955
B1411284516461N00555071EA0194501957
B1411294516456N00555070EA0194601958
B1411304516451N00555067EA0194801960
B1411314516448N00555062EA0195001962
B1411324516445N00555056EA0195101963
B1411334516443N00555049EA0195201964
B1411344516443N00555042EA0195301965
B1411354516445N00555034EA0195301965
B1411364516448N00555028EA0195501967
B1411374516451N00555024EA0195701969
B1411384516456N00555021EA0195801970
B1411394516461N00555020EA0195901971
B1411404516465N00555021EA0195901971
B1411414516469N00555025EA0196101973
B1411424516472N00555029EA0196101973
B1411434516474N00555035EA0196201974
B1411444516475N00555042EA0196201974
B1411454516474N00555048EA0196401976
B1411464516472N00555053EA0196601978
B1411474516468N00555058EA0196801980
B1411484516464N00555061EA0196901981
B1411494516459N00555061EA0197001982
B1411504516454N00555060EA0197001982
B1411514516449N00555057EA0197201984
B1411524516446N00555052EA0197201984
B1411534516443N00555046EA0197401986
B1411544516442N00555039EA0197501987
B1411554516442N00555031EA0197601988
B1411564516443N00555024EA0197701989
B1411574516446N00555018EA0197801990
B1411584516450N00555014EA0197901991
B1411594516454N00555011EA0198001992
B1412004516459N00555010EA0198101993
B1412014516464N00555012EA0198301995
B1412024516468N00555015EA0198301995
B1412034516471N00555020EA0198401996
B1412044516473N00555026EA0198401996
B1412054516473N00555032EA0198501997
B1412064516472N00555038EA0198501997
B1412074516470N00555044EA0198601998
B1412084516466N00555048EA0198701999
B1412094516462N00555051EA0198902001
B1412104516457N00555052EA0199102003
B1412114516452N00555050EA0199202004
B1412124516447N00555047EA0199302005
B1412134516444N00555042EA0199502007
B1412144516441N00555035EA0199502007
B1412154516440N00555028EA0199602008
B1412164516440N00555021EA0199702009
B1412174516442N00555014EA0199802010
B1412184516444N00555008EA0200002012
B1412194516448N00555004EA0200102013
B1412204516453N00555001EA0200302015
B1412214516458N00555000EA0200502017
B1412224516462N00555002EA0200702019
B1412234516466N00555005EA0200702019
B1412244516469N00555010EA0200902021
B1412254516471N00555016EA0201002022
B1412264516471N00555022EA0201102023
B1412274516470N00555029EA0201202024
B1412284516468N00555034EA0201302025
B1412294516464N00555039EA0201402026
B1412304516460N00555041EA0201602028
B1412314516455N00555042EA0201702029
B1412324516450N00555040EA0201802030
B1412334516445N00555037EA0202002032
B1412344516442N00555032EA0202102033
B1412354516439N00555025EA0202202034
B1412364516438N00555018EA0202302035
B1412374516438N00555011EA0202502037
B1412384516440N00555004EA0202602038
B1412394516443N00554998EA0202902041
B1412404516447N00554994EA0202902041
B1412414516451N00554991EA0203102043
B1412424516456N00554991EA0203302045
B1412434516461N00554992EA0203402046
B1412444516465N00554996EA0203502047
B1412454516468N00555001EA0203502047
B1412464516469N00555007EA0203702049
B1412474516469N00555013EA0203702049
B1412484516468N00555019EA0203902051
B1412494516466N00555025EA0204002052
B1412504516462N00555029EA0204102053
B1412514516457N00555031EA0204202054
B1412524516453N00555032EA0204402056
B1412534516448N00555030EA0204502057
B1412544516443N00555027EA0204602058
B1412554516440N00555021EA0204802060
B1412564516437N00555015EA0204902061
B1412574516436N00555008EA0205002062
B1412584516437N00555000EA0205102063
B1412594516438N00554993EA0205202064
B1413004516441N00554988EA0205302065
B1413014516445N00554983EA0205602068
B1413024516450N00554981EA0205802070
B1413034516455N00554981EA0205902071
B1413044516459N00554982EA0206002072
B1413054516463N00554986EA0206202074
B1413064516466N00554991EA0206302075
B1413074516467N00554997EA0206402076
B1413084516468N00555003EA0206602078
B1413094516466N00555010EA0206702079
B1413104516464N00555015EA0206702079
B1413114516460N00555019EA0206802080
B1413124516455N00555021EA0206902081
B1413134516451N00555022EA0207002082
B1413144516446N00555020EA0207202084
B1413154516441N00555016EA0207202084
B1413164516438N00555011EA0207302085
B1413174516435N00555005EA0207402086
B1413184516434N00554997EA0207502087
B1413194516435N00554990EA0207602088
B1413204516437N00554983EA0207702089
B1413214516440N00554978EA0207802090
B1413224516444N00554973EA0207802090
B1413234516448N00554971EA0207902091
B1413244516453N00554971EA0208002092
B1413254516458N00554973EA0208202094
B1413264516461N00554976EA0208302095
B1413274516464N00554981EA0208402096
B1413284516466N00554987EA0208602098
B1413294516466N00554994EA0208702099
B1413304516464N00555000EA0208802100
B1413314516462N00555005EA0208902101
B1413324516458N00555009EA0209102103
B1413334516453N00555012EA0209302105
B1413344516448N00555012EA0209402106
B1413354516444N00555010EA0209402106
B1413364516439N00555006EA0209602108
B1413374516436N00555001EA0209702109
B1413384516433N00554994EA0209802110
B1413394516433N00554987EA0209802110
B1413404516433N00554980EA0209902111
B1413414516435N00554973EA0210002112
B1413424516438N00554967EA0210102113
B1413434516442N00554963EA0210202114
B1413444516447N00554961EA0210302115
B1413454516452N00554961EA0210402116
B1413464516456N00554963EA0210402116
B1413474516460N00554967EA0210502117
B1413484516463N00554972EA0210702119
B1413494516464N00554978EA0210702119
B1413504516465N00554985EA0210602118
B1413514516467N00554992EA0210502117
B1413524516468N00554999EA0210402116
B1413534516470N00555005EA0210402116
B1413544516471N00555012EA0210302115
B1413554516472N00555019EA0210202114
B1413564516473N00555026EA0210102113
B1413574516474N00555033EA0209902111
B1413584516475N00555040EA0209802110
B1413594516477N00555047EA0209702109
B1414004516478N00555054EA0209602108
B1414014516479N00555061EA0209502107
B1414024516481N00555068EA0209402106
B1414034516482N00555075EA0209302105
B1414044516483N00555082EA0209202104
B1414054516485N00555089EA0209102103
B1414064516486N00555096EA0209002102
B1414074516487N00555103EA0208902101
B1414084516488N00555110EA0208802100
B1414094516489N00555117EA0208802100
B1414104516490N00555124EA0208602098
B1414114516492N00555131EA0208502097
B1414124516493N00555138EA0208402096
B1414134516494N00555145EA0208302095
B1414144516495N00555152EA0208102093
B1414154516496N00555159EA0208002092
B1414164516498N00555166EA0207902091
B1414174516499N00555173EA0207802090
B1414184516500N00555180EA0207702089
B1414194516501N00555187EA0207502087
B1414204516502N00555194EA0207402086
B1414214516503N00555201EA0207402086
B1414224516504N00555208EA0207302085
B1414234516504N00555215EA0207302085
B1414244516505N00555222EA0207202084
B1414254516506N00555229EA0207202084
B1414264516507N00555236EA0207102083
B1414274516507N00555243EA0206902081
B1414284516508N00555250EA0206802080
B1414294516509N00555258EA0206702079
B1414304516509N00555265EA0206602078
B1414314516510N00555272EA0206502077
B1414324516511N00555279EA0206302075
B1414334516511N00555286EA0206202074
B1414344516512N00555293EA0206102073
B1414354516512N00555300EA0205902071
B1414364516513N00555308EA0205802070
B1414374516513N00555315EA0205702069
B1414384516514N00555322EA0205702069
B1414394516514N00555329EA0205602068
B1414404516514N00555336EA0205502067
B1414414516515N00555343EA0205502067
B1414424516515N00555350EA0205302065
B1414434516516N00555358EA0205202064
B1414444516516N00555365EA0205002062
B1414454516517N00555372EA0204802060
B1414464516517N00555379EA0204702059
B1414474516518N00555386EA0204602058
B1414484516519N00555393EA0204502057
B1414494516519N00555400EA0204402056
B1414504516520N00555407EA0204302055
B1414514516521N00555415EA0204202054
B1414524516522N00555422EA0204202054
B1414534516522N00555429EA0204102053
B1414544516523N00555436EA0204002052
B1414554516524N00555443EA0203902051
B1414564516525N00555450EA0203802050
B1414574516525N00555457EA0203702049
B1414584516526N00555464EA0203602048
B1414594516527N00555471EA0203502047
B1415004516527N00555478EA0203402046
B1415014516528N00555486EA0203302045
B1415024516530N00555493EA0203202044
B1415034516531N00555500EA0203102043
B1415044516532N00555507EA0202902041
B1415054516533N00555514EA0202802040
B1415064516534N00555520EA0202702039
B1415074516536N00555527EA0202602038
B1415084516537N00555534EA0202402036
B1415094516539N00555541EA0202302035
B1415104516540N00555548EA0202202034
B1415114516541N00555555EA0202102033
B1415124516543N00555562EA0201902031
B1415134516544N00555569EA0201802030
B1415144516545N00555576EA0201702029
B1415154516547N00555583EA0201602028
B1415164516548N00555590EA0201502027
B1415174516549N00555597EA0201302025
B1415184516550N00555604EA0201202024
B1415194516551N00555611EA0201102023
B1415204516552N00555618EA0201102023
B1415214516553N00555625EA0201002022
B1415224516554N00555632EA0200902021
B1415234516555N00555639EA0200802020
B1415244516556N00555646EA0200702019
B1415254516557N00555653EA0200602018
B1415264516558N00555660EA0200502017
B1415274516559N00555667EA0200402016
B1415284516560N00555674EA0200202014
B1415294516560N00555681EA0200102013
B1415304516561N00555688EA0200002012
B1415314516562N00555695EA0199902011
B1415324516562N00555702EA0199702009
B1415334516563N00555710EA0199602008
B1415344516563N00555717EA0199502007
B1415354516564N00555724EA0199302005
B1415364516565N00555731EA0199202004
B1415374516565N00555738EA0199102003
B1415384516566N00555745EA0199002002
B1415394516567N00555752EA0198902001
B1415404516568N00555759EA0198701999
B1415414516569N00555766EA0198601998
B1415424516570N00555773EA0198601998
B1415434516571N00555780EA0198501997
B1415444516572N00555787EA0198401996
B1415454516573N00555794EA0198301995
B1415464516574N00555801EA0198101993
B1415474516575N00555808EA0198101993
B1415484516576N00555815EA0198001992
B1415494516578N00555822EA0197901991
B1415504516579N00555829EA0197801990
B1415514516580N00555836EA0197801990
B1415524516581N00555843EA0197601988
B1415534516582N00555850EA0197501987
B1415544516584N00555857EA0197301985
B1415554516585N00555864EA0197201984
B1415564516586N00555871EA0197201984
B1415574516587N00555878EA0197001982
B1415584516588N00555885EA0196901981
B1415594516589N00555892EA0196801980
B1416004516589N00555899EA0196701979
B1416014516591N00555906EA0196501977
B1416024516592N00555913EA0196501977
B1416034516593N00555920EA0196401976
B1416044516594N00555927EA0196301975
B1416054516595N00555934EA0196101973
B1416064516596N00555941EA0196001972
B1416074516598N00555948EA0195901971
B1416084516599N00555955EA0195801970
B1416094516600N00555962EA0195701969
B1416104516602N00555969EA0195601968
B1416114516603N00555976EA0195501967
B1416124516605N00555983EA0195401966
B1416134516606N00555990EA0195301965
B1416144516607N00555997EA0195301965
B1416154516609N00556003EA0195101963
B1416164516610N00556010EA0195001962
B1416174516612N00556017EA0194901961
B1416184516613N00556024EA0194701959
B1416194516615N00556031EA0194501957
B1416204516616N00556038EA0194401956
B1416214516618N00556045EA0194301955
B1416224516619N00556052EA0194201954
B1416234516620N00556058EA0194101953
B1416244516621N00556065EA0193901951
B1416254516623N00556072EA0193801950
B1416264516624N00556080EA0193701949
B1416274516624N00556087EA0193601948
B1416284516625N00556094EA0193601948
B1416294516626N00556101EA0193501947
B1416304516627N00556108EA0193401946
B1416314516628N00556115EA0193301945
B1416324516629N00556122EA0193201944
B1416334516630N00556129EA0193001942
B1416344516631N00556136EA0192901941
B1416354516632N00556143EA0192801940
B1416364516633N00556150EA0192701939
B1416374516634N00556157EA0192501937
B1416384516635N00556164EA0192401936
B1416394516636N00556171EA0192301935
B1416404516637N00556178EA0192101933
B1416414516638N00556185EA0192001932
B1416424516639N00556192EA0191901931
B1416434516640N00556199EA0191801930
B1416444516641N00556206EA0191801930
B1416454516642N00556213EA0191701929
B1416464516643N00556220EA0191601928
B1416474516644N00556227EA0191401926
B1416484516645N00556234EA0191301925
B1416494516646N00556242EA0191201924
B1416504516647N00556249EA0191101923
B1416514516648N00556256EA0191001922
B1416524516649N00556263EA0190901921
B1416534516650N00556270EA0190701919
B1416544516651N00556277EA0190701919
B1416554516651N00556284EA0190601918
B1416564516653N00556291EA0190401916
B1416574516653N00556298EA0190301915
B1416584516654N00556305EA0190101913
B1416594516655N00556312EA0190001912
B1417004516656N00556319EA0190001912
B1417014516657N00556326EA0189901911
B1417024516658N00556333EA0189801910
B1417034516659N00556340EA0189701909
B1417044516660N00556347EA0189501907
B1417054516661N00556354EA0189401906
B1417064516662N00556361EA0189201904
B1417074516663N00556368EA0189101903
B1417084516664N00556375EA0189101903
B1417094516665N00556382EA0188901901
B1417104516667N00556389EA0188901901
B1417114516668N00556396EA0188701899
B1417124516668N00556403EA0188701899
B1417134516669N00556410EA0188501897
B1417144516670N00556417EA0188401896
B1417154516671N00556424EA0188301895
B1417164516672N00556431EA0188201894
B1417174516673N00556439EA0188101893
B1417184516674N00556446EA0188001892
B1417194516675N00556453EA0187901891
B1417204516676N00556460EA0187901891
B1417214516677N00556467EA0187801890
B1417224516678N00556474EA0187601888
B1417234516679N00556481EA0187501887
B1417244516680N00556488EA0187501887
B1417254516680N00556495EA0187401886
B1417264516681N00556502EA0187401886
B1417274516681N00556509EA0187201884
B1417284516682N00556517EA0187101883
B1417294516682N00556524EA0187001882
B1417304516683N00556531EA0186801880
B1417314516683N00556538EA0186701879
B1417324516684N00556545EA0186701879
B1417334516685N00556552EA0186501877
B1417344516685N00556559EA0186401876
B1417354516686N00556566EA0186301875
B1417364516687N00556573EA0186201874
B1417374516688N00556581EA0186201874
B1417384516688N00556588EA0186101873
B1417394516689N00556595EA0186001872
B1417404516690N00556602EA0185901871
B1417414516691N00556609EA0185701869
B1417424516690N00556615EA0185901871
B1417434516687N00556621EA0186301875
B1417444516684N00556625EA0186501877
B1417454516680N00556628EA0186801880
B1417464516675N00556629EA0187001882
B1417474516670N00556628EA0187401886
B1417484516665N00556625EA0187701889
B1417494516662N00556620EA0188001892
B1417504516659N00556614EA0188201894
B1417514516657N00556606EA0188601898
B1417524516658N00556599EA0188801900
B1417534516659N00556592EA0189001902
B1417544516662N00556586EA0189301905
B1417554516666N00556581EA0189501907
B1417564516670N00556579EA0189801910
B1417574516675N00556578EA0190101913
B1417584516679N00556579EA0190201914
B1417594516683N00556582EA0190401916
B1418004516687N00556587EA0190801920
B1418014516688N00556593EA0191201924
B1418024516689N00556599EA0191401926
B1418034516688N00556606EA0191601928
B1418044516685N00556611EA0191901931
B1418054516682N00556616EA0192201934
B1418064516678N00556618EA0192401936
B1418074516673N00556619EA0192601938
B1418084516668N00556618EA0192801940
B1418094516663N00556615EA0193001942
B1418104516660N00556610EA0193401946
B1418114516657N00556603EA0193601948
B1418124516656N00556596EA0193901951
B1418134516656N00556589EA0194201954
B1418144516657N00556582EA0194501957
B1418154516660N00556576EA0194601958
B1418164516664N00556571EA0194901961
B1418174516669N00556569EA0195201964
B1418184516673N00556568EA0195501967
B1418194516678N00556570EA0195901971
B1418204516682N00556573EA0196201974
B1418214516685N00556578EA0196301975
B1418224516687N00556584EA0196701979
B1418234516687N00556590EA0196901981
B1418244516686N00556596EA0197201984
B1418254516684N00556602EA0197401986
B1418264516680N00556606EA0197601988
B1418274516676N00556609EA0197901991
B1418284516671N00556609EA0198201994
B1418294516666N00556608EA0198601998
B1418304516661N00556605EA0198902001
B1418314516658N00556599EA0199302005
B1418324516655N00556593EA0199602008
B1418334516654N00556586EA0199902011
B1418344516654N00556579EA0200102013
B1418354516656N00556572EA0200402016
B1418364516659N00556566EA0200702019
B1418374516662N00556561EA0201002022
B1418384516667N00556559EA0201302025
B1418394516672N00556558EA0201602028
B1418404516676N00556560EA0201902031
B1418414516680N00556563EA0202202034
B1418424516683N00556568EA0202402036
B1418434516685N00556574EA0202802040
B1418444516685N00556580EA0203102043
B1418454516684N00556587EA0203302045
B1418464516682N00556592EA0203502047
B1418474516678N00556596EA0203802050
B1418484516673N00556599EA0204102053
B1418494516669N00556599EA0204302055
B1418504516664N00556598EA0204702059
B1418514516659N00556594EA0205002062
B1418524516656N00556589EA0205302065
B1418534516653N00556583EA0205702069
B1418544516652N00556576EA0205802070
B1418554516652N00556568EA0206002072
B1418564516654N00556561EA0206302075
B1418574516657N00556556EA0206502077
B1418584516661N00556551EA0206802080
B1418594516666N00556549EA0207102083
B1419004516670N00556548EA0207402086
B1419014516675N00556550EA0207702089
B1419024516679N00556554EA0208002092
B1419034516682N00556558EA0208302095
B1419044516683N00556564EA0208602098
B1419054516683N00556571EA0208802100
B1419064516682N00556577EA0209102103
B1419074516680N00556583EA0209402106
B1419084516676N00556587EA0209702109
B1419094516671N00556589EA0209802110
B1419104516667N00556590EA0210102113
B1419114516662N00556588EA0210402116
B1419124516657N00556584EA0210602118
B1419134516654N00556579EA0210902121
B1419144516651N00556573EA0211102123
B1419154516650N00556565EA0211402126
B1419164516651N00556558EA0211702129
B1419174516652N00556551EA0212002132
B1419184516655N00556545EA0212302135
B1419194516659N00556541EA0212702139
B1419204516664N00556539EA0212902141
B1419214516669N00556539EA0213102143
B1419224516673N00556540EA0213402146
B1419234516677N00556544EA0213502147
B1419244516680N00556549EA0213802150
B1419254516681N00556555EA0214102153
B1419264516682N00556561EA0214402156
B1419274516680N00556568EA0214802160
B1419284516678N00556573EA0215002162
B1419294516674N00556577EA0215202164
B1419304516669N00556579EA0215502167
B1419314516664N00556580EA0215802170
B1419324516660N00556578EA0216202174
B1419334516655N00556574EA0216602178
B1419344516652N00556569EA0216802180
B1419354516649N00556562EA0217102183
B1419364516648N00556555EA0217402186
B1419374516649N00556548EA0217802190
B1419384516651N00556541EA0218002192
B1419394516654N00556535EA0218202194
B1419404516658N00556531EA0218502197
B1419414516662N00556529EA0218702199
B1419424516667N00556529EA0219002202
B1419434516672N00556531EA0219302205
B1419444516675N00556534EA0219502207
B1419454516678N00556539EA0220002212
B1419464516680N00556545EA0220302215
B1419474516680N00556552EA0220602218
B1419484516678N00556558EA0220902221
B1419494516676N00556563EA0221202224
B1419504516672N00556567EA0221502227
B1419514516667N00556569EA0221802230
B1419524516662N00556570EA0222102233
B1419534516658N00556568EA0222302235
B1419544516653N00556564EA0222502237
B1419554516650N00556559EA0222902241
B1419564516647N00556552EA0223102243
B1419574516647N00556545EA0223302245
B1419584516647N00556537EA0223702249
B1419594516649N00556531EA0223902251
B1420004516652N00556525EA0224202254
B1420014516656N00556521EA0224402256
B1420024516661N00556519EA0224602258
B1420034516666N00556519EA0225002262
B1420044516670N00556521EA0225202264
B1420054516674N00556525EA0225502267
B1420064516677N00556530EA0225702269
B1420074516678N00556536EA0225902271
B1420084516678N00556542EA0226102273
B1420094516676N00556548EA0226402276
B1420104516674N00556554EA0226702279
B1420114516670N00556558EA0226902281
B1420124516665N00556560EA0227302285
B1420134516660N00556560EA0227602288
B1420144516655N00556558EA0227902291
B1420154516651N00556554EA0228102293
B1420164516648N00556548EA0228502297
B1420174516644N00556542EA0228302295
B1420184516640N00556536EA0228202294
B1420194516636N00556530EA0228202294
B1420204516633N00556524EA0228102293
B1420214516629N00556518EA0228002292
B1420224516625N00556512EA0227802290
B1420234516621N00556506EA0227702289
B1420244516618N00556500EA0227602288
B1420254516614N00556493EA0227502287
B1420264516611N00556487EA0227402286
B1420274516607N00556480EA0227302285
B1420284516604N00556474EA0227202284
B1420294516600N00556468EA0227102283
B1420304516597N00556461EA0227002282
B1420314516593N00556455EA0226902281
B1420324516590N00556448EA0226902281
B1420334516586N00556442EA0226702279
B1420344516583N00556436EA0226602278
B1420354516579N00556429EA0226502277
B1420364516576N00556423EA0226402276
B1420374516573N00556416EA0226302275
B1420384516569N00556409EA0226202274
B1420394516566N00556403EA0226202274
B1420404516563N00556396EA0226102273
B1420414516560N00556389EA0226102273
B1420424516556N00556383EA0225902271
B1420434516553N00556376EA0225902271
B1420444516550N00556369EA0225802270
B1420454516547N00556363EA0225702269
B1420464516543N00556356EA0225602268
B1420474516540N00556349EA0225502267
B1420484516537N00556343EA0225402266
B1420494516534N00556336EA0225302265
B1420504516530N00556329EA0225202264
B1420514516527N00556323EA0225102263
B1420524516523N00556316EA0225002262
B1420534516520N00556310EA0224902261
B1420544516516N00556304EA0224802260
B1420554516513N00556297EA0224702259
B1420564516509N00556291EA0224602258
B1420574516506N00556285EA0224502257
B1420584516502N00556278EA0224402256
B1420594516498N00556272EA0224302255
B1421004516495N00556266EA0224202254
B1421014516491N00556260EA0224002252
B1421024516488N00556253EA0223902251
B1421034516484N00556247EA0223802250
B1421044516481N00556240EA0223602248
B1421054516477N00556234EA0223502247
B1421064516474N00556228EA0223302245
B1421074516470N00556222EA0223202244
B1421084516466N00556215EA0223102243
B1421094516463N00556209EA0222902241
B1421104516460N00556202EA0222902241
B1421114516456N00556196EA0222702239
B1421124516453N00556189EA0222502237
B1421134516449N00556183EA0222402236
B1421144516446N00556176EA0222202234
B1421154516443N00556170EA0222102233
B1421164516439N00556163EA0221902231
B1421174516436N00556157EA0221902231
B1421184516433N00556150EA0221802230
B1421194516429N00556143EA0221702229
B1421204516426N00556136EA0221602228
B1421214516423N00556130EA0221502227
B1421224516420N00556123EA0221402226
B1421234516417N00556116EA0221302225
B1421244516414N00556109EA0221202224
B1421254516411N00556102EA0221102223
B1421264516408N00556095EA0221002222
B1421274516405N00556088EA0221002222
B1421284516402N00556081EA0220902221
B1421294516399N00556074EA0220702219
B1421304516396N00556067EA0220602218
B1421314516393N00556061EA0220502217
B1421324516390N00556054EA0220402216
B1421334516387N00556047EA0220402216
B1421344516384N00556040EA0220302215
B1421354516381N00556033EA0220302215
B1421364516378N00556026EA0220202214
B1421374516374N00556020EA0220002212
B1421384516371N00556013EA0219902211
B1421394516368N00556006EA0219802210
B1421404516365N00555999EA0219702209
B1421414516361N00555993EA0219602208
B1421424516358N00555986EA0219502207
B1421434516355N00555980EA0219402206
B1421444516351N00555974EA0219402206
B1421454516347N00555967EA0219202204
B1421464516344N00555961EA0219102203
B1421474516340N00555955EA0219002202
B1421484516336N00555949EA0218902201
B1421494516333N00555942EA0218802200
B1421504516329N00555936EA0218602198
B1421514516325N00555930EA0218502197
B1421524516322N00555924EA0218402196
B1421534516318N00555917EA0218202194
B1421544516315N00555911EA0218002192
B1421554516312N00555904EA0217902191
B1421564516309N00555897EA0217702189
B1421574516305N00555891EA0217702189
B1421584516302N00555884EA0217602188
B1421594516299N00555878EA0217502187
B1422004516295N00555871EA0217402186
B1422014516292N00555865EA0217302185
B1422024516288N00555859EA0217102183
B1422034516284N00555852EA0217102183
B1422044516281N00555846EA0217002182
B1422054516277N00555839EA0216902181
B1422064516274N00555833EA0216802180
B1422074516270N00555827EA0216702179
B1422084516267N00555820EA0216702179
B1422094516264N00555814EA0216602178
B1422104516260N00555807EA0216502177
B1422114516257N00555801EA0216402176
B1422124516253N00555794EA0216202174
B1422134516250N00555788EA0216102173
B1422144516246N00555782EA0216002172
B1422154516242N00555776EA0215902171
B1422164516238N00555770EA0215702169
B1422174516235N00555764EA0215602168
B1422184516231N00555758EA0215402166
B1422194516227N00555751EA0215302165
B1422204516223N00555745EA0215202164
B1422214516220N00555739EA0215002162
B1422224516216N00555733EA0214902161
B1422234516212N00555727EA0214802160
B1422244516209N00555721EA0214702159
B1422254516205N00555714EA0214602158
B1422264516201N00555708EA0214502157
B1422274516197N00555702EA0214302155
B1422284516194N00555696EA0214202154
B1422294516190N00555690EA0214002152
B1422304516186N00555684EA0213902151
B1422314516183N00555678EA0213802150
B1422324516179N00555671EA0213602148
B1422334516175N00555665EA0213602148
B1422344516171N00555659EA0213402146
B1422354516168N00555653EA0213302145
B1422364516164N00555647EA0213202144
B1422374516160N00555641EA0213202144
B1422384516156N00555635EA0213102143
B1422394516153N00555629EA0212902141
B1422404516149N00555623EA0212802140
B1422414516145N00555617EA0212602138
B1422424516141N00555611EA0212502137
B1422434516137N00555605EA0212502137
B1422444516133N00555599EA0212402136
B1422454516130N00555593EA0212202134
B1422464516126N00555587EA0212102133
B1422474516122N00555581EA0212002132
B1422484516118N00555575EA0211902131
B1422494516115N00555569EA0211902131
B1422504516111N00555562EA0211802130
B1422514516107N00555556EA0211702129
B1422524516104N00555550EA0211602128
B1422534516100N00555543EA0211402126
B1422544516097N00555537EA0211302125
B1422554516093N00555531EA0211102123
B1422564516090N00555524EA0211002122
B1422574516086N00555518EA0210902121
B1422584516083N00555512EA0210802120
B1422594516079N00555505EA0210702119
B1423004516076N00555499EA0210602118
B1423014516072N00555493EA0210502117
B1423024516068N00555487EA0210302115
B1423034516065N00555480EA0210202114
B1423044516061N00555474EA0210002112
B1423054516057N00555468EA0209902111
B1423064516053N00555462EA0209702109
B1423074516050N00555456EA0209602108
B1423084516046N00555450EA0209502107
B1423094516042N00555444EA0209402106
B1423104516038N00555438EA0209302105
B1423114516034N00555432EA0209202104
B1423124516030N00555427EA0209202104
B1423134516026N00555421EA0209102103
B1423144516022N00555416EA0209002102
B1423154516017N00555411EA0208902101
B1423164516013N00555405EA0208802100
B1423174516009N00555400EA0208702099
B1423184516005N00555395EA0208602098
B1423194516000N00555389EA0208502097
B1423204515996N00555384EA0208402096
B1423214515992N00555379EA0208302095
B1423224515987N00555373EA0208202094
B1423234515983N00555368EA0208102093
B1423244515979N00555363EA0208002092
B1423254515975N00555357EA0207902091
B1423264515972N00555351EA0208002092
B1423274515971N00555344EA0208002092
B1423284515971N00555336EA0208102093
B1423294515973N00555329EA0208202094
B1423304515975N00555323EA0208302095
B1423314515979N00555319EA0208302095
B1423324515984N00555316EA0208502097
B1423334515988N00555315EA0208702099
B1423344515993N00555317EA0208702099
B1423354515997N00555320EA0208802100
B1423364516000N00555325EA0208802100
B1423374516002N00555331EA0208902101
B1423384516002N00555337EA0208902101
B1423394516001N00555343EA0209002102
B1423404515999N00555349EA0209102103
B1423414515995N00555353EA0209202104
B1423424515991N00555356EA0209202104
B1423434515986N00555357EA0209402106
B1423444515981N00555355EA0209502107
B1423454515977N00555352EA0209702109
B1423464515973N00555347EA0209802110
B1423474515970N00555341EA0209802110
B1423484515969N00555333EA0209902111
B1423494515969N00555326EA0210002112
B1423504515971N00555319EA0210002112
B1423514515974N00555313EA0210202114
B1423524515978N00555309EA0210202114
B1423534515982N00555306EA0210402116
B1423544515987N00555305EA0210402116
B1423554515991N00555307EA0210602118
B1423564515995N00555310EA0210702119
B1423574515998N00555315EA0210802120
B1423584516000N00555321EA0210902121
B1423594516000N00555327EA0211002122
B1424004515999N00555334EA0211102123
B1424014515997N00555339EA0211102123
B1424024515993N00555344EA0211102123
B1424034515989N00555346EA0211202124
B1424044515984N00555347EA0211302125
B1424054515979N00555345EA0211402126
B1424064515975N00555342EA0211502127
B1424074515971N00555337EA0211502127
B1424084515968N00555330EA0211702129
B1424094515967N00555323EA0211802130
B1424104515968N00555316EA0211902131
B1424114515969N00555309EA0212002132
B1424124515972N00555303EA0212102133
B1424134515976N00555299EA0212102133
B1424144515981N00555296EA0212202134
B1424154515985N00555296EA0212302135
B1424164515990N00555297EA0212402136
B1424174515994N00555301EA0212402136
B1424184515997N00555306EA0212402136
B1424194515998N00555312EA0212602138
B1424204515999N00555318EA0212602138
B1424214515997N00555324EA0212802140
B1424224515995N00555330EA0212902141
B1424234515991N00555334EA0213002142
B1424244515987N00555336EA0213102143
B1424254515982N00555337EA0213302145
B1424264515977N00555335EA0213502147
B1424274515973N00555332EA0213602148
B1424284515969N00555326EA0213802150
B1424294515967N00555320EA0213902151
B1424304515965N00555313EA0213902151
B1424314515966N00555305EA0214002152
B1424324515968N00555299EA0214202154
B1424334515971N00555293EA0214302155
B1424344515975N00555289EA0214402156
B1424354515979N00555286EA0214602158
B1424364515984N00555286EA0214702159
B1424374515988N00555287EA0214802160
B1424384515992N00555291EA0214802160
B1424394515995N00555296EA0214902161
B1424404515997N00555302EA0215102163
B1424414515997N00555308EA0215102163
B1424424515996N00555315EA0215202164
B1424434515993N00555320EA0215402166
B1424444515989N00555324EA0215602168
B1424454515985N00555327EA0215702169
B1424464515980N00555327EA0215902171
B1424474515975N00555325EA0216102173
B1424484515971N00555322EA0216302175
B1424494515967N00555316EA0216402176
B1424504515965N00555310EA0216502177
B1424514515964N00555302EA0216602178
B1424524515964N00555295EA0216602178
B1424534515966N00555288EA0216602178
B1424544515969N00555283EA0216802180
B1424554515973N00555278EA0216902181
B1424564515978N00555276EA0217002182
B1424574515982N00555276EA0217202184
B1424584515987N00555278EA0217302185
B1424594515991N00555281EA0217302185
B1425004515993N00555286EA0217402186
B1425014515995N00555292EA0217502187
B1425024515995N00555299EA0217502187
B1425034515994N00555305EA0217602188
B1425044515991N00555310EA0217602188
B1425054515987N00555314EA0217702189
B1425064515983N00555317EA0217702189
B1425074515978N00555317EA0217802190
B1425084515973N00555315EA0217902191
B1425094515969N00555311EA0217902191
B1425104515965N00555306EA0218002192
B1425114515963N00555299EA0218202194
B1425124515962N00555292EA0218102193
B1425134515962N00555285EA0218302195
B1425144515964N00555278EA0218302195
B1425154515967N00555272EA0218302195
B1425164515971N00555268EA0218502197
B1425174515976N00555266EA0218602198
B1425184515981N00555266EA0218702199
B1425194515985N00555268EA0218802200
B1425204515989N00555272EA0218902201
B1425214515992N00555277EA0218902201
B1425224515993N00555283EA0218902201
B1425234515993N00555289EA0219002202
B1425244515992N00555296EA0219102203
B1425254515989N00555301EA0219202204
B1425264515985N00555305EA0219202204
B1425274515981N00555307EA0219202204
B1425284515976N00555307EA0219302205
B1425294515971N00555305EA0219502207
B1425304515967N00555301EA0219702209
B1425314515963N00555296EA0219902211
B1425324515961N00555289EA0219902211
B1425334515960N00555282EA0220002212
B1425344515961N00555275EA0220002212
B1425354515963N00555268EA0220002212
B1425364515966N00555262EA0220202214
B1425374515970N00555258EA0220302215
B1425384515975N00555256EA0220402216
B1425394515979N00555256EA0220502217
B1425404515984N00555258EA0220602218
B1425414515987N00555262EA0220702219
B1425424515990N00555267EA0220802220
B1425434515991N00555273EA0220902221
B1425444515991N00555280EA0221102223
B1425454515990N00555286EA0221102223
B1425464515987N00555291EA0221302225
B1425474515983N00555295EA0221302225
B1425484515979N00555297EA0221402226
B1425494515974N00555297EA0221602228
B1425504515969N00555295EA0221702229
B1425514515965N00555291EA0221702229
B1425524515961N00555286EA0221802230
B1425534515959N00555279EA0222002232
B1425544515958N00555272EA0222102233
B1425554515959N00555264EA0222302235
B1425564515961N00555258EA0222402236
B1425574515964N00555252EA0222502237
B1425584515968N00555248EA0222602238
B1425594515973N00555246EA0222702239
B1426004515978N00555246EA0222902241
B1426014515982N00555249EA0223002242
B1426024515986N00555252EA0223202244
B1426034515988N00555258EA0223302245
B1426044515990N00555264EA0223402246
B1426054515990N00555270EA0223502247
B1426064515988N00555276EA0223602248
B1426074515985N00555282EA0223602248
B1426084515981N00555285EA0223802250
B1426094515977N00555287EA0224002252
B1426104515972N00555287EA0224102253
B1426114515967N00555285EA0224202254
B1426124515963N00555281EA0224202254
B1426134515959N00555275EA0224302255
B1426144515957N00555269EA0224502257
B1426154515956N00555261EA0224602258
B1426164515957N00555254EA0224702259
B1426174515959N00555247EA0224702259
B1426184515963N00555242EA0224802260
B1426194515967N00555238EA0224902261
B1426204515971N00555236EA0224902261
B1426214515976N00555237EA0225002262
B1426224515981N00555239EA0225102263
B1426234515984N00555243EA0225102263
B1426244515987N00555248EA0225102263
B1426254515988N00555254EA0225202264
B1426264515988N00555261EA0225302265
B1426274515986N00555267EA0225502267
B1426284515983N00555272EA0225602268
B1426294515979N00555276EA0225702269
B1426304515974N00555277EA0225702269
B1426314515970N00555277EA0226002272
B1426324515965N00555275EA0226302275
B1426334515961N00555271EA0226402276
B1426344515957N00555265EA0226502277
B1426354515955N00555258EA0226702279
B1426364515955N00555251EA0226802280
B1426374515955N00555244EA0227002282
B1426384515958N00555237EA0227102283
B1426394515961N00555232EA0227302285
B1426404515965N00555228EA0227402286
B1426414515970N00555226EA0227502287
B1426424515975N00555227EA0227602288
B1426434515979N00555229EA0227702289
B1426444515983N00555233EA0227802290
B1426454515985N00555239EA0227902291
B1426464515986N00555245EA0228002292
B1426474515986N00555251EA0228202294
B1426484515984N00555257EA0228302295
B1426494515981N00555262EA0228302295
B1426504515977N00555266EA0228502297
B1426514515972N00555268EA0228702299
B1426524515967N00555267EA0228802300
B1426534515963N00555265EA0228902301
B1426544515959N00555261EA0229002302
B1426554515955N00555255EA0229102303
B1426564515953N00555248EA0229002302
B1426574515953N00555241EA0229002302
B1426584515954N00555233EA0229102303
B1426594515956N00555227EA0229202304
B1427004515959N00555222EA0229302305
B1427014515964N00555218EA0229302305
B1427024515968N00555217EA0229502307
B1427034515973N00555217EA0229502307
B1427044515977N00555219EA0229602308
B1427054515981N00555224EA0229702309
B1427064515983N00555229EA0229902311
B1427074515984N00555235EA0230002312
B1427084515984N00555242EA0230202314
B1427094515982N00555248EA0230102313
B1427104515979N00555253EA0230202314
B1427114515976N00555258EA0230202314
B1427124515972N00555264EA0230002312
B1427134515969N00555270EA0229902311
B1427144515966N00555275EA0229802310
B1427154515963N00555281EA0229702309
B1427164515959N00555287EA0229602308
B1427174515956N00555292EA0229502307
B1427184515953N00555298EA0229402306
B1427194515950N00555304EA0229302305
B1427204515946N00555310EA0229202304
B1427214515943N00555315EA0229102303
B1427224515939N00555321EA0229002302
B1427234515936N00555326EA0228802300
B1427244515932N00555332EA0228702299
B1427254515929N00555337EA0228502297
B1427264515925N00555342EA0228502297
B1427274515921N00555347EA0228402296
B1427284515918N00555353EA0228302295
B1427294515914N00555358EA0228202294
B1427304515910N00555363EA0228102293
B1427314515906N00555368EA0228002292
B1427324515902N00555373EA0227802290
B1427334515899N00555378EA0227602288
B1427344515895N00555383EA0227602288
B1427354515892N00555389EA0227502287
B1427364515888N00555394EA0227302285
B1427374515885N00555400EA0227202284
B1427384515881N00555405EA0227102283
B1427394515878N00555411EA0226902281
B1427404515874N00555416EA0226802280
B1427414515870N00555421EA0226702279
B1427424515867N00555427EA0226702279
B1427434515863N00555432EA0226602278
B1427444515860N00555438EA0226502277
B1427454515856N00555443EA0226402276
B1427464515853N00555448EA0226302275
B1427474515849N00555454EA0226202274
B1427484515846N00555459EA0226102273
B1427494515842N00555465EA0226002272
B1427504515839N00555470EA0225802270
B1427514515835N00555476EA0225802270
B1427524515832N00555481EA0225602268
B1427534515829N00555487EA0225502267
B1427544515826N00555493EA0225402266
B1427554515822N00555499EA0225302265
B1427564515819N00555504EA0225202264
B1427574515815N00555509EA0225102263
B1427584515812N00555515EA0225102263
B1427594515808N00555520EA0224902261
B1428004515805N00555526EA0224702259
B1428014515801N00555531EA0224602258
B1428024515798N00555537EA0224602258
B1428034515794N00555542EA0224502257
B1428044515791N00555548EA0224402256
B1428054515787N00555553EA0224302255
B1428064515784N00555558EA0224202254
B1428074515780N00555563EA0224102253
B1428084515776N00555569EA0224002252
B1428094515772N00555574EA0223902251
B1428104515768N00555579EA0223802250
B1428114515765N00555584EA0223602248
B1428124515761N00555589EA0223502247
B1428134515757N00555594EA0223302245
B1428144515754N00555600EA0223202244
B1428154515750N00555605EA0223102243
B1428164515746N00555610EA0223002242
B1428174515742N00555615EA0222902241
B1428184515738N00555620EA0222802240
B1428194515735N00555625EA0222702239
B1428204515731N00555630EA0222602238
B1428214515727N00555635EA0222502237
B1428224515723N00555640EA0222402236
B1428234515719N00555644EA0222302235
B1428244515715N00555649EA0222102233
B1428254515711N00555654EA0222002232
B1428264515707N00555658EA0222002232
B1428274515702N00555663EA0221902231
B1428284515698N00555668EA0221702229
B1428294515694N00555672EA0221602228
B1428304515690N00555677EA0221502227
B1428314515686N00555681EA0221302225
B1428324515682N00555686EA0221302225
B1428334515677N00555690EA0221202224
B1428344515673N00555694EA0221102223
B1428354515668N00555698EA0220902221
B1428364515664N00555702EA0220802220
B1428374515660N00555706EA0220602218
B1428384515655N00555710EA0220502217
B1428394515651N00555715EA0220402216
B1428404515646N00555719EA0220302215
B1428414515642N00555722EA0220102213
B1428424515637N00555726EA0220002212
B1428434515633N00555730EA0219902211
B1428444515629N00555735EA0219802210
B1428454515624N00555739EA0219702209
B1428464515620N00555743EA0219602208
B1428474515616N00555748EA0219502207
B1428484515611N00555752EA0219402206
B1428494515607N00555757EA0219302205
B1428504515603N00555761EA0219102203
B1428514515599N00555766EA0219102203
B1428524515595N00555770EA0219002202
B1428534515590N00555774EA0218802200
B1428544515586N00555778EA0218702199
B1428554515582N00555783EA0218502197
B1428564515577N00555787EA0218402196
B1428574515573N00555791EA0218302195
B1428584515568N00555795EA0218202194
B1428594515564N00555799EA0218202194
B1429004515559N00555803EA0218102193
B1429014515555N00555807EA0218002192
B1429024515551N00555812EA0217902191
B1429034515547N00555816EA0217802190
B1429044515542N00555820EA0217702189
B1429054515538N00555825EA0217602188
B1429064515534N00555829EA0217602188
B1429074515530N00555833EA0217402186
B1429084515525N00555838EA0217402186
B1429094515521N00555842EA0217302185
B1429104515517N00555847EA0217202184
B1429114515513N00555851EA0217102183
B1429124515509N00555856EA0217002182
B1429134515504N00555860EA0216902181
B1429144515500N00555865EA0216802180
B1429154515496N00555870EA0216702179
B1429164515492N00555875EA0216502177
B1429174515488N00555879EA0216402176
B1429184515484N00555883EA0216402176
B1429194515480N00555888EA0216202174
B1429204515475N00555892EA0216102173
B1429214515471N00555897EA0216002172
B1429224515467N00555902EA0215902171
B1429234515463N00555907EA0215702169
B1429244515459N00555911EA0215702169
B1429254515455N00555916EA0215502167
B1429264515451N00555920EA0215402166
B1429274515446N00555924EA0215302165
B1429284515442N00555928EA0215102163
B1429294515438N00555933EA0215002162
B1429304515433N00555937EA0214902161
B1429314515429N00555941EA0214802160
B1429324515425N00555945EA0214702159
B1429334515420N00555949EA0214602158
B1429344515416N00555953EA0214602158
B1429354515411N00555957EA0214502157
B1429364515407N00555961EA0214302155
B1429374515402N00555965EA0214202154
B1429384515398N00555969EA0214102153
B1429394515393N00555973EA0214002152
B1429404515389N00555977EA0213802150
B1429414515384N00555981EA0213702149
B1429424515380N00555985EA0213602148
B1429434515375N00555989EA0213502147
B1429444515371N00555993EA0213402146
B1429454515366N00555996EA0213302145
B1429464515362N00556000EA0213102143
B1429474515357N00556004EA0212902141
B1429484515353N00556008EA0212802140
B1429494515348N00556012EA0212702139
B1429504515344N00556016EA0212602138
B1429514515339N00556020EA0212402136
B1429524515335N00556024EA0212302135
B1429534515330N00556028EA0212202134
B1429544515326N00556033EA0212102133
B1429554515322N00556037EA0211902131
B1429564515318N00556041EA0211802130
B1429574515313N00556046EA0211702129
B1429584515309N00556050EA0211502127
B1429594515305N00556055EA0211402126
B1430004515301N00556059EA0211302125
B1430014515296N00556063EA0211202124
B1430024515292N00556068EA0211102123
B1430034515288N00556072EA0211002122
B1430044515283N00556076EA0210802120
B1430054515279N00556080EA0210702119
B1430064515275N00556084EA0210602118
B1430074515270N00556088EA0210502117
B1430084515266N00556092EA0210402116
B1430094515261N00556096EA0210302115
B1430104515257N00556100EA0210202114
B1430114515252N00556104EA0210102113
B1430124515248N00556108EA0210102113
B1430134515243N00556111EA0209902111
B1430144515238N00556115EA0209802110
B1430154515234N00556119EA0209702109
B1430164515229N00556122EA0209602108
B1430174515224N00556125EA0209602108
B1430184515219N00556128EA0209502107
B1430194515214N00556132EA0209302105
B1430204515210N00556135EA0209202104
B1430214515205N00556138EA0209102103
B1430224515200N00556142EA0209102103
B1430234515195N00556145EA0209002102
B1430244515191N00556149EA0208902101
B1430254515186N00556152EA0208802100
B1430264515182N00556156EA0208702099
B1430274515177N00556160EA0208602098
B1430284515173N00556164EA0208402096
B1430294515168N00556168EA0208302095
B1430304515164N00556172EA0208202094
B1430314515159N00556176EA0208102093
B1430324515155N00556180EA0208002092
B1430334515150N00556184EA0207902091
B1430344515146N00556188EA0207802090
B1430354515141N00556192EA0207602088
B1430364515137N00556195EA0207502087
B1430374515132N00556199EA0207502087
B1430384515127N00556202EA0207302085
B1430394515122N00556206EA0207302085
B1430404515118N00556209EA0207202084
B1430414515113N00556213EA0207102083
B1430424515109N00556217EA0206902081
B1430434515104N00556221EA0206802080
B1430444515100N00556225EA0206602078
B1430454515096N00556229EA0206602078
B1430464515091N00556233EA0206502077
B1430474515087N00556238EA0206402076
B1430484515082N00556242EA0206302075
B1430494515078N00556246EA0206202074
B1430504515074N00556250EA0206202074
B1430514515069N00556254EA0206102073
B1430524515065N00556259EA0205902071
B1430534515061N00556263EA0205802070
B1430544515057N00556268EA0205802070
B1430554515052N00556272EA0205702069
B1430564515048N00556277EA0205502067
B1430574515044N00556282EA0205302065
B1430584515040N00556286EA0205202064
B1430594515036N00556291EA0205002062
B1431004515032N00556295EA0204902061
B1431014515027N00556297EA0204902061
B1431024515022N00556297EA0205002062
B1431034515017N00556295EA0205202064
B1431044515013N00556291EA0205502067
B1431054515010N00556285EA0205802070
B1431064515008N00556278EA0206002072
B1431074515007N00556271EA0206302075
B1431084515008N00556264EA0206402076
B1431094515010N00556257EA0206702079
B1431104515013N00556252EA0207002082
B1431114515017N00556248EA0207102083
B1431124515022N00556246EA0207302085
B1431134515027N00556246EA0207402086
B1431144515031N00556248EA0207602088
B1431154515035N00556252EA0207802090
B1431164515037N00556258EA0208002092
B1431174515038N00556264EA0208102093
B1431184515038N00556270EA0208302095
B1431194515037N00556276EA0208402096
B1431204515034N00556282EA0208502097
B1431214515030N00556285EA0208602098
B1431224515025N00556287EA0208802100
B1431234515020N00556287EA0208902101
B1431244515015N00556285EA0209102103
B1431254515011N00556281EA0209302105
B1431264515008N00556275EA0209502107
B1431274515006N00556268EA0209702109
B1431284515005N00556261EA0209902111
B1431294515006N00556254EA0210002112
B1431304515008N00556247EA0210202114
B1431314515011N00556242EA0210402116
B1431324515016N00556238EA0210602118
B1431334515020N00556236EA0210702119
B1431344515025N00556236EA0210902121
B1431354515029N00556239EA0211102123
B1431364515033N00556243EA0211302125
B1431374515036N00556248EA0211502127
B1431384515037N00556254EA0211602128
B1431394515036N00556261EA0211802130
B1431404515035N00556267EA0212102133
B1431414515032N00556272EA0212302135
B1431424515028N00556275EA0212402136
B1431434515023N00556277EA0212602138
B1431444515018N00556277EA0212702139
B1431454515013N00556275EA0212902141
B1431464515009N00556270EA0213202144
B1431474515006N00556265EA0213402146
B1431484515004N00556258EA0213602148
B1431494515003N00556250EA0213802150
B1431504515004N00556243EA0214002152
B1431514515007N00556237EA0214102153
B1431524515010N00556231EA0214202154
B1431534515014N00556228EA0214402156
B1431544515019N00556226EA0214702159
B1431554515024N00556227EA0214802160
B1431564515028N00556229EA0215102163
B1431574515031N00556233EA0215302165
B1431584515034N00556239EA0215402166
B1431594515035N00556245EA0215702169
B1432004515035N00556251EA0215802170
B1432014515033N00556257EA0216002172
B1432024515030N00556262EA0216202174
B1432034515026N00556266EA0216402176
B1432044515021N00556267EA0216502177
B1432054515016N00556267EA0216802180
B1432064515011N00556265EA0217002182
B1432074515007N00556260EA0217102183
B1432084515004N00556254EA0217202184
B1432094515002N00556248EA0217402186
B1432104515002N00556240EA0217602188
B1432114515003N00556233EA0217702189
B1432124515005N00556227EA0218002192
B1432134515008N00556221EA0218102193
B1432144515013N00556218EA0218302195
B1432154515017N00556216EA0218502197
B1432164515022N00556217EA0218802200
B1432174515026N00556219EA0219002202
B1432184515030N00556224EA0219202204
B1432194515032N00556229EA0219402206
B1432204515033N00556235EA0219402206
B1432214515033N00556242EA0219502207
B1432224515031N00556248EA0219702209
B1432234515028N00556253EA0220002212
B1432244515024N00556256EA0220202214
B1432254515019N00556258EA0220402216
B1432264515014N00556257EA0220502217
B1432274515009N00556254EA0220702219
B1432284515005N00556250EA0220902221
B1432294515002N00556244EA0221202224
B1432304515000N00556237EA0221302225
B1432314515000N00556230EA0221502227
B1432324515001N00556223EA0221702229
B1432334515003N00556216EA0221902231
B1432344515007N00556211EA0222002232
B1432354515011N00556208EA0222102233
B1432364515016N00556206EA0222302235
B1432374515021N00556207EA0222402236
B1432384515025N00556210EA0222502237
B1432394515028N00556214EA0222602238
B1432404515030N00556220EA0222902241
B1432414515031N00556226EA0223002242
B1432424515031N00556232EA0223102243
B1432434515029N00556238EA0223402246
B1432444515026N00556243EA0223502247
B1432454515022N00556246EA0223802250
B1432464515017N00556248EA0224102253
B1432474515012N00556247EA0224202254
B1432484515007N00556244EA0224502257
B1432494515003N00556240EA0224702259
B1432504515000N00556234EA0224902261
B1432514514998N00556227EA0225002262
B1432524514998N00556220EA0225202264
B1432534514999N00556212EA0225502267
B1432544515002N00556206EA0225702269
B1432554515005N00556201EA0225702269
B1432564515010N00556198EA0225802270
B1432574515014N00556197EA0226102273
B1432584515019N00556197EA0226302275
B1432594515023N00556200EA0226402276
B1433004515027N00556204EA0226502277
B1433014515029N00556210EA0226802280
B1433024515030N00556216EA0226902281
B1433034515029N00556223EA0227202284
B1433044515027N00556229EA0227302285
B1433054515024N00556233EA0227402286
B1433064515019N00556237EA0227802290
B1433074515015N00556238EA0227902291
B1433084515010N00556237EA0227902291
B1433094515005N00556234EA0228102293
B1433104515001N00556230EA0228302295
B1433114514998N00556224EA0228502297
B1433124514997N00556217EA0228602298
B1433134514996N00556209EA0228702299
B1433144514998N00556202EA0228802300
B1433154514999N00556194EA0228702299
B1433164515000N00556186EA0228602298
B1433174515001N00556178EA0228502297
B1433184515002N00556170EA0228402296
B1433194515003N00556162EA0228402296
B1433204515004N00556154EA0228202294
B1433214515005N00556146EA0228102293
B1433224515006N00556138EA0227902291
B1433234515007N00556130EA0227802290
B1433244515008N00556123EA0227702289
B1433254515009N00556115EA0227602288
B1433264515010N00556107EA0227602288
B1433274515011N00556099EA0227502287
B1433284515012N00556091EA0227302285
B1433294515013N00556083EA0227202284
B1433304515014N00556075EA0227102283
B1433314515015N00556067EA0227002282
B1433324515016N00556059EA0226802280
B1433334515017N00556051EA0226702279
B1433344515017N00556043EA0226602278
B1433354515018N00556034EA0226402276
B1433364515018N00556026EA0226302275
B1433374515018N00556018EA0226102273
B1433384515019N00556010EA0226102273
B1433394515019N00556002EA0226102273
B1433404515020N00555994EA0225902271
B1433414515020N00555986EA0225802270
B1433424515020N00555978EA0225602268
B1433434515020N00555970EA0225502267
B1433444515020N00555961EA0225402266
B1433454515021N00555953EA0225302265
B1433464515021N00555945EA0225202264
B1433474515021N00555937EA0225102263
B1433484515021N00555929EA0225102263
B1433494515022N00555921EA0224902261
B1433504515023N00555913EA0224902261
B1433514515023N00555905EA0224802260
B1433524515024N00555897EA0224602258
B1433534515024N00555889EA0224502257
B1433544515025N00555880EA0224402256
B1433554515025N00555872EA0224202254
B1433564515025N00555864EA0224102253
B1433574515025N00555856EA0224002252
B1433584515026N00555848EA0223802250
B1433594515026N00555840EA0223802250
B1434004515027N00555832EA0223702249
B1434014515027N00555824EA0223602248
B1434024515028N00555816EA0223502247
B1434034515028N00555808EA0223402246
B1434044515029N00555799EA0223202244
B1434054515029N00555791EA0223102243
B1434064515030N00555783EA0223002242
B1434074515030N00555775EA0222802240
B1434084515031N00555767EA0222702239
B1434094515031N00555759EA0222602238
B1434104515031N00555751EA0222402236
B1434114515032N00555743EA0222302235
B1434124515032N00555735EA0222202234
B1434134515033N00555727EA0222102233
B1434144515033N00555718EA0222102233
B1434154515034N00555710EA0221902231
B1434164515034N00555702EA0221802230
B1434174515034N00555694EA0221702229
B1434184515035N00555686EA0221602228
B1434194515035N00555678EA0221502227
B1434204515036N00555670EA0221402226
B1434214515037N00555662EA0221302225
B1434224515038N00555654EA0221202224
B1434234515038N00555646EA0221002222
B1434244515039N00555638EA0220902221
B1434254515040N00555630EA0220802220
B1434264515040N00555622EA0220702219
B1434274515041N00555614EA0220502217
B1434284515042N00555606EA0220402216
B1434294515042N00555597EA0220302215
B1434304515043N00555589EA0220102213
B1434314515043N00555581EA0220002212
B1434324515044N00555573EA0219902211
B1434334515044N00555565EA0219802210
B1434344515044N00555557EA0219702209
B1434354515044N00555549EA0219502207
B1434364515044N00555541EA0219402206
B1434374515045N00555533EA0219302205
B1434384515045N00555524EA0219202204
B1434394515045N00555516EA0219102203
B1434404515046N00555508EA0219002202
B1434414515046N00555500EA0219002202
B1434424515046N00555492EA0218802200
B1434434515047N00555484EA0218702199
B1434444515047N00555476EA0218602198
B1434454515048N00555468EA0218402196
B1434464515048N00555460EA0218302195
B1434474515049N00555452EA0218202194
B1434484515050N00555444EA0218102193
B1434494515051N00555436EA0218002192
B1434504515052N00555428EA0217902191
B1434514515053N00555420EA0217802190
B1434524515054N00555412EA0217702189
B1434534515055N00555404EA0217602188
B1434544515056N00555396EA0217502187
B1434554515057N00555388EA0217402186
B1434564515058N00555380EA0217402186
B1434574515058N00555372EA0217202184
B1434584515059N00555364EA0217102183
B1434594515060N00555356EA0217002182
B1435004515061N00555348EA0216902181
B1435014515061N00555339EA0216802180
B1435024515062N00555331EA0216702179
B1435034515063N00555323EA0216502177
B1435044515063N00555315EA0216402176
B1435054515064N00555307EA0216302175
B1435064515064N00555299EA0216202174
B1435074515065N00555291EA0216102173
B1435084515065N00555283EA0216002172
B1435094515065N00555275EA0215802170
B1435104515066N00555267EA0215702169
B1435114515066N00555259EA0215602168
B1435124515067N00555250EA0215602168
B1435134515067N00555242EA0215502167
B1435144515068N00555234EA0215402166
B1435154515068N00555226EA0215302165
B1435164515069N00555218EA0215102163
B1435174515070N00555210EA0215002162
B1435184515071N00555202EA0215002162
B1435194515071N00555194EA0215002162
B1435204515072N00555186EA0214802160
B1435214515072N00555178EA0214702159
B1435224515073N00555170EA0214602158
B1435234515073N00555162EA0214502157
B1435244515073N00555154EA0214402156
B1435254515074N00555145EA0214302155
B1435264515074N00555137EA0214102153
B1435274515075N00555129EA0214102153
B1435284515075N00555121EA0214002152
B1435294515076N00555113EA0213902151
B1435304515076N00555105EA0213802150
B1435314515077N00555097EA0213602148
B1435324515078N00555089EA0213502147
B1435334515080N00555081EA0213302145
B1435344515080N00555073EA0213202144
B1435354515081N00555065EA0213102143
B1435364515082N00555057EA0213002142
B1435374515083N00555049EA0212902141
B1435384515084N00555041EA0212802140
B1435394515085N00555033EA0212702139
B1435404515086N00555025EA0212602138
B1435414515088N00555017EA0212502137
B1435424515089N00555009EA0212402136
B1435434515090N00555002EA0212202134
B1435444515091N00554994EA0212202134
B1435454515092N00554986EA0212102133
B1435464515093N00554978EA0212002132
B1435474515094N00554970EA0211802130
B1435484515095N00554962EA0211702129
B1435494515097N00554954EA0211602128
B1435504515098N00554946EA0211502127
B1435514515099N00554938EA0211402126
B1435524515100N00554930EA0211202124
B1435534515101N00554922EA0211102123
B1435544515102N00554914EA0211002122
B1435554515103N00554906EA0210902121
B1435564515105N00554898EA0210802120
B1435574515106N00554890EA0210702119
B1435584515107N00554883EA0210602118
B1435594515109N00554875EA0210502117
B1436004515110N00554867EA0210302115
B1436014515112N00554859EA0210202114
B1436024515113N00554851EA0210002112
B1436034515115N00554844EA0209902111
B1436044515117N00554836EA0209802110
B1436054515119N00554828EA0209702109
B1436064515120N00554821EA0209502107
B1436074515122N00554813EA0209402106
B1436084515123N00554805EA0209202104
B1436094515125N00554797EA0209202104
B1436104515127N00554790EA0209002102
B1436114515128N00554782EA0208902101
B1436124515130N00554774EA0208802100
B1436134515132N00554767EA0208702099
B1436144515134N00554759EA0208502097
B1436154515136N00554751EA0208502097
B1436164515138N00554744EA0208402096
B1436174515140N00554736EA0208302095
B1436184515142N00554729EA0208202094
B1436194515143N00554721EA0208102093
B1436204515145N00554714EA0208002092
B1436214515147N00554706EA0207902091
B1436224515149N00554698EA0207802090
B1436234515150N00554690EA0207702089
B1436244515152N00554683EA0207502087
B1436254515153N00554675EA0207402086
B1436264515155N00554667EA0207402086
B1436274515157N00554659EA0207202084
B1436284515159N00554652EA0207202084
B1436294515161N00554644EA0207002082
B1436304515162N00554637EA0206902081
B1436314515164N00554629EA0206802080
B1436324515166N00554621EA0206802080
B1436334515168N00554614EA0206602078
B1436344515169N00554606EA0206502077
B1436354515171N00554598EA0206302075
B1436364515173N00554591EA0206202074
B1436374515175N00554583EA0206102073
B1436384515177N00554575EA0206002072
B1436394515180N00554570EA0206202074
B1436404515184N00554565EA0206402076
B1436414515188N00554563EA0206602078
B1436424515193N00554562EA0206902081
B1436434515198N00554564EA0207002082
B1436444515201N00554567EA0207102083
B1436454515204N00554572EA0207302085
B1436464515206N00554578EA0207502087
B1436474515206N00554584EA0207702089
B1436484515205N00554590EA0207902091
B1436494515203N00554596EA0208102093
B1436504515199N00554600EA0208302095
B1436514515195N00554603EA0208402096
B1436524515190N00554603EA0208702099
B1436534515185N00554602EA0208902101
B1436544515180N00554598EA0209102103
B1436554515177N00554593EA0209302105
B1436564515174N00554587EA0209502107
B1436574515173N00554579EA0209802110
B1436584515174N00554572EA0210002112
B1436594515175N00554565EA0210002112
B1437004515178N00554559EA0210202114
B1437014515182N00554555EA0210402116
B1437024515187N00554553EA0210702119
B1437034515191N00554552EA0211002122
B1437044515196N00554554EA0211202124
B1437054515200N00554557EA0211402126
B1437064515203N00554562EA0211602128
B1437074515204N00554568EA0211802130
B1437084515205N00554575EA0212002132
B1437094515203N00554581EA0212302135
B1437104515201N00554586EA0212402136
B1437114515197N00554590EA0212702139
B1437124515193N00554593EA0212902141
B1437134515188N00554593EA0213102143
B1437144515183N00554592EA0213302145
B1437154515178N00554588EA0213602148
B1437164515175N00554583EA0213902151
B1437174515172N00554576EA0214102153
B1437184515171N00554569EA0214302155
B1437194515172N00554562EA0214402156
B1437204515174N00554555EA0214602158
B1437214515177N00554549EA0214902161
B1437224515181N00554545EA0215202164
B1437234515185N00554543EA0215302165
B1437244515190N00554542EA0215502167
B1437254515194N00554544EA0215802170
B1437264515198N00554548EA0216002172
B1437274515201N00554553EA0216102173
B1437284515203N00554559EA0216302175
B1437294515203N00554565EA0216702179
B1437304515202N00554571EA0216902181
B1437314515199N00554577EA0217202184
B1437324515195N00554581EA0217202184
B1437334515191N00554583EA0217402186
B1437344515186N00554583EA0217602188
B1437354515181N00554582EA0217802190
B1437364515176N00554578EA0218002192
B1437374515173N00554573EA0218302195
B1437384515171N00554566EA0218702199
B1437394515170N00554559EA0218702199
B1437404515170N00554552EA0218902201
B1437414515172N00554545EA0219102203
B1437424515175N00554539EA0219402206
B1437434515179N00554535EA0219702209
B1437444515184N00554533EA0220102213
B1437454515188N00554532EA0220202214
B1437464515193N00554534EA0220502217
B1437474515197N00554538EA0220702219
B1437484515199N00554543EA0220902221
B1437494515201N00554549EA0221102223
B1437504515201N00554556EA0221302225
B1437514515200N00554562EA0221602228
B1437524515197N00554567EA0221802230
B1437534515193N00554571EA0222102233
B1437544515189N00554573EA0222202234
B1437554515184N00554573EA0222502237
B1437564515179N00554572EA0222702239
B1437574515174N00554568EA0223002242
B1437584515171N00554562EA0223202244
B1437594515169N00554556EA0223302245
B1438004515168N00554549EA0223602248
B1438014515168N00554541EA0223902251
B1438024515170N00554534EA0224102253
B1438034515173N00554529EA0224202254
B1438044515177N00554525EA0224402256
B1438054515182N00554523EA0224702259
B1438064515187N00554523EA0224902261
B1438074515191N00554525EA0225202264
B1438084515195N00554528EA0225302265
B1438094515198N00554534EA0225502267
B1438104515199N00554540EA0225702269
B1438114515199N00554546EA0226002272
B1438124515198N00554552EA0226302275
B1438134515195N00554557EA0226302275
B1438144515191N00554561EA0226602278
B1438154515186N00554563EA0226802280
B1438164515182N00554564EA0226902281
B1438174515177N00554562EA0227102283
B1438184515172N00554558EA0227402286
B1438194515169N00554552EA0227602288
B1438204515167N00554546EA0227802290
B1438214515166N00554538EA0228102293
B1438224515167N00554531EA0228402296
B1438234515169N00554524EA0228602298
B1438244515172N00554519EA0228802300
B1438254515176N00554515EA0229102303
B1438264515181N00554513EA0229302305
B1438274515185N00554513EA0229502307
B1438284515190N00554515EA0229702309
B1438294515193N00554519EA0229902311
B1438304515196N00554524EA0230102313
B1438314515197N00554530EA0230402316
B1438324515197N00554537EA0230602318
B1438334515196N00554543EA0230902321
B1438344515193N00554548EA0231202324
B1438354515189N00554552EA0231402326
B1438364515184N00554554EA0231602328
B1438374515179N00554554EA0231802330
B1438384515175N00554552EA0232002332
B1438394515170N00554548EA0232302335
B1438404515167N00554542EA0232502337
B1438414515165N00554535EA0232702339
B1438424515164N00554528EA0232902341
B1438434515165N00554521EA0233202344
B1438444515167N00554514EA0233402346
B1438454515170N00554509EA0233702349
B1438464515174N00554505EA0233802350
B1438474515179N00554503EA0234102353
B1438484515184N00554503EA0234302355
B1438494515188N00554505EA0234502357
B1438504515192N00554509EA0234602358
B1438514515194N00554514EA0234802360
B1438524515196N00554521EA0235002362
B1438534515195N00554527EA0235302365
B1438544515194N00554533EA0235402366
B1438554515191N00554538EA0235702369
B1438564515187N00554542EA0235902371
B1438574515182N00554544EA0235902371
B1438584515177N00554544EA0236102373
B1438594515173N00554541EA0236302375
B1439004515168N00554537EA0236502377
B1439014515165N00554532EA0236602378
B1439024515163N00554525EA0236802380
B1439034515162N00554518EA0237102383
B1439044515163N00554510EA0237202384
B1439054515165N00554504EA0237402386
B1439064515169N00554498EA0237702389
B1439074515173N00554495EA0237802390
B1439084515178N00554493EA0238202394
B1439094515182N00554493EA0238402396
B1439104515187N00554495EA0238602398
B1439114515190N00554499EA0238702399
B1439124515193N00554505EA0238802400
B1439134515194N00554511EA0238902401
B1439144515194N00554517EA0239202404
B1439154515192N00554523EA0239402406
B1439164515189N00554529EA0239502407
B1439174515185N00554532EA0239802410
B1439184515180N00554534EA0240002412
B1439194515175N00554534EA0240102413
B1439204515171N00554531EA0240302415
B1439214515166N00554527EA0240602418
B1439224515163N00554521EA0240802420
B1439234515161N00554515EA0241002422
B1439244515161N00554507EA0241302425
B1439254515161N00554500EA0241402426
B1439264515164N00554494EA0241602428
B1439274515167N00554488EA0241802430
B1439284515171N00554485EA0241902431
B1439294515176N00554483EA0242102433
B1439304515181N00554483EA0242302435
B1439314515185N00554486EA0242402436
B1439324515189N00554490EA0242602438
B1439334515193N00554494EA0242502437
B1439344515197N00554499EA0242302435
B1439354515201N00554503EA0242202434
B1439364515205N00554508EA0242102433
B1439374515209N00554512EA0242102433
B1439384515213N00554516EA0241902431
B1439394515218N00554520EA0241902431
B1439404515222N00554524EA0241702429
B1439414515226N00554528EA0241602428
B1439424515230N00554533EA0241502427
B1439434515234N00554537EA0241402426
B1439444515239N00554541EA0241302425
B1439454515243N00554545EA0241202424
B1439464515247N00554549EA0241102423
B1439474515252N00554553EA0241102423
B1439484515256N00554556EA0241002422
B1439494515260N00554560EA0240902421
B1439504515265N00554563EA0240702419
B1439514515270N00554567EA0240602418
B1439524515274N00554570EA0240502417
B1439534515279N00554574EA0240402416
B1439544515283N00554577EA0240402416
B1439554515288N00554581EA0240302415
B1439564515292N00554584EA0240202414
B1439574515297N00554588EA0240102413
B1439584515301N00554592EA0239902411
B1439594515306N00554595EA0239702409
B1440004515310N00554598EA0239602408
B1440014515315N00554602EA0239502407
B1440024515319N00554605EA0239402406
B1440034515324N00554608EA0239302405
B1440044515329N00554612EA0239202404
B1440054515333N00554615EA0239102403
B1440064515338N00554618EA0238902401
B1440074515343N00554621EA0238802400
B1440084515347N00554624EA0238702399
B1440094515352N00554628EA0238602398
B1440104515356N00554631EA0238402396
B1440114515360N00554636EA0238402396
B1440124515365N00554640EA0238302395
B1440134515369N00554643EA0238202394
B1440144515374N00554647EA0238102393
B1440154515378N00554651EA0238002392
B1440164515383N00554654EA0237902391
B1440174515387N00554658EA0237802390
B1440184515392N00554661EA0237702389
B1440194515396N00554665EA0237502387
B1440204515401N00554668EA0237402386
B1440214515405N00554671EA0237302385
B1440224515410N00554675EA0237202384
B1440234515415N00554678EA0237102383
B1440244515419N00554681EA0237002382
B1440254515424N00554684EA0236902381
B1440264515429N00554687EA0236802380
B1440274515433N00554690EA0236702379
B1440284515438N00554693EA0236602378
B1440294515443N00554695EA0236502377
B1440304515448N00554698EA0236302375
B1440314515453N00554700EA0236202374
B1440324515458N00554703EA0236202374
B1440334515463N00554705EA0236002372
B1440344515467N00554708EA0236002372
B1440354515472N00554710EA0235902371
B1440364515477N00554712EA0235802370
B1440374515482N00554714EA0235702369
B1440384515487N00554716EA0235602368
B1440394515492N00554719EA0235602368
B1440404515497N00554721EA0235402366
B1440414515502N00554723EA0235402366
B1440424515507N00554725EA0235302365
B1440434515512N00554727EA0235202364
B1440444515517N00554729EA0235102363
B1440454515522N00554731EA0234902361
B1440464515527N00554733EA0234802360
B1440474515532N00554735EA0234702359
B1440484515537N00554737EA0234602358
B1440494515542N00554739EA0234602358
B1440504515547N00554741EA0234502357
B1440514515552N00554743EA0234402356
B1440524515557N00554745EA0234302355
B1440534515562N00554748EA0234202354
B1440544515567N00554750EA0234102353
B1440554515572N00554752EA0234002352
B1440564515577N00554755EA0233902351
B1440574515582N00554757EA0233902351
B1440584515587N00554759EA0233802350
B1440594515592N00554762EA0233802350
B1441004515597N00554764EA0233602348
B1441014515602N00554766EA0233502347
B1441024515607N00554769EA0233402346
B1441034515612N00554771EA0233202344
B1441044515617N00554773EA0233102343
B1441054515621N00554776EA0233002342
B1441064515626N00554779EA0232902341
B1441074515631N00554781EA0232802340
B1441084515636N00554784EA0232702339
B1441094515641N00554787EA0232502337
B1441104515645N00554790EA0232402336
B1441114515650N00554793EA0232302335
B1441124515655N00554795EA0232202334
B1441134515660N00554798EA0232102333
B1441144515665N00554801EA0231902331
B1441154515669N00554803EA0231902331
B1441164515674N00554806EA0231802330
B1441174515679N00554809EA0231602328
B1441184515684N00554812EA0231502327
B1441194515689N00554814EA0231502327
B1441204515694N00554816EA0231302325
B1441214515699N00554819EA0231202324
B1441224515704N00554821EA0231102323
B1441234515708N00554824EA0231002322
B1441244515713N00554826EA0231002322
B1441254515718N00554829EA0230902321
B1441264515723N00554832EA0230802320
B1441274515728N00554834EA0230702319
B1441284515733N00554837EA0230602318
B1441294515737N00554839EA0230502317
B1441304515742N00554842EA0230402316
B1441314515747N00554844EA0230302315
B1441324515752N00554847EA0230202314
B1441334515757N00554849EA0230202314
B1441344515762N00554851EA0230002312
B1441354515767N00554854EA0230002312
B1441364515772N00554857EA0229902311
B1441374515776N00554860EA0229802310
B1441384515781N00554863EA0229702309
B1441394515786N00554865EA0229602308
B1441404515791N00554868EA0229502307
B1441414515796N00554870EA0229402306
B1441424515801N00554873EA0229402306
B1441434515805N00554876EA0229202304
B1441444515810N00554878EA0229102303
B1441454515814N00554882EA0229402306
B1441464515816N00554888EA0229602308
B1441474515817N00554894EA0229802310
B1441484515817N00554900EA0230102313
B1441494515815N00554906EA0230302315
B1441504515812N00554911EA0230502317
B1441514515808N00554915EA0230702319
B1441524515804N00554917EA0230902321
B1441534515799N00554916EA0231202324
B1441544515794N00554914EA0231402326
B1441554515790N00554910EA0231602328
B1441564515787N00554904EA0231802330
B1441574515785N00554897EA0232102333
B1441584515784N00554890EA0232302335
B1441594515785N00554883EA0232402336
B1442004515787N00554876EA0232702339
B1442014515791N00554871EA0233002342
B1442024515795N00554867EA0233302345
B1442034515800N00554866EA0233502347
B1442044515804N00554866EA0233602348
B1442054515809N00554869EA0233902351
B1442064515812N00554873EA0234202354
B1442074515815N00554878EA0234502357
B1442084515816N00554884EA0234602358
B1442094515815N00554891EA0234802360
B1442104515813N00554897EA0235002362
B1442114515810N00554902EA0235302365
B1442124515806N00554905EA0235402366
B1442134515802N00554907EA0235502367
B1442144515797N00554906EA0235702369
B1442154515792N00554904EA0236102373
B1442164515788N00554900EA0236302375
B1442174515785N00554894EA0236502377
B1442184515783N00554887EA0236802380
B1442194515782N00554880EA0236902381
B1442204515783N00554872EA0237202384
B1442214515786N00554866EA0237402386
B1442224515789N00554861EA0237802390
B1442234515793N00554857EA0238002392
B1442244515798N00554856EA0238302395
B1442254515803N00554856EA0238502397
B1442264515807N00554859EA0238702399
B1442274515811N00554863EA0239002402
B1442284515813N00554869EA0239402406
B1442294515814N00554875EA0239602408
B1442304515813N00554881EA0239702409
B1442314515812N00554887EA0240102413
B1442324515808N00554892EA0240102413
B1442334515804N00554896EA0240402416
B1442344515800N00554897EA0240702419
B1442354515795N00554897EA0240902421
B1442364515790N00554894EA0241202424
B1442374515786N00554890EA0241402426
B1442384515783N00554884EA0241702429
B1442394515781N00554877EA0241902431
B1442404515781N00554869EA0242102433
B1442414515782N00554862EA0242102433
B1442424515784N00554856EA0242402436
B1442434515788N00554851EA0242602438
B1442444515792N00554847EA0243002442
B1442454515797N00554846EA0243302445
B1442464515801N00554847EA0243602448
B1442474515806N00554849EA0243902451
B1442484515809N00554854EA0244002452
B1442494515811N00554859EA0244302455
B1442504515812N00554865EA0244402456
B1442514515812N00554872EA0244602458
B1442524515810N00554878EA0244902461
B1442534515806N00554883EA0245102463
B1442544515802N00554886EA0245302465
B1442554515797N00554887EA0245502467
B1442564515793N00554887EA0245702469
B1442574515788N00554884EA0246002472
B1442584515784N00554879EA0246302475
B1442594515781N00554873EA0246602478
B1443004515779N00554866EA0246702479
B1443014515779N00554859EA0247002482
B1443024515780N00554852EA0247202484
B1443034515782N00554846EA0247402486
B1443044515786N00554841EA0247502487
B1443054515790N00554837EA0247802490
B1443064515795N00554836EA0247902491
B1443074515800N00554837EA0248202494
B1443084515804N00554840EA0248302495
B1443094515807N00554844EA0248602498
B1443104515810N00554850EA0248802500
B1443114515810N00554856EA0248902501
B1443124515810N00554862EA0249202504
B1443134515808N00554868EA0249502507
B1443144515804N00554873EA0249802510
B1443154515800N00554876EA0250002512
B1443164515795N00554877EA0250202514
B1443174515790N00554877EA0250402516
B1443184515786N00554874EA0250502517
B1443194515782N00554869EA0250802520
B1443204515779N00554863EA0251002522
B1443214515777N00554856EA0251402526
B1443224515777N00554849EA0251702529
B1443234515778N00554842EA0252002532
B1443244515781N00554835EA0252202534
B1443254515784N00554830EA0252302535
B1443264515789N00554827EA0252602538
B1443274515794N00554826EA0252902541
B1443284515798N00554827EA0253202544
B1443294515802N00554830EA0253402546
B1443304515806N00554834EA0253602548
B1443314515808N00554840EA0253902551
B1443324515809N00554846EA0254102553
B1443334515808N00554853EA0254202554
B1443344515806N00554859EA0254302555
B1443354515802N00554863EA0254602558
B1443364515798N00554866EA0254802560
B1443374515793N00554867EA0255002562
B1443384515788N00554867EA0255102563
B1443394515784N00554864EA0255302565
B1443404515780N00554859EA0255702569
B1443414515777N00554853EA0255802570
B1443424515775N00554846EA0256202574
B1443434515775N00554838EA0256402576
B1443444515777N00554831EA0256402576
B1443454515779N00554825EA0256802580
B1443464515783N00554820EA0256902581
B1443474515787N00554817EA0257102583
B1443484515792N00554816EA0257402586
B1443494515797N00554817EA0257602588
B1443504515801N00554820EA0257902591
B1443514515804N00554825EA0258102593
B1443524515806N00554831EA0258402596
B1443534515807N00554837EA0258602598
B1443544515806N00554843EA0258802600
B1443554515804N00554849EA0259002602
B1443564515800N00554854EA0259202604
B1443574515796N00554857EA0259302605
B1443584515791N00554858EA0259502607
B1443594515786N00554857EA0259902611
B1444004515782N00554854EA0260102613
B1444014515778N00554849EA0260302615
B1444024515775N00554843EA0260502617
B1444034515774N00554836EA0260702619
B1444044515774N00554828EA0260802620
B1444054515775N00554821EA0261102623
B1444064515778N00554815EA0261302625
B1444074515781N00554810EA0261602628
B1444084515786N00554807EA0261902631
B1444094515791N00554806EA0262202634
B1444104515795N00554808EA0262502637
B1444114515799N00554811EA0262702639
B1444124515802N00554815EA0262902641
B1444134515804N00554821EA0263102643
B1444144515805N00554827EA0263202644
B1444154515804N00554834EA0263502647
B1444164515802N00554839EA0263802650
B1444174515798N00554844EA0264002652
B1444184515794N00554847EA0264302655
B1444194515789N00554848EA0264502657
B1444204515784N00554847EA0264802660
B1444214515780N00554843EA0265102663
B1444224515776N00554839EA0265402666
B1444234515773N00554832EA0265502667
B1444244515772N00554825EA0265802670
B1444254515772N00554818EA0266002672
B1444264515773N00554811EA0266202674
B1444274515776N00554805EA0266502677
B1444284515780N00554800EA0266702679
B1444294515784N00554797EA0267002682
B1444304515789N00554797EA0267202684
B1444314515794N00554798EA0267502687
B1444324515798N00554801EA0267702689
B1444334515801N00554806EA0268002692
B1444344515803N00554811EA0268202694
B1444354515803N00554818EA0268502697
B1444364515802N00554824EA0268902701
B1444374515800N00554830EA0269102703
B1444384515796N00554834EA0269302705
B1444394515792N00554837EA0269602708
B1444404515787N00554838EA0269802710
B1444414515782N00554837EA0270002712
B1444424515778N00554833EA0270302715
B1444434515774N00554828EA0270402716
B1444444515771N00554822EA0270502717
B1444454515770N00554815EA0270702719
B1444464515770N00554808EA0271002722
B1444474515772N00554801EA0271202724
B1444484515774N00554795EA0271402726
B1444494515778N00554790EA0271602728
B1444504515783N00554787EA0271802730
B1444514515787N00554787EA0272002732
B1444524515792N00554788EA0272202734
B1444534515796N00554791EA0272502737
B1444544515799N00554796EA0272902741
B1444554515801N00554802EA0273102743
B1444564515801N00554808EA0273402746
B1444574515800N00554815EA0273502747
B1444584515798N00554820EA0273602748
B1444594515794N00554825EA0273802750
B1445004515790N00554827EA0274102753
B1445014515785N00554828EA0274302755
B1445024515780N00554827EA0274502757
B1445034515776N00554823EA0274702759
B1445044515772N00554818EA0274902761
B1445054515769N00554812EA0275102763
B1445064515768N00554805EA0275402766
B1445074515768N00554797EA0275602768
B1445084515770N00554790EA0275802770
B1445094515773N00554784EA0276102773
B1445104515777N00554780EA0276202774
B1445114515781N00554777EA0276502777
B1445124515786N00554777EA0276802780
B1445134515791N00554778EA0277002782
B1445144515794N00554782EA0277202784
B1445154515797N00554786EA0277402786
B1445164515799N00554792EA0277702789
B1445174515800N00554799EA0277802790
B1445184515798N00554805EA0278002792
B1445194515796N00554811EA0278302795
B1445204515792N00554815EA0278402796
B1445214515788N00554817EA0278802800
B1445224515783N00554818EA0279002802
B1445234515778N00554817EA0279302805
B1445244515774N00554813EA0279602808
B1445254515770N00554808EA0279702809
B1445264515767N00554802EA0279902811
B1445274515766N00554794EA0280002812
B1445284515767N00554787EA0280302815
B1445294515768N00554780EA0280502817
B1445304515771N00554774EA0280602818
B1445314515775N00554770EA0280902821
B1445324515780N00554767EA0281202824
B1445334515784N00554767EA0281402826
B1445344515789N00554769EA0281702829
B1445354515793N00554772EA0281902831
B1445364515796N00554777EA0282002832
B1445374515797N00554783EA0282302835
B1445384515798N00554789EA0282502837
B1445394515797N00554795EA0282702839
B1445404515794N00554801EA0282902841
B1445414515790N00554805EA0283202844
B1445424515786N00554808EA0283502847
B1445434515781N00554808EA0283702849
B1445444515776N00554807EA0283902851
B1445454515772N00554803EA0284302855
B1445464515768N00554798EA0284502857
B1445474515766N00554791EA0284802860
B1445484515764N00554784EA0285102863
B1445494515765N00554777EA0285302865
B1445504515767N00554770EA0285602868
B1445514515770N00554764EA0285802870
B1445524515774N00554760EA0286002872
B1445534515778N00554757EA0286202874
B1445544515783N00554757EA0286402876
B1445554515787N00554759EA0286602878
B1445564515791N00554762EA0286902881
B1445574515794N00554767EA0287102883
B1445584515796N00554773EA0287302885
B1445594515796N00554780EA0287502887
B1446004515795N00554786EA0287902891
B1446014515792N00554791EA0288102893
B1446024515788N00554795EA0288402896
B1446034515784N00554798EA0288602898
B1446044515779N00554798EA0288802900
B1446054515774N00554796EA0289102903
B1446064515770N00554793EA0289302905
B1446074515765N00554789EA0289202904
B1446084515760N00554785EA0289202904
B1446094515755N00554781EA0289002902
B1446104515750N00554776EA0289002902
B1446114515746N00554772EA0288802900
B1446124515741N00554768EA0288702899
B1446134515736N00554763EA0288602898
B1446144515731N00554759EA0288502897
B1446154515727N00554754EA0288402896
B1446164515722N00554750EA0288302895
B1446174515717N00554746EA0288202894
B1446184515713N00554741EA0288102893
B1446194515708N00554737EA0288002892
B1446204515703N00554732EA0287902891
B1446214515699N00554728EA0287702889
B1446224515694N00554723EA0287502887
B1446234515689N00554718EA0287402886
B1446244515685N00554714EA0287202884
B1446254515680N00554710EA0287102883
B1446264515675N00554706EA0287102883
B1446274515670N00554701EA0287002882
B1446284515666N00554697EA0286902881
B1446294515661N00554692EA0286802880
B1446304515656N00554688EA0286702879
B1446314515652N00554683EA0286702879
B1446324515647N00554679EA0286602878
B1446334515642N00554674EA0286502877
B1446344515638N00554670EA0286402876
B1446354515633N00554666EA0286302875
B1446364515628N00554661EA0286102873
B1446374515623N00554657EA0286002872
B1446384515619N00554652EA0285902871
B1446394515614N00554648EA0285702869
B1446404515609N00554643EA0285602868
B1446414515605N00554639EA0285402866
B1446424515600N00554634EA0285402866
B1446434515595N00554630EA0285202864
B1446444515591N00554625EA0285202864
B1446454515586N00554621EA0285102863
B1446464515581N00554616EA0285002862
B1446474515577N00554611EA0284902861
B1446484515572N00554606EA0284802860
B1446494515568N00554602EA0284602858
B1446504515563N00554597EA0284602858
B1446514515559N00554592EA0284502857
B1446524515555N00554587EA0284502857
B1446534515550N00554582EA0284402856
B1446544515545N00554577EA0284202854
B1446554515541N00554572EA0284002852
B1446564515537N00554567EA0283902851
B1446574515532N00554562EA0283802850
B1446584515528N00554557EA0283602848
B1446594515524N00554552EA0283502847
B1447004515519N00554547EA0283302845
B1447014515515N00554542EA0283202844
B1447024515510N00554537EA0283102843
B1447034515506N00554532EA0283002842
B1447044515501N00554527EA0282902841
B1447054515497N00554522EA0282802840
B1447064515493N00554517EA0282702839
B1447074515488N00554512EA0282602838
B1447084515484N00554507EA0282502837
B1447094515479N00554502EA0282402836
B1447104515475N00554497EA0282302835
B1447114515470N00554492EA0282102833
B1447124515466N00554487EA0282002832
B1447134515461N00554482EA0281902831
B1447144515457N00554477EA0281702829
B1447154515453N00554472EA0281602828
B1447164515448N00554467EA0281502827
B1447174515444N00554462EA0281302825
B1447184515439N00554457EA0281202824
B1447194515434N00554453EA0281102823
B1447204515430N00554448EA0281002822
B1447214515425N00554443EA0280902821
B1447224515421N00554438EA0280802820
B1447234515416N00554433EA0280802820
B1447244515412N00554429EA0280602818
B1447254515407N00554424EA0280602818
B1447264515403N00554419EA0280402816
B1447274515398N00554415EA0280302815
B1447284515393N00554410EA0280202814
B1447294515389N00554405EA0280102813
B1447304515384N00554401EA0280002812
B1447314515379N00554396EA0279902811
B1447324515375N00554392EA0279802810
B1447334515370N00554388EA0279602808
B1447344515365N00554383EA0279502807
B1447354515361N00554379EA0279402806
B1447364515356N00554374EA0279302805
B1447374515351N00554370EA0279202804
B1447384515346N00554366EA0279202804
B1447394515341N00554362EA0279102803
B1447404515337N00554358EA0279002802
B1447414515332N00554354EA0278902801
B1447424515327N00554350EA0278802800
B1447434515322N00554346EA0278702799
B1447444515317N00554342EA0278502797
B1447454515312N00554338EA0278402796
B1447464515307N00554334EA0278302795
B1447474515302N00554330EA0278202794
B1447484515298N00554326EA0278002792
B1447494515293N00554322EA0277902791
B1447504515288N00554317EA0277802790
B1447514515283N00554313EA0277702789
B1447524515279N00554309EA0277602788
B1447534515274N00554304EA0277502787
B1447544515269N00554300EA0277502787
B1447554515265N00554295EA0277302785
B1447564515260N00554291EA0277202784
B1447574515255N00554286EA0277102783
B1447584515250N00554282EA0277002782
B1447594515246N00554278EA0276902781
B1448004515241N00554274EA0276802780
B1448014515236N00554269EA0276702779
B1448024515231N00554265EA0276502777
B1448034515226N00554261EA0276402776
B1448044515222N00554257EA0276302775
B1448054515217N00554253EA0276202774
B1448064515212N00554249EA0276102773
B1448074515207N00554245EA0276002772
B1448084515202N00554240EA0276002772
B1448094515198N00554236EA0275902771
B1448104515193N00554232EA0275802770
B1448114515188N00554228EA0275702769
B1448124515183N00554223EA0275702769
B1448134515178N00554219EA0275702769
B1448144515174N00554215EA0275502767
B1448154515169N00554211EA0275402766
B1448164515164N00554207EA0275302765
B1448174515159N00554203EA0275302765
B1448184515154N00554199EA0275202764
B1448194515149N00554195EA0275002762
B1448204515144N00554191EA0274802760
B1448214515139N00554187EA0274702759
B1448224515135N00554183EA0274602758
B1448234515130N00554179EA0274402756
B1448244515125N00554176EA0274402756
B1448254515120N00554172EA0274302755
B1448264515115N00554168EA0274202754
B1448274515110N00554165EA0274002752
B1448284515105N00554161EA0273902751
B1448294515100N00554157EA0273802750
B1448304515095N00554153EA0273802750
B1448314515090N00554149EA0273702749
B1448324515085N00554145EA0273602748
B1448334515080N00554141EA0273502747
B1448344515075N00554137EA0273402746
B1448354515071N00554133EA0273302745
B1448364515066N00554130EA0273202744
B1448374515061N00554126EA0273202744
B1448384515056N00554122EA0273002742
B1448394515051N00554118EA0272902741
B1448404515046N00554114EA0272802740
B1448414515041N00554111EA0272702739
B1448424515036N00554107EA0272602738
B1448434515031N00554103EA0272502737
B1448444515026N00554099EA0272302735
B1448454515021N00554096EA0272302735
B1448464515016N00554092EA0272102733
B1448474515011N00554088EA0272002732
B1448484515006N00554085EA0272002732
B1448494515001N00554081EA0271802730
B1448504514996N00554077EA0271602728
B1448514514991N00554074EA0271502727
B1448524514986N00554070EA0271402726
B1448534514981N00554066EA0271202724
B1448544514976N00554063EA0271102723
B1448554514971N00554059EA0271002722
B1448564514966N00554055EA0270802720
B1448574514961N00554052EA0270802720
B1448584514956N00554049EA0270602718
B1448594514951N00554045EA0270502717
B1449004514946N00554042EA0270402716
B1449014514941N00554039EA0270302715
B1449024514936N00554035EA0270302715
B1449034514931N00554032EA0270102713
B1449044514926N00554028EA0270002712
B1449054514921N00554024EA0269802710
B1449064514916N00554021EA0269802710
B1449074514911N00554017EA0269702709
B1449084514906N00554014EA0269602708
B1449094514901N00554011EA0269502707
B1449104514895N00554007EA0269402706
B1449114514890N00554004EA0269302705
B1449124514885N00554000EA0269202704
B1449134514880N00553997EA0269002702
B1449144514875N00553994EA0268902701
B1449154514870N00553991EA0268802700
B1449164514865N00553988EA0268702699
B1449174514860N00553985EA0268502697
B1449184514854N00553982EA0268402696
B1449194514849N00553979EA0268302695
B1449204514844N00553976EA0268202694
B1449214514839N00553972EA0268102693
B1449224514834N00553969EA0268002692
B1449234514829N00553966EA0267902691
B1449244514824N00553963EA0267702689
B1449254514819N00553960EA0267602688
B1449264514813N00553956EA0267602688
B1449274514808N00553953EA0267502687
B1449284514803N00553950EA0267302685
B1449294514798N00553946EA0267202684
B1449304514793N00553943EA0267102683
B1449314514788N00553939EA0267102683
B1449324514783N00553936EA0266802680
B1449334514778N00553932EA0266602678
B1449344514773N00553928EA0266502677
B1449354514768N00553925EA0266302675
B1449364514763N00553921EA0266202674
B1449374514758N00553917EA0266102673
B1449384514753N00553914EA0265902671
B1449394514748N00553910EA0265902671
B1449404514743N00553906EA0265702669
B1449414514738N00553902EA0265602668
B1449424514734N00553898EA0265402666
B1449434514729N00553895EA0265302665
B1449444514724N00553891EA0265102663
B1449454514719N00553888EA0265002662
B1449464514713N00553884EA0264902661
B1449474514708N00553881EA0264802660
B1449484514703N00553877EA0264702659
B1449494514698N00553874EA0264602658
B1449504514693N00553871EA0264402656
B1449514514688N00553867EA0264302655
B1449524514683N00553864EA0264202654
B1449534514678N00553861EA0264102653
B1449544514673N00553857EA0263902651
B1449554514668N00553854EA0263902651
B1449564514662N00553851EA0263802650
B1449574514657N00553849EA0263602648
B1449584514652N00553846EA0263602648
B1449594514647N00553843EA0263402646
B1450004514642N00553840EA0263302645
B1450014514636N00553838EA0263202644
B1450024514631N00553835EA0263102643
B1450034514627N00553830EA0263302645
B1450044514624N00553824EA0263502647
B1450054514622N00553818EA0263702649
B1450064514622N00553810EA0263802650
B1450074514623N00553803EA0263902651
B1450084514625N00553797EA0263802650
B1450094514629N00553792EA0263902651
B1450104514633N00553788EA0263902651
B1450114514638N00553787EA0263902651
B1450124514642N00553787EA0264002652
B1450134514647N00553790EA0264202654
B1450144514650N00553794EA0264302655
B1450154514652N00553800EA0264502657
B1450164514653N00553806EA0264602658
B1450174514653N00553812EA0264802660
B1450184514651N00553818EA0265002662
B1450194514648N00553823EA0265202664
B1450204514643N00553827EA0265302665
B1450214514639N00553828EA0265502667
B1450224514634N00553827EA0265702669
B1450234514629N00553825EA0265802670
B1450244514625N00553820EA0265902671
B1450254514622N00553814EA0266002672
B1450264514620N00553807EA0266102673
B1450274514620N00553800EA0266202674
B1450284514621N00553793EA0266202674
B1450294514624N00553786EA0266302675
B1450304514627N00553781EA0266302675
B1450314514631N00553778EA0266502677
B1450324514636N00553777EA0266502677
B1450334514641N00553778EA0266602678
B1450344514645N00553780EA0266702679
B1450354514648N00553785EA0266902681
B1450364514651N00553790EA0266902681
B1450374514651N00553797EA0267002682
B1450384514651N00553803EA0267202684
B1450394514649N00553809EA0267202684
B1450404514646N00553814EA0267302685
B1450414514641N00553817EA0267502687
B1450424514637N00553818EA0267602688
B1450434514632N00553817EA0267602688
B1450444514627N00553815EA0267702689
B1450454514623N00553810EA0267802690
B1450464514620N00553804EA0267902691
B1450474514618N00553797EA0267902691
B1450484514618N00553790EA0267902691
B1450494514619N00553782EA0268002692
B1450504514622N00553776EA0268102693
B1450514514626N00553771EA0268102693
B1450524514630N00553768EA0268302695
B1450534514635N00553767EA0268302695
B1450544514639N00553768EA0268302695
B1450554514643N00553771EA0268502697
B1450564514647N00553775EA0268602698
B1450574514649N00553781EA0268702699
B1450584514650N00553787EA0268702699
B1450594514649N00553793EA0268902701
B1451004514647N00553799EA0268902701
B1451014514644N00553804EA0269002702
B1451024514639N00553807EA0269102703
B1451034514635N00553808EA0269202704
B1451044514630N00553807EA0269402706
B1451054514625N00553804EA0269602708
B1451064514621N00553800EA0269602708
B1451074514618N00553794EA0269702709
B1451084514617N00553787EA0269902711
B1451094514616N00553779EA0270002712
B1451104514618N00553772EA0270102713
B1451114514620N00553766EA0270202714
B1451124514624N00553761EA0270202714
B1451134514628N00553758EA0270302715
B1451144514633N00553757EA0270502717
B1451154514638N00553758EA0270502717
B1451164514642N00553761EA0270602718
B1451174514645N00553765EA0270702719
B1451184514647N00553771EA0270802720
B1451194514648N00553778EA0270802720
B1451204514647N00553784EA0270902721
B1451214514645N00553790EA0270902721
B1451224514642N00553794EA0271002722
B1451234514637N00553797EA0271002722
B1451244514632N00553798EA0271102723
B1451254514628N00553797EA0271202724
B1451264514623N00553794EA0271302725
B1451274514619N00553790EA0271402726
B1451284514616N00553783EA0271602728
B1451294514615N00553776EA0271702729
B1451304514615N00553769EA0271702729
B1451314514616N00553762EA0271802730
B1451324514619N00553756EA0271902731
B1451334514622N00553751EA0271902731
B1451344514627N00553748EA0272202734
B1451354514632N00553747EA0272302735
B1451364514636N00553748EA0272402736
B1451374514640N00553751EA0272602738
B1451384514644N00553756EA0272702739
B1451394514645N00553762EA0272902741
B1451404514646N00553768EA0273002742
B1451414514645N00553774EA0273102743
B1451424514643N00553780EA0273302745
B1451434514640N00553785EA0273402746
B1451444514635N00553787EA0273502747
B1451454514630N00553788EA0273702749
B1451464514626N00553787EA0273802750
B1451474514621N00553784EA0273902751
B1451484514617N00553779EA0273902751
B1451494514614N00553773EA0273902751
B1451504514613N00553766EA0274002752
B1451514514613N00553759EA0274102753
B1451524514614N00553752EA0274102753
B1451534514617N00553746EA0274302755
B1451544514621N00553741EA0274402756
B1451554514625N00553738EA0274402756
B1451564514630N00553737EA0274502757
B1451574514635N00553738EA0274602758
B1451584514639N00553742EA0274802760
B1451594514642N00553746EA0274902761
B1452004514644N00553752EA0275002762
B1452014514644N00553758EA0275202764
B1452024514643N00553765EA0275402766
B1452034514641N00553770EA0275302765
B1452044514638N00553775EA0275602768
B1452054514633N00553778EA0275602768
B1452064514628N00553779EA0275802770
B1452074514623N00553777EA0275802770
B1452084514619N00553774EA0276002772
B1452094514615N00553769EA0276202774
B1452104514612N00553763EA0276202774
B1452114514611N00553756EA0276402776
B1452124514611N00553748EA0276602778
B1452134514613N00553741EA0276602778
B1452144514615N00553735EA0276802780
B1452154514619N00553731EA0277102783
B1452164514624N00553728EA0277202784
B1452174514629N00553727EA0277202784
B1452184514633N00553729EA0277302785
B1452194514637N00553732EA0277402786
B1452204514640N00553737EA0277502787
B1452214514642N00553743EA0277602788
B1452224514642N00553749EA0277802790
B1452234514641N00553755EA0277902791
B1452244514639N00553761EA0278102793
B1452254514636N00553765EA0278302795
B1452264514631N00553768EA0278402796
B1452274514626N00553769EA0278602798
B1452284514621N00553767EA0278702799
B1452294514617N00553764EA0278902801
B1452304514613N00553759EA0279002802
B1452314514611N00553753EA0279002802
B1452324514609N00553746EA0279002802
B1452334514609N00553738EA0279202804
B1452344514611N00553731EA0279302805
B1452354514614N00553725EA0279302805
B1452364514618N00553721EA0279402806
B1452374514622N00553718EA0279502807
B1452384514627N00553718EA0279502807
B1452394514632N00553719EA0279502807
B1452404514636N00553722EA0279602808
B1452414514639N00553727EA0279802810
B1452424514640N00553733EA0280002812
B1452434514641N00553739EA0280002812
B1452444514640N00553746EA0280102813
B1452454514637N00553751EA0280202814
B1452464514634N00553756EA0280402816
B1452474514629N00553758EA0280502817
B1452484514624N00553759EA0280602818
B1452494514619N00553757EA0280702819
B1452504514615N00553754EA0280602818
B1452514514611N00553749EA0280802820
B1452524514609N00553742EA0281002822
B1452534514607N00553735EA0281102823
B1452544514608N00553728EA0281202824
B1452554514609N00553721EA0281302825
B1452564514612N00553715EA0281502827
B1452574514616N00553711EA0281502827
B1452584514621N00553708EA0281702829
B1452594514625N00553708EA0281902831
B1453004514630N00553709EA0282002832
B1453014514634N00553713EA0282102833
B1453024514637N00553718EA0282202834
B1453034514639N00553723EA0282202834
B1453044514639N00553730EA0282202834
B1453054514638N00553736EA0282302835
B1453064514635N00553742EA0282502837
B1453074514632N00553746EA0282602838
B1453084514627N00553748EA0282702839
B1453094514622N00553749EA0282802840
B1453104514617N00553747EA0282902841
B1453114514613N00553744EA0283002842
B1453124514609N00553739EA0283202844
B1453134514607N00553732EA0283302845
B1453144514606N00553725EA0283302845
B1453154514606N00553718EA0283502847
B1453164514608N00553711EA0283602848
B1453174514611N00553705EA0283802850
B1453184514615N00553701EA0283802850
B1453194514619N00553698EA0283902851
B1453204514624N00553698EA0284002852
B1453214514628N00553699EA0284202854
B1453224514632N00553703EA0284302855
B1453234514635N00553708EA0284502857
B1453244514637N00553714EA0284602858
B1453254514637N00553720EA0284802860
B1453264514636N00553727EA0284802860
B1453274514633N00553732EA0284902861
B1453284514629N00553736EA0285002862
B1453294514625N00553739EA0285202864
B1453304514620N00553739EA0285302865
B1453314514615N00553737EA0285402866
B1453324514611N00553734EA0285502867
B1453334514607N00553728EA0285602868
B1453344514605N00553722EA0285702869
B1453354514604N00553715EA0285902871
B1453364514604N00553707EA0286102873
B1453374514606N00553700EA0286202874
B1453384514609N00553695EA0286402876
B1453394514613N00553691EA0286402876
B1453404514618N00553688EA0286502877
B1453414514622N00553688EA0286602878
B1453424514627N00553690EA0286602878
B1453434514631N00553693EA0286702879
B1453444514634N00553698EA0286902881
B1453454514635N00553704EA0286902881
B1453464514635N00553711EA0287002882
B1453474514634N00553717EA0287102883
B1453484514631N00553722EA0287202884
B1453494514628N00553728EA0287102883
B1453504514625N00553735EA0286902881
B1453514514623N00553741EA0286702879
B1453524514620N00553747EA0286602878
B1453534514617N00553753EA0286502877
B1453544514614N00553759EA0286302875
B1453554514611N00553765EA0286302875
B1453564514608N00553771EA0286202874
B1453574514605N00553777EA0286102873
B1453584514602N00553783EA0286002872
B1453594514599N00553789EA0285902871
B1454004514596N00553795EA0285802870
B1454014514593N00553801EA0285702869
B1454024514590N00553807EA0285702869
B1454034514588N00553813EA0285502867
B1454044514585N00553819EA0285502867
B1454054514582N00553826EA0285402866
B1454064514580N00553832EA0285302865
B1454074514577N00553838EA0285202864
B1454084514574N00553844EA0285002862
B1454094514571N00553851EA0284902861
B1454104514569N00553857EA0284802860
B1454114514566N00553863EA0284702859
B1454124514563N00553869EA0284502857
B1454134514560N00553875EA0284402856
B1454144514557N00553881EA0284202854
B1454154514554N00553887EA0284102853
B1454164514551N00553893EA0284102853
B1454174514548N00553899EA0283902851
B1454184514546N00553906EA0283802850
B1454194514543N00553912EA0283702849
B1454204514540N00553918EA0283602848
B1454214514538N00553924EA0283502847
B1454224514536N00553931EA0283402846
B1454234514533N00553937EA0283302845
B1454244514531N00553944EA0283202844
B1454254514529N00553950EA0283002842
B1454264514526N00553957EA0282802840
B1454274514524N00553963EA0282702839
B1454284514521N00553970EA0282602838
B1454294514519N00553976EA0282402836
B1454304514516N00553983EA0282302835
B1454314514514N00553989EA0282202834
B1454324514512N00553995EA0282102833
B1454334514509N00554002EA0281902831
B1454344514506N00554008EA0281702829
B1454354514504N00554014EA0281602828
B1454364514501N00554021EA0281502827
B1454374514499N00554027EA0281402826
B1454384514496N00554033EA0281202824
B1454394514493N00554039EA0281102823
B1454404514490N00554046EA0281002822
B1454414514488N00554052EA0280902821
B1454424514485N00554058EA0280802820
B1454434514482N00554064EA0280602818
B1454444514479N00554070EA0280502817
B1454454514477N00554077EA0280402816
B1454464514474N00554083EA0280302815
B1454474514472N00554089EA0280202814
B1454484514469N00554096EA0280002812
B1454494514467N00554102EA0279902811
B1454504514464N00554108EA0279802810
B1454514514462N00554115EA0279702809
B1454524514459N00554121EA0279602808
B1454534514457N00554128EA0279402806
B1454544514455N00554134EA0279302805
B1454554514452N00554141EA0279202804
B1454564514450N00554147EA0279102803
B1454574514448N00554154EA0279002802
B1454584514446N00554161EA0278902801
B1454594514445N00554168EA0278802800
B1455004514443N00554175EA0278702799
B1455014514441N00554181EA0278602798
B1455024514439N00554188EA0278502797
B1455034514437N00554195EA0278402796
B1455044514435N00554202EA0278302795
B1455054514433N00554208EA0278202794
B1455064514431N00554215EA0278002792
B1455074514429N00554221EA0278002792
B1455084514427N00554228EA0277902791
B1455094514425N00554235EA0277802790
B1455104514423N00554241EA0277702789
B1455114514421N00554248EA0277702789
B1455124514419N00554255EA0277602788
B1455134514417N00554262EA0277502787
B1455144514415N00554268EA0277402786
B1455154514413N00554275EA0277302785
B1455164514411N00554282EA0277202784
B1455174514409N00554288EA0277102783
B1455184514407N00554295EA0277002782
B1455194514405N00554302EA0276902781
B1455204514403N00554308EA0276902781
B1455214514401N00554315EA0276702779
B1455224514398N00554321EA0276602778
B1455234514396N00554328EA0276402776
B1455244514394N00554334EA0276302775
B1455254514391N00554341EA0276202774
B1455264514389N00554347EA0276102773
B1455274514386N00554354EA0276002772
B1455284514384N00554360EA0275902771
B1455294514381N00554366EA0275802770
B1455304514378N00554372EA0275702769
B1455314514376N00554379EA0275702769
B1455324514373N00554385EA0275502767
B1455334514370N00554391EA0275402766
B1455344514368N00554398EA0275302765
B1455354514365N00554404EA0275202764
B1455364514362N00554410EA0275102763
B1455374514360N00554416EA0275002762
B1455384514357N00554422EA0275002762
B1455394514354N00554428EA0274902761
B1455404514351N00554435EA0274802760
B1455414514348N00554440EA0274702759
B1455424514345N00554446EA0274602758
B1455434514342N00554452EA0274502757
B1455444514339N00554458EA0274402756
B1455454514336N00554464EA0274302755
B1455464514333N00554470EA0274102753
B1455474514330N00554476EA0274002752
B1455484514327N00554482EA0273902751
B1455494514324N00554488EA0273902751
B1455504514321N00554494EA0273802750
B1455514514318N00554500EA0273702749
B1455524514316N00554507EA0273602748
B1455534514313N00554513EA0273502747
B1455544514310N00554519EA0273402746
B1455554514307N00554525EA0273302745
B1455564514304N00554531EA0273102743
B1455574514301N00554537EA0273002742
B1455584514299N00554543EA0272902741
B1455594514296N00554549EA0272802740
B1456004514293N00554556EA0272702739
B1456014514290N00554562EA0272602738
B1456024514288N00554568EA0272402736
B1456034514285N00554574EA0272302735
B1456044514282N00554580EA0272102733
B1456054514279N00554587EA0272002732
B1456064514277N00554593EA0271902731
B1456074514274N00554599EA0271802730
B1456084514271N00554605EA0271702729
B1456094514268N00554611EA0271702729
B1456104514266N00554618EA0271502727
B1456114514263N00554624EA0271402726
B1456124514261N00554630EA0271302725
B1456134514258N00554637EA0271202724
B1456144514255N00554643EA0271102723
B1456154514253N00554649EA0270902721
B1456164514250N00554656EA0270802720
B1456174514247N00554662EA0270602718
B1456184514244N00554668EA0270502717
B1456194514241N00554674EA0270502717
B1456204514238N00554680EA0270302715
B1456214514235N00554685EA0270202714
B1456224514232N00554691EA0270002712
B1456234514229N00554697EA0269802710
B1456244514226N00554703EA0269602708
B1456254514223N00554709EA0269502707
B1456264514219N00554714EA0269402706
B1456274514216N00554720EA0269302705
B1456284514213N00554726EA0269102703
B1456294514209N00554732EA0269002702
B1456304514206N00554737EA0268902701
B1456314514203N00554743EA0268702699
B1456324514200N00554749EA0268702699
B1456334514196N00554754EA0268602698
B1456344514193N00554760EA0268502697
B1456354514189N00554765EA0268402696
B1456364514186N00554771EA0268302695
B1456374514182N00554776EA0268202694
B1456384514179N00554782EA0268102693
B1456394514175N00554787EA0268002692
B1456404514172N00554793EA0267902691
B1456414514168N00554798EA0267802690
B1456424514165N00554803EA0267702689
B1456434514161N00554809EA0267502687
B1456444514158N00554814EA0267402686
B1456454514154N00554820EA0267302685
B1456464514151N00554825EA0267202684
B1456474514147N00554831EA0267002682
B1456484514144N00554836EA0266902681
B1456494514140N00554842EA0266702679
B1456504514137N00554847EA0266702679
B1456514514133N00554852EA0266502677
B1456524514130N00554858EA0266402676
B1456534514126N00554863EA0266302675
B1456544514123N00554869EA0266202674
B1456554514119N00554874EA0266002672
B1456564514115N00554879EA0265902671
B1456574514112N00554885EA0265802670
B1456584514108N00554890EA0265702669
B1456594514105N00554896EA0265602668
B1457004514101N00554901EA0265602668
B1457014514098N00554907EA0265402666
B1457024514094N00554912EA0265302665
B1457034514091N00554918EA0265202664
B1457044514088N00554923EA0265102663
B1457054514084N00554929EA0265002662
B1457064514081N00554935EA0264902661
B1457074514078N00554940EA0264802660
B1457084514074N00554944EA0264902661
B1457094514069N00554946EA0265102663
B1457104514064N00554946EA0265302665
B1457114514060N00554944EA0265502667
B1457124514055N00554940EA0265602668
B1457134514052N00554935EA0265802670
B1457144514050N00554928EA0265902671
B1457154514049N00554921EA0266002672
B1457164514050N00554913EA0266202674
B1457174514052N00554907EA0266302675
B1457184514055N00554901EA0266402676
B1457194514059N00554897EA0266602678
B1457204514064N00554895EA0266602678
B1457214514069N00554896EA0266702679
B1457224514073N00554898EA0266902681
B1457234514077N00554902EA0267002682
B1457244514079N00554907EA0267102683
B1457254514081N00554913EA0267302685
B1457264514080N00554920EA0267502687
B1457274514079N00554926EA0267502687
B1457284514076N00554931EA0267502687
B1457294514072N00554934EA0267702689
B1457304514067N00554936EA0267802690
B1457314514062N00554936EA0268002692
B1457324514058N00554934EA0268102693
B1457334514053N00554930EA0268202694
B1457344514050N00554924EA0268302695
B1457354514048N00554918EA0268402696
B1457364514047N00554910EA0268702699
B1457374514048N00554903EA0268802700
B1457384514050N00554896EA0268902701
B1457394514054N00554891EA0269002702
B1457404514058N00554887EA0269002702
B1457414514062N00554885EA0269102703
B1457424514067N00554886EA0269202704
B1457434514072N00554888EA0269302705
B1457444514075N00554892EA0269402706
B1457454514078N00554897EA0269402706
B1457464514079N00554904EA0269602708
B1457474514079N00554910EA0269702709
B1457484514077N00554916EA0269802710
B1457494514074N00554921EA0269902711
B1457504514070N00554925EA0270002712
B1457514514065N00554927EA0270102713
B1457524514060N00554926EA0270202714
B1457534514056N00554924EA0270302715
B1457544514051N00554920EA0270502717
B1457554514048N00554914EA0270602718
B1457564514046N00554907EA0270702719
B1457574514046N00554900EA0270702719
B1457584514046N00554893EA0270702719
B1457594514049N00554886EA0270902721
B1458004514052N00554881EA0271202724
B1458014514056N00554877EA0271302725
B1458024514061N00554876EA0271402726
B1458034514066N00554876EA0271602728
B1458044514070N00554878EA0271802730
B1458054514074N00554882EA0271902731
B1458064514076N00554888EA0272002732
B1458074514077N00554894EA0272002732
B1458084514077N00554901EA0272002732
B1458094514075N00554907EA0272302735
B1458104514072N00554912EA0272402736
B1458114514068N00554915EA0272702739
B1458124514063N00554917EA0272802740
B1458134514058N00554916EA0272902741
B1458144514053N00554914EA0273002742
B1458154514049N00554910EA0273002742
B1458164514046N00554904EA0273002742
B1458174514044N00554897EA0273202744
B1458184514044N00554890EA0273302745
B1458194514045N00554882EA0273302745
B1458204514047N00554876EA0273402746
B1458214514050N00554871EA0273602748
B1458224514055N00554867EA0273602748
B1458234514059N00554866EA0273802750
B1458244514064N00554866EA0273902751
B1458254514068N00554869EA0274002752
B1458264514072N00554873EA0274102753
B1458274514074N00554878EA0274202754
B1458284514075N00554885EA0274402756
B1458294514075N00554891EA0274402756
B1458304514073N00554897EA0274602758
B1458314514070N00554902EA0274702759
B1458324514066N00554905EA0274702759
B1458334514061N00554907EA0274802760
B1458344514056N00554906EA0274902761
B1458354514051N00554904EA0275002762
B1458364514047N00554899EA0275202764
B1458374514044N00554894EA0275402766
B1458384514042N00554887EA0275602768
B1458394514042N00554879EA0275602768
B1458404514043N00554872EA0275702769
B1458414514045N00554866EA0275902771
B1458424514049N00554861EA0276102773
B1458434514053N00554857EA0276202774
B1458444514058N00554856EA0276302775
B1458454514063N00554856EA0276402776
B1458464514067N00554859EA0276602778
B1458474514070N00554863EA0276702779
B1458484514073N00554869EA0276902781
B1458494514074N00554875EA0276902781
B1458504514073N00554881EA0277102783
B1458514514071N00554887EA0277202784
B1458524514068N00554892EA0277302785
B1458534514064N00554896EA0277402786
B1458544514059N00554897EA0277502787
B1458554514054N00554896EA0277702789
B1458564514049N00554894EA0277802790
B1458574514045N00554889EA0278002792
B1458584514042N00554883EA0278002792
B1458594514041N00554876EA0278302795
B1459004514040N00554869EA0278402796
B1459014514041N00554862EA0278502797
B1459024514044N00554856EA0278702799
B1459034514047N00554850EA0278802800
B1459044514052N00554847EA0279002802
B1459054514056N00554846EA0279102803
B1459064514061N00554847EA0279302805
B1459074514065N00554849EA0279502807
B1459084514069N00554854EA0279602808
B1459094514071N00554859EA0279702809
B1459104514072N00554866EA0279802810
B1459114514071N00554872EA0279802810
B1459124514069N00554878EA0280002812
B1459134514066N00554883EA0280102813
B1459144514062N00554886EA0280302815
B1459154514057N00554887EA0280402816
B1459164514052N00554886EA0280502817
B1459174514047N00554884EA0280602818
B1459184514043N00554879EA0280702819
B1459194514040N00554873EA0280802820
B1459204514039N00554866EA0280902821
B1459214514038N00554859EA0281002822
B1459224514040N00554852EA0281202824
B1459234514042N00554845EA0281202824
B1459244514046N00554840EA0281302825
B1459254514050N00554837EA0281402826
B1459264514055N00554836EA0281502827
B1459274514060N00554837EA0281602828
B1459284514064N00554840EA0281802830
B1459294514067N00554844EA0281802830
B1459304514069N00554850EA0281902831
B1459314514070N00554856EA0282002832
B1459324514069N00554862EA0282102833
B1459334514067N00554868EA0282102833
B1459344514064N00554873EA0282102833
B1459354514060N00554876EA0282302835
B1459364514055N00554877EA0282302835
B1459374514050N00554876EA0282402836
B1459384514045N00554874EA0282602838
B1459394514041N00554869EA0282602838
B1459404514038N00554863EA0282702839
B1459414514037N00554856EA0282802840
B1459424514037N00554848EA0282902841
B1459434514038N00554841EA0283002842
B1459444514041N00554835EA0283102843
B1459454514044N00554830EA0283202844
B1459464514049N00554827EA0283202844
B1459474514053N00554826EA0283302845
B1459484514058N00554827EA0283402846
B1459494514062N00554830EA0283602848
B1459504514065N00554834EA0283702849
B1459514514067N00554840EA0283702849
B1459524514068N00554846EA0283802850
B1459534514067N00554853EA0283902851
B1459544514065N00554859EA0283902851
B1459554514062N00554863EA0284002852
B1459564514058N00554866EA0284002852
B1459574514053N00554867EA0284102853
B1459584514048N00554866EA0284202854
B1459594514043N00554863EA0284302855
B1500004514039N00554859EA0284402856
B1500014514037N00554853EA0284602858
B1500024514035N00554846EA0284702859
B1500034514035N00554838EA0284902861
B1500044514036N00554831EA0285002862
B1500054514039N00554825EA0285102863
B1500064514043N00554820EA0285202864
B1500074514047N00554817EA0285402866
B1500084514052N00554816EA0285502867
B1500094514056N00554817EA0285802870
B1500104514061N00554820EA0286002872
B1500114514064N00554825EA0286102873
B1500124514066N00554831EA0286302875
B1500134514066N00554837EA0286402876
B1500144514066N00554843EA0286602878
B1500154514063N00554849EA0286702879
B1500164514060N00554854EA0286802880
B1500174514056N00554856EA0287002882
B1500184514051N00554857EA0287002882
B1500194514046N00554856EA0287102883
B1500204514041N00554853EA0287102883
B1500214514037N00554849EA0287202884
B1500224514035N00554842EA0287402886
B1500234514033N00554835EA0287502887
B1500244514033N00554828EA0287702889
B1500254514035N00554821EA0287802890
B1500264514037N00554815EA0287902891
B1500274514041N00554810EA0288002892
B1500284514046N00554807EA0288202894
B1500294514050N00554806EA0288202894
B1500304514055N00554807EA0288402896
B1500314514059N00554811EA0288502897
B1500324514062N00554815EA0288602898
B1500334514064N00554821EA0288702899
B1500344514065N00554827EA0288702899
B1500354514064N00554834EA0288802900
B1500364514063N00554841EA0288702899
B1500374514062N00554848EA0288702899
B1500384514061N00554855EA0288502897
B1500394514060N00554862EA0288402896
B1500404514059N00554869EA0288302895
B1500414514058N00554876EA0288202894
B1500424514058N00554884EA0288102893
B1500434514057N00554891EA0288002892
B1500444514056N00554898EA0287802890
B1500454514056N00554905EA0287702889
B1500464514055N00554912EA0287602888
B1500474514054N00554919EA0287402886
B1500484514053N00554926EA0287302885
B1500494514052N00554933EA0287102883
B1500504514052N00554941EA0287102883
B1500514514051N00554948EA0287002882
B1500524514050N00554955EA0286802880
B1500534514050N00554962EA0286802880
B1500544514049N00554969EA0286602878
B1500554514048N00554976EA0286502877
B1500564514048N00554983EA0286402876
B1500574514047N00554991EA0286302875
B1500584514046N00554998EA0286302875
B1500594514046N00555005EA0286202874
B1501004514045N00555012EA0286102873
B1501014514044N00555019EA0286002872
B1501024514043N00555026EA0285802870
B1501034514042N00555033EA0285702869
B1501044514041N00555040EA0285602868
B1501054514040N00555047EA0285402866
B1501064514039N00555055EA0285302865
B1501074514038N00555062EA0285202864
B1501084514038N00555069EA0285102863
B1501094514037N00555076EA0285002862
B1501104514036N00555083EA0284902861
B1501114514036N00555090EA0284902861
B1501124514035N00555097EA0284702859
B1501134514034N00555105EA0284602858
B1501144514034N00555112EA0284502857
B1501154514033N00555119EA0284402856
B1501164514033N00555126EA0284402856
B1501174514032N00555133EA0284202854
B1501184514031N00555140EA0284102853
B1501194514031N00555148EA0284002852
B1501204514030N00555155EA0283902851
B1501214514030N00555162EA0283802850
B1501224514029N00555169EA0283702849
B1501234514028N00555176EA0283602848
B1501244514028N00555183EA0283502847
B1501254514027N00555190EA0283402846
B1501264514026N00555198EA0283302845
B1501274514026N00555205EA0283302845
B1501284514025N00555212EA0283202844
B1501294514024N00555219EA0283102843
B1501304514024N00555226EA0283002842
B1501314514023N00555233EA0282902841
B1501324514022N00555240EA0282802840
B1501334514022N00555248EA0282702839
B1501344514021N00555255EA0282502837
B1501354514021N00555262EA0282302835
B1501364514020N00555269EA0282202834
B1501374514020N00555276EA0282002832
B1501384514020N00555283EA0281902831
B1501394514019N00555291EA0281802830
B1501404514019N00555298EA0281702829
B1501414514018N00555305EA0281602828
B1501424514018N00555312EA0281402826
B1501434514018N00555319EA0281302825
B1501444514017N00555327EA0281202824
B1501454514017N00555334EA0281102823
B1501464514016N00555341EA0281002822
B1501474514015N00555348EA0280902821
B1501484514015N00555355EA0280702819
B1501494514014N00555362EA0280602818
B1501504514013N00555369EA0280602818
B1501514514013N00555377EA0280502817
B1501524514012N00555384EA0280502817
B1501534514011N00555391EA0280402816
B1501544514010N00555398EA0280202814
B1501554514010N00555405EA0280102813
B1501564514009N00555412EA0280002812
B1501574514009N00555419EA0279802810
B1501584514008N00555427EA0279702809
B1501594514007N00555434EA0279602808
B1502004514006N00555441EA0279502807
B1502014514006N00555448EA0279402806
B1502024514005N00555455EA0279302805
B1502034514004N00555462EA0279202804
B1502044514003N00555469EA0279102803
B1502054514003N00555477EA0278902801
B1502064514002N00555484EA0278902801
B1502074514001N00555491EA0278802800
B1502084514001N00555498EA0278802800
B1502094514000N00555505EA0278702799
B1502104514000N00555512EA0278602798
B1502114513999N00555519EA0278502797
B1502124513999N00555527EA0278402796
B1502134513998N00555534EA0278402796
B1502144513998N00555541EA0278302795
B1502154513998N00555548EA0278102793
B1502164513998N00555555EA0278002792
B1502174513998N00555563EA0277802790
B1502184513998N00555570EA0277702789
B1502194513998N00555577EA0277602788
B1502204513998N00555584EA0277502787
B1502214513998N00555591EA0277302785
B1502224513999N00555599EA0277302785
B1502234513999N00555606EA0277202784
B1502244513999N00555613EA0277002782
B1502254513999N00555620EA0276902781
B1502264514000N00555627EA0276802780
B1502274514000N00555634EA0276702779
B1502284514001N00555641EA0276602778
B1502294514001N00555649EA0276502777
B1502304514002N00555656EA0276402776
B1502314514002N00555663EA0276302775
B1502324514002N00555670EA0276102773
B1502334514003N00555677EA0276002772
B1502344514004N00555684EA0275802770
B1502354514005N00555691EA0275702769
B1502364514005N00555699EA0275602768
B1502374514006N00555706EA0275402766
B1502384514007N00555713EA0275302765
B1502394514008N00555720EA0275202764
B1502404514009N00555727EA0275102763
B1502414514010N00555734EA0275002762
B1502424514011N00555741EA0274802760
B1502434514012N00555748EA0274702759
B1502444514014N00555755EA0274602758
B1502454514015N00555762EA0274402756
B1502464514016N00555769EA0274402756
B1502474514018N00555775EA0274302755
B1502484514019N00555782EA0274202754
B1502494514020N00555789EA0274102753
B1502504514021N00555796EA0274002752
B1502514514022N00555803EA0273902751
B1502524514023N00555810EA0273802750
B1502534514025N00555817EA0273702749
B1502544514026N00555824EA0273602748
B1502554514027N00555831EA0273502747
B1502564514029N00555838EA0273402746
B1502574514029N00555845EA0273302745
B1502584514030N00555852EA0273202744
B1502594514031N00555859EA0273102743
B1503004514032N00555866EA0273002742
B1503014514033N00555874EA0272802740
B1503024514034N00555881EA0272702739
B1503034514034N00555888EA0272602738
B1503044514035N00555895EA0272502737
B1503054514035N00555902EA0272302735
B1503064514036N00555909EA0272202734
B1503074514036N00555916EA0272202734
B1503084514037N00555923EA0272002732
B1503094514037N00555931EA0271902731
B1503104514038N00555938EA0271802730
B1503114514038N00555945EA0271602728
B1503124514039N00555952EA0271502727
B1503134514039N00555959EA0271402726
B1503144514039N00555966EA0271302725
B1503154514040N00555974EA0271102723
B1503164514040N00555981EA0271002722
B1503174514041N00555988EA0270902721
B1503184514041N00555995EA0270802720
B1503194514041N00556002EA0270802720
B1503204514042N00556009EA0270702719
B1503214514042N00556016EA0270602718
B1503224514043N00556024EA0270502717
B1503234514043N00556031EA0270402716
B1503244514043N00556038EA0270302715
B1503254514044N00556045EA0270102713
B1503264514044N00556052EA0270002712
B1503274514045N00556059EA0269902711
B1503284514045N00556067EA0269802710
B1503294514045N00556074EA0269702709
B1503304514046N00556081EA0269602708
B1503314514046N00556088EA0269502707
B1503324514046N00556095EA0269502707
B1503334514046N00556103EA0269402706
B1503344514046N00556110EA0269302705
B1503354514046N00556117EA0269202704
B1503364514046N00556124EA0269102703
B1503374514046N00556131EA0269102703
B1503384514047N00556138EA0269002702
B1503394514047N00556146EA0268902701
B1503404514047N00556153EA0268802700
B1503414514047N00556160EA0268702699
B1503424514047N00556167EA0268602698
B1503434514047N00556174EA0268402696
B1503444514047N00556182EA0268302695
B1503454514047N00556189EA0268202694
B1503464514046N00556196EA0268102693
B1503474514046N00556203EA0268002692
B1503484514046N00556210EA0267902691
B1503494514046N00556218EA0267702689
B1503504514046N00556225EA0267502687
B1503514514046N00556232EA0267402686
B1503524514046N00556239EA0267402686
B1503534514046N00556246EA0267402686
B1503544514046N00556253EA0267202684
B1503554514046N00556261EA0267102683
B1503564514046N00556268EA0267002682
B1503574514046N00556275EA0266902681
B1503584514047N00556282EA0266802680
B1503594514047N00556289EA0266802680
B1504004514049N00556296EA0266602678
B1504014514050N00556303EA0266502677
B1504024514051N00556310EA0266402676
B1504034514052N00556317EA0266302675
B1504044514053N00556324EA0266202674
B1504054514054N00556331EA0266202674
B1504064514055N00556338EA0266102673
B1504074514057N00556345EA0265902671
B1504084514058N00556352EA0265802670
B1504094514059N00556359EA0265602668
B1504104514060N00556366EA0265502667
B1504114514062N00556373EA0265302665
B1504124514063N00556380EA0265202664
B1504134514064N00556387EA0265102663
B1504144514066N00556394EA0265002662
B1504154514067N00556401EA0264902661
B1504164514068N00556408EA0264802660
B1504174514069N00556415EA0264802660
B1504184514070N00556422EA0264602658
B1504194514072N00556429EA0264502657
B1504204514073N00556436EA0264402656
B1504214514074N00556443EA0264302655
B1504224514075N00556450EA0264102653
B1504234514075N00556457EA0264102653
B1504244514076N00556464EA0264002652
B1504254514077N00556471EA0263902651
B1504264514077N00556478EA0263802650
B1504274514078N00556485EA0263702649
B1504284514079N00556492EA0263602648
B1504294514079N00556499EA0263502647
B1504304514080N00556507EA0263302645
B1504314514081N00556514EA0263202644
B1504324514082N00556521EA0263102643
B1504334514082N00556528EA0263102643
B1504344514083N00556535EA0262902641
B1504354514084N00556542EA0262802640
B1504364514085N00556549EA0262602638
B1504374514085N00556556EA0262502637
B1504384514086N00556563EA0262402636
B1504394514087N00556570EA0262202634
B1504404514088N00556577EA0262102633
B1504414514089N00556585EA0262002632
B1504424514090N00556592EA0261902631
B1504434514091N00556599EA0261902631
B1504444514092N00556606EA0261802630
B1504454514092N00556612EA0262102633
B1504464514090N00556618EA0262302635
B1504474514087N00556623EA0262602638
B1504484514082N00556626EA0262902641
B1504494514078N00556627EA0263202644
B1504504514073N00556627EA0263502647
B1504514514068N00556624EA0263602648
B1504524514064N00556620EA0263802650
B1504534514061N00556614EA0264102653
B1504544514059N00556607EA0264402656
B1504554514059N00556599EA0264602658
B1504564514060N00556592EA0264902661
B1504574514063N00556586EA0265102663
B1504584514066N00556581EA0265402666
B1504594514070N00556578EA0265702669
B1505004514075N00556576EA0266102673
B1505014514080N00556577EA0266402676
B1505024514084N00556580EA0266602678
B1505034514087N00556584EA0266802680
B1505044514090N00556590EA0267002682
B1505054514090N00556596EA0267402686
B1505064514090N00556602EA0267702689
B1505074514088N00556608EA0267902691
B1505084514085N00556613EA0268202694
B1505094514080N00556616EA0268602698
B1505104514076N00556618EA0268902701
B1505114514071N00556617EA0269302705
B1505124514066N00556614EA0269402706
B1505134514062N00556609EA0269702709
B1505144514059N00556603EA0269902711
B1505154514057N00556596EA0270202714
B1505164514057N00556589EA0270502717
B1505174514058N00556582EA0270802720
B1505184514061N00556576EA0271002722
B1505194514065N00556571EA0271302725
B1505204514069N00556568EA0271602728
B1505214514074N00556566EA0271902731
B1505224514078N00556567EA0272302735
B1505234514082N00556570EA0272502737
B1505244514086N00556575EA0272802740
B1505254514088N00556580EA0273102743
B1505264514089N00556586EA0273302745
B1505274514088N00556593EA0273602748
B1505284514086N00556599EA0273902751
B1505294514083N00556603EA0274202754
B1505304514078N00556606EA0274502757
B1505314514074N00556608EA0274702759
B1505324514069N00556607EA0275002762
B1505334514064N00556604EA0275302765
B1505344514060N00556599EA0275502767
B1505354514057N00556593EA0275802770
B1505364514056N00556586EA0276102773
B1505374514055N00556579EA0276402776
B1505384514057N00556572EA0276702779
B1505394514059N00556565EA0276902781
B1505404514063N00556561EA0277202784
B1505414514067N00556558EA0277402786
B1505424514072N00556556EA0277702789
B1505434514077N00556557EA0278002792
B1505444514081N00556560EA0278302795
B1505454514084N00556565EA0278602798
B1505464514086N00556571EA0278802800
B1505474514087N00556577EA0279002802
B1505484514086N00556583EA0279102803
B1505494514084N00556589EA0279402806
B1505504514081N00556594EA0279802810
B1505514514076N00556597EA0280202814
B1505524514072N00556598EA0280502817
B1505534514067N00556597EA0280702819
B1505544514062N00556594EA0281002822
B1505554514058N00556589EA0281302825
B1505564514055N00556583EA0281602828
B1505574514054N00556576EA0282002832
B1505584514054N00556569EA0282302835
B1505594514055N00556561EA0282502837
B1506004514058N00556555EA0282802840
B1506014514061N00556551EA0283202844
B1506024514066N00556548EA0283502847
B1506034514071N00556547EA0283702849
B1506044514075N00556548EA0284002852
B1506054514079N00556551EA0284202854
B1506064514083N00556555EA0284502857
B1506074514084N00556561EA0284902861
B1506084514085N00556567EA0285102863
B1506094514084N00556574EA0285402866
B1506104514082N00556579EA0285802870
B1506114514079N00556584EA0286102873
B1506124514074N00556587EA0286302875
B1506134514069N00556588EA0286502877
B1506144514065N00556587EA0286702879
B1506154514060N00556584EA0286902881
B1506164514056N00556579EA0287202884
B1506174514053N00556573EA0287502887
B1506184514052N00556566EA0287702889
B1506194514052N00556558EA0288002892
B1506204514053N00556551EA0288202894
B1506214514055N00556543EA0288202894
B1506224514057N00556536EA0288102893
B1506234514058N00556528EA0287902891
B1506244514060N00556520EA0287802890
B1506254514062N00556513EA0287702889
B1506264514064N00556505EA0287602888
B1506274514065N00556497EA0287502887
B1506284514067N00556490EA0287402886
B1506294514068N00556482EA0287202884
B1506304514070N00556474EA0287202884
B1506314514072N00556466EA0287102883
B1506324514073N00556459EA0287002882
B1506334514075N00556451EA0286902881
B1506344514076N00556443EA0286802880
B1506354514078N00556435EA0286702879
B1506364514079N00556427EA0286602878
B1506374514081N00556420EA0286502877
B1506384514082N00556412EA0286302875
B1506394514084N00556404EA0286202874
B1506404514085N00556396EA0286202874
B1506414514086N00556388EA0286102873
B1506424514087N00556380EA0286002872
B1506434514088N00556372EA0285902871
B1506444514089N00556364EA0285802870
B1506454514091N00556356EA0285702869
B1506464514092N00556348EA0285702869
B1506474514093N00556340EA0285702869
B1506484514094N00556332EA0285502867
B1506494514095N00556325EA0285402866
B1506504514097N00556317EA0285302865
B1506514514098N00556309EA0285202864
B1506524514099N00556301EA0285102863
B1506534514101N00556293EA0284902861
B1506544514103N00556286EA0284702859
B1506554514104N00556278EA0284502857
B1506564514106N00556270EA0284502857
B1506574514107N00556262EA0284302855
B1506584514109N00556255EA0284102853
B1506594514110N00556247EA0284002852
B1507004514112N00556239EA0283802850
B1507014514114N00556231EA0283702849
B1507024514115N00556223EA0283602848
B1507034514117N00556216EA0283602848
B1507044514118N00556208EA0283502847
B1507054514119N00556200EA0283502847
B1507064514121N00556192EA0283302845
B1507074514122N00556184EA0283202844
B1507084514124N00556176EA0283102843
B1507094514125N00556169EA0283002842
B1507104514126N00556161EA0282802840
B1507114514127N00556153EA0282702839
B1507124514129N00556145EA0282602838
B1507134514130N00556137EA0282502837
B1507144514131N00556129EA0282302835
B1507154514132N00556121EA0282202834
B1507164514134N00556113EA0282102833
B1507174514135N00556106EA0282002832
B1507184514137N00556098EA0281902831
B1507194514138N00556090EA0281802830
B1507204514139N00556082EA0281702829
B1507214514141N00556074EA0281602828
B1507224514142N00556066EA0281502827
B1507234514143N00556058EA0281402826
B1507244514145N00556050EA0281302825
B1507254514146N00556043EA0281202824
B1507264514147N00556035EA0281002822
B1507274514149N00556027EA0281002822
B1507284514150N00556019EA0280902821
B1507294514151N00556011EA0280702819
B1507304514153N00556003EA0280602818
B1507314514154N00555996EA0280502817
B1507324514156N00555988EA0280402816
B1507334514157N00555980EA0280302815
B1507344514159N00555972EA0280302815
B1507354514161N00555965EA0280202814
B1507364514162N00555957EA0280102813
B1507374514164N00555949EA0280102813
B1507384514166N00555941EA0280002812
B1507394514167N00555934EA0279902811
B1507404514169N00555926EA0279702809
B1507414514171N00555918EA0279702809
B1507424514173N00555911EA0279602808
B1507434514174N00555903EA0279502807
B1507444514176N00555895EA0279402806
B1507454514178N00555888EA0279302805
B1507464514180N00555880EA0279202804
B1507474514181N00555872EA0279202804
B1507484514183N00555865EA0279002802
B1507494514185N00555857EA0278902801
B1507504514187N00555849EA0278802800
B1507514514188N00555842EA0278602798
B1507524514190N00555834EA0278502797
B1507534514192N00555826EA0278402796
B1507544514194N00555819EA0278302795
B1507554514196N00555811EA0278102793
B1507564514197N00555803EA0278102793
B1507574514199N00555796EA0278102793
B1507584514201N00555788EA0277802790
B1507594514203N00555780EA0277802790
B1508004514204N00555773EA0277702789
B1508014514206N00555765EA0277502787
B1508024514207N00555757EA0277402786
B1508034514209N00555749EA0277302785
B1508044514210N00555741EA0277202784
B1508054514212N00555734EA0277102783
B1508064514214N00555727EA0277402786
B1508074514218N00555722EA0277502787
B1508084514222N00555719EA0277802790
B1508094514227N00555717EA0278002792
B1508104514231N00555718EA0278302795
B1508114514235N00555721EA0278402796
B1508124514239N00555725EA0278502797
B1508134514241N00555731EA0278802800
B1508144514242N00555737EA0278902801
B1508154514241N00555744EA0279102803
B1508164514239N00555749EA0279402806
B1508174514236N00555754EA0279602808
B1508184514232N00555757EA0279902811
B1508194514227N00555759EA0280202814
B1508204514222N00555758EA0280402816
B1508214514218N00555755EA0280602818
B1508224514214N00555751EA0280702819
B1508234514211N00555745EA0281002822
B1508244514209N00555738EA0281302825
B1508254514209N00555730EA0281602828
B1508264514210N00555723EA0281802830
B1508274514212N00555717EA0282102833
B1508284514216N00555712EA0282202834
B1508294514220N00555709EA0282502837
B1508304514225N00555708EA0282802840
B1508314514230N00555708EA0283002842
B1508324514234N00555711EA0283202844
B1508334514237N00555716EA0283502847
B1508344514239N00555721EA0283702849
B1508354514240N00555728EA0283802850
B1508364514240N00555734EA0284102853
B1508374514237N00555740EA0284302855
B1508384514234N00555745EA0284502857
B1508394514230N00555748EA0284702859
B1508404514225N00555749EA0284802860
B1508414514220N00555748EA0285002862
B1508424514216N00555745EA0285302865
B1508434514212N00555741EA0285402866
B1508444514209N00555735EA0285502867
B1508454514207N00555727EA0285602868
B1508464514207N00555720EA0286002872
B1508474514208N00555713EA0286202874
B1508484514211N00555707EA0286402876
B1508494514214N00555702EA0286602878
B1508504514219N00555699EA0287002882
B1508514514224N00555698EA0287202884
B1508524514228N00555699EA0287502887
B1508534514232N00555702EA0287702889
B1508544514236N00555706EA0287802890
B1508554514238N00555712EA0288002892
B1508564514238N00555718EA0288202894
B1508574514238N00555724EA0288302895
B1508584514235N00555730EA0288502897
B1508594514232N00555735EA0288802900
B1509004514228N00555738EA0289002902
B1509014514223N00555739EA0289202904
B1509024514218N00555738EA0289402906
B1509034514214N00555735EA0289602908
B1509044514210N00555730EA0289802910
B1509054514207N00555724EA0289902911
B1509064514205N00555717EA0290102913
B1509074514205N00555710EA0290402916
B1509084514206N00555703EA0290602918
B1509094514209N00555697EA0290902921
B1509104514213N00555692EA0291302925
B1509114514217N00555689EA0291502927
B1509124514222N00555688EA0291702929
B1509134514227N00555689EA0291902931
B1509144514231N00555692EA0292002932
B1509154514234N00555696EA0292202934
B1509164514236N00555702EA0292402936
B1509174514237N00555709EA0292702939
B1509184514236N00555715EA0292802940
B1509194514234N00555721EA0293102943
B1509204514230N00555725EA0293402946
B1509214514226N00555728EA0293702949
B1509224514221N00555729EA0293802950
B1509234514216N00555728EA0294002952
B1509244514212N00555725EA0294302955
B1509254514208N00555720EA0294602958
B1509264514205N00555714EA0294802960
B1509274514203N00555707EA0295102963
B1509284514203N00555700EA0295202964
B1509294514205N00555693EA0295402966
B1509304514208N00555686EA0295602968
B1509314514211N00555682EA0295802970
B1509324514216N00555679EA0296102973
B1509334514220N00555678EA0296202974
B1509344514225N00555679EA0296402976
B1509354514229N00555682EA0296602978
B1509364514232N00555687EA0296702979
B1509374514234N00555693EA0297102983
B1509384514235N00555699EA0297302985
B1509394514234N00555705EA0297602988
B1509404514232N00555711EA0297902991
B1509414514228N00555716EA0298002992
B1509424514224N00555718EA0298102993
B1509434514219N00555719EA0298302995
B1509444514214N00555718EA0298502997
B1509454514209N00555715EA0298602998
B1509464514206N00555710EA0298903001
B1509474514203N00555704EA0299003002
B1509484514202N00555697EA0299303005
B1509494514202N00555689EA0299603008
B1509504514203N00555682EA0299903011
B1509514514206N00555676EA0300003012
B1509524514210N00555672EA0300303015
B1509534514214N00555669EA0300603018
B1509544514219N00555668EA0300803020
B1509554514224N00555669EA0301003022
B1509564514228N00555673EA0301203024
B1509574514231N00555677EA0301403026
B1509584514233N00555683EA0301603028
B1509594514233N00555690EA0301803030
B1510004514232N00555696EA0302003032
B1510014514230N00555701EA0302203034
B1510024514226N00555706EA0302403036
B1510034514222N00555709EA0302603038
B1510044514217N00555709EA0302903041
B1510054514212N00555708EA0303103043
B1510064514207N00555705EA0303203044
B1510074514204N00555700EA0303403046
B1510084514201N00555693EA0303703049
B1510094514200N00555686EA0303903051
B1510104514200N00555679EA0304003052
B1510114514201N00555672EA0304103053
B1510124514204N00555666EA0304403056
B1510134514208N00555662EA0304703059
B1510144514213N00555659EA0305003062
B1510154514217N00555658EA0305103063
B1510164514222N00555660EA0305503067
B1510174514226N00555663EA0305803070
B1510184514230N00555667EA0305703069
B1510194514235N00555670EA0305603068
B1510204514239N00555674EA0305603068
B1510214514244N00555678EA0305403066
B1510224514248N00555681EA0305303065
B1510234514253N00555685EA0305303065
B1510244514257N00555689EA0305103063
B1510254514261N00555693EA0305003062
B1510264514266N00555696EA0304903061
B1510274514271N00555699EA0304803060
B1510284514275N00555703EA0304703059
B1510294514280N00555706EA0304603058
B1510304514284N00555709EA0304403056
B1510314514289N00555713EA0304303055
B1510324514293N00555716EA0304203054
B1510334514298N00555720EA0304103053
B1510344514302N00555723EA0304003052
B1510354514307N00555727EA0303903051
B1510364514312N00555730EA0303803050
B1510374514316N00555734EA0303703049
B1510384514321N00555737EA0303503047
B1510394514325N00555741EA0303503047
B1510404514330N00555744EA0303303045
B1510414514334N00555747EA0303203044
B1510424514339N00555750EA0303103043
B1510434514344N00555753EA0303003042
B1510444514348N00555757EA0303003042
B1510454514353N00555760EA0302903041
B1510464514358N00555763EA0302903041
B1510474514363N00555766EA0302703039
B1510484514367N00555769EA0302603038
B1510494514372N00555772EA0302503037
B1510504514377N00555775EA0302403036
B1510514514381N00555778EA0302203034
B1510524514386N00555781EA0302103033
B1510534514391N00555784EA0302003032
B1510544514395N00555787EA0301903031
B1510554514400N00555791EA0301903031
B1510564514405N00555794EA0301903031
B1510574514409N00555797EA0301703029
B1510584514414N00555800EA0301603028
B1510594514419N00555803EA0301503027
B1511004514423N00555806EA0301403026
B1511014514428N00555810EA0301303025
B1511024514432N00555813EA0301203024
B1511034514437N00555817EA0301103023
B1511044514441N00555820EA0301003022
B1511054514446N00555824EA0301003022
B1511064514450N00555828EA0300903021
B1511074514455N00555831EA0300803020
B1511084514459N00555835EA0300703019
B1511094514464N00555839EA0300603018
B1511104514468N00555843EA0300403016
B1511114514472N00555847EA0300303015
B1511124514477N00555850EA0300103013
B1511134514481N00555854EA0300003012
B1511144514485N00555858EA0299903011
B1511154514490N00555862EA0299803010
B1511164514494N00555866EA0299703009
B1511174514498N00555870EA0299603008
B1511184514503N00555874EA0299503007
B1511194514507N00555878EA0299403006
B1511204514511N00555882EA0299303005
B1511214514516N00555886EA0299303005
B1511224514520N00555890EA0299103003
B1511234514524N00555893EA0299003002
B1511244514529N00555897EA0298803000
B1511254514533N00555901EA0298702999
B1511264514538N00555904EA0298602998
B1511274514542N00555908EA0298502997
B1511284514547N00555912EA0298402996
B1511294514551N00555915EA0298202994
B1511304514556N00555919EA0298102993
B1511314514560N00555922EA0298002992
B1511324514565N00555926EA0297902991
B1511334514569N00555929EA0297902991
B1511344514574N00555933EA0297802990
B1511354514578N00555937EA0297602988
B1511364514582N00555940EA0297502987
B1511374514587N00555944EA0297402986
B1511384514591N00555948EA0297302985
B1511394514596N00555952EA0297102983
B1511404514600N00555955EA0296902981
B1511414514605N00555959EA0296802980
B1511424514609N00555963EA0296702979
B1511434514614N00555966EA0296602978
B1511444514618N00555970EA0296502977
B1511454514622N00555974EA0296402976
B1511464514627N00555977EA0296302975
B1511474514631N00555981EA0296202974
B1511484514636N00555984EA0296202974
B1511494514641N00555988EA0296002972
B1511504514645N00555991EA0295702969
B1511514514650N00555994EA0295702969
B1511524514655N00555997EA0295502967
B1511534514659N00556000EA0295402966
B1511544514664N00556003EA0295302965
B1511554514669N00556006EA0295202964
B1511564514673N00556009EA0295102963
B1511574514678N00556012EA0294902961
B1511584514683N00556015EA0294802960
B1511594514688N00556018EA0294702959
B1512004514692N00556021EA0294602958
B1512014514697N00556024EA0294602958
B1512024514702N00556027EA0294402956
B1512034514706N00556030EA0294302955
B1512044514711N00556033EA0294202954
B1512054514716N00556036EA0294202954
B1512064514720N00556040EA0294102953
B1512074514725N00556037EA0293902951
B1512084514730N00556034EA0293802950
B1512094514735N00556031EA0293802950
B1512104514740N00556028EA0293702949
B1512114514746N00556025EA0293502947
B1512124514751N00556022EA0293402946
B1512134514756N00556020EA0293202944
B1512144514761N00556017EA0293102943
B1512154514766N00556014EA0292902941
B1512164514771N00556011EA0292802940
B1512174514776N00556008EA0292702939
B1512184514781N00556005EA0292502937
B1512194514786N00556002EA0292402936
B1512204514791N00555999EA0292302935
B1512214514796N00555997EA0292202934
B1512224514801N00555994EA0292002932
B1512234514806N00555991EA0292002932
B1512244514811N00555988EA0291802930
B1512254514816N00555985EA0291702929
B1512264514821N00555982EA0291502927
B1512274514826N00555979EA0291402926
B1512284514831N00555977EA0291302925
B1512294514836N00555974EA0291202924
B1512304514841N00555971EA0291102923
B1512314514846N00555968EA0291002922
B1512324514851N00555965EA0290802920
B1512334514856N00555962EA0290702919
B1512344514861N00555959EA0290602918
B1512354514866N00555957EA0290602918
B1512364514871N00555954EA0290402916
B1512374514876N00555951EA0290202914
B1512384514881N00555948EA0290102913
B1512394514887N00555945EA0289902911
B1512404514892N00555942EA0289802910
B1512414514897N00555939EA0289602908
B1512424514902N00555937EA0289502907
B1512434514907N00555934EA0289302905
B1512444514912N00555931EA0289302905
B1512454514917N00555928EA0289202904
B1512464514922N00555925EA0289102903
B1512474514927N00555922EA0289002902
B1512484514932N00555919EA0289002902
B1512494514937N00555917EA0288902901
B1512504514942N00555914EA0288802900
B1512514514947N00555911EA0288702899
B1512524514952N00555908EA0288602898
B1512534514957N00555905EA0288502897
B1512544514962N00555902EA0288402896
B1512554514967N00555900EA0288302895
B1512564514972N00555897EA0288102893
B1512574514977N00555894EA0288002892
B1512584514982N00555891EA0287902891
B1512594514987N00555888EA0287702889
B1513004514992N00555885EA0287602888
B1513014514997N00555883EA0287402886
B1513024515002N00555880EA0287302885
B1513034515007N00555877EA0287202884
B1513044515013N00555874EA0287102883
B1513054515018N00555871EA0286902881
B1513064515023N00555868EA0286902881
B1513074515028N00555866EA0286702879
B1513084515033N00555863EA0286502877
B1513094515038N00555860EA0286402876
B1513104515043N00555857EA0286402876
B1513114515048N00555854EA0286202874
B1513124515053N00555851EA0286102873
B1513134515058N00555849EA0286002872
B1513144515063N00555846EA0285902871
B1513154515068N00555843EA0285802870
B1513164515073N00555840EA0285502867
B1513174515078N00555837EA0285502867
B1513184515083N00555834EA0285402866
B1513194515088N00555832EA0285302865
B1513204515093N00555829EA0285102863
B1513214515098N00555826EA0284902861
B1513224515103N00555823EA0284802860
B1513234515108N00555820EA0284702859
B1513244515113N00555818EA0284602858
B1513254515118N00555815EA0284502857
B1513264515123N00555812EA0284302855
B1513274515129N00555809EA0284202854
B1513284515134N00555806EA0284102853
B1513294515139N00555803EA0283902851
B1513304515144N00555801EA0283802850
B1513314515149N00555798EA0283702849
B1513324515154N00555795EA0283602848
B1513334515159N00555792EA0283502847
B1513344515164N00555789EA0283302845
B1513354515169N00555787EA0283202844
B1513364515174N00555784EA0283002842
B1513374515179N00555781EA0282902841
B1513384515184N00555778EA0282702839
B1513394515189N00555775EA0282602838
B1513404515194N00555773EA0282502837
B1513414515199N00555770EA0282402836
B1513424515204N00555767EA0282302835
B1513434515209N00555764EA0282202834
B1513444515214N00555761EA0282102833
B1513454515219N00555759EA0282002832
B1513464515224N00555756EA0281902831
B1513474515229N00555753EA0281802830
B1513484515235N00555750EA0281702829
B1513494515240N00555747EA0281602828
B1513504515245N00555745EA0281502827
B1513514515250N00555742EA0281402826
B1513524515255N00555739EA0281302825
B1513534515260N00555736EA0281102823
B1513544515265N00555733EA0281002822
B1513554515270N00555731EA0280902821
B1513564515275N00555728EA0280802820
B1513574515280N00555725EA0280702819
B1513584515285N00555722EA0280602818
B1513594515290N00555719EA0280502817
B1514004515295N00555717EA0280302815
B1514014515300N00555714EA0280102813
B1514024515305N00555711EA0280002812
B1514034515310N00555708EA0279902811
B1514044515315N00555706EA0279802810
B1514054515320N00555703EA0279702809
B1514064515325N00555700EA0279602808
B1514074515331N00555697EA0279502807
B1514084515336N00555694EA0279302805
B1514094515341N00555692EA0279202804
B1514104515346N00555689EA0279002802
B1514114515351N00555686EA0278902801
B1514124515356N00555683EA0278902801
B1514134515361N00555681EA0278702799
B1514144515366N00555678EA0278602798
B1514154515371N00555675EA0278502797
B1514164515376N00555672EA0278402796
B1514174515381N00555669EA0278302795
B1514184515386N00555667EA0278102793
B1514194515391N00555664EA0278102793
B1514204515396N00555661EA0278002792
B1514214515401N00555658EA0277902791
B1514224515406N00555656EA0277802790
B1514234515411N00555653EA0277602788
B1514244515416N00555650EA0277502787
B1514254515422N00555647EA0277402786
B1514264515427N00555645EA0277302785
B1514274515432N00555642EA0277202784
B1514284515437N00555639EA0277002782
B1514294515442N00555636EA0276902781
B1514304515447N00555633EA0276702779
B1514314515452N00555631EA0276602778
B1514324515457N00555628EA0276502777
B1514334515462N00555625EA0276302775
B1514344515467N00555622EA0276102773
B1514354515472N00555620EA0276002772
B1514364515477N00555617EA0275902771
B1514374515482N00555614EA0275802770
B1514384515487N00555611EA0275602768
B1514394515492N00555609EA0275502767
B1514404515497N00555606EA0275402766
B1514414515502N00555603EA0275302765
B1514424515508N00555600EA0275202764
B1514434515513N00555598EA0275102763
B1514444515518N00555595EA0275002762
B1514454515523N00555592EA0274902761
B1514464515528N00555589EA0274702759
B1514474515533N00555587EA0274702759
B1514484515538N00555584EA0274702759
B1514494515543N00555581EA0274602758
B1514504515548N00555579EA0274502757
B1514514515553N00555576EA0274402756
B1514524515558N00555573EA0274402756
B1514534515563N00555570EA0274202754
B1514544515568N00555568EA0274102753
B1514554515573N00555565EA0274002752
B1514564515578N00555562EA0273802750
B1514574515584N00555559EA0273602748
B1514584515589N00555557EA0273602748
B1514594515594N00555554EA0273502747
B1515004515599N00555551EA0273402746
B1515014515604N00555548EA0273302745
B1515024515609N00555546EA0273202744
B1515034515614N00555543EA0273002742
B1515044515619N00555540EA0272802740
B1515054515624N00555538EA0272702739
B1515064515629N00555535EA0272602738
B1515074515634N00555532EA0272402736
B1515084515639N00555529EA0272302735
B1515094515644N00555527EA0272202734
B1515104515649N00555524EA0272102733
B1515114515654N00555521EA0272002732
B1515124515659N00555518EA0271902731
B1515134515665N00555516EA0271802730
B1515144515670N00555513EA0271602728
B1515154515675N00555510EA0271602728
B1515164515680N00555508EA0271402726
B1515174515685N00555505EA0271402726
B1515184515690N00555502EA0271302725
B1515194515695N00555499EA0271202724
B1515204515700N00555497EA0271002722
B1515214515705N00555494EA0270902721
B1515224515710N00555491EA0270702719
B1515234515715N00555489EA0270602718
B1515244515720N00555486EA0270402716
B1515254515725N00555483EA0270302715
B1515264515730N00555481EA0270102713
B1515274515736N00555478EA0270102713
B1515284515741N00555475EA0269902711
B1515294515746N00555472EA0269902711
B1515304515751N00555470EA0269802710
B1515314515756N00555467EA0269702709
B1515324515761N00555464EA0269602708
B1515334515766N00555462EA0269502707
B1515344515771N00555459EA0269402706
B1515354515776N00555456EA0269302705
B1515364515781N00555454EA0269102703
B1515374515786N00555451EA0268902701
B1515384515791N00555448EA0268802700
B1515394515796N00555445EA0268702699
B1515404515801N00555443EA0268702699
B1515414515807N00555440EA0268502697
B1515424515812N00555437EA0268402696
B1515434515817N00555435EA0268202694
B1515444515822N00555432EA0268102693
B1515454515827N00555429EA0268002692
B1515464515832N00555427EA0267902691
B1515474515837N00555424EA0267802690
B1515484515842N00555421EA0267602688
B1515494515847N00555419EA0267502687
B1515504515852N00555416EA0267302685
B1515514515857N00555413EA0267202684
B1515524515862N00555411EA0267102683
B1515534515867N00555408EA0267002682
B1515544515873N00555405EA0266802680
B1515554515878N00555403EA0266702679
B1515564515883N00555400EA0266602678
B1515574515888N00555397EA0266402676
B1515584515893N00555395EA0266302675
B1515594515898N00555392EA0266202674
B1516004515903N00555389EA0266102673
B1516014515908N00555387EA0266002672
B1516024515913N00555384EA0265802670
B1516034515918N00555381EA0265702669
B1516044515923N00555379EA0265602668
B1516054515928N00555376EA0265402666
B1516064515933N00555373EA0265202664
B1516074515939N00555371EA0265002662
B1516084515944N00555368EA0264902661
B1516094515949N00555365EA0264802660
B1516104515954N00555363EA0264602658
B1516114515959N00555360EA0264502657
B1516124515964N00555357EA0264402656
B1516134515969N00555355EA0264302655
B1516144515974N00555352EA0264202654
B1516154515979N00555349EA0264002652
B1516164515984N00555347EA0263902651
B1516174515989N00555344EA0263702649
B1516184515994N00555341EA0263602648
B1516194516000N00555339EA0263502647
B1516204516005N00555336EA0263302645
B1516214516010N00555334EA0263202644
B1516224516015N00555331EA0263102643
B1516234516020N00555328EA0262902641
B1516244516025N00555326EA0262802640
B1516254516030N00555323EA0262702639
B1516264516035N00555320EA0262602638
B1516274516040N00555318EA0262502637
B1516284516045N00555315EA0262402636
B1516294516050N00555312EA0262202634
B1516304516055N00555310EA0262102633
B1516314516061N00555307EA0261902631
B1516324516066N00555305EA0261802630
B1516334516071N00555302EA0261702629
B1516344516076N00555299EA0261502627
B1516354516081N00555297EA0261502627
B1516364516086N00555294EA0261302625
B1516374516091N00555291EA0261202624
B1516384516096N00555289EA0261102623
B1516394516101N00555286EA0261002622
B1516404516106N00555284EA0260802620
B1516414516111N00555281EA0260702619
B1516424516117N00555278EA0260502617
B1516434516122N00555276EA0260302615
B1516444516127N00555273EA0260202614
B1516454516132N00555271EA0260102613
B1516464516137N00555268EA0260002612
B1516474516142N00555265EA0260002612
B1516484516147N00555263EA0259802610
B1516494516152N00555260EA0259702609
B1516504516157N00555257EA0259502607
B1516514516162N00555255EA0259502607
B1516524516167N00555252EA0259302605
B1516534516173N00555250EA0259102603
B1516544516178N00555247EA0259102603
B1516554516183N00555244EA0259002602
B1516564516188N00555242EA0258802600
B1516574516193N00555239EA0258702599
B1516584516198N00555237EA0258602598
B1516594516203N00555234EA0258502597
B1517004516208N00555232EA0258302595
B1517014516213N00555229EA0258202594
B1517024516218N00555226EA0258102593
B1517034516223N00555224EA0257902591
B1517044516229N00555221EA0257802590
B1517054516234N00555219EA0257702589
B1517064516239N00555216EA0257702589
B1517074516244N00555213EA0257602588
B1517084516249N00555211EA0257502587
B1517094516254N00555208EA0257302585
B1517104516259N00555206EA0257202584
B1517114516264N00555203EA0257002582
B1517124516269N00555201EA0256902581
B1517134516274N00555198EA0256902581
B1517144516280N00555195EA0256702579
B1517154516285N00555193EA0256702579
B1517164516290N00555190EA0256502577
B1517174516295N00555188EA0256302575
B1517184516300N00555185EA0256202574
B1517194516305N00555183EA0256102573
B1517204516310N00555180EA0256002572
B1517214516315N00555177EA0255802570
B1517224516320N00555175EA0255702569
B1517234516325N00555172EA0255702569
B1517244516331N00555170EA0255602568
B1517254516336N00555167EA0255502567
B1517264516341N00555165EA0255402566
B1517274516346N00555162EA0255302565
B1517284516351N00555160EA0255202564
B1517294516356N00555157EA0255102563
B1517304516361N00555154EA0254902561
B1517314516366N00555152EA0254802560
B1517324516371N00555149EA0254602558
B1517334516376N00555147EA0254502557
B1517344516382N00555144EA0254402556
B1517354516387N00555142EA0254202554
B1517364516392N00555139EA0254202554
B1517374516397N00555137EA0254102553
B1517384516402N00555134EA0253902551
B1517394516407N00555132EA0253802550
B1517404516412N00555129EA0253702549
B1517414516417N00555127EA0253602548
B1517424516422N00555124EA0253402546
B1517434516428N00555121EA0253302545
B1517444516433N00555119EA0253202544
B1517454516438N00555116EA0253002542
B1517464516443N00555114EA0252902541
B1517474516448N00555111EA0252702539
B1517484516453N00555109EA0252502537
B1517494516458N00555106EA0252502537
B1517504516463N00555104EA0252402536
B1517514516468N00555101EA0252202534
B1517524516474N00555099EA0252102533
B1517534516479N00555096EA0251902531
B1517544516484N00555094EA0251802530
B1517554516489N00555091EA0251702529
B1517564516494N00555089EA0251602528
B1517574516499N00555086EA0251502527
B1517584516504N00555084EA0251402526
B1517594516509N00555081EA0251202524
B1518004516514N00555079EA0251102523
B1518014516520N00555076EA0251002522
B1518024516525N00555074EA0250802520
B1518034516530N00555071EA0250702519
B1518044516535N00555069EA0250702519
B1518054516540N00555066EA0250602518
B1518064516545N00555064EA0250402516
B1518074516550N00555061EA0250302515
B1518084516555N00555059EA0250202514
B1518094516560N00555056EA0250202514
B1518104516566N00555054EA0250002512
B1518114516571N00555051EA0249902511
B1518124516576N00555049EA0249802510
B1518134516581N00555046EA0249802510
B1518144516586N00555044EA0249602508
B1518154516591N00555041EA0249502507
B1518164516596N00555039EA0249402506
B1518174516601N00555036EA0249202504
B1518184516606N00555034EA0249102503
B1518194516612N00555032EA0249002502
B1518204516617N00555029EA0248802500
B1518214516622N00555027EA0248602498
B1518224516627N00555024EA0248502497
B1518234516632N00555022EA0248402496
B1518244516637N00555019EA0248302495
B1518254516642N00555017EA0248202494
B1518264516647N00555014EA0248102493
B1518274516653N00555012EA0247902491
B1518284516658N00555009EA0247802490
B1518294516663N00555007EA0247602488
B1518304516668N00555005EA0247502487
B1518314516673N00555002EA0247402486
B1518324516678N00555000EA0247302485
B1518334516683N00554997EA0247202484
B1518344516688N00554995EA0247002482
B1518354516694N00554992EA0246902481
B1518364516699N00554990EA0246802480
B1518374516704N00554987EA0246702479
B1518384516709N00554985EA0246502477
B1518394516714N00554983EA0246402476
B1518404516719N00554980EA0246302475
B1518414516724N00554978EA0246202474
B1518424516729N00554975EA0246002472
B1518434516735N00554973EA0245902471
B1518444516740N00554970EA0245802470
B1518454516745N00554968EA0245702469
B1518464516750N00554966EA0245602468
B1518474516755N00554963EA0245502467
B1518484516760N00554961EA0245402466
B1518494516765N00554958EA0245402466
B1518504516770N00554956EA0245202464
B1518514516776N00554954EA0245102463
B1518524516781N00554951EA0245002462
B1518534516786N00554949EA0244802460
B1518544516791N00554946EA0244702459
B1518554516796N00554944EA0244602458
B1518564516801N00554942EA0244602458
B1518574516806N00554939EA0244402456
B1518584516811N00554937EA0244302455
B1518594516817N00554934EA0244202454
B1519004516822N00554932EA0244102453
B1519014516827N00554930EA0243902451
B1519024516832N00554927EA0243802450
B1519034516837N00554925EA0243702449
B1519044516842N00554922EA0243502447
B1519054516847N00554920EA0243402446
B1519064516853N00554918EA0243302445
B1519074516858N00554915EA0243202444
B1519084516863N00554913EA0243102443
B1519094516868N00554911EA0243002442
B1519104516873N00554908EA0242802440
B1519114516878N00554906EA0242702439
B1519124516883N00554903EA0242602438
B1519134516889N00554901EA0242502437
B1519144516894N00554899EA0242402436
B1519154516899N00554896EA0242302435
B1519164516904N00554894EA0242202434
B1519174516909N00554892EA0242102433
B1519184516914N00554889EA0242102433
B1519194516919N00554887EA0242002432
B1519204516924N00554885EA0241902431
B1519214516930N00554882EA0241802430
B1519224516935N00554880EA0241802430
B1519234516940N00554878EA0241702429
B1519244516945N00554875EA0241602428
B1519254516950N00554873EA0241402426
B1519264516955N00554871EA0241302425
B1519274516960N00554868EA0241102423
B1519284516966N00554866EA0241002422
B1519294516971N00554864EA0240802420
B1519304516976N00554861EA0240702419
B1519314516981N00554859EA0240602418
B1519324516986N00554857EA0240402416
B1519334516991N00554854EA0240302415
B1519344516997N00554852EA0240202414
B1519354517002N00554850EA0240002412
B1519364517007N00554847EA0240002412
B1519374517012N00554845EA0239902411
B1519384517017N00554843EA0239702409
B1519394517022N00554841EA0239602408
B1519404517027N00554838EA0239402406
B1519414517033N00554836EA0239302405
B1519424517038N00554834EA0239202404
B1519434517043N00554831EA0239202404
B1519444517048N00554829EA0239002402
B1519454517053N00554827EA0238902401
B1519464517058N00554825EA0238802400
B1519474517063N00554822EA0238602398
B1519484517069N00554820EA0238502397
B1519494517074N00554818EA0238302395
B1519504517079N00554815EA0238202394
B1519514517084N00554813EA0238002392
B1519524517089N00554811EA0237902391
B1519534517094N00554809EA0237802390
B1519544517100N00554806EA0237702389
B1519554517105N00554804EA0237602388
B1519564517110N00554802EA0237502387
B1519574517115N00554800EA0237302385
B1519584517120N00554797EA0237202384
B1519594517125N00554795EA0237002382
B1520004517130N00554793EA0236802380
B1520014517136N00554791EA0236702379
B1520024517141N00554788EA0236602378
B1520034517146N00554786EA0236502377
B1520044517151N00554784EA0236402376
B1520054517156N00554782EA0236302375
B1520064517161N00554779EA0236202374
B1520074517167N00554777EA0236002372
B1520084517172N00554775EA0236002372
B1520094517177N00554773EA0235902371
B1520104517182N00554771EA0235802370
B1520114517187N00554768EA0235702369
B1520124517192N00554766EA0235602368
B1520134517198N00554764EA0235502367
B1520144517203N00554762EA0235402366
B1520154517208N00554760EA0235302365
B1520164517213N00554757EA0235102363
B1520174517218N00554755EA0235002362
B1520184517223N00554753EA0234802360
B1520194517229N00554751EA0234702359
B1520204517234N00554749EA0234602358
B1520214517239N00554747EA0234502357
B1520224517244N00554744EA0234402356
B1520234517249N00554742EA0234302355
B1520244517254N00554740EA0234102353
B1520254517260N00554738EA0234002352
B1520264517265N00554736EA0234002352
B1520274517270N00554734EA0233902351
B1520284517275N00554731EA0233802350
B1520294517280N00554729EA0233602348
B1520304517285N00554727EA0233602348
B1520314517291N00554725EA0233402346
B1520324517296N00554723EA0233302345
B1520334517301N00554721EA0233102343
B1520344517306N00554719EA0233002342
B1520354517311N00554716EA0232902341
B1520364517317N00554714EA0232802340
B1520374517322N00554712EA0232702339
B1520384517327N00554710EA0232502337
B1520394517332N00554708EA0232402336
B1520404517337N00554706EA0232302335
B1520414517342N00554704EA0232102333
B1520424517348N00554702EA0232002332
B1520434517353N00554700EA0231902331
B1520444517358N00554697EA0231702329
B1520454517363N00554695EA0231602328
B1520464517368N00554693EA0231502327
B1520474517374N00554691EA0231402326
B1520484517379N00554689EA0231202324
B1520494517384N00554687EA0231102323
B1520504517389N00554685EA0231002322
B1520514517394N00554683EA0230902321
B1520524517399N00554681EA0230802320
B1520534517405N00554679EA0230602318
B1520544517410N00554677EA0230502317
B1520554517415N00554675EA0230402316
B1520564517420N00554673EA0230402316
B1520574517425N00554671EA0230302315
B1520584517431N00554669EA0230102313
B1520594517436N00554667EA0230002312
B1521004517441N00554664EA0229902311
B1521014517446N00554662EA0229702309
B1521024517451N00554660EA0229602308
B1521034517457N00554658EA0229502307
B1521044517462N00554656EA0229302305
B1521054517467N00554654EA0229202304
B1521064517472N00554652EA0229102303
B1521074517477N00554650EA0228902301
B1521084517483N00554648EA0228802300
B1521094517488N00554646EA0228702299
B1521104517493N00554644EA0228602298
B1521114517498N00554643EA0228502297
B1521124517503N00554641EA0228302295
B1521134517509N00554639EA0228102293
B1521144517514N00554637EA0227902291
B1521154517519N00554635EA0227802290
B1521164517524N00554633EA0227702289
B1521174517529N00554631EA0227502287
B1521184517535N00554629EA0227402286
B1521194517540N00554627EA0227402286
B1521204517545N00554625EA0227302285
B1521214517550N00554623EA0227102283
B1521224517555N00554621EA0227102283
B1521234517561N00554619EA0227002282
B1521244517566N00554617EA0226802280
B1521254517571N00554615EA0226602278
B1521264517576N00554614EA0226502277
B1521274517581N00554612EA0226302275
B1521284517587N00554610EA0226202274
B1521294517592N00554608EA0226102273
B1521304517597N00554606EA0226002272
B1521314517602N00554604EA0225902271
B1521324517608N00554602EA0225802270
B1521334517613N00554601EA0225702269
B1521344517618N00554599EA0225502267
B1521354517623N00554597EA0225502267
B1521364517628N00554595EA0225402266
B1521374517634N00554593EA0225302265
B1521384517639N00554591EA0225202264
B1521394517644N00554590EA0225102263
B1521404517649N00554588EA0225002262
B1521414517655N00554586EA0224802260
B1521424517660N00554584EA0224702259
B1521434517665N00554583EA0224502257
B1521444517670N00554581EA0224402256
B1521454517675N00554579EA0224302255
B1521464517681N00554577EA0224202254
B1521474517686N00554576EA0224002252
B1521484517691N00554574EA0223902251
B1521494517696N00554572EA0223702249
B1521504517702N00554570EA0223602248
B1521514517707N00554569EA0223402246
B1521524517712N00554567EA0223302245
B1521534517717N00554565EA0223202244
B1521544517723N00554564EA0223102243
B1521554517728N00554562EA0223002242
B1521564517733N00554560EA0222902241
B1521574517738N00554559EA0222702239
B1521584517743N00554557EA0222602238
B1521594517749N00554555EA0222502237
B1522004517754N00554554EA0222302235
B1522014517759N00554552EA0222202234
B1522024517764N00554551EA0222102233
B1522034517770N00554549EA0222002232
B1522044517775N00554547EA0221902231
B1522054517780N00554546EA0221802230
B1522064517785N00554544EA0221702229
B1522074517791N00554543EA0221602228
B1522084517796N00554541EA0221502227
B1522094517801N00554540EA0221302225
B1522104517806N00554538EA0221202224
B1522114517812N00554537EA0221102223
B1522124517817N00554535EA0221002222
B1522134517822N00554534EA0220802220
B1522144517828N00554532EA0220702219
B1522154517833N00554531EA0220602218
B1522164517838N00554530EA0220402216
B1522174517843N00554528EA0220402216
B1522184517849N00554527EA0220302215
B1522194517854N00554525EA0220202214
B1522204517859N00554524EA0220102213
B1522214517864N00554523EA0220002212
B1522224517870N00554522EA0219802210
B1522234517875N00554520EA0219702209
B1522244517880N00554519EA0219602208
B1522254517886N00554518EA0219402206
B1522264517891N00554517EA0219402206
B1522274517896N00554515EA0219302205
B1522284517901N00554514EA0219202204
B1522294517907N00554513EA0219102203
B1522304517912N00554512EA0218902201
B1522314517917N00554511EA0218802200
B1522324517923N00554510EA0218602198
B1522334517928N00554509EA0218502197
B1522344517933N00554508EA0218402196
B1522354517938N00554507EA0218302195
B1522364517944N00554506EA0218202194
B1522374517949N00554506EA0218102193
B1522384517953N00554506EA0217802190
B1522394517957N00554508EA0217602188
B1522404517961N00554511EA0217302185
B1522414517964N00554514EA0217102183
B1522424517966N00554519EA0216702179
B1522434517968N00554524EA0216502177
B1522444517969N00554530EA0216302175
B1522454517968N00554535EA0216002172
B1522464517968N00554541EA0215802170
B1522474517966N00554546EA0215502167
B1522484517963N00554551EA0215302165
B1522494517960N00554555EA0215002162
B1522504517963N00554548EA0214802160
B1522514517967N00554544EA0214702159
B1522524517970N00554540EA0214402156
B1522534517974N00554538EA0214202154
B1522544517979N00554537EA0213902151
B1522554517983N00554537EA0213702149
B1522564517987N00554538EA0213402146
B1522574517991N00554540EA0213202144
B1522584517994N00554544EA0212902141
B1522594517996N00554548EA0212702139
B1523004517998N00554553EA0212502137
B1523014517999N00554559EA0212202134
B1523024518000N00554564EA0211902131
B1523034517998N00554556EA0211802130
B1523044517998N00554550EA0211602128
B1523054517998N00554543EA0211302125
B1523064518000N00554537EA0211102123
B1523074518002N00554531EA0210902121
B1523084518004N00554526EA0210602118
B1523094518008N00554522EA0210402116
B1523104518012N00554519EA0210102113
B1523114518016N00554517EA0209802110
B1523124518020N00554516EA0209602108
B1523134518024N00554517EA0209302105
B1523144518028N00554519EA0209002102
B1523154518032N00554521EA0208702099
B1523164518026N00554519EA0208602098
B1523174518022N00554516EA0208402096
B1523184518019N00554511EA0208202094
B1523194518016N00554506EA0207902091
B1523204518014N00554500EA0207602088
B1523214518013N00554494EA0207302085
B1523224518012N00554487EA0207002082
B1523234518012N00554481EA0206702079
B1523244518014N00554474EA0206502077
B1523254518016N00554469EA0206302075
B1523264518018N00554463EA0206002072
B1523274518022N00554459EA0205702069
B1523284518018N00554464EA0205502067
B1523294518014N00554467EA0205302065
B1523304518010N00554468EA0205102063
B1523314518005N00554469EA0204802060
B1523324518001N00554468EA0204502057
B1523334517997N00554466EA0204302055
B1523344517993N00554463EA0204102053
B1523354517989N00554459EA0203802050
B1523364517986N00554454EA0203602048
B1523374517984N00554448EA0203302045
B1523384517983N00554442EA0203102043
B1523394517983N00554449EA0203002042
B1523404517983N00554454EA0202702039
B1523414517981N00554460EA0202502037
B1523424517979N00554465EA0202302035
B1523434517977N00554469EA0202002032
B1523444517973N00554473EA0201802030
B1523454517969N00554475EA0201702029
B1523464517965N00554476EA0201402026
B1523474517961N00554476EA0201202024
B1523484517956N00554475EA0201002022
B1523494517952N00554473EA0200802020
B1523504517948N00554469EA0200502017
B1523514517953N00554473EA0200402016
B1523524517956N00554477EA0200202014
B1523534517958N00554481EA0199902011
B1523544517960N00554486EA0199802010
B1523554517961N00554492EA0199602008
B1523564517961N00554498EA0199402006
B1523574517960N00554503EA0199202004
B1523584517958N00554508EA0199002002
B1523594517956N00554513EA0198701999
B1524004517953N00554517EA0198301995
B1524014517949N00554520EA0198001992
B1524024517945N00554522EA0197701989
B1524034517950N00554519EA0197601988
B1524044517954N00554518EA0197401986
B1524054517959N00554518EA0197201984
B1524064517963N00554520EA0196901981
B1524074517966N00554522EA0196701979
B1524084517969N00554526EA0196401976
B1524094517972N00554530EA0196101973
B1524104517974N00554535EA0195901971
B1524114517975N00554541EA0195701969
B1524124517975N00554546EA0195401966
B1524134517974N00554552EA0195101963
B1524144517973N00554557EA0194801960
B1524154517970N00554562EA0194501957
B1524164517972N00554555EA0194401956
B1524174517975N00554549EA0194101953
B1524184517978N00554544EA0193901951
B1524194517981N00554541EA0193701949
B1524204517985N00554538EA0193501947
B1524214517989N00554537EA0193301945
B1524224517994N00554536EA0193001942
B1524234517998N00554537EA0192801940
B1524244518002N00554539EA0192501937
B1524254518005N00554543EA0192201934
B1524264518008N00554547EA0192001932
B1524274518010N00554552EA0191701929
B1524284518011N00554557EA0191601928
B1524294518008N00554550EA0191401926
B1524304518007N00554544EA0191201924
B1524314518006N00554537EA0190901921
B1524324518006N00554531EA0190701919
B1524334518007N00554524EA0190401916
B1524344518009N00554518EA0190201914
B1524354518011N00554513EA0189901911
B1524364518014N00554508EA0189601908
B1524374518018N00554505EA0189401906
B1524384518022N00554502EA0189101903
B1524394518026N00554501EA0188901901
B1524404518030N00554501EA0188701899
B1524414518034N00554502EA0188401896
B1524424518029N00554502EA0188301895
B1524434518025N00554500EA0188001892
B1524444518021N00554498EA0187701889
B1524454518017N00554494EA0187501887
B1524464518014N00554489EA0187301885
B1524474518011N00554484EA0187001882
B1524484518009N00554477EA0186701879
B1524494518008N00554471EA0186501877
B1524504518008N00554464EA0186301875
B1524514518009N00554458EA0186001872
B1524524518011N00554452EA0185901871
B1524534518008N00554458EA0185701869
B1524544518005N00554462EA0185501867
B1524554518001N00554465EA0185201864
B1524564517997N00554467EA0184901861
B1524574517993N00554468EA0184701859
B1524584517988N00554467EA0184401856
B1524594517984N00554466EA0184001852
B1525004517980N00554463EA0183801850
B1525014517976N00554459EA0183701849
B1525024517973N00554454EA0183401846
B1525034517971N00554449EA0183101843
B1525044517969N00554443EA0182901841
B1525054517971N00554449EA0182701839
B1525064517972N00554455EA0182501837
B1525074517972N00554460EA0182101833
B1525084517971N00554466EA0181901831
B1525094517969N00554471EA0181701829
B1525104517967N00554476EA0181501827
B1525114517964N00554480EA0181201824
B1525124517960N00554483EA0180901821
B1525134517956N00554484EA0180601818
B1525144517952N00554485EA0180401816
B1525154517947N00554485EA0180101813
B1525164517943N00554483EA0179801810
B1525174517948N00554485EA0179601808
B1525184517952N00554487EA0179401806
B1525194517955N00554491EA0179101803
B1525204517957N00554495EA0178801800
B1525214517959N00554500EA0178501797
B1525224517960N00554506EA0178201794
B1525234517960N00554511EA0178001792
B1525244517959N00554517EA0177701789
B1525254517958N00554522EA0177401786
B1525264517956N00554527EA0177301785
B1525274517953N00554531EA0176901781
B1525284517949N00554534EA0176601778
B1525294517954N00554530EA0176501777
B1525304517958N00554528EA0176201774
B1525314517962N00554527EA0176001772
B1525324517966N00554527EA0175801770
B1525334517970N00554528EA0175401766
B1525344517974N00554531EA0175201764
B1525354517977N00554534EA0175001762
B1525364517980N00554539EA0174701759
B1525374517981N00554543EA0174401756
B1525384517983N00554549EA0174201754
B1525394517983N00554555EA0173901751
B1525404517982N00554560EA0173601748
B1525414517981N00554566EA0173301745
B1525424517981N00554557EA0173201744
B1525434517983N00554551EA0173101743
B1525444517985N00554546EA0172801740
B1525454517988N00554541EA0172501737
B1525464517992N00554537EA0172301735
B1525474517995N00554534EA0172001732
B1525484518000N00554532EA0171901731
B1525494518004N00554532EA0171601728
B1525504518008N00554533EA0171401726
B1525514518012N00554534EA0171101723
B1525524518015N00554537EA0170801720
B1525534518018N00554541EA0170601718
B1525544518020N00554546EA0170201714
B1525554518016N00554540EA0170201714
B1525564518014N00554535EA0169901711
B1525574518012N00554529EA0169701709
B1525584518011N00554522EA0169301705
B1525594518011N00554516EA0169001702
B1526004518011N00554509EA0168801700
B1526014518013N00554503EA0168501697
B1526024518015N00554498EA0168301695
B1526034518018N00554493EA0168001692
B1526044518021N00554489EA0167801690
B1526054518025N00554486EA0167601688
B1526064518029N00554484EA0167401686
B1526074518024N00554486EA0167301685
B1526084518020N00554486EA0167001682
B1526094518015N00554485EA0166801680
B1526104518011N00554483EA0166601678
B1526114518007N00554480EA0166301675
B1526124518004N00554476EA0166101673
B1526134518001N00554471EA0165901671
B1526144517999N00554465EA0165601668
B1526154517997N00554458EA0165401666
B1526164517997N00554452EA0165101663
B1526174517997N00554445EA0164801660
B1526184517998N00554439EA0164601658
B1526194517997N00554446EA0164501657
B1526204517995N00554451EA0164301655
B1526214517993N00554456EA0164001652
B1526224517989N00554459EA0163701649
B1526234517986N00554462EA0163501647
B1526244517982N00554464EA0163201644
B1526254517977N00554464EA0163001642
B1526264517973N00554463EA0162701639
B1526274517969N00554461EA0162401636
B1526284517965N00554458EA0162201634
B1526294517961N00554454EA0161901631
B1526304517964N00554459EA0161701629
B1526314517966N00554465EA0161401626
B1526324517967N00554470EA0161101623
B1526334517967N00554476EA0160801620
B1526344517966N00554481EA0160601618
B1526354517965N00554487EA0160301615
B1526364517963N00554491EA0160101613
B1526374517960N00554495EA0159901611
B1526384517956N00554498EA0159701609
B1526394517952N00554500EA0159401606
B1526404517948N00554501EA0159101603
B1526414517943N00554501EA0158901601
B1526424517949N00554501EA0158801600
B1526434517953N00554502EA0158601598
B1526444517956N00554504EA0158401596
B1526454517960N00554507EA0158101593
B1526464517963N00554511EA0157901591
B1526474517965N00554516EA0157601588
B1526484517966N00554522EA0157401586
B1526494517966N00554527EA0157101583
B1526504517966N00554533EA0156901581
B1526514517965N00554538EA0156601578
B1526524517963N00554543EA0156401576
B1526534517960N00554548EA0156201574
B1526544517956N00554551EA0156001572
B1526554517960N00554545EA0155801570
B1526564517964N00554541EA0155601568
B1526574517967N00554538EA0155301565
B1526584517972N00554536EA0155101563
B1526594517976N00554536EA0154801560
B1527004517980N00554537EA0154501557
B1527014517984N00554538EA0154301555
B1527024517987N00554541EA0154101553
B1527034517990N00554545EA0153801550
B1527044517993N00554550EA0153601548
B1527054517994N00554555EA0153301545
B1527064517995N00554561EA0153101543
B1527074517995N00554566EA0152901541
B1527084517994N00554558EA0152801540
B1527094517994N00554552EA0152501537
B1527104517995N00554545EA0152201534
B1527114517997N00554539EA0152001532
B1527124517999N00554534EA0151701529
B1527134518002N00554529EA0151401526
B1527144518006N00554526EA0151101523
B1527154518010N00554523EA0150901521
B1527164518014N00554522EA0150701519
B1527174518018N00554522EA0150401516
B1527184518022N00554524EA0150201514
B1527194518026N00554526EA0149901511
B1527204518029N00554529EA0149601508
B1527214518024N00554526EA0149501507
B1527224518021N00554522EA0149301505
B1527234518018N00554517EA0149001502
B1527244518015N00554511EA0148801500
B1527254518014N00554505EA0148501497
B1527264518013N00554499EA0148201494
B1527274518013N00554492EA0148001492
B1527284518014N00554486EA0147701489
B1527294518016N00554479EA0147401486
B1527304518018N00554474EA0147101483
B1527314518021N00554469EA0146801480
B1527324518025N00554466EA0146601478
B1527334518020N00554470EA0146401476
B1527344518016N00554472EA0146101473
B1527354518012N00554473EA0145901471
B1527364518008N00554473EA0145701469
B1527374518003N00554471EA0145401466
B1527384517999N00554468EA0145101463
B1527394517995N00554465EA0144901461
B1527404517992N00554460EA0144701459
B1527414517990N00554454EA0144501457
B1527424517988N00554448EA0144201454
B1527434517987N00554442EA0143901451
B1527444517987N00554449EA0143901451
B1527454517986N00554455EA0143601448
B1527464517985N00554460EA0143401446
B1527474517982N00554464EA0143101443
B1527484517979N00554468EA0142801440
B1527494517975N00554471EA0142601438
B1527504517971N00554473EA0142301435
B1527514517967N00554474EA0142101433
B1527524517963N00554473EA0141801430
B1527534517958N00554472EA0141601428
B1527544517954N00554469EA0141201424
B1527554517951N00554465EA0141001422
B1527564517955N00554469EA0140901421
B1527574517958N00554473EA0140601418
B1527584517960N00554478EA0140401416
B1527594517961N00554483EA0140201414
B1528004517962N00554489EA0139901411
B1528014517961N00554494EA0139701409
B1528024517960N00554500EA0139401406
B1528034517958N00554505EA0139101403
B1528044517955N00554509EA0138901401
B1528054517952N00554513EA0138701399
B1528064517948N00554515EA0138401396
B1528074517944N00554516EA0138201394
B1528084517949N00554514EA0138101393
B1528094517953N00554514EA0137801390
B1528104517957N00554515EA0137401386
B1528114517961N00554517EA0137101383
B1528124517965N00554520EA0136901381
B1528134517968N00554524EA0136701379
B1528144517970N00554528EA0136401376
B1528154517971N00554534EA0136101373
B1528164517972N00554539EA0135801370
B1528174517972N00554545EA0135601368
B1528184517971N00554550EA0135401366
B1528194517969N00554555EA0135101363
B1528204517966N00554560EA0134801360
B1528214517969N00554553EA0134701359
B1528224517971N00554548EA0134401356
B1528234517975N00554543EA0134201354
B1528244517978N00554540EA0133901351
B1528254517982N00554538EA0133701349
B1528264517987N00554537EA0133501347
B1528274517991N00554538EA0133301345
B1528284517995N00554539EA0133001342
B1528294517998N00554542EA0132701339
B1528304518002N00554546EA0132501337
B1528314518004N00554550EA0132201334
B1528324518006N00554555EA0131901331
B1528334518007N00554561EA0131701329
B1528344518004N00554553EA0131501327
B1528354518003N00554547EA0131301325
B1528364518003N00554540EA0131101323
B1528374518004N00554534EA0130801320
B1528384518005N00554527EA0130501317
B1528394518007N00554522EA0130301315
B1528404518010N00554517EA0130001312
B1528414518014N00554513EA0129801310
B1528424518017N00554510EA0129601308
B1528434518022N00554508EA0129301305
B1528444518026N00554508EA0129001302
B1528454518030N00554508EA0128901301
B1528464518034N00554510EA0128601298
B1528474518028N00554509EA0128501297
B1528484518024N00554507EA0128201294
B1528494518020N00554503EA0128001292
B1528504518017N00554499EA0127701289
B1528514518014N00554494EA0127601288
B1528524518012N00554488EA0127301285
B1528534518011N00554481EA0127001282
B1528544518010N00554475EA0126701279
B1528554518011N00554468EA0126401276
B1528564518012N00554462EA0126201274
B1528574518014N00554456EA0125901271
B1528584518017N00554451EA0125601268
B1528594518014N00554457EA0125501267
B1529004518010N00554460EA0125101263
B1529014518006N00554463EA0124801260
B1529024518002N00554464EA0124601258
B1529034517998N00554464EA0124301255
B1529044517993N00554463EA0124101253
B1529054517989N00554461EA0123901251
B1529064517985N00554458EA0123601248
B1529074517982N00554453EA0123301245
B1529084517979N00554448EA0122901241
B1529094517977N00554442EA0122801240
B1529104517978N00554449EA0122701239
B1529114517978N00554455EA0122401236
B1529124517978N00554460EA0122201234
B1529134517976N00554466EA0121901231
B1529144517974N00554470EA0121701229
B1529154517971N00554474EA0121501227
B1529164517967N00554477EA0121201224
B1529174517963N00554480EA0121001222
B1529184517959N00554480EA0120801220
B1529194517954N00554480EA0120601218
B1529204517950N00554478EA0120301215
B1529214517946N00554476EA0120001212
B1529224517951N00554478EA0119901211
B1529234517954N00554482EA0119701209
B1529244517957N00554486EA0119401206
B1529254517959N00554491EA0119201204
B1529264517960N00554496EA0119001202
B1529274517961N00554502EA0118701199
B1529284517960N00554507EA0118501197
B1529294517959N00554513EA0118101193
B1529304517957N00554518EA0117901191
B1529314517954N00554522EA0117701189
B1529324517951N00554525EA0117401186
B1529334517947N00554528EA0117101183
B1529344517952N00554524EA0117001182
B1529354517956N00554523EA0116801180
B1529364517960N00554522EA0116501177
B1529374517964N00554523EA0116201174
B1529384517968N00554525EA0115901171
B1529394517972N00554528EA0115601168
B1529404517975N00554532EA0115401166
B1529414517977N00554537EA0115201164
B1529424517978N00554542EA0115001162
B1529434517979N00554548EA0114801160
B1529444517979N00554553EA0114501157
B1529454517978N00554559EA0114301155
B1529464517976N00554564EA0114101153
B1529474517977N00554556EA0114001152
B1529484517979N00554550EA0113801150
B1529494517982N00554545EA0113601148
B1529504517985N00554541EA0113301145
B1529514517989N00554537EA0113001142
B1529524517993N00554535EA0112801140
B1529534517997N00554534EA0112601138
B1529544518001N00554534EA0112401136
B1529554518005N00554536EA0112101133
B1529564518009N00554538EA0111901131
B1529574518012N00554542EA0111601128
B1529584518014N00554546EA0111401126
B1529594518016N00554551EA0111101123
B1530004518013N00554545EA0111001122
B1530014518011N00554539EA0110701119
B1530024518009N00554533EA0110501117
B1530034518009N00554526EA0110101113
B1530044518009N00554520EA0109901111
B1530054518010N00554513EA0109701109
B1530064518012N00554508EA0109401106
B1530074518015N00554502EA0109201104
B1530084518018N00554498EA0108901101
B1530094518022N00554495EA0108601098
B1530104518026N00554493EA0108301095
B1530114518030N00554492EA0108101093
B1530124518034N00554492EA0107801090
B1530134518029N00554493EA0107601088
B1530144518025N00554492EA0107401086
B1530154518020N00554491EA0107201084
B1530164518016N00554488EA0107001082
B1530174518013N00554484EA0106701079
B1530184518010N00554479EA0106401076
B1530194518007N00554473EA0106201074
B1530204518006N00554467EA0106001072
B1530214518005N00554460EA0105801070
B1530224518005N00554454EA0105501067
B1530234518006N00554447EA0105301065
B1530244518004N00554454EA0105201064
B1530254518001N00554458EA0104901061
B1530264517998N00554462EA0104601058
B1530274517994N00554465EA0104401056
B1530284517990N00554466EA0104201054
B1530294517986N00554467EA0104001052
B1530304517981N00554466EA0103801050
B1530314517977N00554464EA0103501047
B1530324517973N00554461EA0103301045
B1530334517970N00554456EA0103101043
B1530344517967N00554451EA0102801040
B1530354517964N00554446EA0102501037
B1530364517967N00554452EA0102401036
B1530374517968N00554457EA0102101033
B1530384517969N00554463EA0101901031
B1530394517968N00554468EA0101601028
B1530404517967N00554474EA0101401026
B1530414517965N00554479EA0101201024
B1530424517962N00554483EA0101001022
B1530434517959N00554486EA0100801020
B1530444517955N00554489EA0100401016
B1530454517951N00554490EA0100101013
B1530464517946N00554490EA0099901011
B1530474517942N00554489EA0099601008
B1530484517947N00554490EA0099501007
B1530494517951N00554492EA0099201004
B1530504517954N00554495EA0099001002
B1530514517957N00554499EA0098700999
B1530524517959N00554504EA0098500997
B1530534517961N00554510EA0098300995
B1530544517961N00554515EA0098000992
B1530554517961N00554521EA0097700989
B1530564517960N00554526EA0097500987
B1530574517958N00554531EA0097200984
B1530584517955N00554536EA0096900981
B1530594517952N00554539EA0096700979
B1531004517956N00554534EA0096700979
B1531014517960N00554532EA0096400976
B1531024517964N00554530EA0096200974
B1531034517968N00554529EA0096000972
B1531044517973N00554530EA0095800970
B1531054517976N00554532EA0095500967
B1531064517980N00554535EA0095300965
B1531074517983N00554539EA0095000962
B1531084517985N00554544EA0094700959
B1531094517987N00554549EA0094500957
B1531104517987N00554555EA0094300955
B1531114517987N00554560EA0094000952
B1531124517986N00554566EA0093700949
B1531134517986N00554558EA0093600948
B1531144517987N00554551EA0093400946
B1531154517989N00554545EA0093200944
B1531164517991N00554540EA0092900941
B1531174517994N00554535EA0092700939
B1531184517998N00554532EA0092500937
B1531194518002N00554529EA0092300935
B1531204518006N00554528EA0092100933
B1531214518011N00554528EA0091900931
B1531224518015N00554529EA0091600928
B1531234518018N00554532EA0091400926
B1531244518022N00554535EA0091100923
B1531254518024N00554539EA0090800920
B1531264518020N00554534EA0090700919
B1531274518017N00554530EA0090500917
B1531284518014N00554524EA0090200914
B1531294518013N00554518EA0090100913
B1531304518012N00554511EA0089800910
B1531314518012N00554505EA0089500907
B1531324518013N00554498EA0089300905
B1531334518014N00554492EA0089100903
B1531344518017N00554487EA0088800900
B1531354518020N00554482EA0088500897
B1531364518024N00554479EA0088300895
B1531374518028N00554476EA0088100893
B1531384518023N00554479EA0088000892
B1531394518018N00554480EA0087800890
B1531404518014N00554480EA0087500887
B1531414518010N00554479EA0087400886
B1531424518005N00554476EA0087100883
B1531434518002N00554473EA0086800880
B1531444517998N00554468EA0086600878
B1531454517996N00554463EA0086400876
B1531464517994N00554456EA0086200874
B1531474517993N00554450EA0085900871
B1531484517993N00554443EA0085700869
B1531494517993N00554437EA0085500867
B1531504517993N00554444EA0085300865
B1531514517991N00554449EA0085000862
B1531524517989N00554454EA0084800860
B1531534517986N00554458EA0084500857
B1531544517983N00554462EA0084300855
B1531554517979N00554464EA0084000852
B1531564517974N00554465EA0083700849
B1531574517970N00554465EA0083500847
B1531584517966N00554464EA0083300845
B1531594517961N00554461EA0083000842
B1532004517958N00554458EA0082800840
B1532014517961N00554463EA0082700839
B1532024517963N00554467EA0082400836
B1532034517965N00554473EA0082100833
B1532044517965N00554478EA0081800830
B1532054517965N00554484EA0081600828
B1532064517964N00554489EA0081300825
B1532074517962N00554495EA0081100823
B1532084517959N00554499EA0080800820
B1532094517956N00554502EA0080600818
B1532104517952N00554505EA0080400816
B1532114517948N00554507EA0080200814
B1532124517944N00554507EA0080000812
B1532134517949N00554506EA0079800810
B1532144517953N00554506EA0079600808
B1532154517957N00554508EA0079400806
B1532164517961N00554511EA0079200804
B1532174517964N00554515EA0078900801
B1532184517966N00554519EA0078700799
B1532194517968N00554524EA0078400796
B1532204517968N00554530EA0078300795
B1532214517968N00554535EA0078100793
B1532224517968N00554541EA0077800790
B1532234517966N00554546EA0077600788
B1532244517963N00554551EA0077200784
B1532254517960N00554555EA0077000782
B1532264517963N00554548EA0076900781
B1532274517967N00554544EA0076600778
B1532284517970N00554540EA0076300775
B1532294517974N00554538EA0076100773
B1532304517979N00554537EA0075800770
B1532314517983N00554537EA0075600768
B1532324517987N00554538EA0075400766
B1532334517991N00554541EA0075100763
B1532344517994N00554544EA0074900761
B1532354517996N00554548EA0074600758
B1532364517998N00554553EA0074300755
B1532374517999N00554559EA0074000752
B1532384518000N00554564EA0073800750
B1532394517998N00554556EA0073700749
B1532404517998N00554550EA0073400746
B1532414517998N00554543EA0073100743
B1532424518000N00554537EA0072900741
B1532434518002N00554531EA0072500737
B1532444518004N00554526EA0072300735
B1532454518008N00554522EA0072000732
B1532464518012N00554519EA0071700729
B1532474518016N00554517EA0071500727
B1532484518020N00554516EA0071200724
B1532494518024N00554517EA0071000722
B1532504518028N00554519EA0070700719
B1532514518032N00554521EA0070400716
B1532524518026N00554519EA0070400716
B1532534518022N00554516EA0070200714
B1532544518019N00554511EA0069900711
B1532554518016N00554506EA0069700709
B1532564518014N00554500EA0069500707
B1532574518013N00554494EA0069300705
B1532584518012N00554487EA0069100703
B1532594518013N00554481EA0068800700
B1533004518014N00554474EA0068600698
B1533014518016N00554469EA0068300695
B1533024518018N00554463EA0068000692
B1533034518022N00554459EA0067900691
B1533044518018N00554464EA0067800690
B1533054518014N00554467EA0067600688
B1533064518010N00554468EA0067400686
B1533074518005N00554469EA0067200684
B1533084518001N00554468EA0066900681
B1533094517997N00554466EA0066700679
B1533104517993N00554463EA0066400676
B1533114517989N00554459EA0066100673
B1533124517986N00554454EA0065800670
B1533134517984N00554448EA0065500667
B1533144517983N00554442EA0065200664
B1533154517983N00554449EA0065100663
B1533164517983N00554454EA0064800660
B1533174517982N00554460EA0064700659
B1533184517979N00554465EA0064400656
B1533194517977N00554469EA0064100653
B1533204517973N00554473EA0063800650
B1533214517969N00554475EA0063600648
B1533224517965N00554476EA0063400646
B1533234517961N00554476EA0063100643
B1533244517956N00554475EA0062900641
B1533254517952N00554473EA0062600638
B1533264517948N00554469EA0062400636
B1533274517953N00554473EA0062300635
B1533284517956N00554477EA0062000632
B1533294517958N00554481EA0061800630
B1533304517960N00554486EA0061600628
B1533314517961N00554492EA0061300625
B1533324517961N00554497EA0061100623
B1533334517960N00554503EA0060800620
B1533344517958N00554508EA0060700619
B1533354517956N00554513EA0060500617
B1533364517953N00554517EA0060200614
B1533374517949N00554520EA0060000612
B1533384517945N00554522EA0059700609
B1533394517950N00554519EA0059700609
B1533404517954N00554518EA0059500607
B1533414517959N00554518EA0059200604
B1533424517963N00554520EA0058900601
B1533434517966N00554522EA0058600598
B1533444517969N00554526EA0058400596
B1533454517972N00554530EA0058100593
B1533464517974N00554535EA0057900591
B1533474517975N00554541EA0057600588
B1533484517975N00554546EA0057400586
B1533494517974N00554552EA0057100583
B1533504517973N00554557EA0056900581
B1533514517970N00554562EA0056700579
B1533524517972N00554555EA0056600578
B1533534517975N00554549EA0056300575
B1533544517978N00554544EA0056100573
B1533554517981N00554541EA0055900571
B1533564517985N00554538EA0055600568
B1533574517989N00554537EA0055400566
B1533584517994N00554536EA0055100563
B1533594517998N00554537EA0054800560
B1534004518002N00554540EA0054500557
B1534014518005N00554543EA0054200554
B1534024518008N00554547EA0054000552
B1534034518010N00554552EA0053700549
B1534044518011N00554557EA0053400546
B1534054518008N00554550EA0053300545
B1534064518007N00554544EA0053000542
B1534074518006N00554537EA0052700539
B1534084518006N00554531EA0052600538
B1534094518007N00554524EA0052300535
B1534104518009N00554518EA0052100533
B1534114518011N00554513EA0051800530
B1534124518014N00554508EA0051500527
B1534134518018N00554505EA0051300525
B1534144518022N00554502EA0051100523
B1534154518026N00554501EA0050800520
B1534164518030N00554501EA0050500517
B1534174518034N00554502EA0050400516
B1534184518029N00554502EA0050200514
B1534194518025N00554500EA0049900511
B1534204518021N00554498EA0049700509
B1534214518017N00554494EA0049400506
B1534224518014N00554489EA0049100503
B1534234518011N00554484EA0048800500
B1534244518009N00554477EA0048600498
B1534254518008N00554471EA0048400496
B1534264518008N00554464EA0048100493
B1534274518009N00554458EA0047800490
B1534284518011N00554452EA0047600488
B1534294518008N00554458EA0047400486
B1534304518005N00554462EA0047100483
B1534314518001N00554465EA0046900481
B1534324517997N00554467EA0046500477
B1534334517993N00554468EA0046300475
B1534344517988N00554467EA0046000472
B1534354517984N00554466EA0045700469
B1534364517980N00554463EA0045600468
B1534374517976N00554459EA0045400466
B1534384517973N00554454EA0045100463
B1534394517971N00554449EA0044900461
B1534404517969N00554443EA0044700459
B1534414517971N00554449EA0044500457
B1534424517972N00554455EA0044300455
B1534434517972N00554460EA0044100453
B1534444517971N00554466EA0043800450
B1534454517969N00554471EA0043500447
B1534464517967N00554476EA0043200444
B1534474517964N00554480EA0043000442
B1534484517960N00554483EA0042800440
B1534494517956N00554484EA0042600438
B1534504517952N00554485EA0042400436
B1534514517947N00554484EA0042100433
B1534524517943N00554483EA0041900431
B1534534517948N00554485EA0041800430
B1534544517952N00554487EA0041500427
B1534554517955N00554491EA0041300425
B1534564517957N00554495EA0041000422
B1534574517959N00554500EA0040800420
B1534584517960N00554506EA0040500417
B1534594517960N00554511EA0040300415
B1535004517959N00554517EA0040000412
B1535014517958N00554522EA0039700409
B1535024517956N00554527EA0039500407
B1535034517953N00554531EA0039200404
B1535044517949N00554534EA0039000402
B1535054517954N00554530EA0038800400
B1535064517958N00554528EA0038500397
B1535074517962N00554527EA0038200394
B1535084517966N00554527EA0038000392
B1535094517970N00554528EA0037800390
B1535104517974N00554531EA0037600388
B1535114517977N00554534EA0037200384
B1535124517980N00554538EA0037000382
B1535134517981N00554543EA0036700379
B1535144517982N00554549EA0036400376
B1535154517983N00554555EA0036100373
B1535164517982N00554560EA0035900371
B1535174517981N00554566EA0035600368
B1535184517981N00554557EA0035400366
B1535194517983N00554551EA0035100363
B1535204517985N00554546EA0035100363
B1535214517988N00554541EA0034800360
B1535224517991N00554537EA0034500357
B1535234517995N00554534EA0034200354
B1535244518000N00554532EA0034000352
B1535254518004N00554532EA0033700349
B1535264518008N00554533EA0033400346
B1535274518012N00554534EA0033200344
B1535284518015N00554537EA0032900341
B1535294518018N00554541EA0032600338
B1535304518020N00554546EA0032400336
B1535314518016N00554540EA0032300335
B1535324518014N00554535EA0032000332
B1535334518012N00554529EA0031800330
B1535344518011N00554523EA0031500327
B1535354518011N00554516EA0031300325
B1535364518011N00554509EA0031000322
B1535374518013N00554503EA0030800320
B1535384518015N00554498EA0030500317
B1535394518018N00554493EA0030300315
B1535404518021N00554489EA0030000312
B1535414518025N00554486EA0029700309
B1535424518029N00554484EA0029400306
B1535434518024N00554486EA0029300305
B1535444518020N00554486EA0029000302
B1535454518015N00554486EA0028800300
B1535464518011N00554483EA0028500297
B1535474518007N00554480EA0028200294
B1535484518004N00554476EA0028000292
B1535494518001N00554471EA0027700289
B1535504517999N00554465EA0027400286
B1535514517997N00554458EA0027200284
B1535524517997N00554452EA0027000282
B1535534517997N00554445EA0026800280
B1535544517999N00554439EA0026600278
B1535554517997N00554446EA0026500277
B1535564517995N00554451EA0026200274
B1535574517993N00554456EA0026000272
B1535584517989N00554459EA0025700269
B1535594517986N00554462EA0025500267
B1536004517982N00554464EA0025200264
B1536014517977N00554464EA0024900261
B1536024517973N00554463EA0024600258
B1536034517969N00554461EA0024400256
B1536044517965N00554458EA0024100253
B1536054517961N00554454EA0023900251
B1536064517964N00554459EA0023700249
B1536074517964N00554459EA0023300245
B1536084517964N00554459EA0023400246
B1536094517964N00554459EA0023300245
B1536104517964N00554459EA0023400246
B1536114517964N00554459EA0023300245
B1536124517964N00554459EA0023300245
B1536134517964N00554459EA0023300245
B1536144517964N00554459EA0023300245
B1536154517964N00554459EA0023300245
B1536164517964N00554459EA0023300245
B1536174517964N00554459EA0023300245
B1536184517964N00554459EA0023300245
B1536194517964N00554459EA0023300245
B1536204517964N00554459EA0023300245
B1536214517964N00554459EA0023300245
B1536224517964N00554459EA0023200244
B1536234517964N00554459EA0023300245
B1536244517964N00554459EA0023300245
B1536254517964N00554459EA0023300245
B1536264517964N00554459EA0023300245
