AXCT FlyLog example
HFDTEDATE:230526,01
HFPLTPILOTINCHARGE:Pilote Demo
HFGTYGLIDERTYPE:Voile EN-B
HFGIDGLIDERID:
B1139004512414N00553022EA0170801720
B1139014512414N00553022EA0170801720
B1139024512414N00553022EA0170801720
B1139034512414N00553022EA0170801720
B1139044512414N00553022EA0170901721
B1139054512414N00553022EA0170801720
B1139064512414N00553022EA0170801720
B1139074512414N00553022EA0170801720
B1139084512414N00553022EA0170801720
B1139094512414N00553022EA0170801720
B1139104512414N00553022EA0170801720
B1139114512414N00553022EA0170801720
B1139124512414N00553022EA0170801720
B1139134512414N00553022EA0170801720
B1139144512414N00553022EA0170801720
B1139154512414N00553022EA0170801720
B1139164512414N00553022EA0170801720
B1139174512414N00553022EA0170801720
B1139184512414N00553022EA0170801720
B1139194512414N00553022EA0170801720
B1139204512414N00553022EA0170701719
B1139214512414N00553022EA0170801720
B1139224512414N00553022EA0170801720
B1139234512414N00553022EA0170801720
B1139244512414N00553022EA0170801720
B1139254512414N00553022EA0170801720
B1139264512414N00553022EA0170801720
B1139274512414N00553022EA0170801720
B1139284512414N00553022EA0170801720
B1139294512414N00553022EA0170801720
B1139304512413N00553014EA0170701719
B1139314512412N00553005EA0170601718
B1139324512411N00552997EA0170401716
B1139334512410N00552988EA0170301715
B1139344512408N00552980EA0170101713
B1139354512407N00552972EA0170001712
B1139364512406N00552963EA0169801710
B1139374512405N00552955EA0169701709
B1139384512403N00552947EA0169501707
B1139394512402N00552938EA0169501707
B1139404512401N00552930EA0169301705
B1139414512399N00552922EA0169301705
B1139424512398N00552913EA0169201704
B1139434512396N00552905EA0169201704
B1139444512394N00552897EA0169101703
B1139454512393N00552889EA0169001702
B1139464512391N00552880EA0168901701
B1139474512389N00552872EA0168801700
B1139484512387N00552864EA0168701699
B1139494512386N00552856EA0168601698
B1139504512384N00552848EA0168501697
B1139514512382N00552840EA0168501697
B1139524512380N00552831EA0168401696
B1139534512378N00552823EA0168301695
B1139544512376N00552815EA0168101693
B1139554512374N00552807EA0168101693
B1139564512373N00552799EA0168001692
B1139574512371N00552791EA0167901691
B1139584512369N00552782EA0167701689
B1139594512367N00552774EA0167601688
B1140004512365N00552766EA0167501687
B1140014512363N00552758EA0167301685
B1140024512361N00552750EA0167201684
B1140034512359N00552742EA0167101683
B1140044512356N00552734EA0167101683
B1140054512354N00552726EA0167001682
B1140064512352N00552718EA0166901681
B1140074512350N00552711EA0166801680
B1140084512347N00552703EA0166701679
B1140094512345N00552695EA0166501677
B1140104512343N00552687EA0166401676
B1140114512340N00552679EA0166201674
B1140124512338N00552671EA0166101673
B1140134512336N00552663EA0166001672
B1140144512334N00552655EA0165901671
B1140154512331N00552647EA0165701669
B1140164512329N00552639EA0165601668
B1140174512326N00552632EA0165401666
B1140184512323N00552624EA0165301665
B1140194512321N00552616EA0165101663
B1140204512318N00552609EA0165001662
B1140214512315N00552601EA0165001662
B1140224512313N00552593EA0164801660
B1140234512310N00552586EA0164701659
B1140244512307N00552578EA0164601658
B1140254512304N00552571EA0164501657
B1140264512301N00552563EA0164301655
B1140274512299N00552555EA0164201654
B1140284512296N00552548EA0164201654
B1140294512293N00552540EA0164001652
B1140304512291N00552532EA0163901651
B1140314512288N00552524EA0163801650
B1140324512286N00552517EA0163701649
B1140334512283N00552509EA0163601648
B1140344512280N00552501EA0163501647
B1140354512278N00552494EA0163401646
B1140364512275N00552486EA0163301645
B1140374512272N00552478EA0163201644
B1140384512270N00552471EA0163001642
B1140394512267N00552463EA0162901641
B1140404512265N00552455EA0162801640
B1140414512262N00552447EA0162701639
B1140424512260N00552439EA0162601638
B1140434512258N00552431EA0162501637
B1140444512255N00552424EA0162401636
B1140454512253N00552416EA0162301635
B1140464512251N00552408EA0162201634
B1140474512249N00552400EA0162101633
B1140484512247N00552392EA0162001632
B1140494512244N00552384EA0161901631
B1140504512242N00552376EA0161701629
B1140514512240N00552368EA0161601628
B1140524512237N00552360EA0161601628
B1140534512235N00552352EA0161501627
B1140544512233N00552344EA0161401626
B1140554512231N00552336EA0161301625
B1140564512228N00552328EA0161201624
B1140574512225N00552321EA0161101623
B1140584512222N00552313EA0161001622
B1140594512220N00552306EA0160801620
B1141004512217N00552298EA0160801620
B1141014512214N00552291EA0160701619
B1141024512211N00552283EA0160601618
B1141034512208N00552276EA0160401616
B1141044512205N00552269EA0160301615
B1141054512202N00552261EA0160201614
B1141064512199N00552254EA0160201614
B1141074512195N00552246EA0160101613
B1141084512192N00552239EA0159901611
B1141094512189N00552232EA0159801610
B1141104512186N00552225EA0159701609
B1141114512183N00552217EA0159601608
B1141124512179N00552210EA0159501607
B1141134512176N00552204EA0159401606
B1141144512172N00552197EA0159201604
B1141154512168N00552190EA0159201604
B1141164512164N00552184EA0159101603
B1141174512161N00552177EA0158901601
B1141184512157N00552171EA0158701599
B1141194512153N00552164EA0158601598
B1141204512150N00552157EA0158501597
B1141214512146N00552150EA0158401596
B1141224512143N00552143EA0158301595
B1141234512139N00552136EA0158201594
B1141244512136N00552129EA0158101593
B1141254512133N00552122EA0158101593
B1141264512130N00552114EA0158001592
B1141274512126N00552107EA0157801590
B1141284512123N00552100EA0157601588
B1141294512120N00552092EA0157501587
B1141304512119N00552085EA0157701589
B1141314512119N00552077EA0157901591
B1141324512120N00552070EA0158101593
B1141334512123N00552063EA0158301595
B1141344512127N00552059EA0158501597
B1141354512131N00552055EA0158701599
B1141364512136N00552054EA0159001602
B1141374512140N00552055EA0159301605
B1141384512144N00552058EA0159601608
B1141394512147N00552063EA0159801610
B1141404512148N00552068EA0160101613
B1141414512149N00552074EA0160301615
B1141424512147N00552080EA0160601618
B1141434512145N00552085EA0160801620
B1141444512141N00552089EA0161101623
B1141454512137N00552091EA0161501627
B1141464512132N00552092EA0161701629
B1141474512127N00552090EA0162001632
B1141484512122N00552086EA0162201634
B1141494512118N00552081EA0162501637
B1141504512115N00552074EA0162801640
B1141514512114N00552067EA0163101643
B1141524512114N00552059EA0163301645
B1141534512116N00552051EA0163701649
B1141544512118N00552045EA0164001652
B1141554512122N00552040EA0164301655
B1141564512126N00552037EA0164501657
B1141574512131N00552037EA0164701659
B1141584512135N00552038EA0165001662
B1141594512139N00552041EA0165301665
B1142004512142N00552045EA0165601668
B1142014512144N00552051EA0165901671
B1142024512144N00552057EA0166201674
B1142034512143N00552062EA0166401676
B1142044512140N00552068EA0166601678
B1142054512136N00552071EA0166801680
B1142064512132N00552074EA0167101683
B1142074512127N00552074EA0167401686
B1142084512121N00552072EA0167701689
B1142094512117N00552068EA0168001692
B1142104512113N00552063EA0168101693
B1142114512110N00552056EA0168301695
B1142124512109N00552048EA0168501697
B1142134512109N00552040EA0168801700
B1142144512111N00552033EA0168901701
B1142154512114N00552027EA0169201704
B1142164512117N00552022EA0169401706
B1142174512122N00552019EA0169601708
B1142184512127N00552019EA0169801710
B1142194512131N00552020EA0170001712
B1142204512135N00552023EA0170201714
B1142214512137N00552027EA0170401716
B1142224512139N00552033EA0170701719
B1142234512139N00552039EA0171001722
B1142244512138N00552045EA0171401726
B1142254512135N00552050EA0171701729
B1142264512131N00552054EA0172001732
B1142274512126N00552056EA0172201734
B1142284512121N00552056EA0172501737
B1142294512116N00552054EA0172801740
B1142304512112N00552050EA0173001742
B1142314512108N00552044EA0173401746
B1142324512106N00552037EA0173801750
B1142334512104N00552030EA0174001752
B1142344512105N00552022EA0174301755
B1142354512106N00552015EA0174701759
B1142364512109N00552009EA0174901761
B1142374512113N00552004EA0175301765
B1142384512117N00552001EA0175601768
B1142394512122N00552001EA0175801770
B1142404512126N00552002EA0176101773
B1142414512130N00552005EA0176501777
B1142424512133N00552010EA0176801780
B1142434512134N00552015EA0176901781
B1142444512134N00552021EA0177101783
B1142454512133N00552027EA0177301785
B1142464512130N00552032EA0177601788
B1142474512126N00552036EA0177701789
B1142484512121N00552038EA0178001792
B1142494512116N00552038EA0178301795
B1142504512111N00552036EA0178501797
B1142514512107N00552032EA0178701799
B1142524512103N00552026EA0179001802
B1142534512101N00552019EA0179301805
B1142544512100N00552011EA0179501807
B1142554512100N00552004EA0179801810
B1142564512102N00551997EA0180001812
B1142574512105N00551990EA0180301815
B1142584512108N00551986EA0180501817
B1142594512113N00551983EA0180801820
B1143004512117N00551983EA0181101823
B1143014512122N00551984EA0181401826
B1143024512125N00551987EA0181701829
B1143034512128N00551992EA0182101833
B1143044512129N00551998EA0182301835
B1143054512129N00552004EA0182501837
B1143064512128N00552010EA0182801840
B1143074512125N00552015EA0183201844
B1143084512121N00552018EA0183601848
B1143094512116N00552020EA0183701849
B1143104512111N00552020EA0184001852
B1143114512106N00552018EA0184201854
B1143124512102N00552013EA0184401856
B1143134512098N00552008EA0184701859
B1143144512096N00552001EA0184901861
B1143154512095N00551993EA0185201864
B1143164512095N00551985EA0185501867
B1143174512097N00551978EA0185701869
B1143184512100N00551972EA0186001872
B1143194512104N00551968EA0186301875
B1143204512108N00551965EA0186501877
B1143214512113N00551965EA0186701879
B1143224512117N00551966EA0187001882
B1143234512121N00551970EA0187301885
B1143244512123N00551975EA0187501887
B1143254512125N00551980EA0187801890
B1143264512125N00551986EA0188001892
B1143274512123N00551992EA0188401896
B1143284512120N00551997EA0188701899
B1143294512116N00552000EA0189001902
B1143304512111N00552002EA0189301905
B1143314512106N00552002EA0189501907
B1143324512101N00552000EA0189801910
B1143334512097N00551995EA0190001912
B1143344512093N00551989EA0190201914
B1143354512091N00551982EA0190501917
B1143364512090N00551975EA0190701919
B1143374512090N00551967EA0190901921
B1143384512092N00551960EA0191201924
B1143394512095N00551954EA0191401926
B1143404512099N00551950EA0191601928
B1143414512104N00551947EA0191801930
B1143424512108N00551947EA0192101933
B1143434512113N00551949EA0192301935
B1143444512116N00551952EA0192701939
B1143454512119N00551957EA0193001942
B1143464512120N00551963EA0193101943
B1143474512120N00551969EA0193401946
B1143484512118N00551974EA0193601948
B1143494512115N00551979EA0193801950
B1143504512111N00551983EA0194101953
B1143514512106N00551984EA0194401956
B1143524512101N00551984EA0194601958
B1143534512096N00551981EA0194801960
B1143544512092N00551977EA0195101963
B1143554512088N00551971EA0195301965
B1143564512086N00551964EA0195601968
B1143574512085N00551956EA0196001972
B1143584512086N00551949EA0196301975
B1143594512088N00551942EA0196501977
B1144004512091N00551936EA0196801980
B1144014512095N00551932EA0197001982
B1144024512099N00551929EA0197201984
B1144034512104N00551929EA0197401986
B1144044512108N00551931EA0197601988
B1144054512112N00551934EA0197801990
B1144064512114N00551939EA0198101993
B1144074512115N00551945EA0198301995
B1144084512115N00551951EA0198501997
B1144094512113N00551957EA0198701999
B1144104512110N00551962EA0198902001
B1144114512106N00551965EA0199202004
B1144124512101N00551966EA0199502007
B1144134512096N00551966EA0199802010
B1144144512091N00551963EA0200102013
B1144154512087N00551959EA0200302015
B1144164512083N00551953EA0200602018
B1144174512081N00551946EA0201002022
B1144184512080N00551938EA0201302025
B1144194512081N00551930EA0201502027
B1144204512083N00551923EA0201902031
B1144214512086N00551918EA0202202034
B1144224512090N00551914EA0202502037
B1144234512095N00551911EA0202802040
B1144244512099N00551911EA0203102043
B1144254512104N00551913EA0203302045
B1144264512107N00551917EA0203602048
B1144274512109N00551922EA0203902051
B1144284512110N00551927EA0204202054
B1144294512110N00551934EA0204502057
B1144304512108N00551939EA0204802060
B1144314512105N00551944EA0205002062
B1144324512101N00551947EA0205302065
B1144334512096N00551948EA0205502067
B1144344512091N00551948EA0205602068
B1144354512086N00551945EA0205802070
B1144364512082N00551941EA0206002072
B1144374512079N00551935EA0206202074
B1144384512076N00551927EA0206302075
B1144394512076N00551920EA0206602078
B1144404512076N00551912EA0206902081
B1144414512078N00551905EA0207302085
B1144424512082N00551899EA0207602088
B1144434512086N00551895EA0207902091
B1144444512090N00551893EA0208102093
B1144454512095N00551893EA0208402096
B1144464512099N00551895EA0208602098
B1144474512102N00551899EA0208802100
B1144484512105N00551904EA0209102103
B1144494512106N00551910EA0209302105
B1144504512105N00551916EA0209402106
B1144514512103N00551922EA0209702109
B1144524512100N00551926EA0209902111
B1144534512096N00551929EA0210102113
B1144544512091N00551931EA0210302115
B1144554512086N00551930EA0210502117
B1144564512081N00551927EA0210702119
B1144574512077N00551922EA0210902121
B1144584512074N00551916EA0211202124
B1144594512072N00551909EA0211502127
B1145004512071N00551901EA0211702129
B1145014512072N00551894EA0212002132
B1145024512074N00551887EA0212102133
B1145034512077N00551881EA0212502137
B1145044512081N00551877EA0212702139
B1145054512086N00551873EA0212602138
B1145064512091N00551869EA0212602138
B1145074512095N00551865EA0212502137
B1145084512100N00551861EA0212402136
B1145094512105N00551858EA0212302135
B1145104512109N00551854EA0212202134
B1145114512114N00551849EA0212102133
B1145124512119N00551845EA0212002132
B1145134512123N00551841EA0211902131
B1145144512128N00551837EA0211702129
B1145154512133N00551834EA0211602128
B1145164512138N00551830EA0211602128
B1145174512143N00551827EA0211502127
B1145184512148N00551824EA0211402126
B1145194512152N00551821EA0211402126
B1145204512157N00551818EA0211202124
B1145214512162N00551815EA0211202124
B1145224512168N00551813EA0211102123
B1145234512173N00551811EA0211002122
B1145244512178N00551809EA0210902121
B1145254512183N00551807EA0210802120
B1145264512188N00551805EA0210702119
B1145274512193N00551803EA0210502117
B1145284512198N00551801EA0210402116
B1145294512203N00551798EA0210202114
B1145304512208N00551796EA0210102113
B1145314512213N00551793EA0210002112
B1145324512218N00551790EA0209902111
B1145334512223N00551788EA0209802110
B1145344512228N00551785EA0209602108
B1145354512233N00551782EA0209502107
B1145364512238N00551779EA0209302105
B1145374512243N00551776EA0209202104
B1145384512248N00551773EA0209102103
B1145394512253N00551770EA0209002102
B1145404512258N00551768EA0208802100
B1145414512263N00551765EA0208802100
B1145424512268N00551762EA0208802100
B1145434512273N00551759EA0208602098
B1145444512278N00551757EA0208602098
B1145454512283N00551754EA0208502097
B1145464512288N00551752EA0208302095
B1145474512293N00551750EA0208302095
B1145484512298N00551748EA0208202094
B1145494512303N00551747EA0208102093
B1145504512309N00551745EA0208002092
B1145514512314N00551743EA0207902091
B1145524512319N00551742EA0207802090
B1145534512324N00551741EA0207702089
B1145544512329N00551739EA0207702089
B1145554512334N00551738EA0207602088
B1145564512339N00551737EA0207402086
B1145574512345N00551736EA0207302085
B1145584512350N00551734EA0207202084
B1145594512355N00551733EA0207002082
B1146004512360N00551732EA0206902081
B1146014512365N00551732EA0206802080
B1146024512370N00551731EA0206802080
B1146034512376N00551730EA0206602078
B1146044512381N00551729EA0206502077
B1146054512386N00551728EA0206402076
B1146064512391N00551727EA0206302075
B1146074512396N00551727EA0206102073
B1146084512401N00551726EA0206002072
B1146094512407N00551725EA0205902071
B1146104512412N00551724EA0205702069
B1146114512417N00551724EA0205602068
B1146124512422N00551723EA0205502067
B1146134512427N00551721EA0205302065
B1146144512432N00551720EA0205202064
B1146154512438N00551719EA0205202064
B1146164512443N00551717EA0205102063
B1146174512448N00551716EA0204902061
B1146184512453N00551714EA0204902061
B1146194512458N00551713EA0204802060
B1146204512463N00551711EA0204702059
B1146214512468N00551710EA0204602058
B1146224512474N00551708EA0204402056
B1146234512479N00551707EA0204402056
B1146244512484N00551705EA0204302055
B1146254512489N00551704EA0204202054
B1146264512494N00551702EA0204102053
B1146274512499N00551701EA0204002052
B1146284512504N00551699EA0203802050
B1146294512510N00551698EA0203702049
B1146304512515N00551696EA0203602048
B1146314512520N00551695EA0203502047
B1146324512525N00551694EA0203402046
B1146334512530N00551693EA0203302045
B1146344512535N00551691EA0203302045
B1146354512540N00551690EA0203202044
B1146364512546N00551689EA0203102043
B1146374512551N00551689EA0202902041
B1146384512556N00551688EA0202802040
B1146394512561N00551687EA0202702039
B1146404512566N00551686EA0202602038
B1146414512571N00551685EA0202502037
B1146424512577N00551684EA0202402036
B1146434512582N00551683EA0202302035
B1146444512587N00551683EA0202202034
B1146454512592N00551682EA0202202034
B1146464512597N00551681EA0202102033
B1146474512602N00551680EA0202002032
B1146484512608N00551679EA0201902031
B1146494512613N00551679EA0201802030
B1146504512618N00551678EA0201702029
B1146514512623N00551678EA0201602028
B1146524512628N00551678EA0201502027
B1146534512633N00551678EA0201402026
B1146544512638N00551677EA0201402026
B1146554512644N00551677EA0201202024
B1146564512649N00551677EA0201102023
B1146574512654N00551676EA0201002022
B1146584512659N00551676EA0200902021
B1146594512664N00551676EA0200802020
B1147004512669N00551675EA0200802020
B1147014512674N00551675EA0200702019
B1147024512680N00551674EA0200602018
B1147034512685N00551674EA0200502017
B1147044512690N00551674EA0200402016
B1147054512695N00551674EA0200402016
B1147064512700N00551673EA0200302015
B1147074512705N00551673EA0200202014
B1147084512710N00551673EA0200102013
B1147094512716N00551673EA0200002012
B1147104512721N00551673EA0200002012
B1147114512726N00551673EA0199802010
B1147124512731N00551673EA0199802010
B1147134512736N00551673EA0199702009
B1147144512741N00551673EA0199502007
B1147154512746N00551673EA0199402006
B1147164512751N00551673EA0199302005
B1147174512757N00551673EA0199202004
B1147184512762N00551673EA0199102003
B1147194512767N00551673EA0199102003
B1147204512772N00551673EA0199002002
B1147214512777N00551673EA0198902001
B1147224512782N00551673EA0198802000
B1147234512787N00551672EA0198701999
B1147244512793N00551672EA0198701999
B1147254512798N00551671EA0198601998
B1147264512803N00551671EA0198601998
B1147274512808N00551671EA0198501997
B1147284512813N00551670EA0198401996
B1147294512818N00551669EA0198301995
B1147304512824N00551669EA0198201994
B1147314512829N00551668EA0198101993
B1147324512834N00551666EA0198001992
B1147334512839N00551665EA0197801990
B1147344512844N00551663EA0197701989
B1147354512849N00551661EA0197601988
B1147364512854N00551660EA0197501987
B1147374512860N00551658EA0197501987
B1147384512865N00551657EA0197401986
B1147394512870N00551655EA0197201984
B1147404512875N00551653EA0197101983
B1147414512880N00551652EA0196901981
B1147424512885N00551650EA0196901981
B1147434512890N00551648EA0196701979
B1147444512895N00551647EA0196601978
B1147454512901N00551644EA0196501977
B1147464512906N00551643EA0196301975
B1147474512911N00551641EA0196101973
B1147484512916N00551639EA0196101973
B1147494512921N00551638EA0196001972
B1147504512926N00551636EA0195901971
B1147514512931N00551634EA0195701969
B1147524512936N00551633EA0195601968
B1147534512942N00551631EA0195501967
B1147544512947N00551629EA0195401966
B1147554512952N00551628EA0195201964
B1147564512957N00551626EA0195101963
B1147574512962N00551624EA0195001962
B1147584512967N00551623EA0194901961
B1147594512972N00551621EA0194801960
B1148004512977N00551619EA0194701959
B1148014512983N00551618EA0194501957
B1148024512988N00551616EA0194401956
B1148034512993N00551614EA0194301955
B1148044512998N00551613EA0194201954
B1148054513003N00551611EA0194001952
B1148064513008N00551609EA0194001952
B1148074513013N00551608EA0193901951
B1148084513018N00551606EA0193901951
B1148094513024N00551604EA0193801950
B1148104513029N00551602EA0193701949
B1148114513034N00551599EA0193601948
B1148124513039N00551597EA0193601948
B1148134513044N00551595EA0193501947
B1148144513049N00551593EA0193301945
B1148154513054N00551591EA0193201944
B1148164513059N00551589EA0193101943
B1148174513064N00551586EA0192901941
B1148184513069N00551584EA0192801940
B1148194513074N00551582EA0192701939
B1148204513079N00551579EA0192601938
B1148214513084N00551576EA0192501937
B1148224513089N00551574EA0192401936
B1148234513094N00551571EA0192201934
B1148244513099N00551569EA0192201934
B1148254513104N00551566EA0192001932
B1148264513109N00551563EA0191901931
B1148274513114N00551560EA0191801930
B1148284513119N00551557EA0191701929
B1148294513124N00551555EA0191501927
B1148304513129N00551552EA0191401926
B1148314513134N00551549EA0191401926
B1148324513139N00551546EA0191301925
B1148334513144N00551543EA0191101923
B1148344513149N00551541EA0191001922
B1148354513154N00551538EA0190901921
B1148364513159N00551535EA0190801920
B1148374513164N00551533EA0190701919
B1148384513169N00551530EA0190501917
B1148394513174N00551528EA0190501917
B1148404513179N00551525EA0190401916
B1148414513184N00551523EA0190301915
B1148424513189N00551520EA0190101913
B1148434513194N00551517EA0190101913
B1148444513199N00551515EA0190001912
B1148454513205N00551512EA0189901911
B1148464513210N00551509EA0189801910
B1148474513215N00551507EA0189701909
B1148484513220N00551504EA0189601908
B1148494513225N00551501EA0189501907
B1148504513230N00551499EA0189401906
B1148514513235N00551497EA0189301905
B1148524513240N00551494EA0189201904
B1148534513245N00551492EA0189001902
B1148544513249N00551491EA0189301905
B1148554513254N00551493EA0189401906
B1148564513257N00551497EA0189601908
B1148574513260N00551502EA0189901911
B1148584513261N00551507EA0190101913
B1148594513260N00551513EA0190201914
B1149004513259N00551519EA0190401916
B1149014513256N00551524EA0190601918
B1149024513252N00551527EA0190801920
B1149034513247N00551529EA0191001922
B1149044513242N00551528EA0191401926
B1149054513237N00551526EA0191601928
B1149064513232N00551521EA0191701929
B1149074513229N00551515EA0191901931
B1149084513227N00551508EA0192101933
B1149094513226N00551500EA0192301935
B1149104513226N00551493EA0192601938
B1149114513228N00551486EA0192901941
B1149124513232N00551480EA0193001942
B1149134513236N00551476EA0193101943
B1149144513240N00551474EA0193301945
B1149154513245N00551474EA0193501947
B1149164513249N00551475EA0193701949
B1149174513253N00551479EA0194001952
B1149184513255N00551484EA0194301955
B1149194513256N00551490EA0194501957
B1149204513256N00551496EA0194701959
B1149214513254N00551501EA0194901961
B1149224513251N00551506EA0195201964
B1149234513246N00551509EA0195401966
B1149244513242N00551511EA0195601968
B1149254513237N00551510EA0195701969
B1149264513232N00551508EA0195901971
B1149274513227N00551503EA0196101973
B1149284513224N00551497EA0196201974
B1149294513222N00551490EA0196501977
B1149304513221N00551482EA0196601978
B1149314513222N00551474EA0196701979
B1149324513224N00551467EA0197001982
B1149334513227N00551462EA0197201984
B1149344513231N00551458EA0197401986
B1149354513236N00551456EA0197601988
B1149364513240N00551456EA0197801990
B1149374513245N00551458EA0198001992
B1149384513248N00551461EA0198101993
B1149394513250N00551466EA0198501997
B1149404513251N00551472EA0198601998
B1149414513251N00551478EA0198902001
B1149424513249N00551484EA0199002002
B1149434513246N00551488EA0199302005
B1149444513241N00551492EA0199502007
B1149454513237N00551493EA0199702009
B1149464513232N00551492EA0200002012
B1149474513227N00551489EA0200202014
B1149484513222N00551485EA0200202014
B1149494513219N00551479EA0200402016
B1149504513217N00551471EA0200702019
B1149514513216N00551464EA0200902021
B1149524513217N00551456EA0201102023
B1149534513219N00551449EA0201402026
B1149544513223N00551444EA0201502027
B1149554513227N00551440EA0201702029
B1149564513231N00551438EA0201902031
B1149574513236N00551438EA0202102033
B1149584513240N00551440EA0202302035
B1149594513243N00551444EA0202502037
B1150004513246N00551449EA0202702039
B1150014513246N00551455EA0203002042
B1150024513246N00551461EA0203302045
B1150034513244N00551466EA0203502047
B1150044513241N00551471EA0203502047
B1150054513236N00551474EA0203802050
B1150064513232N00551475EA0204002052
B1150074513226N00551474EA0204202054
B1150084513222N00551471EA0204502057
B1150094513217N00551467EA0204602058
B1150104513214N00551460EA0204902061
B1150114513212N00551453EA0205102063
B1150124513212N00551445EA0205202064
B1150134513212N00551438EA0205602068
B1150144513215N00551431EA0205802070
B1150154513218N00551425EA0205902071
B1150164513222N00551422EA0206102073
B1150174513227N00551420EA0206202074
B1150184513231N00551420EA0206402076
B1150194513235N00551422EA0206602078
B1150204513239N00551426EA0206902081
B1150214513241N00551431EA0207202084
B1150224513242N00551437EA0207302085
B1150234513241N00551443EA0207402086
B1150244513239N00551449EA0207602088
B1150254513236N00551453EA0207902091
B1150264513231N00551456EA0208102093
B1150274513227N00551457EA0208302095
B1150284513221N00551456EA0208502097
B1150294513217N00551453EA0208702099
B1150304513212N00551448EA0209002102
B1150314513209N00551442EA0209202104
B1150324513207N00551435EA0209302105
B1150334513207N00551427EA0209502107
B1150344513208N00551419EA0209802110
B1150354513210N00551413EA0210102113
B1150364513213N00551407EA0210302115
B1150374513218N00551404EA0210502117
B1150384513222N00551402EA0210802120
B1150394513227N00551402EA0211002122
B1150404513231N00551404EA0211202124
B1150414513234N00551408EA0211302125
B1150424513236N00551414EA0211602128
B1150434513237N00551419EA0211702129
B1150444513236N00551425EA0211902131
B1150454513234N00551431EA0212102133
B1150464513231N00551435EA0212202134
B1150474513226N00551438EA0212402136
B1150484513221N00551439EA0212402136
B1150494513216N00551438EA0212702139
B1150504513212N00551435EA0212902141
B1150514513207N00551430EA0213002142
B1150524513204N00551424EA0213202144
B1150534513202N00551416EA0213502147
B1150544513202N00551409EA0213702149
B1150554513203N00551401EA0214102153
B1150564513205N00551394EA0214202154
B1150574513209N00551389EA0214302155
B1150584513213N00551385EA0214502157
B1150594513218N00551384EA0214702159
B1151004513222N00551384EA0215002162
B1151014513226N00551387EA0215202164
B1151024513229N00551391EA0215502167
B1151034513231N00551396EA0215702169
B1151044513232N00551402EA0216002172
B1151054513231N00551408EA0216302175
B1151064513229N00551413EA0216502177
B1151074513226N00551418EA0216602178
B1151084513221N00551420EA0217002182
B1151094513216N00551421EA0217202184
B1151104513211N00551420EA0217402186
B1151114513207N00551417EA0217502187
B1151124513202N00551412EA0217602188
B1151134513199N00551405EA0217802190
B1151144513198N00551398EA0218102193
B1151154513197N00551390EA0218302195
B1151164513198N00551383EA0218502197
B1151174513201N00551376EA0218902201
B1151184513204N00551371EA0219002202
B1151194513209N00551367EA0219302205
B1151204513213N00551366EA0219402206
B1151214513218N00551366EA0219702209
B1151224513222N00551369EA0219902211
B1151234513225N00551373EA0220202214
B1151244513227N00551378EA0220402216
B1151254513227N00551384EA0220602218
B1151264513226N00551390EA0220802220
B1151274513224N00551396EA0221002222
B1151284513221N00551400EA0221202224
B1151294513216N00551403EA0221402226
B1151304513211N00551403EA0221602228
B1151314513206N00551402EA0221802230
B1151324513202N00551399EA0221902231
B1151334513197N00551394EA0222202234
B1151344513194N00551387EA0222402236
B1151354513193N00551380EA0222602238
B1151364513193N00551372EA0222802240
B1151374513194N00551364EA0223002242
B1151384513196N00551358EA0223102243
B1151394513200N00551353EA0223302245
B1151404513204N00551349EA0223602248
B1151414513209N00551348EA0223802250
B1151424513213N00551349EA0224102253
B1151434513217N00551351EA0224302255
B1151444513220N00551355EA0224502257
B1151454513222N00551361EA0224702259
B1151464513224N00551367EA0224602258
B1151474513226N00551373EA0224502257
B1151484513228N00551379EA0224402256
B1151494513230N00551385EA0224302255
B1151504513232N00551391EA0224202254
B1151514513234N00551397EA0224102253
B1151524513236N00551404EA0223902251
B1151534513238N00551410EA0223802250
B1151544513240N00551416EA0223702249
B1151554513243N00551422EA0223702249
B1151564513245N00551427EA0223502247
B1151574513247N00551433EA0223402246
B1151584513250N00551439EA0223202244
B1151594513252N00551445EA0223202244
B1152004513254N00551451EA0223102243
B1152014513257N00551457EA0223002242
B1152024513259N00551462EA0222902241
B1152034513261N00551468EA0222802240
B1152044513264N00551474EA0222702239
B1152054513266N00551480EA0222502237
B1152064513269N00551486EA0222502237
B1152074513272N00551491EA0222302235
B1152084513274N00551497EA0222102233
B1152094513277N00551503EA0222002232
B1152104513279N00551508EA0222002232
B1152114513282N00551514EA0221702229
B1152124513285N00551519EA0221702229
B1152134513288N00551524EA0221502227
B1152144513291N00551530EA0221402226
B1152154513294N00551535EA0221402226
B1152164513297N00551540EA0221302225
B1152174513300N00551546EA0221202224
B1152184513302N00551551EA0221102223
B1152194513305N00551557EA0221002222
B1152204513307N00551563EA0220902221
B1152214513310N00551569EA0220902221
B1152224513313N00551574EA0220802220
B1152234513315N00551579EA0220702219
B1152244513318N00551585EA0220602218
B1152254513321N00551591EA0220402216
B1152264513324N00551596EA0220402216
B1152274513327N00551601EA0220302215
B1152284513330N00551607EA0220102213
B1152294513333N00551612EA0220102213
B1152304513336N00551617EA0220002212
B1152314513339N00551622EA0219902211
B1152324513343N00551627EA0219802210
B1152334513346N00551631EA0219702209
B1152344513349N00551636EA0219602208
B1152354513353N00551641EA0219502207
B1152364513356N00551646EA0219302205
B1152374513359N00551651EA0219202204
B1152384513362N00551656EA0219102203
B1152394513366N00551661EA0219002202
B1152404513369N00551666EA0218802200
B1152414513372N00551671EA0218602198
B1152424513375N00551676EA0218502197
B1152434513379N00551681EA0218502197
B1152444513382N00551686EA0218402196
B1152454513385N00551691EA0218302195
B1152464513389N00551696EA0218102193
B1152474513392N00551701EA0218002192
B1152484513395N00551706EA0217902191
B1152494513399N00551710EA0217702189
B1152504513402N00551715EA0217602188
B1152514513405N00551720EA0217502187
B1152524513408N00551725EA0217402186
B1152534513412N00551730EA0217402186
B1152544513415N00551735EA0217202184
B1152554513418N00551741EA0217102183
B1152564513421N00551746EA0217002182
B1152574513424N00551751EA0216902181
B1152584513427N00551756EA0216802180
B1152594513431N00551761EA0216702179
B1153004513434N00551766EA0216602178
B1153014513437N00551771EA0216502177
B1153024513440N00551777EA0216402176
B1153034513443N00551782EA0216302175
B1153044513445N00551788EA0216202174
B1153054513448N00551793EA0216102173
B1153064513451N00551798EA0216002172
B1153074513454N00551804EA0215902171
B1153084513457N00551810EA0215802170
B1153094513459N00551815EA0215702169
B1153104513462N00551821EA0215602168
B1153114513464N00551827EA0215402166
B1153124513467N00551832EA0215402166
B1153134513469N00551838EA0215202164
B1153144513472N00551844EA0215102163
B1153154513474N00551850EA0215102163
B1153164513477N00551855EA0215002162
B1153174513479N00551861EA0214902161
B1153184513482N00551866EA0214702159
B1153194513485N00551872EA0214702159
B1153204513488N00551877EA0214502157
B1153214513491N00551882EA0214402156
B1153224513494N00551888EA0214302155
B1153234513497N00551893EA0214202154
B1153244513500N00551899EA0214102153
B1153254513502N00551904EA0214002152
B1153264513505N00551910EA0213902151
B1153274513508N00551915EA0213702149
B1153284513511N00551920EA0213602148
B1153294513514N00551926EA0213502147
B1153304513516N00551932EA0213502147
B1153314513519N00551937EA0213402146
B1153324513522N00551943EA0213302145
B1153334513524N00551949EA0213202144
B1153344513527N00551954EA0213102143
B1153354513529N00551960EA0213002142
B1153364513532N00551966EA0213002142
B1153374513534N00551972EA0212902141
B1153384513536N00551977EA0212702139
B1153394513539N00551983EA0212602138
B1153404513541N00551989EA0212502137
B1153414513544N00551995EA0212402136
B1153424513546N00552001EA0212302135
B1153434513549N00552006EA0212202134
B1153444513551N00552012EA0212102133
B1153454513553N00552018EA0212002132
B1153464513556N00552024EA0211902131
B1153474513558N00552030EA0211802130
B1153484513560N00552036EA0211702129
B1153494513562N00552042EA0211602128
B1153504513565N00552047EA0211502127
B1153514513567N00552053EA0211402126
B1153524513569N00552059EA0211302125
B1153534513572N00552065EA0211202124
B1153544513574N00552071EA0211002122
B1153554513576N00552077EA0210902121
B1153564513578N00552083EA0210802120
B1153574513580N00552089EA0210602118
B1153584513582N00552095EA0210602118
B1153594513585N00552101EA0210402116
B1154004513587N00552107EA0210302115
B1154014513588N00552114EA0210102113
B1154024513590N00552120EA0210002112
B1154034513592N00552126EA0209902111
B1154044513594N00552132EA0209802110
B1154054513596N00552138EA0209702109
B1154064513598N00552145EA0209602108
B1154074513599N00552151EA0209502107
B1154084513601N00552157EA0209402106
B1154094513603N00552164EA0209402106
B1154104513604N00552170EA0209202104
B1154114513606N00552176EA0209102103
B1154124513608N00552182EA0209002102
B1154134513610N00552188EA0208902101
B1154144513612N00552195EA0208802100
B1154154513614N00552201EA0208702099
B1154164513616N00552207EA0208502097
B1154174513617N00552213EA0208402096
B1154184513619N00552219EA0208302095
B1154194513621N00552226EA0208102093
B1154204513623N00552232EA0208002092
B1154214513625N00552238EA0207902091
B1154224513627N00552244EA0207802090
B1154234513628N00552250EA0207702089
B1154244513630N00552257EA0207602088
B1154254513632N00552263EA0207502087
B1154264513633N00552269EA0207502087
B1154274513635N00552276EA0207302085
B1154284513637N00552282EA0207202084
B1154294513638N00552288EA0207002082
B1154304513640N00552295EA0206802080
B1154314513642N00552301EA0206802080
B1154324513643N00552307EA0206602078
B1154334513645N00552314EA0206502077
B1154344513646N00552320EA0206302075
B1154354513648N00552326EA0206202074
B1154364513650N00552333EA0206102073
B1154374513651N00552339EA0206002072
B1154384513653N00552345EA0205902071
B1154394513655N00552351EA0205802070
B1154404513657N00552358EA0205702069
B1154414513659N00552364EA0205602068
B1154424513661N00552370EA0205502067
B1154434513662N00552376EA0205402066
B1154444513664N00552382EA0205202064
B1154454513666N00552389EA0205102063
B1154464513668N00552395EA0205002062
B1154474513670N00552401EA0204902061
B1154484513672N00552407EA0204802060
B1154494513674N00552413EA0204702059
B1154504513676N00552419EA0204602058
B1154514513678N00552425EA0204502057
B1154524513681N00552431EA0204402056
B1154534513683N00552437EA0204302055
B1154544513685N00552443EA0204202054
B1154554513687N00552449EA0204102053
B1154564513689N00552455EA0203902051
B1154574513691N00552461EA0203802050
B1154584513693N00552467EA0203702049
B1154594513696N00552473EA0203702049
B1155004513698N00552479EA0203602048
B1155014513700N00552485EA0203402046
B1155024513702N00552491EA0203302045
B1155034513705N00552497EA0203202044
B1155044513707N00552503EA0203202044
B1155054513709N00552508EA0203102043
B1155064513712N00552514EA0203002042
B1155074513714N00552520EA0202802040
B1155084513716N00552526EA0202802040
B1155094513718N00552532EA0202602038
B1155104513720N00552538EA0202402036
B1155114513722N00552545EA0202402036
B1155124513724N00552551EA0202302035
B1155134513726N00552557EA0202202034
B1155144513728N00552563EA0202102033
B1155154513730N00552569EA0201902031
B1155164513732N00552575EA0201802030
B1155174513734N00552581EA0201702029
B1155184513736N00552588EA0201502027
B1155194513738N00552594EA0201402026
B1155204513740N00552600EA0201202024
B1155214513741N00552606EA0201102023
B1155224513743N00552612EA0200902021
B1155234513745N00552619EA0200902021
B1155244513747N00552625EA0200802020
B1155254513749N00552631EA0200602018
B1155264513750N00552637EA0200602018
B1155274513752N00552643EA0200502017
B1155284513754N00552650EA0200402016
B1155294513756N00552656EA0200302015
B1155304513758N00552662EA0200202014
B1155314513761N00552668EA0200102013
B1155324513763N00552674EA0200002012
B1155334513765N00552680EA0199902011
B1155344513767N00552686EA0199802010
B1155354513769N00552692EA0199602008
B1155364513772N00552697EA0199502007
B1155374513774N00552703EA0199402006
B1155384513777N00552709EA0199402006
B1155394513780N00552714EA0199202004
B1155404513782N00552720EA0199102003
B1155414513785N00552725EA0198902001
B1155424513788N00552731EA0198802000
B1155434513791N00552736EA0198701999
B1155444513794N00552742EA0198601998
B1155454513797N00552747EA0198601998
B1155464513799N00552752EA0198601998
B1155474513802N00552758EA0198401996
B1155484513806N00552763EA0198301995
B1155494513809N00552768EA0198101993
B1155504513812N00552773EA0197901991
B1155514513815N00552779EA0197801990
B1155524513818N00552784EA0197701989
B1155534513820N00552789EA0197601988
B1155544513823N00552795EA0197501987
B1155554513826N00552800EA0197301985
B1155564513829N00552805EA0197301985
B1155574513832N00552811EA0197201984
B1155584513835N00552816EA0197101983
B1155594513838N00552821EA0197001982
B1156004513841N00552827EA0196901981
B1156014513844N00552832EA0196801980
B1156024513847N00552837EA0196601978
B1156034513850N00552843EA0196501977
B1156044513851N00552848EA0196701979
B1156054513852N00552854EA0196801980
B1156064513850N00552860EA0197001982
B1156074513847N00552865EA0197001982
B1156084513844N00552869EA0197101983
B1156094513839N00552871EA0197201984
B1156104513834N00552871EA0197401986
B1156114513829N00552869EA0197401986
B1156124513824N00552865EA0197501987
B1156134513821N00552859EA0197601988
B1156144513818N00552852EA0197701989
B1156154513817N00552845EA0197701989
B1156164513817N00552837EA0198001992
B1156174513819N00552830EA0198001992
B1156184513822N00552824EA0198101993
B1156194513825N00552819EA0198201994
B1156204513830N00552816EA0198301995
B1156214513835N00552816EA0198401996
B1156224513839N00552817EA0198401996
B1156234513843N00552820EA0198501997
B1156244513845N00552825EA0198601998
B1156254513847N00552831EA0198701999
B1156264513847N00552837EA0198902001
B1156274513845N00552842EA0199002002
B1156284513842N00552847EA0199202004
B1156294513839N00552851EA0199402006
B1156304513834N00552853EA0199502007
B1156314513829N00552853EA0199502007
B1156324513824N00552851EA0199602008
B1156334513819N00552847EA0199702009
B1156344513816N00552841EA0199802010
B1156354513813N00552834EA0199902011
B1156364513812N00552826EA0200002012
B1156374513812N00552819EA0200202014
B1156384513814N00552812EA0200202014
B1156394513817N00552805EA0200402016
B1156404513821N00552801EA0200502017
B1156414513825N00552798EA0200602018
B1156424513830N00552798EA0200902021
B1156434513834N00552799EA0201102023
B1156444513838N00552803EA0201202024
B1156454513841N00552807EA0201302025
B1156464513842N00552813EA0201402026
B1156474513842N00552819EA0201502027
B1156484513840N00552825EA0201602028
B1156494513837N00552830EA0201602028
B1156504513834N00552833EA0201802030
B1156514513829N00552835EA0202002032
B1156524513824N00552835EA0202202034
B1156534513819N00552833EA0202102033
B1156544513814N00552828EA0202202034
B1156554513811N00552823EA0202402036
B1156564513808N00552816EA0202402036
B1156574513807N00552808EA0202502037
B1156584513808N00552800EA0202602038
B1156594513809N00552793EA0202702039
B1157004513812N00552787EA0202802040
B1157014513816N00552783EA0203002042
B1157024513821N00552780EA0203002042
B1157034513826N00552780EA0203102043
B1157044513830N00552781EA0203202044
B1157054513833N00552785EA0203302045
B1157064513836N00552790EA0203502047
B1157074513837N00552795EA0203502047
B1157084513837N00552801EA0203602048
B1157094513835N00552807EA0203702049
B1157104513833N00552812EA0204002052
B1157114513829N00552815EA0204102053
B1157124513824N00552817EA0204202054
B1157134513819N00552817EA0204202054
B1157144513814N00552815EA0204302055
B1157154513809N00552810EA0204402056
B1157164513806N00552804EA0204402056
B1157174513803N00552797EA0204602058
B1157184513802N00552790EA0204802060
B1157194513803N00552782EA0204902061
B1157204513805N00552775EA0204802060
B1157214513808N00552769EA0204902061
B1157224513812N00552765EA0204902061
B1157234513816N00552762EA0205002062
B1157244513821N00552762EA0205102063
B1157254513825N00552764EA0205102063
B1157264513829N00552767EA0205102063
B1157274513831N00552772EA0205202064
B1157284513832N00552778EA0205102063
B1157294513832N00552784EA0205202064
B1157304513831N00552789EA0205202064
B1157314513828N00552794EA0205202064
B1157324513824N00552798EA0205402066
B1157334513819N00552799EA0205502067
B1157344513814N00552799EA0205502067
B1157354513809N00552796EA0205602068
B1157364513804N00552792EA0205702069
B1157374513801N00552786EA0205902071
B1157384513799N00552779EA0206002072
B1157394513798N00552771EA0206102073
B1157404513798N00552764EA0206202074
B1157414513800N00552757EA0206002072
B1157424513803N00552751EA0206202074
B1157434513807N00552747EA0206302075
B1157444513812N00552744EA0206202074
B1157454513816N00552744EA0206402076
B1157464513821N00552746EA0206402076
B1157474513824N00552749EA0206502077
B1157484513827N00552754EA0206702079
B1157494513828N00552760EA0206702079
B1157504513827N00552766EA0206902081
B1157514513826N00552772EA0207102083
B1157524513823N00552777EA0207202084
B1157534513818N00552780EA0207302085
B1157544513814N00552781EA0207502087
B1157554513809N00552781EA0207502087
B1157564513804N00552778EA0207702089
B1157574513799N00552774EA0207802090
B1157584513796N00552768EA0208002092
B1157594513794N00552761EA0208002092
B1158004513793N00552753EA0208102093
B1158014513794N00552745EA0208202094
B1158024513796N00552738EA0208202094
B1158034513799N00552733EA0208202094
B1158044513803N00552729EA0208302095
B1158054513807N00552726EA0208402096
B1158064513812N00552726EA0208502097
B1158074513816N00552728EA0208502097
B1158084513820N00552732EA0208602098
B1158094513822N00552737EA0208602098
B1158104513823N00552743EA0208702099
B1158114513823N00552749EA0208802100
B1158124513821N00552754EA0208902101
B1158134513818N00552759EA0208902101
B1158144513813N00552762EA0209002102
B1158154513809N00552763EA0209102103
B1158164513804N00552763EA0209202104
B1158174513799N00552760EA0209302105
B1158184513794N00552756EA0209402106
B1158194513791N00552749EA0209502107
B1158204513789N00552742EA0209702109
B1158214513788N00552735EA0209802110
B1158224513789N00552727EA0209902111
B1158234513791N00552720EA0210002112
B1158244513794N00552714EA0210102113
B1158254513798N00552710EA0210002112
B1158264513803N00552708EA0210002112
B1158274513807N00552708EA0210002112
B1158284513812N00552710EA0210102113
B1158294513815N00552714EA0210202114
B1158304513817N00552719EA0210302115
B1158314513818N00552725EA0210402116
B1158324513818N00552731EA0210602118
B1158334513816N00552737EA0210802120
B1158344513813N00552741EA0210902121
B1158354513808N00552744EA0211102123
B1158364513804N00552746EA0211102123
B1158374513798N00552745EA0211302125
B1158384513794N00552742EA0211502127
B1158394513789N00552737EA0211502127
B1158404513786N00552731EA0211602128
B1158414513784N00552724EA0211702129
B1158424513783N00552716EA0211702129
B1158434513784N00552709EA0211802130
B1158444513786N00552702EA0211802130
B1158454513790N00552696EA0211902131
B1158464513794N00552692EA0212002132
B1158474513798N00552690EA0212202134
B1158484513803N00552691EA0212202134
B1158494513807N00552693EA0212302135
B1158504513810N00552696EA0212502137
B1158514513813N00552702EA0212702139
B1158524513813N00552707EA0212802140
B1158534513813N00552713EA0212902141
B1158544513811N00552719EA0213102143
B1158554513808N00552723EA0213202144
B1158564513803N00552727EA0213402146
B1158574513799N00552728EA0213502147
B1158584513793N00552727EA0213502147
B1158594513789N00552724EA0213702149
B1159004513784N00552719EA0213902151
B1159014513781N00552713EA0213902151
B1159024513779N00552706EA0214102153
B1159034513779N00552698EA0214202154
B1159044513779N00552690EA0214202154
B1159054513782N00552684EA0214302155
B1159064513785N00552678EA0214502157
B1159074513789N00552674EA0214602158
B1159084513794N00552672EA0214702159
B1159094513798N00552673EA0214802160
B1159104513802N00552675EA0214902161
B1159114513806N00552679EA0215002162
B1159124513808N00552684EA0215002162
B1159134513809N00552690EA0215002162
B1159144513808N00552696EA0215202164
B1159154513806N00552701EA0215302165
B1159164513803N00552706EA0215502167
B1159174513798N00552709EA0215602168
B1159184513793N00552710EA0215702169
B1159194513788N00552709EA0215802170
B1159204513784N00552706EA0215902171
B1159214513779N00552701EA0216002172
B1159224513776N00552695EA0216102173
B1159234513774N00552687EA0216302175
B1159244513774N00552680EA0216402176
B1159254513775N00552672EA0216502177
B1159264513777N00552665EA0216602178
B1159274513781N00552660EA0216702179
B1159284513785N00552656EA0216902181
B1159294513789N00552654EA0217002182
B1159304513794N00552655EA0217102183
B1159314513798N00552657EA0217302185
B1159324513801N00552661EA0217402186
B1159334513803N00552666EA0217402186
B1159344513804N00552672EA0217502187
B1159354513803N00552678EA0217602188
B1159364513801N00552684EA0217702189
B1159374513798N00552688EA0217802190
B1159384513793N00552691EA0218002192
B1159394513788N00552692EA0218202194
B1159404513783N00552691EA0218402196
B1159414513779N00552688EA0218602198
B1159424513774N00552683EA0218802200
B1159434513771N00552676EA0219002202
B1159444513769N00552669EA0219202204
B1159454513769N00552661EA0219302205
B1159464513770N00552654EA0219402206
B1159474513772N00552647EA0219502207
B1159484513776N00552642EA0219702209
B1159494513780N00552638EA0219802210
B1159504513785N00552637EA0219802210
B1159514513789N00552637EA0219902211
B1159524513793N00552639EA0219902211
B1159534513797N00552643EA0220002212
B1159544513799N00552649EA0220202214
B1159554513799N00552655EA0220202214
B1159564513798N00552661EA0220202214
B1159574513796N00552666EA0220202214
B1159584513793N00552670EA0220402216
B1159594513788N00552673EA0220602218
B1200004513783N00552674EA0220602218
B1200014513778N00552673EA0220602218
B1200024513773N00552669EA0220702219
B1200034513769N00552664EA0220802220
B1200044513766N00552658EA0220902221
B1200054513765N00552651EA0220802220
B1200064513764N00552643EA0220902221
B1200074513765N00552635EA0221202224
B1200084513768N00552629EA0221102223
B1200094513771N00552623EA0221202224
B1200104513776N00552620EA0221202224
B1200114513780N00552619EA0221202224
B1200124513785N00552619EA0221302225
B1200134513789N00552622EA0221402226
B1200144513792N00552626EA0221502227
B1200154513794N00552631EA0221702229
B1200164513794N00552637EA0221802230
B1200174513793N00552643EA0221902231
B1200184513791N00552648EA0221902231
B1200194513788N00552653EA0222002232
B1200204513783N00552655EA0222202234
B1200214513778N00552656EA0222402236
B1200224513773N00552655EA0222502237
B1200234513768N00552651EA0222502237
B1200244513764N00552646EA0222602238
B1200254513761N00552640EA0222802240
B1200264513760N00552632EA0222902241
B1200274513760N00552624EA0223002242
B1200284513761N00552617EA0223102243
B1200294513763N00552610EA0223302245
B1200304513767N00552605EA0223402246
B1200314513771N00552602EA0223502247
B1200324513776N00552601EA0223602248
B1200334513780N00552601EA0223602248
B1200344513784N00552604EA0223702249
B1200354513787N00552608EA0223802250
B1200364513789N00552614EA0223802250
B1200374513790N00552619EA0223902251
B1200384513789N00552625EA0224102253
B1200394513786N00552631EA0224102253
B1200404513783N00552635EA0224202254
B1200414513778N00552637EA0224402256
B1200424513773N00552638EA0224502257
B1200434513768N00552637EA0224602258
B1200444513763N00552633EA0224702259
B1200454513759N00552628EA0224902261
B1200464513757N00552621EA0225102263
B1200474513755N00552614EA0225202264
B1200484513755N00552606EA0225102263
B1200494513756N00552599EA0225302265
B1200504513759N00552592EA0225402266
B1200514513762N00552585EA0225302265
B1200524513764N00552578EA0225202264
B1200534513767N00552571EA0225202264
B1200544513770N00552564EA0225102263
B1200554513773N00552557EA0224902261
B1200564513776N00552549EA0224902261
B1200574513778N00552542EA0224802260
B1200584513781N00552535EA0224602258
B1200594513784N00552528EA0224502257
B1201004513787N00552520EA0224402256
B1201014513790N00552513EA0224302255
B1201024513793N00552506EA0224202254
B1201034513795N00552499EA0224102253
B1201044513798N00552492EA0224002252
B1201054513801N00552485EA0223802250
B1201064513804N00552478EA0223702249
B1201074513807N00552471EA0223602248
B1201084513810N00552463EA0223502247
B1201094513813N00552456EA0223502247
B1201104513816N00552449EA0223402246
B1201114513819N00552442EA0223202244
B1201124513822N00552435EA0223102243
B1201134513824N00552428EA0223002242
B1201144513827N00552421EA0222802240
B1201154513830N00552414EA0222702239
B1201164513833N00552407EA0222602238
B1201174513836N00552400EA0222502237
B1201184513839N00552393EA0222402236
B1201194513842N00552386EA0222302235
B1201204513844N00552378EA0222202234
B1201214513847N00552371EA0222102233
B1201224513850N00552364EA0222002232
B1201234513853N00552357EA0221902231
B1201244513856N00552350EA0221802230
B1201254513859N00552343EA0221602228
B1201264513862N00552336EA0221502227
B1201274513865N00552329EA0221502227
B1201284513868N00552322EA0221302225
B1201294513871N00552315EA0221202224
B1201304513874N00552308EA0221102223
B1201314513876N00552301EA0221002222
B1201324513879N00552294EA0220902221
B1201334513882N00552286EA0220902221
B1201344513885N00552279EA0220802220
B1201354513888N00552272EA0220702219
B1201364513890N00552265EA0220502217
B1201374513893N00552257EA0220402216
B1201384513896N00552250EA0220302215
B1201394513899N00552243EA0220202214
B1201404513901N00552236EA0220102213
B1201414513904N00552228EA0220002212
B1201424513907N00552221EA0219902211
B1201434513909N00552214EA0219802210
B1201444513912N00552207EA0219602208
B1201454513915N00552199EA0219502207
B1201464513918N00552192EA0219402206
B1201474513920N00552185EA0219302205
B1201484513923N00552177EA0219202204
B1201494513925N00552170EA0219102203
B1201504513928N00552163EA0218902201
B1201514513931N00552155EA0218702199
B1201524513933N00552148EA0218602198
B1201534513935N00552140EA0218602198
B1201544513938N00552133EA0218502197
B1201554513941N00552126EA0218402196
B1201564513943N00552118EA0218302195
B1201574513946N00552111EA0218302195
B1201584513949N00552104EA0218202194
B1201594513952N00552096EA0218202194
B1202004513954N00552089EA0218102193
B1202014513957N00552082EA0218002192
B1202024513959N00552074EA0217902191
B1202034513962N00552067EA0217702189
B1202044513964N00552059EA0217502187
B1202054513967N00552052EA0217302185
B1202064513969N00552045EA0217302185
B1202074513972N00552037EA0217102183
B1202084513975N00552030EA0217002182
B1202094513977N00552023EA0216802180
B1202104513980N00552015EA0216602178
B1202114513983N00552008EA0216502177
B1202124513985N00552001EA0216402176
B1202134513988N00551993EA0216302175
B1202144513991N00551986EA0216202174
B1202154513994N00551979EA0216102173
B1202164513997N00551972EA0216002172
B1202174514000N00551965EA0215902171
B1202184514002N00551958EA0215802170
B1202194514005N00551951EA0215702169
B1202204514008N00551944EA0215602168
B1202214514011N00551937EA0215502167
B1202224514014N00551930EA0215402166
B1202234514017N00551923EA0215302165
B1202244514020N00551916EA0215202164
B1202254514023N00551909EA0215002162
B1202264514026N00551902EA0214902161
B1202274514029N00551894EA0214802160
B1202284514032N00551887EA0214702159
B1202294514034N00551880EA0214402156
B1202304514037N00551873EA0214302155
B1202314514040N00551866EA0214302155
B1202324514043N00551859EA0214102153
B1202334514046N00551852EA0213902151
B1202344514049N00551845EA0213802150
B1202354514052N00551838EA0213602148
B1202364514056N00551831EA0213502147
B1202374514059N00551824EA0213302145
B1202384514062N00551817EA0213202144
B1202394514065N00551810EA0213102143
B1202404514067N00551803EA0213002142
B1202414514070N00551796EA0212902141
B1202424514073N00551788EA0212802140
B1202434514075N00551781EA0212702139
B1202444514078N00551774EA0212602138
B1202454514081N00551767EA0212502137
B1202464514084N00551760EA0212402136
B1202474514087N00551753EA0212302135
B1202484514090N00551746EA0212202134
B1202494514092N00551738EA0212102133
B1202504514095N00551731EA0212102133
B1202514514098N00551724EA0212002132
B1202524514101N00551717EA0211902131
B1202534514104N00551710EA0211802130
B1202544514107N00551703EA0211802130
B1202554514110N00551696EA0211702129
B1202564514113N00551689EA0211602128
B1202574514116N00551682EA0211502127
B1202584514119N00551675EA0211302125
B1202594514121N00551668EA0211202124
B1203004514124N00551660EA0211002122
B1203014514127N00551653EA0211002122
B1203024514130N00551646EA0210902121
B1203034514133N00551639EA0210802120
B1203044514136N00551632EA0210702119
B1203054514139N00551625EA0210602118
B1203064514142N00551618EA0210502117
B1203074514145N00551611EA0210402116
B1203084514148N00551604EA0210302115
B1203094514151N00551597EA0210102113
B1203104514154N00551590EA0210002112
B1203114514157N00551583EA0209802110
B1203124514160N00551576EA0209702109
B1203134514163N00551570EA0209502107
B1203144514166N00551563EA0209402106
B1203154514170N00551556EA0209302105
B1203164514173N00551550EA0209302105
B1203174514176N00551543EA0209102103
B1203184514180N00551537EA0209102103
B1203194514183N00551530EA0208902101
B1203204514187N00551524EA0208702099
B1203214514191N00551518EA0208602098
B1203224514194N00551512EA0208502097
B1203234514198N00551506EA0208302095
B1203244514202N00551500EA0208302095
B1203254514206N00551494EA0208202094
B1203264514210N00551488EA0208102093
B1203274514213N00551482EA0208002092
B1203284514217N00551477EA0207902091
B1203294514221N00551471EA0207802090
B1203304514225N00551465EA0207602088
B1203314514229N00551459EA0207402086
B1203324514232N00551453EA0207302085
B1203334514236N00551447EA0207202084
B1203344514240N00551441EA0207102083
B1203354514244N00551435EA0207002082
B1203364514247N00551428EA0206902081
B1203374514251N00551422EA0206802080
B1203384514255N00551416EA0206802080
B1203394514258N00551410EA0206702079
B1203404514261N00551403EA0206602078
B1203414514265N00551397EA0206502077
B1203424514268N00551390EA0206502077
B1203434514272N00551383EA0206402076
B1203444514275N00551377EA0206302075
B1203454514278N00551370EA0206202074
B1203464514282N00551364EA0206102073
B1203474514285N00551357EA0206002072
B1203484514288N00551351EA0205902071
B1203494514292N00551344EA0205802070
B1203504514295N00551337EA0205702069
B1203514514298N00551331EA0205602068
B1203524514302N00551324EA0205602068
B1203534514305N00551317EA0205502067
B1203544514308N00551310EA0205402066
B1203554514311N00551303EA0205302065
B1203564514314N00551296EA0205202064
B1203574514317N00551289EA0205102063
B1203584514320N00551283EA0205002062
B1203594514323N00551276EA0204902061
B1204004514326N00551269EA0204702059
B1204014514329N00551262EA0204602058
B1204024514332N00551255EA0204502057
B1204034514335N00551248EA0204402056
B1204044514339N00551241EA0204302055
B1204054514341N00551234EA0204102053
B1204064514344N00551227EA0204102053
B1204074514347N00551220EA0204102053
B1204084514351N00551213EA0204002052
B1204094514353N00551206EA0203802050
B1204104514356N00551199EA0203702049
B1204114514359N00551192EA0203602048
B1204124514362N00551185EA0203502047
B1204134514364N00551177EA0203402046
B1204144514367N00551170EA0203302045
B1204154514370N00551163EA0203202044
B1204164514373N00551156EA0203102043
B1204174514375N00551148EA0203002042
B1204184514378N00551141EA0202902041
B1204194514381N00551134EA0202802040
B1204204514383N00551127EA0202702039
B1204214514386N00551119EA0202502037
B1204224514389N00551112EA0202402036
B1204234514392N00551105EA0202302035
B1204244514394N00551098EA0202102033
B1204254514397N00551090EA0202002032
B1204264514400N00551083EA0201902031
B1204274514403N00551076EA0201802030
B1204284514406N00551069EA0201802030
B1204294514409N00551062EA0201702029
B1204304514412N00551055EA0201602028
B1204314514415N00551048EA0201502027
B1204324514417N00551041EA0201402026
B1204334514420N00551034EA0201302025
B1204344514423N00551027EA0201302025
B1204354514426N00551019EA0201202024
B1204364514429N00551012EA0201002022
B1204374514432N00551005EA0200902021
B1204384514435N00550998EA0200802020
B1204394514438N00550991EA0200702019
B1204404514441N00550984EA0200602018
B1204414514444N00550977EA0200502017
B1204424514446N00550970EA0200402016
B1204434514449N00550963EA0200302015
B1204444514452N00550956EA0200202014
B1204454514455N00550948EA0200102013
B1204464514458N00550941EA0200002012
B1204474514460N00550934EA0199902011
B1204484514463N00550927EA0199802010
B1204494514466N00550920EA0199702009
B1204504514469N00550913EA0199602008
B1204514514472N00550906EA0199502007
B1204524514475N00550899EA0199402006
B1204534514479N00550892EA0199202004
B1204544514482N00550885EA0199102003
B1204554514485N00550878EA0199002002
B1204564514488N00550874EA0199202004
B1204574514493N00550871EA0199302005
B1204584514497N00550870EA0199402006
B1204594514502N00550871EA0199602008
B1205004514506N00550874EA0199602008
B1205014514508N00550879EA0199802010
B1205024514510N00550884EA0200002012
B1205034514510N00550890EA0200102013
B1205044514509N00550896EA0200202014
B1205054514506N00550901EA0200302015
B1205064514502N00550905EA0200302015
B1205074514498N00550907EA0200502017
B1205084514493N00550907EA0200602018
B1205094514488N00550905EA0200702019
B1205104514483N00550901EA0200802020
B1205114514479N00550896EA0200902021
B1205124514477N00550889EA0201002022
B1205134514475N00550881EA0201102023
B1205144514476N00550874EA0201202024
B1205154514477N00550866EA0201302025
B1205164514480N00550860EA0201402026
B1205174514484N00550855EA0201602028
B1205184514488N00550853EA0201802030
B1205194514493N00550852EA0201902031
B1205204514497N00550853EA0202002032
B1205214514501N00550856EA0202102033
B1205224514504N00550861EA0202302035
B1205234514505N00550867EA0202602038
B1205244514505N00550873EA0202602038
B1205254514504N00550878EA0202702039
B1205264514501N00550883EA0202702039
B1205274514497N00550887EA0202902041
B1205284514493N00550889EA0203002042
B1205294514488N00550889EA0203202044
B1205304514483N00550887EA0203302045
B1205314514478N00550883EA0203302045
B1205324514474N00550877EA0203502047
B1205334514472N00550871EA0203602048
B1205344514471N00550863EA0203802050
B1205354514471N00550855EA0203902051
B1205364514473N00550848EA0204002052
B1205374514476N00550842EA0204202054
B1205384514479N00550837EA0204302055
B1205394514484N00550835EA0204402056
B1205404514488N00550834EA0204502057
B1205414514493N00550835EA0204802060
B1205424514497N00550839EA0204802060
B1205434514499N00550843EA0204802060
B1205444514501N00550849EA0205002062
B1205454514501N00550855EA0205102063
B1205464514499N00550861EA0205202064
B1205474514496N00550866EA0205202064
B1205484514492N00550869EA0205302065
B1205494514488N00550871EA0205602068
B1205504514483N00550871EA0205602068
B1205514514478N00550869EA0205802070
B1205524514473N00550865EA0205902071
B1205534514469N00550859EA0205902071
B1205544514467N00550852EA0206002072
B1205554514466N00550845EA0206102073
B1205564514466N00550837EA0206302075
B1205574514468N00550830EA0206402076
B1205584514471N00550824EA0206502077
B1205594514475N00550819EA0206802080
B1206004514479N00550817EA0206902081
B1206014514484N00550816EA0207002082
B1206024514488N00550818EA0207102083
B1206034514492N00550821EA0207202084
B1206044514495N00550826EA0207302085
B1206054514496N00550831EA0207502087
B1206064514496N00550837EA0207502087
B1206074514494N00550843EA0207702089
B1206084514491N00550848EA0207802090
B1206094514487N00550852EA0207902091
B1206104514483N00550853EA0208002092
B1206114514478N00550853EA0208202094
B1206124514473N00550851EA0208302095
B1206134514468N00550847EA0208402096
B1206144514465N00550841EA0208602098
B1206154514462N00550834EA0208702099
B1206164514461N00550826EA0208802100
B1206174514462N00550819EA0208902101
B1206184514463N00550811EA0209102103
B1206194514466N00550805EA0209202104
B1206204514470N00550801EA0209302105
B1206214514475N00550799EA0209502107
B1206224514479N00550798EA0209502107
B1206234514484N00550800EA0209602108
B1206244514487N00550803EA0209602108
B1206254514490N00550808EA0209802110
B1206264514491N00550814EA0210002112
B1206274514491N00550820EA0210102113
B1206284514489N00550825EA0210202114
B1206294514486N00550830EA0210402116
B1206304514482N00550834EA0210502117
B1206314514478N00550835EA0210702119
B1206324514472N00550835EA0210702119
B1206334514468N00550833EA0210802120
B1206344514463N00550828EA0210902121
B1206354514460N00550823EA0211002122
B1206364514457N00550816EA0211102123
B1206374514456N00550808EA0211202124
B1206384514457N00550800EA0211302125
B1206394514459N00550793EA0211402126
B1206404514462N00550787EA0211502127
B1206414514466N00550783EA0211502127
B1206424514470N00550781EA0211702129
B1206434514475N00550780EA0211902131
B1206444514479N00550782EA0212002132
B1206454514483N00550786EA0212102133
B1206464514485N00550790EA0212202134
B1206474514486N00550796EA0212402136
B1206484514486N00550802EA0212502137
B1206494514484N00550808EA0212602138
B1206504514481N00550813EA0212702139
B1206514514477N00550816EA0212802140
B1206524514473N00550818EA0212902141
B1206534514467N00550817EA0213102143
B1206544514462N00550815EA0213202144
B1206554514458N00550810EA0213402146
B1206564514455N00550804EA0213502147
B1206574514452N00550797EA0213602148
B1206584514452N00550789EA0213702149
B1206594514452N00550782EA0213902151
B1207004514454N00550775EA0213902151
B1207014514457N00550769EA0214002152
B1207024514461N00550763EA0213902151
B1207034514464N00550757EA0213802150
B1207044514468N00550750EA0213702149
B1207054514472N00550744EA0213502147
B1207064514475N00550738EA0213402146
B1207074514479N00550732EA0213302145
B1207084514483N00550726EA0213102143
B1207094514486N00550719EA0213002142
B1207104514490N00550713EA0212902141
B1207114514493N00550707EA0212802140
B1207124514497N00550700EA0212702139
B1207134514500N00550694EA0212602138
B1207144514504N00550688EA0212502137
B1207154514508N00550682EA0212302135
B1207164514512N00550676EA0212202134
B1207174514515N00550670EA0212102133
B1207184514519N00550664EA0212002132
B1207194514523N00550658EA0211902131
B1207204514527N00550652EA0211802130
B1207214514531N00550646EA0211702129
B1207224514535N00550641EA0211602128
B1207234514538N00550635EA0211502127
B1207244514542N00550629EA0211402126
B1207254514547N00550624EA0211202124
B1207264514550N00550618EA0211102123
B1207274514554N00550612EA0211002122
B1207284514559N00550607EA0210802120
B1207294514563N00550601EA0210802120
B1207304514566N00550596EA0210602118
B1207314514570N00550590EA0210502117
B1207324514574N00550584EA0210402116
B1207334514578N00550578EA0210202114
B1207344514582N00550573EA0210102113
B1207354514586N00550567EA0210002112
B1207364514590N00550561EA0209802110
B1207374514594N00550555EA0209702109
B1207384514598N00550549EA0209502107
B1207394514602N00550544EA0209402106
B1207404514605N00550538EA0209302105
B1207414514609N00550532EA0209202104
B1207424514613N00550526EA0209102103
B1207434514617N00550520EA0209002102
B1207444514621N00550515EA0208902101
B1207454514625N00550509EA0208802100
B1207464514629N00550503EA0208702099
B1207474514632N00550497EA0208602098
B1207484514636N00550491EA0208502097
B1207494514640N00550486EA0208202094
B1207504514644N00550480EA0208102093
B1207514514648N00550474EA0208002092
B1207524514652N00550469EA0207802090
B1207534514656N00550463EA0207702089
B1207544514660N00550457EA0207702089
B1207554514664N00550452EA0207502087
B1207564514668N00550446EA0207302085
B1207574514672N00550441EA0207202084
B1207584514677N00550435EA0207102083
B1207594514680N00550430EA0207002082
B1208004514684N00550424EA0206902081
B1208014514688N00550419EA0206802080
B1208024514692N00550413EA0206702079
B1208034514697N00550407EA0206502077
B1208044514701N00550402EA0206402076
B1208054514705N00550397EA0206302075
B1208064514709N00550391EA0206202074
B1208074514713N00550386EA0206102073
B1208084514717N00550380EA0206102073
B1208094514721N00550375EA0206002072
B1208104514725N00550370EA0205902071
B1208114514729N00550365EA0205802070
B1208124514734N00550360EA0205602068
B1208134514738N00550355EA0205502067
B1208144514743N00550350EA0205402066
B1208154514747N00550345EA0205302065
B1208164514751N00550340EA0205102063
B1208174514756N00550335EA0205102063
B1208184514760N00550330EA0205002062
B1208194514764N00550325EA0204902061
B1208204514769N00550321EA0204802060
B1208214514773N00550316EA0204702059
B1208224514778N00550311EA0204602058
B1208234514782N00550307EA0204502057
B1208244514787N00550302EA0204402056
B1208254514791N00550297EA0204202054
B1208264514795N00550293EA0204202054
B1208274514800N00550288EA0204002052
B1208284514804N00550283EA0203802050
B1208294514808N00550278EA0203702049
B1208304514812N00550272EA0203502047
B1208314514817N00550267EA0203502047
B1208324514821N00550263EA0203402046
B1208334514825N00550258EA0203302045
B1208344514830N00550252EA0203202044
B1208354514834N00550247EA0203102043
B1208364514838N00550242EA0203102043
B1208374514842N00550237EA0203002042
B1208384514847N00550232EA0202802040
B1208394514851N00550227EA0202602038
B1208404514855N00550222EA0202502037
B1208414514860N00550217EA0202402036
B1208424514864N00550212EA0202302035
B1208434514868N00550207EA0202202034
B1208444514873N00550203EA0202102033
B1208454514877N00550198EA0202002032
B1208464514882N00550193EA0201802030
B1208474514886N00550189EA0201702029
B1208484514891N00550184EA0201602028
B1208494514895N00550180EA0201602028
B1208504514900N00550175EA0201502027
B1208514514904N00550170EA0201402026
B1208524514909N00550166EA0201302025
B1208534514913N00550162EA0201202024
B1208544514918N00550157EA0201102023
B1208554514922N00550152EA0201002022
B1208564514926N00550147EA0200902021
B1208574514931N00550143EA0200702019
B1208584514935N00550138EA0200702019
B1208594514940N00550133EA0200502017
B1209004514944N00550129EA0200502017
B1209014514949N00550124EA0200402016
B1209024514953N00550119EA0200302015
B1209034514958N00550115EA0200102013
B1209044514962N00550110EA0200002012
B1209054514966N00550105EA0199802010
B1209064514971N00550101EA0199702009
B1209074514975N00550096EA0199602008
B1209084514980N00550092EA0199502007
B1209094514984N00550087EA0199502007
B1209104514989N00550083EA0199402006
B1209114514993N00550078EA0199302005
B1209124514998N00550073EA0199202004
B1209134515002N00550068EA0199102003
B1209144515007N00550064EA0198902001
B1209154515011N00550059EA0198902001
B1209164515015N00550054EA0198701999
B1209174515019N00550048EA0198701999
B1209184515024N00550043EA0198601998
B1209194515028N00550038EA0198501997
B1209204515032N00550033EA0198401996
B1209214515036N00550028EA0198401996
B1209224515040N00550023EA0198201994
B1209234515045N00550017EA0198101993
B1209244515049N00550012EA0198001992
B1209254515053N00550007EA0197901991
B1209264515057N00550002EA0197701989
B1209274515061N00549997EA0197501987
B1209284515066N00549991EA0197501987
B1209294515070N00549986EA0197301985
B1209304515074N00549981EA0197201984
B1209314515079N00549976EA0197101983
B1209324515083N00549971EA0197001982
B1209334515087N00549966EA0197001982
B1209344515091N00549961EA0196901981
B1209354515096N00549956EA0196801980
B1209364515100N00549951EA0196801980
B1209374515104N00549946EA0196601978
B1209384515108N00549941EA0196501977
B1209394515113N00549935EA0196401976
B1209404515117N00549930EA0196301975
B1209414515121N00549924EA0196201974
B1209424515125N00549919EA0196101973
B1209434515129N00549914EA0196001972
B1209444515133N00549909EA0195801970
B1209454515137N00549903EA0195701969
B1209464515142N00549898EA0195601968
B1209474515146N00549893EA0195601968
B1209484515150N00549888EA0195501967
B1209494515154N00549883EA0195401966
B1209504515159N00549880EA0195601968
B1209514515163N00549878EA0195901971
B1209524515168N00549880EA0196101973
B1209534515172N00549882EA0196301975
B1209544515174N00549887EA0196501977
B1209554515176N00549892EA0196801980
B1209564515176N00549898EA0197001982
B1209574515175N00549904EA0197101983
B1209584515172N00549909EA0197401986
B1209594515169N00549913EA0197701989
B1210004515164N00549916EA0198101993
B1210014515159N00549916EA0198301995
B1210024515154N00549914EA0198501997
B1210034515150N00549910EA0198802000
B1210044515146N00549905EA0199102003
B1210054515143N00549898EA0199302005
B1210064515142N00549891EA0199602008
B1210074515142N00549883EA0199802010
B1210084515143N00549876EA0200002012
B1210094515146N00549869EA0200202014
B1210104515150N00549864EA0200402016
B1210114515154N00549861EA0200702019
B1210124515159N00549861EA0200902021
B1210134515163N00549862EA0201202024
B1210144515167N00549865EA0201402026
B1210154515170N00549869EA0201602028
B1210164515171N00549875EA0201902031
B1210174515171N00549881EA0202102033
B1210184515170N00549887EA0202202034
B1210194515168N00549892EA0202502037
B1210204515164N00549896EA0202802040
B1210214515159N00549898EA0203002042
B1210224515154N00549898EA0203302045
B1210234515149N00549896EA0203502047
B1210244515145N00549892EA0203802050
B1210254515141N00549887EA0204002052
B1210264515138N00549880EA0204302055
B1210274515137N00549872EA0204502057
B1210284515137N00549864EA0204802060
B1210294515139N00549857EA0204902061
B1210304515141N00549851EA0205102063
B1210314515145N00549846EA0205302065
B1210324515150N00549843EA0205602068
B1210334515154N00549843EA0205902071
B1210344515159N00549844EA0206002072
B1210354515162N00549847EA0206302075
B1210364515165N00549852EA0206502077
B1210374515167N00549857EA0206802080
B1210384515167N00549863EA0207002082
B1210394515165N00549869EA0207202084
B1210404515163N00549874EA0207402086
B1210414515159N00549878EA0207702089
B1210424515154N00549880EA0208002092
B1210434515149N00549880EA0208202094
B1210444515144N00549878EA0208502097
B1210454515140N00549874EA0208902101
B1210464515136N00549868EA0209002102
B1210474515133N00549861EA0209302105
B1210484515132N00549854EA0209502107
B1210494515132N00549846EA0209702109
B1210504515134N00549839EA0209902111
B1210514515137N00549833EA0210102113
B1210524515141N00549828EA0210302115
B1210534515145N00549825EA0210602118
B1210544515150N00549825EA0210802120
B1210554515154N00549826EA0211002122
B1210564515158N00549829EA0211202124
B1210574515160N00549834EA0211502127
B1210584515162N00549840EA0211602128
B1210594515162N00549846EA0211802130
B1211004515160N00549851EA0212102133
B1211014515158N00549856EA0212202134
B1211024515154N00549860EA0212402136
B1211034515149N00549862EA0212702139
B1211044515144N00549862EA0212702139
B1211054515139N00549860EA0212802140
B1211064515135N00549856EA0213002142
B1211074515131N00549850EA0213202144
B1211084515128N00549843EA0213302145
B1211094515127N00549835EA0213502147
B1211104515128N00549828EA0213802150
B1211114515129N00549821EA0213902151
B1211124515132N00549815EA0214002152
B1211134515136N00549810EA0214302155
B1211144515141N00549807EA0214502157
B1211154515145N00549807EA0214802160
B1211164515150N00549808EA0215002162
B1211174515153N00549812EA0215302165
B1211184515156N00549816EA0215602168
B1211194515157N00549822EA0215802170
B1211204515157N00549828EA0216002172
B1211214515156N00549834EA0216102173
B1211224515153N00549839EA0216302175
B1211234515149N00549842EA0216602178
B1211244515144N00549844EA0216702179
B1211254515139N00549844EA0217002182
B1211264515134N00549842EA0217302185
B1211274515130N00549838EA0217502187
B1211284515126N00549832EA0217802190
B1211294515123N00549825EA0218002192
B1211304515122N00549817EA0218302195
B1211314515123N00549809EA0218602198
B1211324515125N00549802EA0218902201
B1211334515128N00549796EA0219102203
B1211344515132N00549792EA0219202204
B1211354515136N00549789EA0219502207
B1211364515141N00549789EA0219702209
B1211374515145N00549791EA0220002212
B1211384515149N00549794EA0220102213
B1211394515151N00549799EA0220402216
B1211404515152N00549804EA0220602218
B1211414515152N00549810EA0220902221
B1211424515151N00549816EA0221202224
B1211434515148N00549821EA0221502227
B1211444515144N00549824EA0221602228
B1211454515139N00549826EA0221802230
B1211464515134N00549826EA0222002232
B1211474515129N00549824EA0222302235
B1211484515125N00549819EA0222502237
B1211494515121N00549813EA0222802240
B1211504515119N00549806EA0223002242
B1211514515118N00549799EA0223202244
B1211524515118N00549791EA0223402246
B1211534515120N00549784EA0223702249
B1211544515123N00549778EA0223902251
B1211554515127N00549774EA0224202254
B1211564515132N00549771EA0224402256
B1211574515136N00549771EA0224502257
B1211584515140N00549773EA0224802260
B1211594515144N00549776EA0224902261
B1212004515146N00549781EA0225002262
B1212014515148N00549787EA0225202264
B1212024515147N00549793EA0225502267
B1212034515146N00549798EA0225602268
B1212044515143N00549803EA0225802270
B1212054515139N00549807EA0226102273
B1212064515134N00549808EA0226302275
B1212074515129N00549808EA0226602278
B1212084515124N00549805EA0226802280
B1212094515120N00549801EA0227002282
B1212104515116N00549795EA0227302285
B1212114515114N00549788EA0227602288
B1212124515113N00549780EA0227802290
B1212134515113N00549773EA0228002292
B1212144515115N00549766EA0228302295
B1212154515118N00549760EA0228502297
B1212164515122N00549756EA0228802300
B1212174515127N00549753EA0229102303
B1212184515132N00549753EA0229302305
B1212194515136N00549755EA0229402306
B1212204515139N00549758EA0229602308
B1212214515142N00549763EA0229902311
B1212224515143N00549769EA0230002312
B1212234515143N00549775EA0230202314
B1212244515141N00549781EA0230402316
B1212254515138N00549786EA0230502317
B1212264515134N00549789EA0230702319
B1212274515129N00549790EA0230902321
B1212284515124N00549790EA0231202324
B1212294515119N00549787EA0231502327
B1212304515115N00549783EA0231602328
B1212314515111N00549777EA0231902331
B1212324515109N00549770EA0232102333
B1212334515108N00549762EA0232302335
B1212344515109N00549754EA0232502337
B1212354515111N00549747EA0232802340
B1212364515114N00549742EA0233002342
B1212374515118N00549738EA0233102343
B1212384515122N00549735EA0233502347
B1212394515127N00549735EA0233602348
B1212404515131N00549737EA0233802350
B1212414515135N00549741EA0234002352
B1212424515137N00549746EA0234202354
B1212434515138N00549752EA0234302355
B1212444515138N00549758EA0234602358
B1212454515136N00549763EA0234802360
B1212464515133N00549768EA0234902361
B1212474515129N00549771EA0235002362
B1212484515124N00549773EA0235202364
B1212494515119N00549772EA0235402366
B1212504515114N00549769EA0235702369
B1212514515110N00549765EA0235902371
B1212524515106N00549759EA0236202374
B1212534515104N00549751EA0236402376
B1212544515103N00549744EA0236602378
B1212554515104N00549736EA0236802380
B1212564515106N00549729EA0237002382
B1212574515109N00549723EA0237202384
B1212584515113N00549719EA0237402386
B1212594515118N00549717EA0237702389
B1213004515123N00549717EA0237902391
B1213014515127N00549719EA0238102393
B1213024515130N00549723EA0238402396
B1213034515132N00549728EA0238602398
B1213044515133N00549734EA0238702399
B1213054515133N00549740EA0238902401
B1213064515131N00549746EA0239102403
B1213074515128N00549750EA0239402406
B1213084515124N00549753EA0239602408
B1213094515119N00549755EA0239602408
B1213104515114N00549754EA0239802410
B1213114515109N00549751EA0240002412
B1213124515105N00549746EA0240202414
B1213134515101N00549740EA0240402416
B1213144515099N00549733EA0240702419
B1213154515099N00549725EA0240802420
B1213164515099N00549718EA0241102423
B1213174515101N00549711EA0241202424
B1213184515105N00549705EA0241502427
B1213194515109N00549701EA0241702429
B1213204515113N00549699EA0241902431
B1213214515118N00549700EA0242102433
B1213224515122N00549702EA0242402436
B1213234515126N00549705EA0242602438
B1213244515128N00549711EA0242802440
B1213254515129N00549716EA0243102443
B1213264515128N00549722EA0243202444
B1213274515126N00549728EA0243402446
B1213284515123N00549733EA0243602448
B1213294515119N00549736EA0243902451
B1213304515114N00549737EA0244102453
B1213314515109N00549736EA0244302455
B1213324515104N00549733EA0244402456
B1213334515100N00549728EA0244602458
B1213344515096N00549722EA0244802460
B1213354515094N00549715EA0244902461
B1213364515094N00549707EA0245002462
B1213374515095N00549699EA0245102463
B1213384515097N00549693EA0245402466
B1213394515100N00549687EA0245702469
B1213404515104N00549683EA0245902471
B1213414515109N00549681EA0246202474
B1213424515114N00549682EA0246502477
B1213434515118N00549684EA0246702479
B1213444515121N00549688EA0246902481
B1213454515123N00549693EA0247102483
B1213464515124N00549699EA0247202484
B1213474515123N00549705EA0247402486
B1213484515121N00549710EA0247602488
B1213494515118N00549715EA0247802490
B1213504515114N00549718EA0248002492
B1213514515109N00549721EA0247902491
B1213524515104N00549725EA0247802490
B1213534515100N00549728EA0247602488
B1213544515095N00549732EA0247602488
B1213554515090N00549735EA0247302485
B1213564515086N00549739EA0247202484
B1213574515081N00549743EA0247102483
B1213584515077N00549746EA0247002482
B1213594515072N00549750EA0246902481
B1214004515068N00549754EA0246802480
B1214014515063N00549757EA0246702479
B1214024515058N00549761EA0246602478
B1214034515054N00549765EA0246402476
B1214044515049N00549769EA0246302475
B1214054515045N00549772EA0246202474
B1214064515040N00549775EA0246102473
B1214074515035N00549779EA0246002472
B1214084515030N00549782EA0245902471
B1214094515026N00549785EA0245802470
B1214104515021N00549789EA0245602468
B1214114515016N00549792EA0245502467
B1214124515011N00549795EA0245402466
B1214134515007N00549799EA0245202464
B1214144515002N00549802EA0245102463
B1214154514997N00549805EA0245002462
B1214164514992N00549808EA0244902461
B1214174514988N00549812EA0244802460
B1214184514983N00549815EA0244702459
B1214194514978N00549818EA0244602458
B1214204514973N00549821EA0244502457
B1214214514969N00549825EA0244302455
B1214224514964N00549828EA0244302455
B1214234514959N00549832EA0244202454
B1214244514955N00549836EA0244102453
B1214254514950N00549839EA0244002452
B1214264514946N00549843EA0243902451
B1214274514941N00549847EA0243802450
B1214284514936N00549850EA0243702449
B1214294514932N00549854EA0243602448
B1214304514928N00549858EA0243402446
B1214314514923N00549862EA0243302445
B1214324514919N00549866EA0243202444
B1214334514914N00549870EA0243102443
B1214344514910N00549874EA0242902441
B1214354514905N00549877EA0242802440
B1214364514901N00549881EA0242702439
B1214374514896N00549885EA0242602438
B1214384514892N00549889EA0242402436
B1214394514887N00549893EA0242302435
B1214404514883N00549896EA0242302435
B1214414514878N00549900EA0242202434
B1214424514873N00549903EA0242102433
B1214434514868N00549906EA0242002432
B1214444514864N00549910EA0241902431
B1214454514859N00549913EA0241702429
B1214464514854N00549916EA0241702429
B1214474514849N00549920EA0241502427
B1214484514845N00549923EA0241402426
B1214494514840N00549927EA0241202424
B1214504514835N00549930EA0241102423
B1214514514831N00549934EA0241002422
B1214524514826N00549937EA0241002422
B1214534514822N00549941EA0240902421
B1214544514817N00549945EA0240702419
B1214554514813N00549948EA0240602418
B1214564514808N00549952EA0240402416
B1214574514803N00549956EA0240302415
B1214584514799N00549960EA0240202414
B1214594514794N00549963EA0240002412
B1215004514790N00549967EA0240002412
B1215014514785N00549971EA0239902411
B1215024514781N00549975EA0239802410
B1215034514776N00549978EA0239602408
B1215044514772N00549982EA0239502407
B1215054514768N00549986EA0239402406
B1215064514763N00549990EA0239302405
B1215074514759N00549994EA0239102403
B1215084514754N00549998EA0239102403
B1215094514750N00550002EA0239002402
B1215104514745N00550006EA0238802400
B1215114514741N00550010EA0238702399
B1215124514736N00550013EA0238602398
B1215134514732N00550017EA0238602398
B1215144514728N00550022EA0238502397
B1215154514723N00550026EA0238402396
B1215164514719N00550029EA0238202394
B1215174514714N00550034EA0238102393
B1215184514710N00550038EA0237902391
B1215194514705N00550041EA0237802390
B1215204514701N00550045EA0237702389
B1215214514696N00550049EA0237602388
B1215224514692N00550053EA0237402386
B1215234514688N00550057EA0237302385
B1215244514683N00550061EA0237202384
B1215254514679N00550065EA0237002382
B1215264514674N00550069EA0236902381
B1215274514670N00550073EA0236802380
B1215284514665N00550077EA0236702379
B1215294514661N00550080EA0236602378
B1215304514656N00550084EA0236502377
B1215314514652N00550088EA0236302375
B1215324514648N00550092EA0236102373
B1215334514643N00550096EA0236002372
B1215344514639N00550101EA0236002372
B1215354514635N00550105EA0235802370
B1215364514631N00550109EA0235702369
B1215374514626N00550113EA0235602368
B1215384514622N00550118EA0235602368
B1215394514618N00550122EA0235502367
B1215404514614N00550126EA0235402366
B1215414514610N00550131EA0235302365
B1215424514606N00550136EA0235202364
B1215434514602N00550140EA0235102363
B1215444514598N00550145EA0234902361
B1215454514594N00550149EA0234802360
B1215464514590N00550154EA0234702359
B1215474514586N00550159EA0234602358
B1215484514581N00550161EA0234702359
B1215494514576N00550162EA0234902361
B1215504514571N00550160EA0235002362
B1215514514567N00550157EA0235102363
B1215524514563N00550152EA0235402366
B1215534514560N00550145EA0235402366
B1215544514558N00550138EA0235602368
B1215554514558N00550130EA0235802370
B1215564514559N00550122EA0236102373
B1215574514562N00550116EA0236202374
B1215584514566N00550111EA0236302375
B1215594514570N00550108EA0236402376
B1216004514575N00550106EA0236602378
B1216014514579N00550107EA0236702379
B1216024514583N00550110EA0236902381
B1216034514586N00550114EA0237102383
B1216044514588N00550120EA0237202384
B1216054514588N00550126EA0237402386
B1216064514587N00550132EA0237702389
B1216074514585N00550137EA0237902391
B1216084514581N00550141EA0238002392
B1216094514576N00550143EA0238102393
B1216104514571N00550144EA0238202394
B1216114514566N00550142EA0238502397
B1216124514562N00550139EA0238702399
B1216134514558N00550133EA0238902401
B1216144514555N00550127EA0239002402
B1216154514553N00550119EA0239102403
B1216164514553N00550111EA0239402406
B1216174514555N00550104EA0239502407
B1216184514557N00550098EA0239702409
B1216194514561N00550093EA0240002412
B1216204514565N00550090EA0240202414
B1216214514570N00550089EA0240402416
B1216224514574N00550089EA0240702419
B1216234514578N00550092EA0240802420
B1216244514581N00550097EA0241002422
B1216254514583N00550102EA0241102423
B1216264514583N00550108EA0241302425
B1216274514582N00550114EA0241402426
B1216284514580N00550119EA0241602428
B1216294514576N00550123EA0241802430
B1216304514571N00550126EA0242002432
B1216314514566N00550126EA0242202434
B1216324514561N00550124EA0242402436
B1216334514557N00550121EA0242602438
B1216344514553N00550115EA0242902441
B1216354514550N00550108EA0243102443
B1216364514549N00550101EA0243202444
B1216374514549N00550093EA0243502447
B1216384514550N00550086EA0243802450
B1216394514553N00550079EA0244002452
B1216404514556N00550075EA0244202454
B1216414514561N00550072EA0244402456
B1216424514565N00550071EA0244602458
B1216434514570N00550072EA0244802460
B1216444514574N00550075EA0245002462
B1216454514577N00550079EA0245302465
B1216464514578N00550085EA0245402466
B1216474514578N00550091EA0245602468
B1216484514577N00550096EA0245602468
B1216494514575N00550102EA0245902471
B1216504514571N00550105EA0246102473
B1216514514566N00550108EA0246202474
B1216524514561N00550108EA0246302475
B1216534514556N00550106EA0246702479
B1216544514552N00550102EA0246802480
B1216554514548N00550097EA0246902481
B1216564514545N00550090EA0247202484
B1216574514544N00550082EA0247402486
B1216584514544N00550075EA0247702489
B1216594514545N00550067EA0248002492
B1217004514548N00550061EA0248202494
B1217014514552N00550056EA0248502497
B1217024514556N00550054EA0248602498
B1217034514561N00550053EA0248902501
B1217044514565N00550054EA0249102503
B1217054514569N00550057EA0249202504
B1217064514572N00550061EA0249502507
B1217074514574N00550067EA0249802510
B1217084514574N00550073EA0250102513
B1217094514572N00550079EA0250402516
B1217104514570N00550084EA0250602518
B1217114514566N00550088EA0250802520
B1217124514561N00550090EA0251002522
B1217134514556N00550090EA0251102523
B1217144514551N00550088EA0251402526
B1217154514547N00550084EA0251602528
B1217164514543N00550079EA0251902531
B1217174514540N00550072EA0252102533
B1217184514539N00550064EA0252302535
B1217194514539N00550056EA0252402536
B1217204514541N00550049EA0252602538
B1217214514544N00550043EA0252802540
B1217224514547N00550038EA0252902541
B1217234514552N00550036EA0253002542
B1217244514556N00550035EA0253302545
B1217254514561N00550036EA0253402546
B1217264514565N00550039EA0253702549
B1217274514567N00550044EA0253902551
B1217284514569N00550049EA0254202554
B1217294514569N00550055EA0254402556
B1217304514567N00550061EA0254602558
B1217314514565N00550066EA0254802560
B1217324514561N00550070EA0255102563
B1217334514556N00550072EA0255402566
B1217344514551N00550072EA0255602568
B1217354514546N00550070EA0255802570
B1217364514542N00550066EA0256002572
B1217374514538N00550060EA0256302575
B1217384514535N00550053EA0256502577
B1217394514534N00550046EA0256702579
B1217404514534N00550038EA0256902581
B1217414514536N00550031EA0257102583
B1217424514539N00550025EA0257302585
B1217434514543N00550020EA0257602588
B1217444514547N00550018EA0257902591
B1217454514552N00550017EA0258102593
B1217464514556N00550018EA0258402596
B1217474514560N00550021EA0258702599
B1217484514563N00550026EA0258802600
B1217494514564N00550032EA0259002602
B1217504514564N00550038EA0259302605
B1217514514563N00550044EA0259502607
B1217524514560N00550049EA0259602608
B1217534514556N00550052EA0259802610
B1217544514551N00550054EA0259902611
B1217554514546N00550054EA0260102613
B1217564514541N00550052EA0260302615
B1217574514537N00550048EA0260502617
B1217584514533N00550042EA0260702619
B1217594514530N00550035EA0261002622
B1218004514529N00550027EA0261102623
B1218014514530N00550020EA0261402626
B1218024514531N00550013EA0261602628
B1218034514534N00550007EA0261702629
B1218044514538N00550002EA0261902631
B1218054514543N00549999EA0262102633
B1218064514547N00549999EA0262102633
B1218074514552N00550000EA0262302635
B1218084514555N00550004EA0262602638
B1218094514558N00550008EA0262802640
B1218104514559N00550014EA0263002642
B1218114514559N00550020EA0263302645
B1218124514558N00550026EA0263402646
B1218134514555N00550031EA0263502647
B1218144514551N00550034EA0263702649
B1218154514546N00550036EA0263902651
B1218164514541N00550036EA0264102653
B1218174514536N00550034EA0264202654
B1218184514532N00550030EA0264602658
B1218194514528N00550024EA0264802660
B1218204514526N00550017EA0265002662
B1218214514525N00550009EA0265202664
B1218224514525N00550001EA0265402666
B1218234514527N00549994EA0265502667
B1218244514530N00549988EA0265702669
B1218254514534N00549984EA0266002672
B1218264514538N00549981EA0266202674
B1218274514543N00549981EA0266402676
B1218284514547N00549983EA0266602678
B1218294514551N00549986EA0266702679
B1218304514553N00549991EA0266902681
B1218314514556N00549996EA0266802680
B1218324514559N00550002EA0266602678
B1218334514561N00550008EA0266402676
B1218344514564N00550013EA0266302675
B1218354514567N00550019EA0266202674
B1218364514570N00550024EA0266102673
B1218374514572N00550030EA0266002672
B1218384514575N00550035EA0265802670
B1218394514578N00550041EA0265802670
B1218404514581N00550046EA0265702669
B1218414514584N00550052EA0265502667
B1218424514586N00550057EA0265302665
B1218434514590N00550062EA0265202664
B1218444514593N00550067EA0265202664
B1218454514596N00550072EA0265002662
B1218464514599N00550077EA0264902661
B1218474514603N00550082EA0264802660
B1218484514606N00550087EA0264702659
B1218494514610N00550091EA0264602658
B1218504514613N00550096EA0264502657
B1218514514616N00550101EA0264402656
B1218524514620N00550106EA0264302655
B1218534514623N00550111EA0264202654
B1218544514627N00550115EA0264002652
B1218554514630N00550120EA0264002652
B1218564514634N00550125EA0263902651
B1218574514637N00550129EA0263802650
B1218584514641N00550134EA0263702649
B1218594514644N00550139EA0263502647
B1219004514648N00550143EA0263402646
B1219014514651N00550148EA0263302645
B1219024514655N00550152EA0263202644
B1219034514659N00550156EA0263102643
B1219044514663N00550160EA0262902641
B1219054514667N00550165EA0262802640
B1219064514670N00550169EA0262702639
B1219074514674N00550173EA0262602638
B1219084514678N00550177EA0262502637
B1219094514682N00550182EA0262402636
B1219104514685N00550186EA0262302635
B1219114514689N00550190EA0262202634
B1219124514693N00550195EA0262102633
B1219134514697N00550199EA0261902631
B1219144514700N00550203EA0261902631
B1219154514704N00550208EA0261802630
B1219164514707N00550212EA0261702629
B1219174514711N00550217EA0261502627
B1219184514715N00550221EA0261402626
B1219194514719N00550225EA0261302625
B1219204514723N00550230EA0261202624
B1219214514726N00550234EA0261102623
B1219224514730N00550238EA0261002622
B1219234514734N00550243EA0260902621
B1219244514737N00550247EA0260802620
B1219254514741N00550251EA0260702619
B1219264514745N00550256EA0260602618
B1219274514749N00550260EA0260402616
B1219284514753N00550264EA0260302615
B1219294514756N00550268EA0260202614
B1219304514760N00550272EA0260102613
B1219314514764N00550277EA0260002612
B1219324514768N00550281EA0259802610
B1219334514772N00550285EA0259702609
B1219344514775N00550289EA0259602608
B1219354514779N00550294EA0259402606
B1219364514783N00550298EA0259402606
B1219374514786N00550302EA0259202604
B1219384514790N00550307EA0259102603
B1219394514794N00550311EA0259002602
B1219404514797N00550316EA0258902601
B1219414514801N00550320EA0258802600
B1219424514805N00550325EA0258702599
B1219434514808N00550330EA0258502597
B1219444514811N00550334EA0258402596
B1219454514815N00550339EA0258302595
B1219464514819N00550344EA0258302595
B1219474514822N00550348EA0258202594
B1219484514826N00550352EA0258102593
B1219494514830N00550357EA0258002592
B1219504514833N00550361EA0257902591
B1219514514837N00550366EA0257802590
B1219524514840N00550370EA0257702589
B1219534514844N00550375EA0257602588
B1219544514848N00550380EA0257402586
B1219554514851N00550384EA0257202584
B1219564514855N00550388EA0257102583
B1219574514859N00550392EA0257002582
B1219584514863N00550396EA0256902581
B1219594514867N00550400EA0256702579
B1220004514871N00550405EA0256602578
B1220014514874N00550409EA0256502577
B1220024514878N00550413EA0256402576
B1220034514882N00550418EA0256202574
B1220044514885N00550422EA0256102573
B1220054514889N00550426EA0256002572
B1220064514893N00550431EA0255902571
B1220074514897N00550435EA0255802570
B1220084514900N00550439EA0255702569
B1220094514904N00550444EA0255702569
B1220104514908N00550448EA0255602568
B1220114514911N00550452EA0255502567
B1220124514915N00550457EA0255402566
B1220134514919N00550461EA0255302565
B1220144514922N00550466EA0255102563
B1220154514926N00550470EA0255002562
B1220164514930N00550475EA0254902561
B1220174514933N00550479EA0254802560
B1220184514937N00550483EA0254702559
B1220194514941N00550488EA0254602558
B1220204514945N00550492EA0254502557
B1220214514949N00550496EA0254402556
B1220224514952N00550500EA0254302555
B1220234514956N00550505EA0254202554
B1220244514960N00550509EA0254102553
B1220254514964N00550513EA0254002552
B1220264514967N00550518EA0253902551
B1220274514971N00550522EA0253702549
B1220284514975N00550526EA0253702549
B1220294514979N00550531EA0253502547
B1220304514982N00550535EA0253402546
B1220314514986N00550539EA0253302545
B1220324514990N00550543EA0253202544
B1220334514994N00550547EA0253002542
B1220344514998N00550551EA0253002542
B1220354515002N00550555EA0252802540
B1220364515006N00550559EA0252702539
B1220374515009N00550564EA0252602538
B1220384515013N00550568EA0252502537
B1220394515017N00550572EA0252402536
B1220404515021N00550576EA0252302535
B1220414515025N00550580EA0252302535
B1220424515029N00550584EA0252202534
B1220434515033N00550588EA0252102533
B1220444515037N00550592EA0252002532
B1220454515040N00550596EA0251902531
B1220464515044N00550601EA0251802530
B1220474515048N00550605EA0251702529
B1220484515052N00550609EA0251502527
B1220494515056N00550613EA0251402526
B1220504515059N00550618EA0251202524
B1220514515063N00550622EA0251102523
B1220524515067N00550626EA0250902521
B1220534515071N00550631EA0250802520
B1220544515074N00550635EA0250802520
B1220554515078N00550639EA0250602518
B1220564515082N00550643EA0250602518
B1220574515086N00550648EA0250402516
B1220584515089N00550652EA0250202514
B1220594515093N00550656EA0250102513
B1221004515097N00550660EA0250002512
B1221014515101N00550665EA0249902511
B1221024515104N00550669EA0249802510
B1221034515108N00550674EA0249702509
B1221044515112N00550678EA0249602508
B1221054515115N00550683EA0249402506
B1221064515119N00550687EA0249302505
B1221074515123N00550691EA0249202504
B1221084515127N00550696EA0249102503
B1221094515130N00550700EA0248902501
B1221104515134N00550705EA0248802500
B1221114515137N00550710EA0248602498
B1221124515140N00550715EA0248502497
B1221134515144N00550720EA0248402496
B1221144515147N00550725EA0248302495
B1221154515150N00550730EA0248202494
B1221164515153N00550735EA0248102493
B1221174515156N00550740EA0248002492
B1221184515160N00550745EA0247802490
B1221194515163N00550750EA0247702489
B1221204515167N00550754EA0247602488
B1221214515170N00550759EA0247502487
B1221224515174N00550763EA0247402486
B1221234515177N00550768EA0247202484
B1221244515180N00550773EA0247102483
B1221254515184N00550778EA0247002482
B1221264515187N00550782EA0247002482
B1221274515191N00550787EA0247002482
B1221284515194N00550792EA0246802480
B1221294515198N00550796EA0246702479
B1221304515201N00550801EA0246502477
B1221314515205N00550806EA0246402476
B1221324515209N00550810EA0246302475
B1221334515212N00550815EA0246202474
B1221344515216N00550819EA0246102473
B1221354515220N00550823EA0246002472
B1221364515223N00550828EA0245902471
B1221374515227N00550833EA0245802470
B1221384515230N00550837EA0245802470
B1221394515234N00550842EA0245602468
B1221404515237N00550847EA0245502467
B1221414515241N00550851EA0245402466
B1221424515245N00550855EA0245302465
B1221434515249N00550859EA0245102463
B1221444515253N00550863EA0245002462
B1221454515256N00550867EA0245002462
B1221464515260N00550871EA0244802460
B1221474515264N00550876EA0244702459
B1221484515268N00550880EA0244502457
B1221494515271N00550885EA0244402456
B1221504515275N00550889EA0244402456
B1221514515279N00550893EA0244302455
B1221524515282N00550898EA0244202454
B1221534515286N00550902EA0244002452
B1221544515290N00550907EA0243902451
B1221554515293N00550911EA0243802450
B1221564515297N00550915EA0243602448
B1221574515301N00550920EA0243502447
B1221584515305N00550924EA0243402446
B1221594515308N00550928EA0243302445
B1222004515312N00550933EA0243202444
B1222014515316N00550937EA0243102443
B1222024515319N00550942EA0243002442
B1222034515323N00550946EA0242902441
B1222044515326N00550951EA0242802440
B1222054515330N00550956EA0242602438
B1222064515333N00550960EA0242502437
B1222074515337N00550965EA0242502437
B1222084515340N00550970EA0242402436
B1222094515344N00550974EA0242302435
B1222104515348N00550978EA0242202434
B1222114515352N00550983EA0242102433
B1222124515355N00550987EA0242002432
B1222134515359N00550991EA0241802430
B1222144515363N00550996EA0241802430
B1222154515367N00551000EA0241602428
B1222164515369N00551005EA0241802430
B1222174515369N00551011EA0242002432
B1222184515369N00551017EA0242302435
B1222194515367N00551023EA0242302435
B1222204515363N00551027EA0242502437
B1222214515359N00551030EA0242602438
B1222224515354N00551031EA0242802440
B1222234515349N00551030EA0243102443
B1222244515344N00551027EA0243202444
B1222254515340N00551022EA0243402446
B1222264515337N00551016EA0243602448
B1222274515335N00551008EA0243702449
B1222284515335N00551001EA0243902451
B1222294515336N00550993EA0244102453
B1222304515338N00550986EA0244302455
B1222314515341N00550981EA0244402456
B1222324515345N00550977EA0244602458
B1222334515350N00550976EA0244802460
B1222344515355N00550976EA0244802460
B1222354515359N00550978EA0244902461
B1222364515362N00550982EA0245102463
B1222374515364N00550988EA0245402466
B1222384515365N00550994EA0245502467
B1222394515364N00551000EA0245602468
B1222404515362N00551005EA0245902471
B1222414515358N00551009EA0246002472
B1222424515354N00551012EA0246202474
B1222434515349N00551013EA0246402476
B1222444515344N00551012EA0246502477
B1222454515339N00551009EA0246702479
B1222464515335N00551004EA0246802480
B1222474515332N00550997EA0247002482
B1222484515330N00550990EA0247002482
B1222494515330N00550982EA0247302485
B1222504515331N00550975EA0247502487
B1222514515333N00550968EA0247602488
B1222524515337N00550963EA0247802490
B1222534515341N00550959EA0248002492
B1222544515346N00550958EA0248202494
B1222554515350N00550958EA0248502497
B1222564515354N00550961EA0248702499
B1222574515357N00550965EA0248902501
B1222584515359N00550970EA0249002502
B1222594515360N00550976EA0249102503
B1223004515359N00550982EA0249302505
B1223014515357N00550987EA0249402506
B1223024515353N00550992EA0249602508
B1223034515349N00550994EA0249802510
B1223044515344N00550995EA0250002512
B1223054515339N00550994EA0250102513
B1223064515334N00550991EA0250202514
B1223074515330N00550986EA0250402516
B1223084515327N00550979EA0250502517
B1223094515325N00550972EA0250702519
B1223104515325N00550964EA0251102523
B1223114515326N00550957EA0251202524
B1223124515329N00550950EA0251302525
B1223134515332N00550945EA0251502527
B1223144515336N00550941EA0251802530
B1223154515341N00550940EA0251902531
B1223164515346N00550940EA0252102533
B1223174515350N00550943EA0252202534
B1223184515353N00550947EA0252502537
B1223194515355N00550952EA0252702539
B1223204515355N00550958EA0252802540
B1223214515354N00550964EA0253002542
B1223224515352N00550970EA0253102543
B1223234515348N00550974EA0253302545
B1223244515344N00550976EA0253502547
B1223254515339N00550977EA0253602548
B1223264515334N00550976EA0253702549
B1223274515329N00550972EA0253902551
B1223284515325N00550967EA0254102553
B1223294515322N00550961EA0254302555
B1223304515321N00550953EA0254302555
B1223314515320N00550946EA0254302555
B1223324515322N00550938EA0254402556
B1223334515324N00550932EA0254502557
B1223344515328N00550927EA0254602558
B1223354515332N00550923EA0254802560
B1223364515337N00550922EA0254902561
B1223374515341N00550923EA0255102563
B1223384515345N00550925EA0255202564
B1223394515348N00550929EA0255302565
B1223404515350N00550935EA0255602568
B1223414515350N00550941EA0255902571
B1223424515349N00550947EA0256002572
B1223434515347N00550952EA0256202574
B1223444515343N00550956EA0256302575
B1223454515339N00550959EA0256402576
B1223464515334N00550959EA0256602578
B1223474515329N00550958EA0256802580
B1223484515324N00550954EA0257002582
B1223494515320N00550949EA0257102583
B1223504515317N00550942EA0257302585
B1223514515316N00550935EA0257502587
B1223524515316N00550927EA0257702589
B1223534515315N00550919EA0257602588
B1223544515315N00550910EA0257502587
B1223554515315N00550902EA0257302585
B1223564515315N00550893EA0257202584
B1223574515315N00550885EA0257102583
B1223584515315N00550876EA0257102583
B1223594515315N00550868EA0257002582
B1224004515315N00550859EA0256902581
B1224014515315N00550851EA0256802580
B1224024515315N00550842EA0256802580
B1224034515314N00550834EA0256602578
B1224044515314N00550825EA0256502577
B1224054515314N00550817EA0256502577
B1224064515314N00550808EA0256402576
B1224074515313N00550800EA0256302575
B1224084515313N00550791EA0256102573
B1224094515313N00550783EA0256002572
B1224104515313N00550774EA0256002572
B1224114515313N00550766EA0255802570
B1224124515313N00550757EA0255702569
B1224134515313N00550749EA0255702569
B1224144515313N00550740EA0255502567
B1224154515313N00550732EA0255402566
B1224164515314N00550723EA0255302565
B1224174515314N00550715EA0255202564
B1224184515314N00550706EA0255102563
B1224194515314N00550698EA0254902561
B1224204515314N00550689EA0254902561
B1224214515315N00550681EA0254802560
B1224224515315N00550672EA0254702559
B1224234515315N00550664EA0254602558
B1224244515315N00550655EA0254502557
B1224254515315N00550647EA0254402556
B1224264515315N00550638EA0254402556
B1224274515315N00550630EA0254202554
B1224284515316N00550621EA0254102553
B1224294515316N00550613EA0254002552
B1224304515316N00550604EA0253902551
B1224314515317N00550596EA0253702549
B1224324515317N00550588EA0253602548
B1224334515317N00550579EA0253502547
B1224344515318N00550571EA0253502547
B1224354515318N00550562EA0253402546
B1224364515319N00550554EA0253302545
B1224374515320N00550545EA0253202544
B1224384515320N00550537EA0253102543
B1224394515321N00550529EA0253002542
B1224404515322N00550520EA0252902541
B1224414515322N00550512EA0252902541
B1224424515323N00550503EA0252802540
B1224434515324N00550495EA0252602538
B1224444515325N00550487EA0252602538
B1224454515325N00550478EA0252402536
B1224464515326N00550470EA0252302535
B1224474515327N00550462EA0252202534
B1224484515328N00550453EA0252102533
B1224494515329N00550445EA0252002532
B1224504515331N00550437EA0252002532
B1224514515332N00550429EA0251902531
B1224524515333N00550420EA0251802530
B1224534515334N00550412EA0251702529
B1224544515335N00550404EA0251602528
B1224554515337N00550396EA0251502527
B1224564515338N00550388EA0251402526
B1224574515339N00550379EA0251302525
B1224584515340N00550371EA0251302525
B1224594515342N00550363EA0251202524
B1225004515343N00550355EA0251102523
B1225014515345N00550347EA0251002522
B1225024515346N00550339EA0250902521
B1225034515348N00550330EA0250802520
B1225044515349N00550322EA0250702519
B1225054515351N00550314EA0250502517
B1225064515353N00550306EA0250402516
B1225074515354N00550298EA0250302515
B1225084515356N00550290EA0250202514
B1225094515358N00550283EA0250002512
B1225104515360N00550275EA0250002512
B1225114515362N00550267EA0249902511
B1225124515364N00550259EA0249802510
B1225134515366N00550251EA0249702509
B1225144515367N00550243EA0249602508
B1225154515369N00550235EA0249502507
B1225164515371N00550227EA0249302505
B1225174515372N00550219EA0249202504
B1225184515373N00550211EA0249002502
B1225194515375N00550203EA0248902501
B1225204515376N00550194EA0248802500
B1225214515377N00550186EA0248702499
B1225224515379N00550178EA0248602498
B1225234515380N00550170EA0248502497
B1225244515381N00550162EA0248302495
B1225254515382N00550153EA0248202494
B1225264515384N00550145EA0248102493
B1225274515385N00550137EA0247902491
B1225284515386N00550129EA0247802490
B1225294515387N00550121EA0247702489
B1225304515389N00550112EA0247602488
B1225314515390N00550104EA0247402486
B1225324515391N00550096EA0247302485
B1225334515393N00550088EA0247202484
B1225344515394N00550080EA0247002482
B1225354515395N00550071EA0246902481
B1225364515396N00550063EA0246802480
B1225374515398N00550055EA0246702479
B1225384515399N00550047EA0246602478
B1225394515400N00550039EA0246502477
B1225404515402N00550030EA0246402476
B1225414515403N00550022EA0246302475
B1225424515404N00550014EA0246202474
B1225434515406N00550006EA0246002472
B1225444515407N00549998EA0246002472
B1225454515408N00549990EA0245802470
B1225464515410N00549981EA0245602468
B1225474515411N00549973EA0245502467
B1225484515412N00549965EA0245402466
B1225494515414N00549957EA0245402466
B1225504515415N00549949EA0245302465
B1225514515417N00549941EA0245202464
B1225524515418N00549932EA0245102463
B1225534515420N00549924EA0245102463
B1225544515421N00549916EA0245002462
B1225554515422N00549908EA0244902461
B1225564515424N00549900EA0244802460
B1225574515425N00549892EA0244702459
B1225584515426N00549883EA0244502457
B1225594515427N00549875EA0244502457
B1226004515428N00549867EA0244402456
B1226014515429N00549858EA0244302455
B1226024515430N00549850EA0244202454
B1226034515431N00549842EA0244102453
B1226044515432N00549834EA0244002452
B1226054515433N00549825EA0243902451
B1226064515434N00549817EA0243802450
B1226074515435N00549809EA0243702449
B1226084515436N00549800EA0243702449
B1226094515437N00549792EA0243602448
B1226104515438N00549784EA0243502447
B1226114515440N00549776EA0243402446
B1226124515441N00549767EA0243302445
B1226134515442N00549759EA0243102443
B1226144515443N00549751EA0243002442
B1226154515444N00549742EA0242902441
B1226164515445N00549734EA0242902441
B1226174515446N00549726EA0242802440
B1226184515447N00549717EA0242702439
B1226194515448N00549709EA0242502437
B1226204515449N00549701EA0242502437
B1226214515450N00549693EA0242402436
B1226224515450N00549684EA0242302435
B1226234515451N00549676EA0242202434
B1226244515452N00549667EA0242102433
B1226254515453N00549659EA0242002432
B1226264515453N00549651EA0241902431
B1226274515454N00549642EA0241802430
B1226284515454N00549634EA0241802430
B1226294515455N00549625EA0241702429
B1226304515455N00549617EA0241502427
B1226314515455N00549608EA0241302425
B1226324515455N00549600EA0241202424
B1226334515455N00549591EA0241102423
B1226344515456N00549583EA0241002422
B1226354515456N00549574EA0240802420
B1226364515456N00549566EA0240702419
B1226374515457N00549559EA0240802420
B1226384515460N00549552EA0241002422
B1226394515464N00549548EA0241102423
B1226404515468N00549545EA0241102423
B1226414515473N00549544EA0241102423
B1226424515477N00549545EA0241202424
B1226434515481N00549548EA0241302425
B1226444515484N00549552EA0241502427
B1226454515485N00549558EA0241502427
B1226464515486N00549564EA0241602428
B1226474515484N00549570EA0241702429
B1226484515482N00549575EA0241802430
B1226494515478N00549579EA0241702429
B1226504515473N00549581EA0241802430
B1226514515468N00549581EA0241902431
B1226524515463N00549579EA0242002432
B1226534515459N00549575EA0242102433
B1226544515455N00549570EA0242302435
B1226554515452N00549563EA0242302435
B1226564515451N00549555EA0242502437
B1226574515451N00549548EA0242602438
B1226584515453N00549540EA0242702439
B1226594515455N00549534EA0242902441
B1227004515459N00549529EA0243002442
B1227014515464N00549527EA0243202444
B1227024515468N00549526EA0243302445
B1227034515473N00549527EA0243202444
B1227044515476N00549530EA0243302445
B1227054515479N00549534EA0243502447
B1227064515481N00549540EA0243702449
B1227074515481N00549546EA0243902451
B1227084515480N00549552EA0243902451
B1227094515477N00549557EA0243902451
B1227104515473N00549561EA0243902451
B1227114515468N00549563EA0244102453
B1227124515463N00549563EA0244202454
B1227134515458N00549561EA0244302455
B1227144515454N00549557EA0244502457
B1227154515450N00549551EA0244602458
B1227164515447N00549545EA0244602458
B1227174515446N00549537EA0244802460
B1227184515446N00549529EA0244802460
B1227194515448N00549522EA0244902461
B1227204515451N00549516EA0245102463
B1227214515455N00549511EA0245202464
B1227224515459N00549508EA0245102463
B1227234515464N00549508EA0245102463
B1227244515468N00549509EA0245302465
B1227254515472N00549512EA0245402466
B1227264515475N00549517EA0245502467
B1227274515476N00549522EA0245702469
B1227284515476N00549528EA0245802470
B1227294515475N00549534EA0245902471
B1227304515472N00549539EA0246002472
B1227314515468N00549543EA0246102473
B1227324515463N00549545EA0246302475
B1227334515458N00549545EA0246302475
B1227344515453N00549543EA0246302475
B1227354515449N00549539EA0246602478
B1227364515445N00549533EA0246702479
B1227374515443N00549526EA0246702479
B1227384515441N00549519EA0246902481
B1227394515442N00549511EA0247002482
B1227404515443N00549504EA0247102483
B1227414515446N00549498EA0247302485
B1227424515450N00549493EA0247302485
B1227434515455N00549490EA0247302485
B1227444515459N00549490EA0247402486
B1227454515464N00549491EA0247502487
B1227464515467N00549495EA0247702489
B1227474515470N00549499EA0247802490
B1227484515471N00549505EA0247902491
B1227494515471N00549511EA0248002492
B1227504515470N00549517EA0248102493
B1227514515467N00549522EA0248202494
B1227524515463N00549525EA0248202494
B1227534515458N00549527EA0248402496
B1227544515453N00549527EA0248502497
B1227554515448N00549525EA0248502497
B1227564515444N00549521EA0248702499
B1227574515440N00549515EA0248802500
B1227584515438N00549508EA0248902501
B1227594515437N00549500EA0249102503
B1228004515437N00549493EA0249302505
B1228014515439N00549485EA0249502507
B1228024515442N00549479EA0249702509
B1228034515446N00549475EA0249702509
B1228044515450N00549472EA0249802510
B1228054515455N00549472EA0249902511
B1228064515459N00549474EA0249902511
B1228074515463N00549477EA0250002512
B1228084515465N00549482EA0250102513
B1228094515467N00549487EA0250102513
B1228104515466N00549493EA0250202514
B1228114515465N00549499EA0250302515
B1228124515462N00549504EA0250502517
B1228134515458N00549507EA0250702519
B1228144515453N00549509EA0250702519
B1228154515448N00549509EA0250702519
B1228164515443N00549507EA0250802520
B1228174515439N00549502EA0251002522
B1228184515435N00549497EA0251102523
B1228194515433N00549490EA0251202524
B1228204515432N00549482EA0251402526
B1228214515432N00549474EA0251502527
B1228224515434N00549467EA0251602528
B1228234515437N00549461EA0251702529
B1228244515441N00549457EA0251802530
B1228254515446N00549454EA0251802530
B1228264515450N00549454EA0252002532
B1228274515455N00549456EA0252002532
B1228284515458N00549459EA0252202534
B1228294515461N00549464EA0252302535
B1228304515462N00549470EA0252302535
B1228314515462N00549476EA0252302535
B1228324515460N00549481EA0252402536
B1228334515457N00549486EA0252502537
B1228344515453N00549490EA0252502537
B1228354515448N00549491EA0252602538
B1228364515443N00549491EA0252702539
B1228374515438N00549489EA0252802540
B1228384515434N00549484EA0253102543
B1228394515430N00549478EA0253202544
B1228404515428N00549471EA0253302545
B1228414515427N00549464EA0253402546
B1228424515428N00549456EA0253502547
B1228434515429N00549449EA0253402546
B1228444515433N00549443EA0253702549
B1228454515437N00549439EA0253802550
B1228464515441N00549436EA0253902551
B1228474515446N00549436EA0254002552
B1228484515450N00549438EA0254202554
B1228494515454N00549441EA0254302555
B1228504515456N00549446EA0254302555
B1228514515457N00549452EA0254302555
B1228524515457N00549458EA0254502557
B1228534515455N00549464EA0254602558
B1228544515452N00549469EA0254702559
B1228554515448N00549472EA0254702559
B1228564515443N00549473EA0254702559
B1228574515438N00549473EA0254802560
B1228584515433N00549470EA0254902561
B1228594515429N00549466EA0255002562
B1229004515425N00549460EA0255202564
B1229014515423N00549453EA0255402566
B1229024515422N00549445EA0255502567
B1229034515423N00549438EA0255502567
B1229044515425N00549431EA0255602568
B1229054515428N00549425EA0255802570
B1229064515432N00549421EA0255902571
B1229074515437N00549418EA0256002572
B1229084515441N00549418EA0256102573
B1229094515445N00549420EA0256302575
B1229104515449N00549424EA0256402576
B1229114515451N00549429EA0256602578
B1229124515452N00549435EA0256602578
B1229134515452N00549441EA0256602578
B1229144515450N00549446EA0256702579
B1229154515447N00549451EA0256902581
B1229164515443N00549454EA0256902581
B1229174515438N00549456EA0257102583
B1229184515433N00549455EA0257202584
B1229194515428N00549452EA0257202584
B1229204515424N00549448EA0257302585
B1229214515420N00549442EA0257402586
B1229224515418N00549434EA0257502587
B1229234515417N00549427EA0257502587
B1229244515417N00549418EA0257402586
B1229254515416N00549410EA0257302585
B1229264515415N00549401EA0257202584
B1229274515414N00549393EA0257102583
B1229284515414N00549384EA0257002582
B1229294515413N00549376EA0256902581
B1229304515412N00549368EA0256802580
B1229314515411N00549359EA0256702579
B1229324515410N00549351EA0256602578
B1229334515410N00549342EA0256502577
B1229344515409N00549334EA0256302575
B1229354515408N00549325EA0256202574
B1229364515407N00549317EA0256002572
B1229374515406N00549308EA0255902571
B1229384515406N00549300EA0255802570
B1229394515405N00549291EA0255702569
B1229404515404N00549283EA0255602568
B1229414515404N00549274EA0255602568
B1229424515403N00549266EA0255402566
B1229434515402N00549257EA0255302565
B1229444515402N00549249EA0255102563
B1229454515401N00549240EA0255002562
B1229464515400N00549232EA0254902561
B1229474515399N00549224EA0254802560
B1229484515399N00549215EA0254702559
B1229494515399N00549207EA0254602558
B1229504515398N00549198EA0254502557
B1229514515398N00549190EA0254502557
B1229524515398N00549181EA0254302555
B1229534515397N00549173EA0254202554
B1229544515397N00549164EA0254102553
B1229554515397N00549156EA0253902551
B1229564515397N00549147EA0253802550
B1229574515396N00549139EA0253702549
B1229584515396N00549130EA0253502547
B1229594515396N00549121EA0253402546
B1230004515396N00549113EA0253302545
B1230014515396N00549104EA0253202544
B1230024515396N00549096EA0253102543
B1230034515396N00549088EA0253002542
B1230044515396N00549079EA0252802540
B1230054515396N00549071EA0252702539
B1230064515396N00549062EA0252702539
B1230074515396N00549054EA0252602538
B1230084515396N00549045EA0252502537
B1230094515396N00549037EA0252402536
B1230104515396N00549028EA0252302535
B1230114515396N00549020EA0252102533
B1230124515396N00549011EA0252002532
B1230134515396N00549003EA0251802530
B1230144515396N00548994EA0251702529
B1230154515396N00548986EA0251602528
B1230164515396N00548977EA0251602528
B1230174515396N00548969EA0251402526
B1230184515395N00548960EA0251202524
B1230194515395N00548952EA0251202524
B1230204515395N00548943EA0251002522
B1230214515394N00548935EA0251002522
B1230224515394N00548926EA0250902521
B1230234515394N00548918EA0250802520
B1230244515393N00548909EA0250702519
B1230254515393N00548901EA0250702519
B1230264515393N00548892EA0250602518
B1230274515393N00548884EA0250502517
B1230284515393N00548875EA0250402516
B1230294515393N00548867EA0250302515
B1230304515393N00548858EA0250302515
B1230314515393N00548850EA0250202514
B1230324515393N00548841EA0250202514
B1230334515393N00548833EA0250102513
B1230344515393N00548824EA0250002512
B1230354515393N00548816EA0249902511
B1230364515393N00548807EA0249702509
B1230374515393N00548799EA0249602508
B1230384515393N00548790EA0249402506
B1230394515394N00548782EA0249302505
B1230404515394N00548773EA0249202504
B1230414515394N00548765EA0249102503
B1230424515395N00548756EA0249002502
B1230434515395N00548748EA0248802500
B1230444515395N00548739EA0248702499
B1230454515395N00548731EA0248602498
B1230464515395N00548722EA0248502497
B1230474515395N00548714EA0248502497
B1230484515395N00548705EA0248302495
B1230494515396N00548697EA0248202494
B1230504515396N00548688EA0248202494
B1230514515396N00548680EA0248102493
B1230524515396N00548671EA0248002492
B1230534515396N00548663EA0247902491
B1230544515397N00548654EA0247802490
B1230554515397N00548646EA0247702489
B1230564515397N00548637EA0247502487
B1230574515397N00548629EA0247402486
B1230584515397N00548620EA0247302485
B1230594515397N00548612EA0247202484
B1231004515398N00548603EA0247102483
B1231014515398N00548595EA0247002482
B1231024515398N00548587EA0246902481
B1231034515398N00548578EA0246802480
B1231044515398N00548570EA0246602478
B1231054515398N00548561EA0246602478
B1231064515398N00548553EA0246402476
B1231074515397N00548544EA0246302475
B1231084515397N00548536EA0246202474
B1231094515397N00548527EA0246202474
B1231104515397N00548519EA0246002472
B1231114515397N00548510EA0245902471
B1231124515397N00548501EA0245802470
B1231134515397N00548493EA0245702469
B1231144515397N00548485EA0245602468
B1231154515397N00548476EA0245502467
B1231164515397N00548468EA0245402466
B1231174515397N00548459EA0245302465
B1231184515397N00548451EA0245202464
B1231194515397N00548442EA0245002462
B1231204515397N00548434EA0245002462
B1231214515397N00548425EA0244902461
B1231224515397N00548417EA0244702459
B1231234515397N00548408EA0244602458
B1231244515397N00548400EA0244602458
B1231254515398N00548391EA0244502457
B1231264515398N00548383EA0244402456
B1231274515399N00548374EA0244302455
B1231284515399N00548366EA0244202454
B1231294515399N00548357EA0244102453
B1231304515400N00548349EA0244002452
B1231314515400N00548340EA0243902451
B1231324515401N00548332EA0243802450
B1231334515401N00548324EA0243802450
B1231344515402N00548315EA0243702449
B1231354515402N00548307EA0243602448
B1231364515402N00548298EA0243502447
B1231374515403N00548290EA0243402446
B1231384515403N00548281EA0243302445
B1231394515403N00548273EA0243302445
B1231404515403N00548264EA0243202444
B1231414515403N00548256EA0243102443
B1231424515404N00548247EA0243002442
B1231434515404N00548239EA0242802440
B1231444515404N00548230EA0242702439
B1231454515404N00548222EA0242602438
B1231464515406N00548215EA0242802440
B1231474515409N00548208EA0242902441
B1231484515412N00548204EA0243102443
B1231494515417N00548201EA0243202444
B1231504515422N00548200EA0243402446
B1231514515426N00548201EA0243602448
B1231524515430N00548204EA0243802450
B1231534515432N00548209EA0244002452
B1231544515434N00548215EA0244202454
B1231554515434N00548221EA0244302455
B1231564515433N00548226EA0244502457
B1231574515430N00548231EA0244602458
B1231584515426N00548235EA0244802460
B1231594515421N00548237EA0244902461
B1232004515416N00548237EA0245002462
B1232014515411N00548235EA0245202464
B1232024515407N00548231EA0245302465
B1232034515403N00548226EA0245502467
B1232044515401N00548219EA0245602468
B1232054515399N00548211EA0245802470
B1232064515400N00548203EA0245902471
B1232074515401N00548196EA0246002472
B1232084515404N00548190EA0246102473
B1232094515408N00548186EA0246302475
B1232104515412N00548183EA0246402476
B1232114515417N00548182EA0246402476
B1232124515421N00548183EA0246502477
B1232134515425N00548187EA0246502477
B1232144515428N00548191EA0246602478
B1232154515429N00548197EA0246702479
B1232164515429N00548203EA0246802480
B1232174515428N00548209EA0246902481
B1232184515425N00548214EA0247002482
B1232194515421N00548217EA0247002482
B1232204515416N00548219EA0247202484
B1232214515411N00548219EA0247202484
B1232224515406N00548217EA0247402486
B1232234515402N00548213EA0247502487
B1232244515398N00548207EA0247702489
B1232254515396N00548200EA0247702489
B1232264515395N00548193EA0247902491
B1232274515395N00548185EA0248002492
B1232284515397N00548178EA0248102493
B1232294515399N00548172EA0248302495
B1232304515403N00548167EA0248502497
B1232314515408N00548165EA0248702499
B1232324515412N00548164EA0248802500
B1232334515417N00548166EA0249002502
B1232344515420N00548169EA0249002502
B1232354515423N00548174EA0249102503
B1232364515424N00548179EA0249302505
B1232374515424N00548185EA0249402506
B1232384515423N00548191EA0249502507
B1232394515420N00548196EA0249602508
B1232404515416N00548200EA0249802510
B1232414515411N00548201EA0249902511
B1232424515406N00548201EA0250102513
B1232434515401N00548199EA0250102513
B1232444515397N00548195EA0250202514
B1232454515393N00548189EA0250302515
B1232464515391N00548182EA0250402516
B1232474515390N00548174EA0250502517
B1232484515390N00548167EA0250702519
B1232494515392N00548160EA0250802520
B1232504515395N00548154EA0250902521
B1232514515399N00548149EA0251002522
B1232524515403N00548147EA0251102523
B1232534515408N00548146EA0251302525
B1232544515412N00548148EA0251302525
B1232554515416N00548151EA0251502527
B1232564515418N00548156EA0251602528
B1232574515420N00548162EA0251802530
B1232584515420N00548168EA0251902531
B1232594515418N00548174EA0252002532
B1233004515415N00548178EA0252102533
B1233014515411N00548182EA0252202534
B1233024515406N00548184EA0252402536
B1233034515401N00548183EA0252602538
B1233044515396N00548181EA0252702539
B1233054515392N00548177EA0252702539
B1233064515388N00548171EA0252902541
B1233074515386N00548164EA0253102543
B1233084515385N00548156EA0253202544
B1233094515385N00548148EA0253402546
B1233104515387N00548141EA0253602548
B1233114515390N00548135EA0253702549
B1233124515394N00548131EA0253702549
B1233134515399N00548129EA0253902551
B1233144515403N00548128EA0253902551
B1233154515408N00548130EA0254102553
B1233164515411N00548134EA0254102553
B1233174515414N00548138EA0254302555
B1233184515415N00548144EA0254602558
B1233194515415N00548150EA0254702559
B1233204515413N00548156EA0254802560
B1233214515410N00548161EA0254802560
B1233224515406N00548164EA0254902561
B1233234515401N00548166EA0255002562
B1233244515396N00548165EA0255102563
B1233254515391N00548163EA0255002562
B1233264515387N00548158EA0255202564
B1233274515383N00548153EA0255402566
B1233284515381N00548145EA0255502567
B1233294515380N00548138EA0255502567
B1233304515381N00548130EA0255602568
B1233314515383N00548123EA0255602568
B1233324515386N00548117EA0255702569
B1233334515390N00548113EA0255902571
B1233344515394N00548111EA0256002572
B1233354515399N00548111EA0256002572
B1233364515403N00548112EA0256002572
B1233374515407N00548116EA0256102573
B1233384515409N00548121EA0256202574
B1233394515410N00548127EA0256302575
B1233404515410N00548133EA0256402576
B1233414515408N00548138EA0256602578
B1233424515405N00548143EA0256702579
B1233434515401N00548146EA0256802580
B1233444515396N00548148EA0256802580
B1233454515391N00548147EA0256902581
B1233464515386N00548145EA0256902581
B1233474515382N00548140EA0257002582
B1233484515378N00548134EA0257102583
B1233494515376N00548127EA0257202584
B1233504515375N00548119EA0257302585
B1233514515376N00548112EA0257302585
B1233524515378N00548105EA0257502587
B1233534515381N00548099EA0257602588
B1233544515385N00548095EA0257802590
B1233554515390N00548093EA0257802590
B1233564515394N00548093EA0257902591
B1233574515399N00548095EA0258102593
B1233584515402N00548098EA0258202594
B1233594515404N00548103EA0258302595
B1234004515405N00548109EA0258502597
B1234014515405N00548115EA0258702599
B1234024515403N00548121EA0258902601
B1234034515400N00548125EA0258902601
B1234044515396N00548129EA0259102603
B1234054515391N00548130EA0259202604
B1234064515386N00548129EA0259302605
B1234074515381N00548127EA0259502607
B1234084515377N00548122EA0259702609
B1234094515373N00548116EA0259802610
B1234104515371N00548109EA0260002612
B1234114515371N00548101EA0260102613
B1234124515371N00548093EA0260402616
B1234134515373N00548087EA0260602618
B1234144515377N00548081EA0260802620
B1234154515381N00548077EA0260902621
B1234164515385N00548075EA0261102623
B1234174515390N00548075EA0261402626
B1234184515394N00548077EA0261502627
B1234194515397N00548081EA0261602628
B1234204515400N00548086EA0261702629
B1234214515401N00548091EA0261902631
B1234224515400N00548097EA0262002632
B1234234515398N00548103EA0262302635
B1234244515395N00548108EA0262402636
B1234254515391N00548111EA0262602638
B1234264515386N00548112EA0262802640
B1234274515381N00548111EA0262802640
B1234284515376N00548108EA0262902641
B1234294515372N00548104EA0262902641
B1234304515369N00548098EA0263002642
B1234314515366N00548090EA0263102643
B1234324515366N00548083EA0263102643
B1234334515367N00548075EA0263302645
B1234344515369N00548068EA0263602648
B1234354515372N00548063EA0263702649
B1234364515376N00548059EA0263802650
B1234374515381N00548057EA0263902651
B1234384515385N00548057EA0264002652
B1234394515389N00548059EA0264102653
B1234404515393N00548063EA0264102653
B1234414515395N00548068EA0264302655
B1234424515396N00548074EA0264402656
B1234434515395N00548080EA0264502657
B1234444515393N00548085EA0264802660
B1234454515390N00548090EA0264902661
B1234464515386N00548093EA0265002662
B1234474515381N00548094EA0265302665
B1234484515376N00548093EA0265402666
B1234494515371N00548090EA0265602668
B1234504515367N00548086EA0265602668
B1234514515364N00548079EA0265802670
B1234524515362N00548072EA0265902671
B1234534515361N00548064EA0266102673
B1234544515362N00548057EA0266202674
B1234554515364N00548050EA0266302675
B1234564515368N00548044EA0266402676
B1234574515372N00548041EA0266602678
B1234584515376N00548039EA0266702679
B1234594515381N00548039EA0266902681
B1235004515385N00548041EA0267002682
B1235014515388N00548045EA0267102683
B1235024515390N00548050EA0267302685
B1235034515391N00548056EA0267302685
B1235044515390N00548062EA0267402686
B1235054515388N00548068EA0267502687
B1235064515385N00548072EA0267802690
B1235074515381N00548075EA0267902691
B1235084515376N00548076EA0268002692
B1235094515371N00548075EA0268102693
B1235104515366N00548072EA0268302695
B1235114515362N00548067EA0268502697
B1235124515359N00548061EA0268602698
B1235134515357N00548054EA0268802700
B1235144515356N00548046EA0269002702
B1235154515357N00548038EA0269002702
B1235164515360N00548032EA0269102703
B1235174515363N00548026EA0269302705
B1235184515367N00548023EA0269402706
B1235194515372N00548021EA0269502707
B1235204515376N00548021EA0269702709
B1235214515380N00548024EA0269902711
B1235224515384N00548028EA0270102713
B1235234515386N00548033EA0270202714
B1235244515386N00548039EA0270402716
B1235254515386N00548045EA0270502717
B1235264515384N00548050EA0270702719
B1235274515380N00548054EA0271002722
B1235284515376N00548057EA0271102723
B1235294515371N00548058EA0271202724
B1235304515366N00548057EA0271302725
B1235314515361N00548054EA0271502727
B1235324515357N00548049EA0271602728
B1235334515354N00548043EA0271802730
B1235344515352N00548035EA0272102733
B1235354515352N00548028EA0272202734
B1235364515353N00548020EA0272302735
B1235374515355N00548013EA0272502737
B1235384515358N00548008EA0272602738
B1235394515363N00548005EA0272802740
B1235404515367N00548003EA0272902741
B1235414515372N00548003EA0273002742
B1235424515376N00548006EA0273102743
B1235434515379N00548010EA0273202744
B1235444515381N00548015EA0273402746
B1235454515382N00548021EA0273502747
B1235464515381N00548027EA0273802750
B1235474515379N00548032EA0273802750
B1235484515375N00548037EA0274002752
B1235494515371N00548039EA0274202754
B1235504515366N00548040EA0274402756
B1235514515361N00548039EA0274402756
B1235524515356N00548036EA0274602758
B1235534515352N00548031EA0274702759
B1235544515349N00548024EA0274902761
B1235554515347N00548017EA0275002762
B1235564515347N00548009EA0275302765
B1235574515348N00548002EA0275502767
B1235584515350N00547995EA0275702769
B1235594515354N00547990EA0275802770
B1236004515358N00547986EA0275902771
B1236014515363N00547985EA0276002772
B1236024515367N00547986EA0276202774
B1236034515371N00547988EA0276402776
B1236044515374N00547992EA0276402776
B1236054515376N00547998EA0276602778
B1236064515377N00548003EA0276702779
B1236074515376N00548009EA0276902781
B1236084515374N00548015EA0277002782
B1236094515370N00548019EA0277102783
B1236104515366N00548022EA0277202784
B1236114515361N00548025EA0277102783
B1236124515356N00548028EA0276902781
B1236134515351N00548030EA0276802780
B1236144515346N00548033EA0276702779
B1236154515341N00548035EA0276502777
B1236164515336N00548037EA0276402776
B1236174515331N00548040EA0276402776
B1236184515326N00548043EA0276302775
B1236194515320N00548045EA0276102773
B1236204515315N00548048EA0276002772
B1236214515310N00548050EA0275902771
B1236224515305N00548053EA0275902771
B1236234515300N00548055EA0275702769
B1236244515295N00548058EA0275702769
B1236254515290N00548060EA0275602768
B1236264515285N00548063EA0275502767
B1236274515280N00548066EA0275302765
B1236284515275N00548068EA0275202764
B1236294515270N00548070EA0275102763
B1236304515265N00548073EA0275002762
B1236314515260N00548075EA0274902761
B1236324515255N00548078EA0274802760
B1236334515249N00548080EA0274802760
B1236344515244N00548083EA0274602758
B1236354515239N00548085EA0274502757
B1236364515234N00548087EA0274502757
B1236374515229N00548090EA0274302755
B1236384515224N00548092EA0274302755
B1236394515219N00548095EA0274202754
B1236404515214N00548098EA0274102753
B1236414515209N00548101EA0274002752
B1236424515204N00548104EA0273902751
B1236434515199N00548107EA0273802750
B1236444515194N00548110EA0273702749
B1236454515190N00548113EA0273602748
B1236464515185N00548116EA0273502747
B1236474515180N00548119EA0273402746
B1236484515175N00548122EA0273402746
B1236494515171N00548126EA0273302745
B1236504515166N00548129EA0273202744
B1236514515161N00548132EA0273002742
B1236524515156N00548136EA0272902741
B1236534515151N00548139EA0272702739
B1236544515147N00548142EA0272602738
B1236554515142N00548146EA0272502737
B1236564515137N00548149EA0272302735
B1236574515133N00548152EA0272202734
B1236584515128N00548155EA0272002732
B1236594515123N00548159EA0272002732
B1237004515118N00548162EA0271802730
B1237014515113N00548165EA0271702729
B1237024515109N00548168EA0271602728
B1237034515104N00548172EA0271502727
B1237044515099N00548175EA0271402726
B1237054515094N00548178EA0271202724
B1237064515089N00548180EA0271102723
B1237074515084N00548183EA0271002722
B1237084515079N00548186EA0270902721
B1237094515074N00548189EA0270702719
B1237104515069N00548191EA0270702719
B1237114515064N00548194EA0270602718
B1237124515059N00548196EA0270502717
B1237134515054N00548199EA0270402716
B1237144515049N00548202EA0270302715
B1237154515044N00548204EA0270202714
B1237164515039N00548206EA0270102713
B1237174515034N00548209EA0270002712
B1237184515028N00548211EA0269902711
B1237194515023N00548213EA0269802710
B1237204515018N00548216EA0269702709
B1237214515013N00548218EA0269602708
B1237224515008N00548220EA0269502707
B1237234515003N00548223EA0269402706
B1237244514998N00548225EA0269302705
B1237254514993N00548228EA0269202704
B1237264514988N00548230EA0269102703
B1237274514983N00548233EA0269002702
B1237284514978N00548236EA0268902701
B1237294514973N00548239EA0268802700
B1237304514968N00548242EA0268702699
B1237314514963N00548244EA0268502697
B1237324514958N00548247EA0268402696
B1237334514953N00548250EA0268302695
B1237344514948N00548253EA0268202694
B1237354514943N00548256EA0268102693
B1237364514938N00548259EA0268002692
B1237374514934N00548262EA0268002692
B1237384514929N00548265EA0267802690
B1237394514924N00548269EA0267802690
B1237404514919N00548272EA0267602688
B1237414514915N00548276EA0267502687
B1237424514910N00548279EA0267402686
B1237434514905N00548283EA0267302685
B1237444514901N00548286EA0267202684
B1237454514896N00548289EA0267102683
B1237464514891N00548293EA0267102683
B1237474514887N00548297EA0267002682
B1237484514882N00548300EA0266902681
B1237494514878N00548304EA0266802680
B1237504514873N00548308EA0266702679
B1237514514869N00548312EA0266702679
B1237524514864N00548315EA0266502677
B1237534514860N00548319EA0266402676
B1237544514855N00548323EA0266302675
B1237554514851N00548327EA0266202674
B1237564514846N00548331EA0266102673
B1237574514842N00548334EA0265902671
B1237584514837N00548338EA0265802670
B1237594514832N00548342EA0265702669
B1238004514828N00548345EA0265602668
B1238014514823N00548348EA0265402666
B1238024514818N00548351EA0265302665
B1238034514813N00548355EA0265102663
B1238044514808N00548358EA0265002662
B1238054514804N00548361EA0264902661
B1238064514799N00548364EA0264902661
B1238074514794N00548368EA0264802660
B1238084514789N00548371EA0264702659
B1238094514785N00548375EA0264602658
B1238104514780N00548379EA0264502657
B1238114514776N00548382EA0264402656
B1238124514771N00548386EA0264302655
B1238134514767N00548389EA0264102653
B1238144514762N00548393EA0264002652
B1238154514757N00548396EA0263902651
B1238164514752N00548400EA0263802650
B1238174514748N00548403EA0263702649
B1238184514743N00548406EA0263602648
B1238194514739N00548410EA0263502647
B1238204514734N00548414EA0263402646
B1238214514729N00548418EA0263302645
B1238224514725N00548422EA0263302645
B1238234514720N00548425EA0263202644
B1238244514716N00548429EA0263102643
B1238254514711N00548433EA0263102643
B1238264514707N00548436EA0262902641
B1238274514702N00548440EA0262802640
B1238284514698N00548444EA0262702639
B1238294514693N00548447EA0262502637
B1238304514688N00548451EA0262402636
B1238314514684N00548455EA0262302635
B1238324514679N00548458EA0262102633
B1238334514675N00548462EA0262002632
B1238344514670N00548466EA0261802630
B1238354514666N00548469EA0261602628
B1238364514661N00548473EA0261502627
B1238374514657N00548477EA0261502627
B1238384514652N00548481EA0261302625
B1238394514648N00548485EA0261202624
B1238404514643N00548489EA0261102623
B1238414514639N00548493EA0261002622
B1238424514634N00548497EA0260902621
B1238434514630N00548501EA0260702619
B1238444514625N00548504EA0260702619
B1238454514621N00548508EA0260602618
B1238464514616N00548511EA0260502617
B1238474514612N00548515EA0260302615
B1238484514607N00548518EA0260202614
B1238494514602N00548522EA0260002612
B1238504514597N00548525EA0259902611
B1238514514593N00548528EA0259802610
B1238524514588N00548531EA0259702609
B1238534514583N00548534EA0259602608
B1238544514578N00548537EA0259502607
B1238554514573N00548540EA0259402606
B1238564514568N00548543EA0259302605
B1238574514563N00548547EA0259202604
B1238584514559N00548550EA0259002602
B1238594514554N00548553EA0259002602
B1239004514549N00548557EA0258902601
B1239014514545N00548560EA0258802600
B1239024514540N00548564EA0258702599
B1239034514535N00548567EA0258602598
B1239044514531N00548571EA0258502597
B1239054514526N00548575EA0258502597
B1239064514522N00548578EA0258302595
B1239074514517N00548582EA0258202594
B1239084514513N00548586EA0258002592
B1239094514508N00548590EA0257902591
B1239104514504N00548594EA0257802590
B1239114514500N00548599EA0257602588
B1239124514496N00548603EA0257602588
B1239134514492N00548608EA0257402586
B1239144514488N00548613EA0257302585
B1239154514484N00548618EA0257202584
B1239164514480N00548622EA0257102583
B1239174514476N00548627EA0257002582
B1239184514472N00548632EA0256802580
B1239194514468N00548636EA0256702579
B1239204514464N00548641EA0256602578
B1239214514460N00548645EA0256502577
B1239224514456N00548650EA0256502577
B1239234514452N00548655EA0256302575
B1239244514448N00548659EA0256102573
B1239254514444N00548664EA0256002572
B1239264514441N00548669EA0255902571
B1239274514437N00548673EA0255702569
B1239284514433N00548678EA0255602568
B1239294514429N00548683EA0255502567
B1239304514425N00548688EA0255302565
B1239314514421N00548693EA0255202564
B1239324514417N00548697EA0255002562
B1239334514413N00548702EA0254902561
B1239344514409N00548707EA0254702559
B1239354514405N00548711EA0254702559
B1239364514401N00548716EA0254602558
B1239374514397N00548720EA0254502557
B1239384514393N00548725EA0254302555
B1239394514389N00548729EA0254302555
B1239404514385N00548733EA0254202554
B1239414514381N00548738EA0254102553
B1239424514376N00548742EA0254002552
B1239434514372N00548746EA0253902551
B1239444514368N00548751EA0253802550
B1239454514364N00548755EA0253602548
B1239464514360N00548760EA0253502547
B1239474514356N00548764EA0253302545
B1239484514352N00548769EA0253202544
B1239494514348N00548773EA0253102543
B1239504514346N00548780EA0252902541
B1239514514344N00548786EA0252802540
B1239524514342N00548792EA0252702539
B1239534514340N00548799EA0252702539
B1239544514338N00548805EA0252602538
B1239554514336N00548812EA0252502537
B1239564514334N00548818EA0252402536
B1239574514332N00548824EA0252302535
B1239584514330N00548831EA0252202534
B1239594514329N00548837EA0252202534
B1240004514327N00548844EA0252102533
B1240014514325N00548850EA0251902531
B1240024514323N00548857EA0251902531
B1240034514321N00548863EA0251802530
B1240044514319N00548869EA0251702529
B1240054514317N00548876EA0251602528
B1240064514315N00548882EA0251502527
B1240074514313N00548889EA0251302525
B1240084514312N00548895EA0251102523
B1240094514310N00548902EA0250902521
B1240104514308N00548908EA0250802520
B1240114514306N00548914EA0250702519
B1240124514304N00548921EA0250602518
B1240134514302N00548927EA0250502517
B1240144514300N00548934EA0250402516
B1240154514298N00548940EA0250302515
B1240164514297N00548947EA0250102513
B1240174514295N00548953EA0250002512
B1240184514293N00548959EA0249902511
B1240194514291N00548966EA0249802510
B1240204514289N00548972EA0249702509
B1240214514287N00548979EA0249602508
B1240224514285N00548985EA0249402506
B1240234514283N00548992EA0249402506
B1240244514282N00548998EA0249202504
B1240254514280N00549004EA0249102503
B1240264514278N00549011EA0248902501
B1240274514276N00549017EA0248902501
B1240284514274N00549024EA0248802500
B1240294514272N00549030EA0248602498
B1240304514270N00549037EA0248502497
B1240314514269N00549043EA0248402496
B1240324514267N00549049EA0248302495
B1240334514265N00549056EA0248202494
B1240344514263N00549062EA0248102493
B1240354514261N00549069EA0247902491
B1240364514259N00549075EA0247802490
B1240374514258N00549082EA0247702489
B1240384514256N00549088EA0247602488
B1240394514254N00549095EA0247502487
B1240404514252N00549101EA0247402486
B1240414514250N00549107EA0247302485
B1240424514248N00549114EA0247202484
B1240434514246N00549120EA0247102483
B1240444514245N00549127EA0246902481
B1240454514243N00549133EA0246802480
B1240464514241N00549140EA0246702479
B1240474514239N00549146EA0246502477
B1240484514237N00549153EA0246402476
B1240494514236N00549159EA0246202474
B1240504514234N00549166EA0246102473
B1240514514232N00549172EA0246002472
B1240524514230N00549178EA0245902471
B1240534514228N00549185EA0245802470
B1240544514226N00549191EA0245702469
B1240554514225N00549198EA0245502467
B1240564514223N00549204EA0245402466
B1240574514221N00549211EA0245302465
B1240584514219N00549217EA0245202464
B1240594514217N00549224EA0245002462
B1241004514216N00549230EA0245002462
B1241014514214N00549237EA0244802460
B1241024514212N00549243EA0244602458
B1241034514210N00549249EA0244502457
B1241044514208N00549256EA0244302455
B1241054514207N00549262EA0244202454
B1241064514205N00549269EA0244002452
B1241074514203N00549275EA0243902451
B1241084514201N00549282EA0243702449
B1241094514199N00549288EA0243602448
B1241104514198N00549295EA0243502447
B1241114514196N00549301EA0243402446
B1241124514194N00549308EA0243402446
B1241134514192N00549314EA0243302445
B1241144514190N00549321EA0243102443
B1241154514189N00549327EA0243002442
B1241164514187N00549334EA0242802440
B1241174514185N00549340EA0242702439
B1241184514183N00549346EA0242602438
B1241194514182N00549353EA0242402436
B1241204514180N00549359EA0242302435
B1241214514178N00549366EA0242202434
B1241224514176N00549372EA0242102433
B1241234514174N00549379EA0241902431
B1241244514173N00549385EA0241902431
B1241254514171N00549392EA0241702429
B1241264514169N00549398EA0241702429
B1241274514167N00549405EA0241502427
B1241284514166N00549411EA0241402426
B1241294514164N00549418EA0241302425
B1241304514162N00549424EA0241102423
B1241314514160N00549431EA0241002422
B1241324514159N00549437EA0240902421
B1241334514157N00549444EA0240802420
B1241344514155N00549450EA0240602418
B1241354514153N00549457EA0240602418
B1241364514152N00549463EA0240502417
B1241374514150N00549470EA0240402416
B1241384514148N00549476EA0240302415
B1241394514146N00549483EA0240102413
B1241404514145N00549489EA0240002412
B1241414514143N00549496EA0239902411
B1241424514141N00549502EA0239802410
B1241434514140N00549509EA0239702409
B1241444514138N00549515EA0239602408
B1241454514136N00549522EA0239502407
B1241464514134N00549528EA0239302405
B1241474514133N00549534EA0239102403
B1241484514131N00549541EA0239102403
B1241494514129N00549547EA0238902401
B1241504514128N00549554EA0238902401
B1241514514126N00549560EA0238702399
B1241524514124N00549567EA0238602398
B1241534514122N00549573EA0238502397
B1241544514121N00549580EA0238302395
B1241554514119N00549586EA0238202394
B1241564514117N00549593EA0238102393
B1241574514116N00549599EA0238002392
B1241584514114N00549606EA0237802390
B1241594514112N00549613EA0237602388
B1242004514111N00549619EA0237602388
B1242014514109N00549626EA0237402386
B1242024514107N00549632EA0237302385
B1242034514105N00549639EA0237202384
B1242044514104N00549645EA0237102383
B1242054514102N00549652EA0237002382
B1242064514100N00549658EA0236902381
B1242074514099N00549665EA0236702379
B1242084514097N00549671EA0236602378
B1242094514095N00549678EA0236502377
B1242104514094N00549684EA0236402376
B1242114514092N00549691EA0236202374
B1242124514090N00549697EA0236102373
B1242134514089N00549704EA0236002372
B1242144514087N00549710EA0235902371
B1242154514085N00549717EA0235902371
B1242164514084N00549723EA0235702369
B1242174514082N00549730EA0235602368
B1242184514080N00549736EA0235502367
B1242194514079N00549743EA0235302365
B1242204514077N00549749EA0235202364
B1242214514075N00549756EA0235102363
B1242224514074N00549762EA0235002362
B1242234514072N00549769EA0234902361
B1242244514071N00549775EA0234702359
B1242254514069N00549782EA0234702359
B1242264514067N00549788EA0234602358
B1242274514066N00549795EA0234502357
B1242284514064N00549802EA0234402356
B1242294514062N00549808EA0234202354
B1242304514061N00549815EA0234002352
B1242314514059N00549821EA0233902351
B1242324514058N00549828EA0233702349
B1242334514056N00549834EA0233602348
B1242344514054N00549841EA0233502347
B1242354514053N00549847EA0233302345
B1242364514051N00549854EA0233202344
B1242374514049N00549860EA0233102343
B1242384514048N00549867EA0233002342
B1242394514046N00549873EA0232802340
B1242404514045N00549880EA0232602338
B1242414514043N00549887EA0232502337
B1242424514041N00549893EA0232402336
B1242434514040N00549900EA0232302335
B1242444514038N00549906EA0232102333
B1242454514037N00549913EA0232002332
B1242464514035N00549919EA0231802330
B1242474514034N00549926EA0231702329
B1242484514032N00549932EA0231502327
B1242494514030N00549939EA0231302325
B1242504514029N00549945EA0231202324
B1242514514027N00549952EA0231002322
B1242524514026N00549959EA0230902321
B1242534514024N00549965EA0230802320
B1242544514023N00549972EA0230702319
B1242554514021N00549978EA0230502317
B1242564514019N00549985EA0230302315
B1242574514018N00549991EA0230202314
B1242584514016N00549998EA0230102313
B1242594514015N00550005EA0230002312
B1243004514013N00550011EA0229902311
B1243014514012N00550018EA0229802310
B1243024514010N00550024EA0229802310
B1243034514009N00550031EA0229702309
B1243044514007N00550037EA0229502307
B1243054514006N00550044EA0229402306
B1243064514004N00550050EA0229202304
B1243074514003N00550057EA0229102303
B1243084514001N00550064EA0229002302
B1243094514000N00550070EA0228802300
B1243104513998N00550077EA0228702299
B1243114513997N00550083EA0228702299
B1243124513995N00550090EA0228602298
B1243134513994N00550097EA0228402296
B1243144513992N00550103EA0228202294
B1243154513991N00550110EA0228202294
B1243164513989N00550116EA0228102293
B1243174513988N00550123EA0227902291
B1243184513986N00550129EA0227802290
B1243194513985N00550136EA0227602288
B1243204513983N00550143EA0227502287
B1243214513982N00550149EA0227402286
B1243224513980N00550156EA0227302285
B1243234513979N00550162EA0227102283
B1243244513977N00550169EA0227002282
B1243254513976N00550176EA0226802280
B1243264513974N00550182EA0226702279
B1243274513973N00550189EA0226502277
B1243284513972N00550195EA0226402276
B1243294513970N00550202EA0226302275
B1243304513969N00550209EA0226202274
B1243314513967N00550215EA0226102273
B1243324513966N00550222EA0226002272
B1243334513964N00550228EA0225902271
B1243344513963N00550235EA0225802270
B1243354513962N00550242EA0225602268
B1243364513960N00550248EA0225502267
B1243374513959N00550255EA0225302265
B1243384513957N00550261EA0225202264
B1243394513956N00550268EA0225102263
B1243404513954N00550275EA0225002262
B1243414513953N00550281EA0224802260
B1243424513952N00550288EA0224702259
B1243434513950N00550294EA0224602258
B1243444513949N00550301EA0224502257
B1243454513948N00550308EA0224402256
B1243464513946N00550314EA0224302255
B1243474513945N00550321EA0224202254
B1243484513943N00550328EA0224102253
B1243494513942N00550334EA0224102253
B1243504513941N00550341EA0224002252
B1243514513939N00550347EA0223802250
B1243524513938N00550354EA0223702249
B1243534513937N00550361EA0223602248
B1243544513935N00550367EA0223502247
B1243554513934N00550374EA0223402246
B1243564513933N00550381EA0223302245
B1243574513931N00550387EA0223102243
B1243584513930N00550394EA0223002242
B1243594513929N00550400EA0222902241
B1244004513927N00550407EA0222802240
B1244014513926N00550414EA0222702239
B1244024513925N00550420EA0222602238
B1244034513924N00550427EA0222502237
B1244044513922N00550434EA0222402236
B1244054513921N00550440EA0222202234
B1244064513920N00550447EA0222202234
B1244074513919N00550454EA0222102233
B1244084513917N00550460EA0222002232
B1244094513916N00550467EA0221902231
B1244104513915N00550474EA0221802230
B1244114513914N00550480EA0221602228
B1244124513912N00550487EA0221502227
B1244134513911N00550494EA0221402226
B1244144513910N00550500EA0221302225
B1244154513909N00550507EA0221202224
B1244164513907N00550514EA0221102223
B1244174513906N00550520EA0221002222
B1244184513905N00550527EA0220902221
B1244194513904N00550534EA0220702219
B1244204513903N00550540EA0220502217
B1244214513901N00550547EA0220402216
B1244224513900N00550554EA0220302215
B1244234513899N00550560EA0220102213
B1244244513898N00550567EA0220002212
B1244254513897N00550574EA0219902211
B1244264513896N00550580EA0219702209
B1244274513895N00550587EA0219602208
B1244284513893N00550594EA0219502207
B1244294513892N00550600EA0219402206
B1244304513891N00550607EA0219302205
B1244314513890N00550614EA0219102203
B1244324513889N00550621EA0219102203
B1244334513888N00550627EA0219102203
B1244344513887N00550634EA0218902201
B1244354513886N00550641EA0218902201
B1244364513885N00550647EA0218702199
B1244374513884N00550654EA0218602198
B1244384513883N00550661EA0218402196
B1244394513882N00550667EA0218302195
B1244404513881N00550674EA0218202194
B1244414513880N00550681EA0218102193
B1244424513879N00550688EA0218002192
B1244434513878N00550694EA0217902191
B1244444513877N00550701EA0217702189
B1244454513876N00550708EA0217602188
B1244464513875N00550714EA0217402186
B1244474513874N00550721EA0217202184
B1244484513873N00550728EA0217102183
B1244494513872N00550735EA0216902181
B1244504513871N00550741EA0216802180
B1244514513871N00550748EA0216702179
B1244524513870N00550755EA0216502177
B1244534513869N00550762EA0216402176
B1244544513868N00550768EA0216302175
B1244554513867N00550775EA0216302175
B1244564513867N00550782EA0216202174
B1244574513866N00550789EA0216002172
B1244584513865N00550795EA0215902171
B1244594513864N00550802EA0215802170
B1245004513864N00550809EA0215802170
B1245014513863N00550816EA0215602168
B1245024513863N00550823EA0215502167
B1245034513861N00550828EA0215302165
B1245044513859N00550832EA0215002162
B1245054513856N00550836EA0214802160
B1245064513853N00550839EA0214502157
B1245074513849N00550841EA0214302155
B1245084513844N00550842EA0214002152
B1245094513840N00550842EA0213802150
B1245104513835N00550841EA0213602148
B1245114513831N00550838EA0213402146
B1245124513827N00550834EA0213202144
B1245134513830N00550839EA0213002142
B1245144513833N00550843EA0212802140
B1245154513834N00550848EA0212702139
B1245164513835N00550853EA0212402136
B1245174513834N00550858EA0212102133
B1245184513833N00550863EA0211802130
B1245194513831N00550868EA0211602128
B1245204513829N00550872EA0211402126
B1245214513825N00550876EA0211102123
B1245224513822N00550878EA0210802120
B1245234513817N00550879EA0210602118
B1245244513813N00550880EA0210302115
B1245254513818N00550879EA0210202114
B1245264513822N00550879EA0209902111
B1245274513826N00550881EA0209602108
B1245284513829N00550883EA0209502107
B1245294513832N00550887EA0209202104
B1245304513834N00550891EA0209002102
B1245314513835N00550896EA0208802100
B1245324513836N00550901EA0208502097
B1245334513835N00550907EA0208202094
B1245344513834N00550912EA0207902091
B1245354513832N00550916EA0207702089
B1245364513829N00550920EA0207502087
B1245374513826N00550924EA0207302085
B1245384513830N00550918EA0207202084
B1245394513833N00550914EA0206902081
B1245404513837N00550911EA0206702079
B1245414513841N00550909EA0206502077
B1245424513845N00550909EA0206202074
B1245434513849N00550909EA0206002072
B1245444513853N00550911EA0205702069
B1245454513856N00550914EA0205502067
B1245464513858N00550918EA0205202064
B1245474513860N00550923EA0204902061
B1245484513861N00550928EA0204602058
B1245494513861N00550933EA0204402056
B1245504513861N00550938EA0204202054
B1245514513859N00550943EA0203902051
B1245524513859N00550935EA0203802050
B1245534513860N00550928EA0203502047
B1245544513861N00550921EA0203302045
B1245554513864N00550915EA0203102043
B1245564513867N00550910EA0202902041
B1245574513870N00550906EA0202602038
B1245584513874N00550903EA0202302035
B1245594513878N00550902EA0202102033
B1246004513882N00550901EA0201802030
B1246014513886N00550902EA0201502027
B1246024513890N00550903EA0201202024
B1246034513893N00550906EA0201002022
B1246044513895N00550910EA0200702019
B1246054513897N00550914EA0200502017
B1246064513893N00550909EA0200402016
B1246074513889N00550904EA0200202014
B1246084513887N00550898EA0199902011
B1246094513885N00550892EA0199702009
B1246104513884N00550885EA0199502007
B1246114513883N00550878EA0199202004
B1246124513884N00550871EA0199002002
B1246134513886N00550865EA0198802000
B1246144513888N00550859EA0198501997
B1246154513891N00550854EA0198201994
B1246164513894N00550849EA0197901991
B1246174513898N00550846EA0197601988
B1246184513893N00550850EA0197501987
B1246194513889N00550851EA0197301985
B1246204513884N00550851EA0197101983
B1246214513880N00550850EA0196901981
B1246224513875N00550848EA0196601978
B1246234513871N00550844EA0196401976
B1246244513868N00550840EA0196101973
B1246254513864N00550834EA0195901971
B1246264513862N00550828EA0195601968
B1246274513860N00550821EA0195301965
B1246284513860N00550814EA0195101963
B1246294513859N00550821EA0194901961
B1246304513858N00550826EA0194701959
B1246314513857N00550831EA0194401956
B1246324513854N00550835EA0194201954
B1246334513851N00550839EA0194001952
B1246344513847N00550841EA0193701949
B1246354513843N00550843EA0193501947
B1246364513838N00550843EA0193201944
B1246374513834N00550842EA0192901941
B1246384513829N00550840EA0192601938
B1246394513825N00550836EA0192401936
B1246404513829N00550841EA0192301935
B1246414513831N00550845EA0192101933
B1246424513833N00550849EA0191801930
B1246434513834N00550854EA0191501927
B1246444513834N00550860EA0191201924
B1246454513833N00550865EA0190901921
B1246464513831N00550870EA0190701919
B1246474513829N00550874EA0190501917
B1246484513825N00550878EA0190201914
B1246494513822N00550880EA0189901911
B1246504513818N00550882EA0189701909
B1246514513813N00550883EA0189501907
B1246524513818N00550881EA0189301905
B1246534513822N00550882EA0189101903
B1246544513826N00550883EA0188801900
B1246554513830N00550885EA0188501897
B1246564513832N00550889EA0188301895
B1246574513835N00550893EA0188101893
B1246584513836N00550898EA0187801890
B1246594513837N00550903EA0187601888
B1247004513837N00550908EA0187401886
B1247014513836N00550913EA0187101883
B1247024513834N00550918EA0186801880
B1247034513831N00550922EA0186501877
B1247044513828N00550926EA0186301875
B1247054513831N00550919EA0186101873
B1247064513835N00550915EA0185801870
B1247074513839N00550912EA0185701869
B1247084513843N00550910EA0185501867
B1247094513847N00550909EA0185201864
B1247104513851N00550910EA0185001862
B1247114513854N00550911EA0184701859
B1247124513858N00550914EA0184501857
B1247134513860N00550918EA0184201854
B1247144513862N00550922EA0184001852
B1247154513864N00550927EA0183701849
B1247164513864N00550932EA0183501847
B1247174513864N00550937EA0183201844
B1247184513862N00550942EA0183101843
B1247194513862N00550934EA0183001842
B1247204513862N00550927EA0182701839
B1247214513864N00550920EA0182401836
B1247224513866N00550914EA0182201834
B1247234513868N00550909EA0182001832
B1247244513871N00550904EA0181701829
B1247254513875N00550901EA0181501827
B1247264513879N00550899EA0181301825
B1247274513883N00550898EA0181101823
B1247284513887N00550898EA0180901821
B1247294513891N00550899EA0180601818
B1247304513894N00550902EA0180501817
B1247314513897N00550905EA0180201814
B1247324513899N00550909EA0179901811
B1247334513894N00550905EA0179801810
B1247344513891N00550900EA0179601808
B1247354513888N00550895EA0179301805
B1247364513886N00550888EA0179101803
B1247374513884N00550882EA0178801800
B1247384513884N00550875EA0178501797
B1247394513884N00550868EA0178301795
B1247404513885N00550861EA0178001792
B1247414513887N00550855EA0177701789
B1247424513890N00550850EA0177501787
B1247434513893N00550845EA0177301785
B1247444513896N00550841EA0177101783
B1247454513892N00550845EA0177001782
B1247464513888N00550847EA0176801780
B1247474513883N00550847EA0176601778
B1247484513879N00550847EA0176301775
B1247494513874N00550845EA0176001772
B1247504513870N00550842EA0175801770
B1247514513866N00550838EA0175501767
B1247524513863N00550833EA0175301765
B1247534513860N00550827EA0175101763
B1247544513858N00550821EA0174801760
B1247554513857N00550814EA0174601758
B1247564513857N00550821EA0174401756
B1247574513856N00550826EA0174101753
B1247584513855N00550831EA0173801750
B1247594513852N00550835EA0173501747
B1248004513849N00550839EA0173201744
B1248014513845N00550842EA0172801740
B1248024513841N00550843EA0172601738
B1248034513837N00550844EA0172201734
B1248044513832N00550843EA0172001732
B1248054513828N00550841EA0171801730
B1248064513824N00550838EA0171501727
B1248074513827N00550842EA0171401726
B1248084513830N00550846EA0171101723
B1248094513832N00550851EA0170801720
B1248104513833N00550856EA0170601718
B1248114513833N00550861EA0170401716
B1248124513832N00550866EA0170301715
B1248134513831N00550871EA0170101713
B1248144513829N00550876EA0169901711
B1248154513825N00550879EA0169601708
B1248164513822N00550882EA0169401706
B1248174513818N00550884EA0169201704
B1248184513813N00550885EA0169001702
B1248194513819N00550884EA0168901701
B1248204513823N00550883EA0168601698
B1248214513826N00550885EA0168401696
B1248224513830N00550887EA0168201694
B1248234513833N00550890EA0167901691
B1248244513835N00550894EA0167701689
B1248254513837N00550899EA0167401686
B1248264513838N00550904EA0167101683
B1248274513838N00550909EA0166901681
B1248284513837N00550914EA0166601678
B1248294513835N00550919EA0166401676
B1248304513833N00550923EA0166201674
B1248314513829N00550927EA0166001672
B1248324513833N00550921EA0165901671
B1248334513836N00550916EA0165701669
B1248344513840N00550913EA0165501667
B1248354513844N00550911EA0165301665
B1248364513848N00550909EA0165001662
B1248374513852N00550910EA0164701659
B1248384513856N00550911EA0164301655
B1248394513859N00550914EA0164101653
B1248404513862N00550917EA0163801650
B1248414513864N00550921EA0163601648
B1248424513866N00550926EA0163401646
B1248434513866N00550931EA0163101643
B1248444513866N00550936EA0162901641
B1248454513865N00550941EA0162701639
B1248464513864N00550933EA0162601638
B1248474513864N00550926EA0162301635
B1248484513865N00550919EA0162101633
B1248494513867N00550913EA0161801630
B1248504513869N00550908EA0161601628
B1248514513873N00550903EA0161301625
B1248524513876N00550899EA0161101623
B1248534513880N00550897EA0160801620
B1248544513884N00550895EA0160601618
B1248554513888N00550895EA0160301615
B1248564513892N00550896EA0160101613
B1248574513896N00550898EA0159801610
B1248584513899N00550901EA0159701609
B1248594513901N00550905EA0159401606
B1249004513896N00550902EA0159301605
B1249014513892N00550897EA0159001602
B1249024513889N00550892EA0158701599
B1249034513886N00550886EA0158601598
B1249044513885N00550879EA0158301595
B1249054513884N00550872EA0158001592
B1249064513884N00550865EA0157801590
B1249074513885N00550859EA0157601588
B1249084513886N00550852EA0157301585
B1249094513888N00550846EA0157001582
B1249104513891N00550841EA0156701579
B1249114513895N00550838EA0156401576
B1249124513891N00550842EA0156201574
B1249134513887N00550844EA0156001572
B1249144513882N00550845EA0155701569
B1249154513878N00550845EA0155501567
B1249164513873N00550843EA0155201564
B1249174513869N00550841EA0154901561
B1249184513865N00550837EA0154701559
B1249194513861N00550832EA0154401556
B1249204513858N00550826EA0154201554
B1249214513856N00550820EA0153901551
B1249224513855N00550813EA0153601548
B1249234513855N00550820EA0153501547
B1249244513855N00550825EA0153301545
B1249254513853N00550830EA0152901541
B1249264513851N00550835EA0152701539
B1249274513848N00550839EA0152401536
B1249284513844N00550842EA0152201534
B1249294513840N00550844EA0151901531
B1249304513836N00550845EA0151701529
B1249314513831N00550844EA0151401526
B1249324513827N00550843EA0151201524
B1249334513822N00550840EA0150901521
B1249344513827N00550844EA0150801520
B1249354513829N00550847EA0150501517
B1249364513831N00550852EA0150301515
B1249374513832N00550857EA0150101513
B1249384513833N00550862EA0149801510
B1249394513832N00550867EA0149501507
B1249404513831N00550872EA0149201504
B1249414513828N00550877EA0149101503
B1249424513826N00550881EA0148801500
B1249434513822N00550884EA0148601498
B1249444513818N00550886EA0148401496
B1249454513814N00550887EA0148101493
B1249464513819N00550885EA0148101493
B1249474513823N00550885EA0147801490
B1249484513827N00550886EA0147501487
B1249494513830N00550888EA0147301485
B1249504513833N00550891EA0147101483
B1249514513836N00550895EA0146801480
B1249524513838N00550900EA0146501477
B1249534513839N00550905EA0146301475
B1249544513839N00550910EA0146101473
B1249554513838N00550915EA0145801470
B1249564513836N00550920EA0145601468
B1249574513834N00550924EA0145401466
B1249584513831N00550928EA0145101463
B1249594513834N00550921EA0145001462
B1250004513837N00550917EA0144701459
B1250014513841N00550913EA0144401456
B1250024513845N00550911EA0144201454
B1250034513849N00550910EA0143901451
B1250044513853N00550910EA0143701449
B1250054513857N00550911EA0143501447
B1250064513860N00550913EA0143301445
B1250074513863N00550916EA0143101443
B1250084513866N00550921EA0142701439
B1250094513867N00550925EA0142501437
B1250104513868N00550930EA0142201434
B1250114513868N00550936EA0142001432
B1250124513867N00550941EA0141701429
B1250134513866N00550932EA0141501427
B1250144513866N00550925EA0141301425
B1250154513866N00550919EA0141101423
B1250164513868N00550912EA0140901421
B1250174513870N00550906EA0140701419
B1250184513873N00550902EA0140401416
B1250194513877N00550898EA0140201414
B1250204513881N00550895EA0139901411
B1250214513885N00550893EA0139601408
B1250224513889N00550893EA0139301405
B1250234513893N00550893EA0139101403
B1250244513896N00550895EA0138801400
B1250254513900N00550898EA0138501397
B1250264513902N00550902EA0138301395
B1250274513897N00550899EA0138201394
B1250284513893N00550895EA0137901391
B1250294513890N00550890EA0137701389
B1250304513887N00550884EA0137401386
B1250314513885N00550877EA0137101383
B1250324513884N00550870EA0136901381
B1250334513883N00550863EA0136601378
B1250344513884N00550857EA0136301375
B1250354513885N00550850EA0136001372
B1250364513888N00550844EA0135801370
B1250374513890N00550839EA0135601368
B1250384513894N00550835EA0135401366
B1250394513890N00550839EA0135401366
B1250404513886N00550841EA0135101363
B1250414513881N00550843EA0134901361
B1250424513877N00550843EA0134601358
B1250434513872N00550842EA0134301355
B1250444513868N00550839EA0134101353
B1250454513864N00550836EA0133901351
B1250464513860N00550831EA0133601348
B1250474513857N00550826EA0133301345
B1250484513855N00550820EA0133001342
B1250494513853N00550813EA0132801340
B1250504513854N00550820EA0132601338
B1250514513853N00550825EA0132401336
B1250524513852N00550830EA0132201334
B1250534513850N00550835EA0131901331
B1250544513847N00550839EA0131701329
B1250554513843N00550842EA0131401326
B1250564513839N00550844EA0131201324
B1250574513835N00550845EA0130901321
B1250584513831N00550845EA0130701319
B1250594513826N00550844EA0130401316
B1251004513822N00550841EA0130201314
B1251014513826N00550845EA0130101313
B1251024513829N00550848EA0129801310
B1251034513831N00550853EA0129601308
B1251044513832N00550858EA0129301305
B1251054513832N00550863EA0129001302
B1251064513832N00550868EA0128701299
B1251074513831N00550873EA0128501297
B1251084513828N00550878EA0128401296
B1251094513826N00550882EA0128101293
B1251104513822N00550885EA0127901291
B1251114513818N00550887EA0127601288
B1251124513814N00550888EA0127401286
B1251134513819N00550886EA0127201284
B1251144513823N00550886EA0126901281
B1251154513827N00550887EA0126601278
B1251164513831N00550889EA0126401276
B1251174513834N00550892EA0126101273
B1251184513836N00550896EA0125901271
B1251194513838N00550900EA0125701269
B1251204513839N00550905EA0125501267
B1251214513839N00550910EA0125201264
B1251224513839N00550916EA0124901261
B1251234513837N00550921EA0124601258
B1251244513835N00550925EA0124401256
B1251254513832N00550929EA0124101253
B1251264513835N00550922EA0124001252
B1251274513838N00550917EA0123801250
B1251284513842N00550914EA0123601248
B1251294513846N00550911EA0123301245
B1251304513850N00550910EA0123001242
B1251314513854N00550910EA0122801240
B1251324513858N00550911EA0122501237
B1251334513861N00550913EA0122301235
B1251344513864N00550916EA0122101233
B1251354513867N00550920EA0121801230
B1251364513868N00550925EA0121501227
B1251374513869N00550930EA0121301225
B1251384513869N00550935EA0121101223
B1251394513868N00550940EA0120901221
B1251404513867N00550932EA0120901221
B1251414513867N00550925EA0120601218
B1251424513867N00550918EA0120401216
B1251434513869N00550911EA0120101213
B1251444513871N00550906EA0119801210
B1251454513874N00550901EA0119601208
B1251464513877N00550896EA0119401206
B1251474513881N00550893EA0119101203
B1251484513885N00550892EA0118901201
B1251494513889N00550891EA0118601198
B1251504513893N00550891EA0118301195
B1251514513897N00550893EA0118101193
B1251524513900N00550896EA0117801190
B1251534513903N00550900EA0117601188
B1251544513898N00550896EA0117501187
B1251554513894N00550893EA0117201184
B1251564513890N00550888EA0116901181
B1251574513887N00550882EA0116601178
B1251584513885N00550876EA0116401176
B1251594513884N00550869EA0116101173
B1252004513883N00550862EA0115901171
B1252014513884N00550855EA0115701169
B1252024513885N00550848EA0115401166
B1252034513887N00550842EA0115201164
B1252044513890N00550837EA0114901161
B1252054513893N00550833EA0114601158
B1252064513889N00550837EA0114501157
B1252074513885N00550840EA0114201154
B1252084513881N00550841EA0113901151
B1252094513876N00550842EA0113701149
B1252104513872N00550841EA0113501147
B1252114513867N00550839EA0113201144
B1252124513863N00550835EA0113001142
B1252134513859N00550831EA0112701139
B1252144513856N00550826EA0112501137
B1252154513854N00550820EA0112201134
B1252164513852N00550813EA0112001132
B1252174513853N00550820EA0111901131
B1252184513852N00550825EA0111701129
B1252194513851N00550830EA0111501127
B1252204513849N00550835EA0111201124
B1252214513846N00550839EA0110901121
B1252224513843N00550842EA0110701119
B1252234513839N00550845EA0110401116
B1252244513835N00550846EA0110101113
B1252254513830N00550846EA0109901111
B1252264513826N00550845EA0109701109
B1252274513821N00550842EA0109401106
B1252284513825N00550846EA0109301105
B1252294513828N00550849EA0109101103
B1252304513830N00550853EA0108801100
B1252314513832N00550858EA0108601098
B1252324513832N00550863EA0108301095
B1252334513832N00550869EA0108001092
B1252344513830N00550874EA0107801090
B1252354513828N00550879EA0107501087
B1252364513826N00550883EA0107201084
B1252374513822N00550886EA0107001082
B1252384513818N00550888EA0106701079
B1252394513814N00550889EA0106501077
B1252404513819N00550887EA0106301075
B1252414513823N00550887EA0106101073
B1252424513827N00550888EA0105801070
B1252434513831N00550889EA0105501067
B1252444513834N00550892EA0105301065
B1252454513837N00550896EA0105201064
B1252464513838N00550901EA0104901061
B1252474513840N00550906EA0104601058
B1252484513840N00550911EA0104301055
B1252494513839N00550916EA0104101053
B1252504513838N00550921EA0103901051
B1252514513836N00550926EA0103601048
B1252524513833N00550929EA0103301045
B1252534513836N00550923EA0103201044
B1252544513839N00550918EA0102901041
B1252554513842N00550914EA0102701039
B1252564513846N00550911EA0102501037
B1252574513850N00550910EA0102201034
B1252584513854N00550910EA0102001032
B1252594513858N00550910EA0101701029
B1253004513862N00550913EA0101401026
B1253014513865N00550916EA0101201024
B1253024513867N00550920EA0100901021
B1253034513869N00550924EA0100701019
B1253044513870N00550929EA0100401016
B1253054513870N00550934EA0100101013
B1253064513869N00550940EA0099901011
B1253074513868N00550945EA0099601008
B1253084513867N00550936EA0099501007
B1253094513866N00550929EA0099301005
B1253104513867N00550922EA0099101003
B1253114513869N00550916EA0098901001
B1253124513871N00550910EA0098600998
B1253134513874N00550905EA0098400996
B1253144513878N00550901EA0098200994
B1253154513881N00550898EA0097900991
B1253164513885N00550897EA0097600988
B1253174513890N00550896EA0097300985
B1253184513893N00550897EA0097100983
B1253194513897N00550899EA0096800980
B1253204513900N00550902EA0096600978
B1253214513903N00550905EA0096300975
B1253224513898N00550902EA0096200974
B1253234513894N00550897EA0095900971
B1253244513891N00550892EA0095600968
B1253254513888N00550886EA0095400966
B1253264513886N00550880EA0095200964
B1253274513885N00550873EA0094900961
B1253284513885N00550866EA0094700959
B1253294513886N00550859EA0094400956
B1253304513887N00550852EA0094200954
B1253314513890N00550847EA0093900951
B1253324513893N00550842EA0093700949
B1253334513896N00550838EA0093300945
B1253344513892N00550842EA0093300945
B1253354513888N00550844EA0093000942
B1253364513883N00550845EA0092700939
B1253374513879N00550844EA0092500937
B1253384513874N00550843EA0092200934
B1253394513870N00550840EA0092000932
B1253404513866N00550836EA0091700929
B1253414513862N00550831EA0091500927
B1253424513860N00550826EA0091200924
B1253434513857N00550819EA0091000922
B1253444513856N00550813EA0090700919
B1253454513856N00550819EA0090600918
B1253464513856N00550825EA0090300915
B1253474513854N00550829EA0090100913
B1253484513852N00550834EA0089800910
B1253494513849N00550838EA0089600908
B1253504513845N00550841EA0089300905
B1253514513841N00550842EA0089000902
B1253524513836N00550843EA0088800900
B1253534513832N00550843EA0088600898
B1253544513827N00550841EA0088300895
B1253554513823N00550838EA0088100893
B1253564513827N00550842EA0087900891
B1253574513830N00550846EA0087800890
B1253584513831N00550850EA0087500887
B1253594513832N00550855EA0087200884
B1254004513833N00550860EA0087000882
B1254014513832N00550866EA0086600878
B1254024513830N00550871EA0086400876
B1254034513828N00550875EA0086100873
B1254044513825N00550879EA0085900871
B1254054513821N00550882EA0085700869
B1254064513817N00550884EA0085400866
B1254074513813N00550884EA0085200864
B1254084513818N00550883EA0085100863
B1254094513822N00550883EA0084900861
B1254104513826N00550884EA0084600858
B1254114513829N00550886EA0084400856
B1254124513832N00550890EA0084100853
B1254134513835N00550894EA0083800850
B1254144513836N00550898EA0083500847
B1254154513837N00550904EA0083200844
B1254164513837N00550909EA0082900841
B1254174513836N00550914EA0082700839
B1254184513834N00550919EA0082400836
B1254194513832N00550923EA0082200834
B1254204513829N00550927EA0081900831
B1254214513832N00550920EA0081700829
B1254224513835N00550916EA0081500827
B1254234513839N00550913EA0081300825
B1254244513843N00550911EA0081000822
B1254254513847N00550910EA0080800820
B1254264513851N00550910EA0080500817
B1254274513855N00550911EA0080300815
B1254284513858N00550914EA0080100813
B1254294513861N00550917EA0079800810
B1254304513863N00550922EA0079600808
B1254314513865N00550927EA0079200804
B1254324513865N00550932EA0079000802
B1254334513865N00550937EA0078800800
B1254344513864N00550942EA0078500797
B1254354513863N00550934EA0078300795
B1254364513863N00550927EA0078100793
B1254374513864N00550920EA0077800790
B1254384513866N00550914EA0077600788
B1254394513869N00550908EA0077400786
B1254404513872N00550904EA0077100783
B1254414513876N00550900EA0076900781
B1254424513880N00550898EA0076700779
B1254434513884N00550897EA0076400776
B1254444513888N00550897EA0076200774
B1254454513892N00550898EA0076000772
B1254464513895N00550900EA0075700769
B1254474513898N00550903EA0075400766
B1254484513900N00550907EA0075200764
B1254494513895N00550903EA0075000762
B1254504513892N00550899EA0074800760
B1254514513889N00550893EA0074500757
B1254524513886N00550887EA0074300755
B1254534513885N00550881EA0074000752
B1254544513884N00550874EA0073700749
B1254554513884N00550867EA0073500747
B1254564513885N00550860EA0073200744
B1254574513887N00550854EA0073000742
B1254584513889N00550848EA0072700739
B1254594513892N00550843EA0072400736
B1255004513896N00550839EA0072200734
B1255014513891N00550843EA0072100733
B1255024513887N00550845EA0071800730
B1255034513883N00550846EA0071600728
B1255044513878N00550846EA0071300725
B1255054513874N00550844EA0071000722
B1255064513869N00550841EA0070700719
B1255074513866N00550837EA0070500717
B1255084513862N00550832EA0070200714
B1255094513859N00550827EA0070000712
B1255104513857N00550820EA0069700709
B1255114513856N00550814EA0069500707
B1255124513856N00550820EA0069400706
B1255134513855N00550826EA0069100703
B1255144513854N00550830EA0068900701
B1255154513852N00550835EA0068600698
B1255164513848N00550839EA0068300695
B1255174513845N00550842EA0068000692
B1255184513841N00550843EA0067700689
B1255194513836N00550844EA0067500687
B1255204513832N00550844EA0067300685
B1255214513827N00550842EA0067000682
B1255224513823N00550839EA0066800680
B1255234513827N00550843EA0066600678
B1255244513830N00550847EA0066300675
B1255254513831N00550851EA0066100673
B1255264513833N00550856EA0065900671
B1255274513833N00550861EA0065700669
B1255284513832N00550867EA0065400666
B1255294513831N00550872EA0065200664
B1255304513828N00550876EA0064800660
B1255314513825N00550880EA0064600658
B1255324513822N00550883EA0064400656
B1255334513818N00550885EA0064200654
B1255344513813N00550886EA0063900651
B1255354513819N00550884EA0063700649
B1255364513823N00550884EA0063500647
B1255374513827N00550885EA0063300645
B1255384513830N00550887EA0063000642
B1255394513833N00550890EA0062800640
B1255404513836N00550894EA0062500637
B1255414513837N00550899EA0062200634
B1255424513838N00550904EA0062000632
B1255434513838N00550909EA0061800630
B1255444513837N00550915EA0061500627
B1255454513836N00550919EA0061200624
B1255464513833N00550924EA0060900621
B1255474513830N00550928EA0060700619
B1255484513833N00550921EA0060500617
B1255494513837N00550916EA0060300615
B1255504513840N00550913EA0060100613
B1255514513844N00550911EA0059800610
B1255524513848N00550910EA0059600608
B1255534513852N00550910EA0059300605
B1255544513856N00550911EA0059100603
B1255554513860N00550913EA0058800600
B1255564513862N00550917EA0058500597
B1255574513865N00550921EA0058300595
B1255584513866N00550926EA0058100593
B1255594513867N00550931EA0057700589
B1256004513867N00550936EA0057500587
B1256014513866N00550941EA0057200584
B1256024513865N00550933EA0057100583
B1256034513865N00550926EA0057000582
B1256044513866N00550919EA0056700579
B1256054513867N00550913EA0056500577
B1256064513870N00550907EA0056400576
B1256074513873N00550902EA0056200574
B1256084513877N00550898EA0055900571
B1256094513880N00550896EA0055600568
B1256104513884N00550894EA0055300565
B1256114513889N00550894EA0055100563
B1256124513892N00550895EA0054800560
B1256134513896N00550897EA0054600558
B1256144513899N00550900EA0054400556
B1256154513902N00550904EA0054100553
B1256164513896N00550900EA0054000552
B1256174513893N00550896EA0053700549
B1256184513889N00550891EA0053500547
B1256194513887N00550885EA0053200544
B1256204513885N00550878EA0053000542
B1256214513884N00550871EA0052700539
B1256224513884N00550865EA0052500537
B1256234513884N00550858EA0052200534
B1256244513886N00550851EA0051900531
B1256254513888N00550845EA0051800530
B1256264513891N00550840EA0051500527
B1256274513894N00550836EA0051300525
B1256284513890N00550840EA0051200524
B1256294513886N00550843EA0051000522
B1256304513882N00550844EA0050700519
B1256314513877N00550844EA0050500517
B1256324513873N00550843EA0050300515
B1256334513869N00550840EA0050000512
B1256344513864N00550836EA0049700509
B1256354513861N00550832EA0049500507
B1256364513858N00550826EA0049300505
B1256374513856N00550820EA0049000502
B1256384513854N00550813EA0048700499
B1256394513854N00550820EA0048600498
B1256404513854N00550825EA0048400496
B1256414513853N00550830EA0048200494
B1256424513850N00550835EA0047900491
B1256434513847N00550839EA0047700489
B1256444513844N00550842EA0047500487
B1256454513840N00550844EA0047300485
B1256464513836N00550845EA0047000482
B1256474513831N00550845EA0046700479
B1256484513826N00550843EA0046500477
B1256494513822N00550840EA0046300475
B1256504513826N00550844EA0046200474
B1256514513829N00550848EA0045900471
B1256524513831N00550852EA0045600468
B1256534513832N00550857EA0045400466
B1256544513832N00550862EA0045200464
B1256554513832N00550868EA0045100463
B1256564513831N00550873EA0044800460
B1256574513828N00550877EA0044500457
B1256584513826N00550881EA0044300455
B1256594513822N00550884EA0044000452
B1257004513818N00550886EA0043800450
B1257014513814N00550887EA0043600448
B1257024513819N00550886EA0043500447
B1257034513823N00550885EA0043300445
B1257044513827N00550886EA0043100443
B1257054513830N00550888EA0042800440
B1257064513834N00550891EA0042600438
B1257074513836N00550895EA0042300435
B1257084513838N00550900EA0042000432
B1257094513839N00550905EA0041700429
B1257104513839N00550910EA0041400426
B1257114513838N00550915EA0041200424
B1257124513837N00550920EA0040900421
B1257134513834N00550925EA0040700419
B1257144513831N00550928EA0040500417
B1257154513834N00550922EA0040400416
B1257164513838N00550917EA0040100413
B1257174513841N00550913EA0039800410
B1257184513845N00550911EA0039600408
B1257194513849N00550910EA0039300405
B1257204513853N00550910EA0039100403
B1257214513857N00550911EA0038900401
B1257224513861N00550913EA0038600398
B1257234513864N00550916EA0038400396
B1257244513866N00550920EA0038200394
B1257254513868N00550925EA0037900391
B1257264513868N00550930EA0037700389
B1257274513868N00550935EA0037400386
B1257284513867N00550940EA0037200384
B1257294513866N00550932EA0037000382
B1257304513866N00550925EA0036800380
B1257314513867N00550918EA0036600378
B1257324513868N00550912EA0036400376
B1257334513871N00550906EA0036300375
B1257344513874N00550901EA0036000372
B1257354513877N00550897EA0035800370
B1257364513881N00550894EA0035500367
B1257374513885N00550892EA0035300365
B1257384513889N00550892EA0035000362
B1257394513893N00550893EA0034700359
B1257404513897N00550894EA0034500357
B1257414513900N00550897EA0034300355
B1257424513902N00550901EA0034000352
B1257434513897N00550898EA0033900351
B1257444513893N00550894EA0033700349
B1257454513890N00550889EA0033500347
B1257464513887N00550883EA0033200344
B1257474513885N00550877EA0033000342
B1257484513884N00550870EA0032800340
B1257494513883N00550863EA0032500337
B1257504513884N00550856EA0032300335
B1257514513885N00550849EA0032000332
B1257524513887N00550843EA0031800330
B1257534513890N00550838EA0031500327
B1257544513893N00550834EA0031300325
B1257554513889N00550838EA0031200324
B1257564513885N00550841EA0031000322
B1257574513881N00550842EA0030700319
B1257584513877N00550842EA0030400316
B1257594513872N00550841EA0030200314
B1258004513868N00550839EA0029900311
B1258014513864N00550836EA0029700309
B1258024513860N00550831EA0029500307
B1258034513857N00550826EA0029200304
B1258044513854N00550820EA0028900301
B1258054513853N00550813EA0028700299
B1258064513853N00550820EA0028500297
B1258074513853N00550825EA0028200294
B1258084513851N00550830EA0028000292
B1258094513849N00550835EA0027700289
B1258104513847N00550839EA0027500287
B1258114513843N00550842EA0027200284
B1258124513839N00550844EA0027000282
B1258134513835N00550845EA0026700279
B1258144513830N00550845EA0026400276
B1258154513826N00550844EA0026200274
B1258164513821N00550842EA0025900271
B1258174513826N00550845EA0025800270
B1258184513828N00550849EA0025400266
B1258194513830N00550853EA0025100263
B1258204513832N00550858EA0024900261
B1258214513832N00550863EA0024600258
B1258224513832N00550868EA0024300255
B1258234513831N00550873EA0024100253
B1258244513828N00550878EA0023900251
B1258254513826N00550882EA0023700249
B1258264513822N00550885EA0023400246
B1258274513818N00550888EA0023200244
B1258284513814N00550889EA0023000242
B1258294513819N00550887EA0022800240
B1258304513823N00550886EA0022600238
B1258314513827N00550887EA0022400236
B1258324513831N00550889EA0022100233
B1258334513831N00550889EA0021800230
B1258344513831N00550889EA0021800230
B1258354513831N00550889EA0021800230
B1258364513831N00550889EA0021800230
B1258374513831N00550889EA0021800230
B1258384513831N00550889EA0021800230
B1258394513831N00550889EA0021800230
B1258404513831N00550889EA0021800230
B1258414513831N00550889EA0021800230
B1258424513831N00550889EA0021800230
B1258434513831N00550889EA0021800230
B1258444513831N00550889EA0021800230
B1258454513831N00550889EA0021800230
B1258464513831N00550889EA0021800230
B1258474513831N00550889EA0021900231
B1258484513831N00550889EA0021700229
B1258494513831N00550889EA0021800230
B1258504513831N00550889EA0021900231
B1258514513831N00550889EA0021800230
B1258524513831N00550889EA0021800230
