AXCT FlyLog example
HFDTEDATE:230426,01
HFPLTPILOTINCHARGE:Pilote Demo
HFGTYGLIDERTYPE:Voile EN-B
HFGIDGLIDERID:
B1310004518390N00553220EA0097800990
B1310014518390N00553220EA0097800990
B1310024518390N00553220EA0097800990
B1310034518390N00553220EA0097800990
B1310044518390N00553220EA0097800990
B1310054518390N00553220EA0097800990
B1310064518390N00553220EA0097800990
B1310074518390N00553220EA0097700989
B1310084518390N00553220EA0097800990
B1310094518390N00553220EA0097800990
B1310104518390N00553220EA0097800990
B1310114518390N00553220EA0097800990
B1310124518390N00553220EA0097800990
B1310134518390N00553220EA0097800990
B1310144518390N00553220EA0097800990
B1310154518390N00553220EA0097800990
B1310164518390N00553220EA0097800990
B1310174518390N00553220EA0097800990
B1310184518390N00553220EA0097800990
B1310194518390N00553220EA0097900991
B1310204518390N00553220EA0097800990
B1310214518390N00553220EA0097900991
B1310224518390N00553220EA0097800990
B1310234518390N00553220EA0097800990
B1310244518390N00553220EA0097800990
B1310254518390N00553220EA0097800990
B1310264518390N00553220EA0097800990
B1310274518390N00553220EA0097800990
B1310284518390N00553220EA0097800990
B1310294518390N00553220EA0097800990
B1310304518385N00553219EA0097700989
B1310314518381N00553218EA0097600988
B1310324518376N00553218EA0097500987
B1310334518372N00553217EA0097500987
B1310344518367N00553216EA0097500987
B1310354518363N00553216EA0097300985
B1310364518358N00553215EA0097200984
B1310374518354N00553215EA0097000982
B1310384518349N00553214EA0097000982
B1310394518345N00553214EA0096900981
B1310404518340N00553214EA0096800980
B1310414518336N00553213EA0096700979
B1310424518331N00553213EA0096700979
B1310434518327N00553213EA0096500977
B1310444518322N00553213EA0096400976
B1310454518318N00553213EA0096300975
B1310464518313N00553212EA0096200974
B1310474518309N00553212EA0096000972
B1310484518304N00553212EA0095900971
B1310494518300N00553211EA0095800970
B1310504518295N00553210EA0095600968
B1310514518291N00553209EA0095500967
B1310524518286N00553208EA0095400966
B1310534518282N00553208EA0095300965
B1310544518277N00553207EA0095100963
B1310554518273N00553205EA0095000962
B1310564518268N00553204EA0094900961
B1310574518264N00553203EA0094800960
B1310584518259N00553201EA0094700959
B1310594518255N00553200EA0094500957
B1311004518250N00553198EA0094400956
B1311014518246N00553196EA0094300955
B1311024518242N00553194EA0094100953
B1311034518237N00553192EA0093900951
B1311044518233N00553189EA0093700949
B1311054518229N00553187EA0093600948
B1311064518224N00553184EA0093500947
B1311074518220N00553181EA0093400946
B1311084518216N00553179EA0093400946
B1311094518211N00553176EA0093300945
B1311104518207N00553174EA0093300945
B1311114518203N00553171EA0093200944
B1311124518198N00553169EA0093000942
B1311134518194N00553166EA0092900941
B1311144518190N00553164EA0092700939
B1311154518186N00553161EA0092700939
B1311164518181N00553158EA0092500937
B1311174518177N00553156EA0092400936
B1311184518173N00553153EA0092400936
B1311194518168N00553151EA0092200934
B1311204518164N00553149EA0092100933
B1311214518159N00553146EA0092000932
B1311224518155N00553145EA0091900931
B1311234518151N00553143EA0091900931
B1311244518146N00553141EA0091700929
B1311254518142N00553140EA0091600928
B1311264518137N00553139EA0091600928
B1311274518133N00553138EA0091400926
B1311284518128N00553137EA0091300925
B1311294518124N00553136EA0091200924
B1311304518119N00553135EA0091100923
B1311314518115N00553134EA0091000922
B1311324518110N00553134EA0090900921
B1311334518106N00553133EA0090700919
B1311344518101N00553133EA0090700919
B1311354518097N00553132EA0090500917
B1311364518092N00553132EA0090400916
B1311374518088N00553132EA0090200914
B1311384518083N00553132EA0090000912
B1311394518079N00553133EA0089900911
B1311404518074N00553133EA0089800910
B1311414518070N00553133EA0089700909
B1311424518065N00553133EA0089500907
B1311434518061N00553131EA0089800910
B1311444518058N00553127EA0090200914
B1311454518056N00553122EA0090500917
B1311464518054N00553115EA0090700919
B1311474518055N00553108EA0091000922
B1311484518056N00553100EA0091200924
B1311494518059N00553094EA0091500927
B1311504518063N00553088EA0091800930
B1311514518069N00553084EA0092200934
B1311524518074N00553082EA0092500937
B1311534518080N00553082EA0092800940
B1311544518085N00553084EA0093000942
B1311554518090N00553088EA0093300945
B1311564518093N00553094EA0093600948
B1311574518096N00553100EA0093800950
B1311584518096N00553106EA0094100953
B1311594518096N00553112EA0094300955
B1312004518094N00553117EA0094700959
B1312014518091N00553121EA0095000962
B1312024518087N00553123EA0095200964
B1312034518083N00553123EA0095400966
B1312044518080N00553120EA0095700969
B1312054518076N00553116EA0096000972
B1312064518074N00553111EA0096300975
B1312074518073N00553104EA0096500977
B1312084518073N00553097EA0096800980
B1312094518075N00553089EA0097100983
B1312104518078N00553083EA0097500987
B1312114518082N00553077EA0097800990
B1312124518087N00553073EA0098000992
B1312134518093N00553071EA0098200994
B1312144518099N00553072EA0098400996
B1312154518104N00553074EA0098700999
B1312164518108N00553078EA0098901001
B1312174518112N00553083EA0099201004
B1312184518114N00553089EA0099501007
B1312194518115N00553096EA0099801010
B1312204518114N00553102EA0100001012
B1312214518112N00553107EA0100301015
B1312224518109N00553110EA0100501017
B1312234518105N00553112EA0100701019
B1312244518102N00553112EA0101001022
B1312254518098N00553110EA0101301025
B1312264518094N00553105EA0101501027
B1312274518092N00553100EA0101801030
B1312284518091N00553093EA0102201034
B1312294518091N00553085EA0102401036
B1312304518093N00553078EA0102701039
B1312314518096N00553072EA0102901041
B1312324518101N00553066EA0103101043
B1312334518106N00553062EA0103301045
B1312344518112N00553061EA0103501047
B1312354518117N00553061EA0103701049
B1312364518123N00553063EA0104001052
B1312374518127N00553067EA0104301055
B1312384518131N00553073EA0104601058
B1312394518133N00553079EA0104801060
B1312404518133N00553085EA0105001062
B1312414518132N00553091EA0105301065
B1312424518130N00553096EA0105601068
B1312434518127N00553100EA0105801070
B1312444518124N00553101EA0106001072
B1312454518120N00553101EA0106301075
B1312464518116N00553099EA0106601078
B1312474518113N00553094EA0106901081
B1312484518110N00553089EA0107201084
B1312494518110N00553082EA0107401086
B1312504518110N00553074EA0107701089
B1312514518112N00553067EA0107901091
B1312524518115N00553060EA0108101093
B1312534518119N00553055EA0108301095
B1312544518125N00553052EA0108601098
B1312554518130N00553050EA0108901101
B1312564518136N00553050EA0109101103
B1312574518141N00553053EA0109401106
B1312584518146N00553057EA0109801110
B1312594518149N00553062EA0110101113
B1313004518151N00553068EA0110401116
B1313014518152N00553075EA0110601118
B1313024518151N00553081EA0110901121
B1313034518149N00553086EA0111101123
B1313044518146N00553089EA0111401126
B1313054518142N00553091EA0111601128
B1313064518138N00553090EA0112001132
B1313074518134N00553088EA0112401136
B1313084518131N00553083EA0112601138
B1313094518129N00553077EA0112901141
B1313104518128N00553070EA0113001142
B1313114518128N00553063EA0113301145
B1313124518130N00553056EA0113501147
B1313134518134N00553049EA0113801150
B1313144518138N00553044EA0114001152
B1313154518143N00553041EA0114301155
B1313164518149N00553039EA0114501157
B1313174518155N00553040EA0114601158
B1313184518160N00553042EA0114801160
B1313194518166N00553045EA0114701159
B1313204518171N00553048EA0114601158
B1313214518177N00553051EA0114501157
B1313224518183N00553054EA0114401156
B1313234518188N00553057EA0114301155
B1313244518194N00553060EA0114101153
B1313254518200N00553062EA0114001152
B1313264518206N00553065EA0113901151
B1313274518211N00553068EA0113801150
B1313284518217N00553071EA0113701149
B1313294518223N00553073EA0113501147
B1313304518229N00553076EA0113401146
B1313314518235N00553078EA0113301145
B1313324518241N00553080EA0113201144
B1313334518246N00553083EA0113101143
B1313344518252N00553085EA0113001142
B1313354518258N00553087EA0112901141
B1313364518264N00553089EA0112701139
B1313374518270N00553091EA0112701139
B1313384518276N00553094EA0112601138
B1313394518282N00553096EA0112501137
B1313404518288N00553098EA0112501137
B1313414518294N00553100EA0112401136
B1313424518300N00553102EA0112301135
B1313434518306N00553104EA0112101133
B1313444518312N00553106EA0112001132
B1313454518318N00553108EA0111901131
B1313464518324N00553109EA0111701129
B1313474518330N00553111EA0111601128
B1313484518336N00553113EA0111401126
B1313494518342N00553114EA0111301125
B1313504518348N00553116EA0111201124
B1313514518354N00553118EA0111101123
B1313524518360N00553121EA0111001122
B1313534518366N00553123EA0110901121
B1313544518372N00553125EA0110901121
B1313554518378N00553127EA0110701119
B1313564518384N00553129EA0110601118
B1313574518389N00553132EA0110501117
B1313584518395N00553134EA0110401116
B1313594518401N00553136EA0110401116
B1314004518407N00553138EA0110301115
B1314014518413N00553141EA0110301115
B1314024518419N00553143EA0110101113
B1314034518425N00553145EA0110101113
B1314044518431N00553147EA0110001112
B1314054518437N00553150EA0109901111
B1314064518443N00553152EA0109801110
B1314074518448N00553154EA0109701109
B1314084518454N00553156EA0109601108
B1314094518460N00553158EA0109501107
B1314104518466N00553161EA0109501107
B1314114518472N00553164EA0109401106
B1314124518478N00553166EA0109301105
B1314134518484N00553169EA0109201104
B1314144518489N00553172EA0109001102
B1314154518495N00553174EA0108901101
B1314164518501N00553177EA0108801100
B1314174518507N00553179EA0108701099
B1314184518513N00553182EA0108601098
B1314194518518N00553185EA0108401096
B1314204518524N00553187EA0108301095
B1314214518530N00553190EA0108301095
B1314224518536N00553192EA0108201094
B1314234518542N00553194EA0108101093
B1314244518548N00553197EA0108001092
B1314254518554N00553199EA0107901091
B1314264518559N00553201EA0107801090
B1314274518565N00553203EA0107701089
B1314284518571N00553205EA0107601088
B1314294518577N00553208EA0107501087
B1314304518583N00553211EA0107501087
B1314314518589N00553213EA0107301085
B1314324518595N00553216EA0107201084
B1314334518600N00553219EA0107101083
B1314344518606N00553221EA0107001082
B1314354518612N00553224EA0106801080
B1314364518618N00553226EA0106701079
B1314374518624N00553229EA0106601078
B1314384518629N00553231EA0106501077
B1314394518635N00553234EA0106401076
B1314404518641N00553236EA0106201074
B1314414518647N00553239EA0106101073
B1314424518653N00553241EA0106001072
B1314434518659N00553243EA0105901071
B1314444518665N00553246EA0105701069
B1314454518670N00553248EA0105601068
B1314464518676N00553250EA0105601068
B1314474518682N00553253EA0105501067
B1314484518688N00553255EA0105401066
B1314494518694N00553258EA0105301065
B1314504518700N00553260EA0105201064
B1314514518706N00553262EA0105101063
B1314524518712N00553264EA0105001062
B1314534518717N00553267EA0104901061
B1314544518723N00553270EA0104801060
B1314554518729N00553272EA0104701059
B1314564518735N00553274EA0104601058
B1314574518741N00553277EA0104501057
B1314584518747N00553279EA0104301055
B1314594518753N00553282EA0104301055
B1315004518758N00553284EA0104301055
B1315014518764N00553286EA0104201054
B1315024518770N00553289EA0104101053
B1315034518776N00553291EA0104001052
B1315044518782N00553293EA0104001052
B1315054518788N00553295EA0103901051
B1315064518794N00553297EA0103801050
B1315074518800N00553300EA0103701049
B1315084518806N00553302EA0103601048
B1315094518812N00553304EA0103501047
B1315104518818N00553306EA0103401046
B1315114518824N00553308EA0103201044
B1315124518830N00553310EA0103101043
B1315134518836N00553311EA0103001042
B1315144518842N00553313EA0102901041
B1315154518848N00553314EA0102901041
B1315164518854N00553316EA0102701039
B1315174518860N00553317EA0102601038
B1315184518866N00553319EA0102601038
B1315194518872N00553320EA0102501037
B1315204518878N00553322EA0102301035
B1315214518884N00553324EA0102201034
B1315224518890N00553326EA0102101033
B1315234518896N00553327EA0102101033
B1315244518902N00553329EA0102001032
B1315254518908N00553331EA0101801030
B1315264518914N00553333EA0101701029
B1315274518920N00553335EA0101601028
B1315284518926N00553336EA0101501027
B1315294518932N00553338EA0101401026
B1315304518938N00553340EA0101301025
B1315314518944N00553342EA0101201024
B1315324518950N00553344EA0101101023
B1315334518956N00553346EA0101001022
B1315344518962N00553348EA0100901021
B1315354518968N00553350EA0100801020
B1315364518974N00553352EA0100601018
B1315374518980N00553354EA0100501017
B1315384518986N00553356EA0100401016
B1315394518992N00553358EA0100301015
B1315404518998N00553360EA0100201014
B1315414519004N00553362EA0100101013
B1315424519010N00553364EA0100001012
B1315434519016N00553367EA0099801010
B1315444519022N00553369EA0099701009
B1315454519027N00553372EA0099601008
B1315464519033N00553374EA0099501007
B1315474519039N00553377EA0099401006
B1315484519045N00553379EA0099301005
B1315494519051N00553381EA0099201004
B1315504519057N00553383EA0099101003
B1315514519063N00553385EA0098901001
B1315524519069N00553387EA0098700999
B1315534519075N00553389EA0098600998
B1315544519081N00553390EA0098500997
B1315554519087N00553392EA0098400996
B1315564519093N00553394EA0098300995
B1315574519099N00553396EA0098300995
B1315584519105N00553397EA0098200994
B1315594519111N00553399EA0098100993
B1316004519117N00553400EA0097900991
B1316014519122N00553403EA0098200994
B1316024519126N00553408EA0098500997
B1316034519129N00553414EA0098901001
B1316044519131N00553420EA0099101003
B1316054519131N00553426EA0099401006
B1316064519129N00553432EA0099701009
B1316074519127N00553437EA0099901011
B1316084519123N00553439EA0100201014
B1316094519119N00553440EA0100401016
B1316104519116N00553439EA0100701019
B1316114519112N00553436EA0101001022
B1316124519109N00553431EA0101201024
B1316134519107N00553424EA0101501027
B1316144519107N00553417EA0101801030
B1316154519108N00553410EA0102001032
B1316164519111N00553403EA0102201034
B1316174519114N00553397EA0102301035
B1316184519119N00553392EA0102501037
B1316194519125N00553389EA0102901041
B1316204519130N00553388EA0103101043
B1316214519136N00553390EA0103401046
B1316224519141N00553393EA0103601048
B1316234519145N00553398EA0103901051
B1316244519148N00553403EA0104201054
B1316254519149N00553410EA0104401056
B1316264519149N00553416EA0104701059
B1316274519148N00553422EA0105101063
B1316284519145N00553426EA0105301065
B1316294519142N00553429EA0105601068
B1316304519138N00553429EA0105701069
B1316314519134N00553428EA0106001072
B1316324519130N00553425EA0106201074
B1316334519127N00553420EA0106501077
B1316344519126N00553413EA0106701079
B1316354519125N00553406EA0107001082
B1316364519127N00553399EA0107301085
B1316374519129N00553392EA0107601088
B1316384519133N00553386EA0107901091
B1316394519138N00553381EA0108201094
B1316404519143N00553378EA0108501097
B1316414519149N00553378EA0108801100
B1316424519155N00553379EA0109101103
B1316434519159N00553382EA0109401106
B1316444519163N00553387EA0109701109
B1316454519166N00553393EA0110001112
B1316464519167N00553399EA0110201114
B1316474519167N00553406EA0110501117
B1316484519166N00553411EA0110701119
B1316494519163N00553415EA0111001122
B1316504519160N00553418EA0111201124
B1316514519156N00553419EA0111501127
B1316524519152N00553417EA0111701129
B1316534519148N00553414EA0112001132
B1316544519146N00553408EA0112301135
B1316554519144N00553402EA0112501137
B1316564519144N00553395EA0112701139
B1316574519145N00553387EA0112901141
B1316584519148N00553380EA0113201144
B1316594519152N00553375EA0113401146
B1317004519156N00553370EA0113701149
B1317014519162N00553368EA0114001152
B1317024519168N00553367EA0114301155
B1317034519173N00553369EA0114601158
B1317044519178N00553372EA0115001162
B1317054519182N00553377EA0115201164
B1317064519185N00553383EA0115601168
B1317074519186N00553389EA0115901171
B1317084519186N00553395EA0116001172
B1317094519184N00553401EA0116301175
B1317104519181N00553405EA0116501177
B1317114519178N00553407EA0116801180
B1317124519174N00553408EA0117001182
B1317134519170N00553406EA0117201184
B1317144519167N00553403EA0117701189
B1317154519164N00553397EA0118001192
B1317164519162N00553391EA0118201194
B1317174519162N00553384EA0118501197
B1317184519164N00553376EA0118801200
B1317194519166N00553369EA0119101203
B1317204519170N00553363EA0119201204
B1317214519175N00553359EA0119601208
B1317224519181N00553357EA0119901211
B1317234519186N00553356EA0120101213
B1317244519192N00553358EA0120301215
B1317254519197N00553361EA0120501217
B1317264519201N00553366EA0120801220
B1317274519203N00553372EA0121101223
B1317284519204N00553379EA0121501227
B1317294519204N00553385EA0121801230
B1317304519202N00553390EA0122101233
B1317314519200N00553394EA0122301235
B1317324519196N00553397EA0122501237
B1317334519192N00553397EA0122701239
B1317344519188N00553397EA0122601238
B1317354519183N00553398EA0122501237
B1317364519179N00553397EA0122301235
B1317374519174N00553398EA0122201234
B1317384519170N00553398EA0122101233
B1317394519165N00553398EA0121901231
B1317404519161N00553398EA0121901231
B1317414519156N00553399EA0121801230
B1317424519152N00553399EA0121801230
B1317434519147N00553399EA0121601228
B1317444519143N00553399EA0121501227
B1317454519138N00553399EA0121401226
B1317464519134N00553400EA0121301225
B1317474519129N00553400EA0121101223
B1317484519125N00553400EA0121001222
B1317494519120N00553400EA0120901221
B1317504519116N00553400EA0120701219
B1317514519111N00553400EA0120501217
B1317524519107N00553401EA0120401216
B1317534519102N00553401EA0120201214
B1317544519098N00553401EA0120101213
B1317554519093N00553401EA0120001212
B1317564519089N00553401EA0119901211
B1317574519084N00553401EA0119801210
B1317584519080N00553401EA0119601208
B1317594519075N00553401EA0119501207
B1318004519071N00553401EA0119401206
B1318014519066N00553400EA0119301205
B1318024519062N00553400EA0119101203
B1318034519057N00553400EA0119001202
B1318044519053N00553400EA0118801200
B1318054519048N00553400EA0118701199
B1318064519044N00553400EA0118601198
B1318074519039N00553399EA0118501197
B1318084519035N00553398EA0118401196
B1318094519030N00553397EA0118301195
B1318104519026N00553397EA0118201194
B1318114519021N00553396EA0118101193
B1318124519017N00553395EA0118001192
B1318134519012N00553394EA0117901191
B1318144519008N00553394EA0117801190
B1318154519003N00553393EA0117601188
B1318164518999N00553392EA0117601188
B1318174518994N00553390EA0117501187
B1318184518990N00553389EA0117401186
B1318194518985N00553387EA0117301185
B1318204518981N00553386EA0117201184
B1318214518976N00553385EA0117101183
B1318224518972N00553383EA0116901181
B1318234518967N00553382EA0116801180
B1318244518963N00553380EA0116701179
B1318254518959N00553378EA0116501177
B1318264518954N00553377EA0116401176
B1318274518950N00553375EA0116301175
B1318284518945N00553373EA0116201174
B1318294518941N00553372EA0116001172
B1318304518936N00553371EA0115901171
B1318314518932N00553369EA0115801170
B1318324518927N00553368EA0115701169
B1318334518923N00553367EA0115601168
B1318344518918N00553365EA0115501167
B1318354518914N00553364EA0115401166
B1318364518909N00553363EA0115201164
B1318374518905N00553362EA0115101163
B1318384518900N00553361EA0115001162
B1318394518896N00553360EA0114901161
B1318404518891N00553360EA0114801160
B1318414518887N00553359EA0114701159
B1318424518882N00553358EA0114601158
B1318434518878N00553357EA0114501157
B1318444518873N00553356EA0114401156
B1318454518869N00553355EA0114301155
B1318464518864N00553353EA0114201154
B1318474518860N00553352EA0114101153
B1318484518855N00553351EA0114001152
B1318494518851N00553349EA0113901151
B1318504518846N00553348EA0113701149
B1318514518842N00553347EA0113501147
B1318524518837N00553346EA0113401146
B1318534518833N00553345EA0113401146
B1318544518828N00553344EA0113301145
B1318554518824N00553344EA0113101143
B1318564518819N00553343EA0112901141
B1318574518815N00553342EA0112801140
B1318584518810N00553342EA0112601138
B1318594518806N00553341EA0112501137
B1319004518801N00553340EA0112301135
B1319014518797N00553340EA0112301135
B1319024518792N00553339EA0112201134
B1319034518788N00553338EA0112001132
B1319044518783N00553338EA0111901131
B1319054518779N00553337EA0111801130
B1319064518774N00553336EA0111701129
B1319074518770N00553335EA0111601128
B1319084518765N00553334EA0111501127
B1319094518761N00553333EA0111401126
B1319104518756N00553332EA0111301125
B1319114518752N00553331EA0111201124
B1319124518747N00553329EA0111101123
B1319134518743N00553328EA0110901121
B1319144518738N00553326EA0110801120
B1319154518734N00553324EA0110701119
B1319164518730N00553323EA0110601118
B1319174518725N00553321EA0110501117
B1319184518721N00553319EA0110401116
B1319194518716N00553317EA0110201114
B1319204518712N00553316EA0110001112
B1319214518707N00553314EA0109901111
B1319224518703N00553313EA0109801110
B1319234518698N00553311EA0109701109
B1319244518694N00553310EA0109601108
B1319254518689N00553308EA0109401106
B1319264518685N00553306EA0109301105
B1319274518681N00553305EA0109201104
B1319284518676N00553303EA0109101103
B1319294518672N00553301EA0109001102
B1319304518667N00553299EA0108901101
B1319314518663N00553296EA0108801100
B1319324518659N00553294EA0108701099
B1319334518654N00553292EA0108601098
B1319344518650N00553290EA0108401096
B1319354518645N00553287EA0108301095
B1319364518641N00553285EA0108201094
B1319374518637N00553283EA0108101093
B1319384518632N00553281EA0107901091
B1319394518628N00553280EA0107901091
B1319404518623N00553278EA0107801090
B1319414518619N00553276EA0107601088
B1319424518614N00553275EA0107501087
B1319434518610N00553273EA0107401086
B1319444518606N00553271EA0107301085
B1319454518601N00553270EA0107101083
B1319464518597N00553268EA0107001082
B1319474518592N00553266EA0106901081
B1319484518588N00553264EA0106801080
B1319494518583N00553262EA0106601078
B1319504518579N00553260EA0106501077
B1319514518575N00553258EA0106401076
B1319524518570N00553256EA0106201074
B1319534518566N00553254EA0106101073
B1319544518561N00553252EA0106001072
B1319554518557N00553250EA0105901071
B1319564518553N00553248EA0105801070
B1319574518548N00553246EA0105701069
B1319584518544N00553244EA0105601068
B1319594518539N00553242EA0105501067
B1320004518535N00553239EA0105401066
B1320014518531N00553237EA0105201064
B1320024518526N00553235EA0105101063
B1320034518522N00553232EA0104901061
B1320044518518N00553230EA0104901061
B1320054518513N00553227EA0104801060
B1320064518509N00553225EA0104701059
B1320074518505N00553223EA0104501057
B1320084518500N00553220EA0104401056
B1320094518496N00553218EA0104301055
B1320104518492N00553215EA0104201054
B1320114518487N00553212EA0104101053
B1320124518483N00553210EA0104001052
B1320134518479N00553207EA0103901051
B1320144518474N00553205EA0103801050
B1320154518470N00553203EA0103701049
B1320164518466N00553201EA0103601048
B1320174518461N00553199EA0103401046
B1320184518457N00553196EA0103301045
B1320194518452N00553194EA0103201044
B1320204518448N00553192EA0103101043
B1320214518444N00553189EA0103001042
B1320224518439N00553187EA0103001042
B1320234518435N00553185EA0102901041
B1320244518431N00553183EA0102801040
B1320254518426N00553181EA0102601038
B1320264518422N00553179EA0102601038
B1320274518417N00553177EA0102501037
B1320284518413N00553174EA0102401036
B1320294518409N00553172EA0102301035
B1320304518404N00553170EA0102201034
B1320314518400N00553168EA0102101033
B1320324518396N00553165EA0102001032
B1320334518391N00553163EA0101901031
B1320344518387N00553161EA0101801030
B1320354518382N00553158EA0101701029
B1320364518378N00553156EA0101601028
B1320374518374N00553154EA0101501027
B1320384518369N00553152EA0101401026
B1320394518365N00553149EA0101401026
B1320404518361N00553146EA0101301025
B1320414518356N00553144EA0101201024
B1320424518352N00553141EA0101101023
B1320434518348N00553138EA0101001022
B1320444518344N00553135EA0100801020
B1320454518339N00553132EA0100601018
B1320464518335N00553130EA0100501017
B1320474518331N00553127EA0100401016
B1320484518327N00553124EA0100301015
B1320494518322N00553121EA0100201014
B1320504518318N00553118EA0100101013
B1320514518314N00553115EA0099901011
B1320524518310N00553112EA0099801010
B1320534518306N00553109EA0099701009
B1320544518301N00553106EA0099601008
B1320554518297N00553103EA0099501007
B1320564518293N00553100EA0099401006
B1320574518289N00553097EA0099301005
B1320584518284N00553094EA0099201004
B1320594518280N00553091EA0099101003
B1321004518276N00553088EA0099001002
B1321014518272N00553085EA0098801000
B1321024518268N00553082EA0098700999
B1321034518263N00553079EA0098600998
B1321044518259N00553076EA0098500997
B1321054518255N00553074EA0098400996
B1321064518250N00553071EA0098200994
B1321074518246N00553069EA0098100993
B1321084518242N00553067EA0098000992
B1321094518237N00553064EA0097800990
B1321104518233N00553062EA0097700989
B1321114518229N00553059EA0097600988
B1321124518224N00553057EA0097500987
B1321134518220N00553054EA0097300985
B1321144518216N00553052EA0097200984
B1321154518211N00553049EA0097100983
B1321164518207N00553047EA0097000982
B1321174518203N00553045EA0097000982
B1321184518198N00553042EA0096900981
B1321194518194N00553040EA0096700979
B1321204518189N00553038EA0096600978
B1321214518185N00553036EA0096600978
B1321224518181N00553035EA0096400976
B1321234518176N00553033EA0096300975
B1321244518172N00553032EA0096200974
B1321254518167N00553030EA0096200974
B1321264518163N00553028EA0096100973
B1321274518158N00553026EA0096100973
B1321284518154N00553025EA0095900971
B1321294518149N00553023EA0095900971
B1321304518145N00553021EA0095800970
B1321314518141N00553019EA0095700969
B1321324518136N00553016EA0095600968
B1321334518132N00553014EA0095400966
B1321344518128N00553011EA0095200964
B1321354518123N00553009EA0095100963
B1321364518119N00553006EA0095100963
B1321374518115N00553004EA0095000962
B1321384518110N00553001EA0094900961
B1321394518106N00552999EA0094800960
B1321404518102N00552996EA0094700959
B1321414518098N00552993EA0094600958
B1321424518093N00552990EA0094500957
B1321434518089N00552987EA0094300955
B1321444518085N00552985EA0094200954
B1321454518080N00552982EA0094100953
B1321464518076N00552979EA0094000952
B1321474518072N00552976EA0093900951
B1321484518068N00552973EA0093800950
B1321494518065N00552969EA0094000952
B1321504518063N00552963EA0094100953
B1321514518062N00552956EA0094200954
B1321524518062N00552948EA0094200954
B1321534518064N00552941EA0094400956
B1321544518068N00552935EA0094600958
B1321554518072N00552929EA0094700959
B1321564518078N00552926EA0094900961
B1321574518083N00552925EA0095000962
B1321584518089N00552925EA0095100963
B1321594518094N00552928EA0095300965
B1322004518098N00552932EA0095400966
B1322014518102N00552938EA0095500967
B1322024518103N00552944EA0095700969
B1322034518104N00552950EA0095700969
B1322044518103N00552956EA0095700969
B1322054518101N00552961EA0095800970
B1322064518097N00552964EA0095800970
B1322074518094N00552966EA0095900971
B1322084518090N00552965EA0096100973
B1322094518086N00552962EA0096300975
B1322104518083N00552958EA0096300975
B1322114518081N00552951EA0096400976
B1322124518080N00552944EA0096500977
B1322134518081N00552937EA0096700979
B1322144518083N00552930EA0096900981
B1322154518086N00552924EA0097000982
B1322164518091N00552918EA0097200984
B1322174518096N00552915EA0097400986
B1322184518102N00552914EA0097600988
B1322194518108N00552915EA0097600988
B1322204518113N00552917EA0097800990
B1322214518117N00552922EA0097900991
B1322224518120N00552927EA0098000992
B1322234518122N00552934EA0098200994
B1322244518122N00552940EA0098300995
B1322254518121N00552946EA0098500997
B1322264518119N00552950EA0098600998
B1322274518116N00552954EA0098600998
B1322284518112N00552955EA0098600998
B1322294518108N00552954EA0098801000
B1322304518104N00552951EA0098901001
B1322314518101N00552946EA0098901001
B1322324518099N00552940EA0098901001
B1322334518099N00552933EA0099201004
B1322344518099N00552926EA0099301005
B1322354518101N00552919EA0099501007
B1322364518105N00552912EA0099601008
B1322374518110N00552908EA0099801010
B1322384518115N00552904EA0099901011
B1322394518121N00552903EA0099901011
B1322404518126N00552904EA0099901011
B1322414518131N00552907EA0100001012
B1322424518136N00552911EA0100201014
B1322434518139N00552917EA0100301015
B1322444518140N00552923EA0100401016
B1322454518141N00552930EA0100501017
B1322464518139N00552935EA0100601018
B1322474518137N00552940EA0100701019
B1322484518134N00552943EA0100901021
B1322494518130N00552944EA0101101023
B1322504518126N00552943EA0101301025
B1322514518122N00552940EA0101401026
B1322524518119N00552935EA0101601028
B1322534518118N00552929EA0101701029
B1322544518117N00552922EA0101901031
B1322554518118N00552915EA0102101033
B1322564518120N00552908EA0102201034
B1322574518124N00552901EA0102201034
B1322584518128N00552897EA0102301035
B1322594518134N00552893EA0102501037
B1323004518139N00552892EA0102501037
B1323014518145N00552893EA0102601038
B1323024518150N00552896EA0102701039
B1323034518154N00552901EA0102801040
B1323044518157N00552907EA0102901041
B1323054518159N00552913EA0103001042
B1323064518159N00552919EA0103201044
B1323074518158N00552925EA0103301045
B1323084518155N00552929EA0103601048
B1323094518152N00552932EA0103601048
B1323104518148N00552933EA0103701049
B1323114518144N00552932EA0103901051
B1323124518141N00552929EA0104101053
B1323134518138N00552924EA0104101053
B1323144518136N00552918EA0104301055
B1323154518135N00552911EA0104401056
B1323164518136N00552904EA0104701059
B1323174518139N00552897EA0104801060
B1323184518142N00552890EA0105001062
B1323194518147N00552886EA0105101063
B1323204518152N00552883EA0105201064
B1323214518158N00552882EA0105301065
B1323224518164N00552883EA0105401066
B1323234518169N00552886EA0105401066
B1323244518173N00552890EA0105501067
B1323254518176N00552896EA0105601068
B1323264518177N00552902EA0105701069
B1323274518177N00552909EA0105801070
B1323284518176N00552914EA0106001072
B1323294518174N00552919EA0106101073
B1323304518170N00552922EA0106201074
B1323314518166N00552923EA0106301075
B1323324518162N00552921EA0106501077
B1323334518159N00552918EA0106601078
B1323344518156N00552913EA0106701079
B1323354518154N00552907EA0106801080
B1323364518154N00552900EA0106901081
B1323374518155N00552892EA0106901081
B1323384518157N00552885EA0107101083
B1323394518161N00552879EA0107301085
B1323404518166N00552875EA0107301085
B1323414518171N00552872EA0107501087
B1323424518177N00552871EA0107601088
B1323434518182N00552872EA0107701089
B1323444518187N00552875EA0108001092
B1323454518191N00552880EA0108001092
B1323464518194N00552886EA0108201094
B1323474518196N00552892EA0108301095
B1323484518196N00552898EA0108401096
B1323494518194N00552904EA0108601098
B1323504518192N00552908EA0108801100
B1323514518188N00552911EA0109001102
B1323524518184N00552912EA0109201104
B1323534518181N00552911EA0109201104
B1323544518177N00552907EA0109501107
B1323554518174N00552902EA0109601108
B1323564518172N00552896EA0109701109
B1323574518172N00552889EA0109701109
B1323584518173N00552881EA0109901111
B1323594518176N00552874EA0110001112
B1324004518180N00552868EA0110101113
B1324014518184N00552864EA0110301115
B1324024518190N00552861EA0110401116
B1324034518195N00552860EA0110501117
B1324044518201N00552862EA0110601118
B1324054518206N00552865EA0110701119
B1324064518210N00552870EA0110801120
B1324074518213N00552875EA0111001122
B1324084518214N00552882EA0111001122
B1324094518214N00552888EA0111301125
B1324104518213N00552893EA0111601128
B1324114518210N00552898EA0111701129
B1324124518207N00552900EA0111901131
B1324134518203N00552901EA0112001132
B1324144518199N00552900EA0112201134
B1324154518195N00552896EA0112101133
B1324164518192N00552891EA0112201134
B1324174518191N00552885EA0112401136
B1324184518191N00552878EA0112401136
B1324194518192N00552870EA0112501137
B1324204518194N00552863EA0112501137
B1324214518198N00552857EA0112501137
B1324224518203N00552853EA0112801140
B1324234518208N00552850EA0112801140
B1324244518214N00552849EA0113001142
B1324254518220N00552851EA0113101143
B1324264518225N00552854EA0113301145
B1324274518229N00552859EA0113301145
B1324284518231N00552865EA0113501147
B1324294518234N00552872EA0113301145
B1324304518237N00552878EA0113301145
B1324314518240N00552885EA0113101143
B1324324518243N00552891EA0113101143
B1324334518246N00552898EA0112901141
B1324344518249N00552904EA0112801140
B1324354518252N00552911EA0112701139
B1324364518255N00552917EA0112701139
B1324374518258N00552924EA0112501137
B1324384518261N00552930EA0112401136
B1324394518264N00552937EA0112201134
B1324404518267N00552944EA0112001132
B1324414518269N00552950EA0111801130
B1324424518272N00552957EA0111701129
B1324434518275N00552964EA0111601128
B1324444518277N00552971EA0111501127
B1324454518280N00552977EA0111401126
B1324464518283N00552984EA0111301125
B1324474518285N00552991EA0111201124
B1324484518288N00552997EA0111201124
B1324494518291N00553004EA0111001122
B1324504518293N00553011EA0110901121
B1324514518296N00553017EA0110801120
B1324524518299N00553024EA0110701119
B1324534518302N00553031EA0110501117
B1324544518304N00553038EA0110401116
B1324554518307N00553044EA0110301115
B1324564518310N00553051EA0110101113
B1324574518313N00553057EA0110101113
B1324584518316N00553064EA0110001112
B1324594518319N00553071EA0109901111
B1325004518321N00553077EA0109901111
B1325014518324N00553084EA0109701109
B1325024518327N00553091EA0109701109
B1325034518329N00553098EA0109601108
B1325044518331N00553104EA0109501107
B1325054518334N00553111EA0109401106
B1325064518336N00553118EA0109201104
B1325074518338N00553125EA0109001102
B1325084518341N00553132EA0108901101
B1325094518343N00553139EA0108701099
B1325104518346N00553146EA0108601098
B1325114518348N00553152EA0108501097
B1325124518351N00553159EA0108401096
B1325134518353N00553166EA0108301095
B1325144518356N00553173EA0108101093
B1325154518359N00553179EA0108001092
B1325164518362N00553186EA0107801090
B1325174518365N00553192EA0107701089
B1325184518368N00553199EA0107601088
B1325194518370N00553206EA0107501087
B1325204518373N00553212EA0107301085
B1325214518375N00553219EA0107201084
B1325224518378N00553226EA0107101083
B1325234518381N00553233EA0107001082
B1325244518383N00553239EA0106801080
B1325254518386N00553246EA0106601078
B1325264518388N00553253EA0106501077
B1325274518391N00553260EA0106401076
B1325284518393N00553266EA0106301075
B1325294518396N00553273EA0106201074
B1325304518398N00553280EA0106101073
B1325314518401N00553287EA0105801070
B1325324518403N00553294EA0105701069
B1325334518406N00553301EA0105601068
B1325344518408N00553307EA0105601068
B1325354518411N00553314EA0105401066
B1325364518413N00553321EA0105301065
B1325374518416N00553327EA0105201064
B1325384518419N00553334EA0105101063
B1325394518422N00553341EA0105001062
B1325404518424N00553347EA0104901061
B1325414518427N00553354EA0104801060
B1325424518430N00553361EA0104701059
B1325434518432N00553368EA0104601058
B1325444518435N00553374EA0104401056
B1325454518437N00553381EA0104301055
B1325464518440N00553388EA0104201054
B1325474518443N00553395EA0104101053
B1325484518445N00553401EA0104001052
B1325494518448N00553408EA0103901051
B1325504518451N00553415EA0103801050
B1325514518453N00553422EA0103701049
B1325524518456N00553428EA0103601048
B1325534518458N00553435EA0103501047
B1325544518461N00553442EA0103401046
B1325554518463N00553449EA0103301045
B1325564518465N00553456EA0103201044
B1325574518468N00553463EA0103001042
B1325584518470N00553470EA0103001042
B1325594518472N00553477EA0102901041
B1326004518474N00553483EA0102801040
B1326014518476N00553490EA0102601038
B1326024518478N00553497EA0102601038
B1326034518481N00553504EA0102501037
B1326044518483N00553511EA0102301035
B1326054518485N00553518EA0102201034
B1326064518488N00553525EA0102101033
B1326074518490N00553532EA0102001032
B1326084518493N00553538EA0101901031
B1326094518495N00553545EA0101801030
B1326104518497N00553552EA0101701029
B1326114518500N00553559EA0101601028
B1326124518502N00553566EA0101501027
B1326134518505N00553572EA0101401026
B1326144518508N00553579EA0101301025
B1326154518510N00553586EA0101101023
B1326164518513N00553593EA0101001022
B1326174518515N00553599EA0100801020
B1326184518518N00553606EA0100701019
B1326194518521N00553613EA0100701019
B1326204518522N00553619EA0100801020
B1326214518522N00553625EA0101101023
B1326224518520N00553631EA0101401026
B1326234518518N00553635EA0101601028
B1326244518514N00553637EA0101901031
B1326254518510N00553637EA0102001032
B1326264518506N00553636EA0102201034
B1326274518503N00553632EA0102301035
B1326284518500N00553627EA0102501037
B1326294518499N00553620EA0102701039
B1326304518499N00553613EA0102801040
B1326314518500N00553605EA0103001042
B1326324518503N00553599EA0103201044
B1326334518507N00553593EA0103401046
B1326344518512N00553589EA0103601048
B1326354518517N00553586EA0103801050
B1326364518523N00553586EA0104001052
B1326374518529N00553588EA0104001052
B1326384518533N00553591EA0104201054
B1326394518537N00553596EA0104401056
B1326404518540N00553602EA0104601058
B1326414518541N00553609EA0104701059
B1326424518540N00553615EA0104901061
B1326434518539N00553620EA0105201064
B1326444518536N00553624EA0105301065
B1326454518532N00553626EA0105501067
B1326464518528N00553627EA0105601068
B1326474518524N00553625EA0105901071
B1326484518521N00553621EA0106201074
B1326494518518N00553616EA0106301075
B1326504518517N00553609EA0106501077
B1326514518517N00553602EA0106701079
B1326524518519N00553594EA0106801080
B1326534518521N00553588EA0107101083
B1326544518525N00553582EA0107201084
B1326554518530N00553578EA0107401086
B1326564518536N00553575EA0107601088
B1326574518542N00553575EA0107901091
B1326584518547N00553577EA0108001092
B1326594518552N00553581EA0108201094
B1327004518556N00553586EA0108401096
B1327014518558N00553592EA0108501097
B1327024518559N00553598EA0108801100
B1327034518559N00553604EA0109001102
B1327044518557N00553610EA0109201104
B1327054518554N00553614EA0109301105
B1327064518550N00553616EA0109501107
B1327074518546N00553616EA0109601108
B1327084518543N00553614EA0109901111
B1327094518539N00553610EA0110101113
B1327104518537N00553605EA0110401116
B1327114518535N00553598EA0110501117
B1327124518535N00553591EA0110701119
B1327134518537N00553583EA0110801120
B1327144518540N00553576EA0111101123
B1327154518544N00553571EA0111301125
B1327164518549N00553567EA0111501127
B1327174518555N00553565EA0111801130
B1327184518560N00553565EA0111901131
B1327194518566N00553567EA0112101133
B1327204518571N00553570EA0112201134
B1327214518574N00553575EA0112401136
B1327224518577N00553582EA0112601138
B1327234518577N00553588EA0112801140
B1327244518577N00553594EA0112901141
B1327254518575N00553599EA0113001142
B1327264518572N00553603EA0113101143
B1327274518569N00553605EA0113401146
B1327284518565N00553605EA0113601148
B1327294518561N00553603EA0113601148
B1327304518557N00553599EA0113801150
B1327314518555N00553593EA0114001152
B1327324518554N00553587EA0114201154
B1327334518554N00553579EA0114301155
B1327344518556N00553572EA0114601158
B1327354518559N00553565EA0114701159
B1327364518563N00553560EA0114901161
B1327374518568N00553556EA0115001162
B1327384518573N00553554EA0115201164
B1327394518579N00553554EA0115401166
B1327404518585N00553556EA0115601168
B1327414518589N00553560EA0115701169
B1327424518593N00553565EA0115901171
B1327434518595N00553571EA0116101173
B1327444518596N00553578EA0116301175
B1327454518595N00553584EA0116401176
B1327464518593N00553589EA0116701179
B1327474518590N00553592EA0116901181
B1327484518587N00553594EA0116901181
B1327494518583N00553594EA0117101183
B1327504518579N00553592EA0117301185
B1327514518576N00553588EA0117401186
B1327524518573N00553582EA0117501187
B1327534518572N00553576EA0117701189
B1327544518572N00553568EA0117901191
B1327554518574N00553561EA0118001192
B1327564518577N00553554EA0118201194
B1327574518581N00553549EA0118301195
B1327584518587N00553545EA0118401196
B1327594518592N00553543EA0118601198
B1328004518598N00553543EA0118801200
B1328014518603N00553545EA0118801200
B1328024518608N00553549EA0119001202
B1328034518611N00553555EA0119101203
B1328044518613N00553561EA0119301205
B1328054518614N00553567EA0119501207
B1328064518614N00553573EA0119701209
B1328074518612N00553578EA0119901211
B1328084518609N00553582EA0120001212
B1328094518605N00553584EA0120201214
B1328104518601N00553583EA0120401216
B1328114518597N00553581EA0120701219
B1328124518594N00553577EA0120801220
B1328134518592N00553571EA0120901221
B1328144518590N00553564EA0121001222
B1328154518591N00553557EA0121201224
B1328164518593N00553550EA0121401226
B1328174518596N00553543EA0121501227
B1328184518600N00553538EA0121701229
B1328194518605N00553534EA0121901231
B1328204518611N00553532EA0122101233
B1328214518617N00553533EA0122301235
B1328224518622N00553535EA0122501237
B1328234518626N00553539EA0122701239
B1328244518630N00553544EA0122901241
B1328254518632N00553550EA0123001242
B1328264518633N00553557EA0123201244
B1328274518632N00553563EA0123201244
B1328284518630N00553568EA0123401246
B1328294518627N00553571EA0123501247
B1328304518623N00553573EA0123601248
B1328314518619N00553573EA0123801250
B1328324518615N00553570EA0123901251
B1328334518612N00553566EA0124201254
B1328344518610N00553560EA0124301255
B1328354518609N00553553EA0124601258
B1328364518609N00553546EA0124701259
B1328374518611N00553539EA0124801260
B1328384518614N00553532EA0124901261
B1328394518619N00553527EA0125101263
B1328404518624N00553523EA0125301265
B1328414518630N00553521EA0125401266
B1328424518635N00553522EA0125701269
B1328434518641N00553524EA0125901271
B1328444518645N00553528EA0126101273
B1328454518648N00553534EA0126301275
B1328464518650N00553540EA0126601278
B1328474518651N00553546EA0126601278
B1328484518650N00553552EA0126701279
B1328494518648N00553557EA0126801280
B1328504518645N00553561EA0127101283
B1328514518641N00553562EA0127301285
B1328524518637N00553562EA0127401286
B1328534518633N00553559EA0127601288
B1328544518630N00553555EA0127901291
B1328554518628N00553549EA0128001292
B1328564518627N00553542EA0128201294
B1328574518628N00553535EA0128301295
B1328584518630N00553527EA0128401296
B1328594518633N00553521EA0128501297
B1329004518637N00553516EA0128801300
B1329014518643N00553512EA0129001302
B1329024518648N00553511EA0129101303
B1329034518654N00553511EA0129301305
B1329044518659N00553514EA0129401306
B1329054518664N00553518EA0129501307
B1329064518667N00553523EA0129801310
B1329074518669N00553530EA0130001312
B1329084518669N00553536EA0130301315
B1329094518668N00553542EA0130401316
B1329104518666N00553547EA0130601318
B1329114518663N00553550EA0130701319
B1329124518659N00553552EA0130801320
B1329134518655N00553551EA0131001322
B1329144518652N00553548EA0131201324
B1329154518649N00553544EA0131401326
B1329164518646N00553538EA0131701329
B1329174518646N00553531EA0131901331
B1329184518646N00553524EA0131901331
B1329194518648N00553516EA0132101333
B1329204518652N00553510EA0132201334
B1329214518656N00553505EA0132401336
B1329224518661N00553501EA0132701339
B1329234518667N00553500EA0132901341
B1329244518673N00553501EA0133001342
B1329254518678N00553503EA0133201344
B1329264518682N00553507EA0133301345
B1329274518685N00553513EA0133401346
B1329284518687N00553519EA0133601348
B1329294518688N00553526EA0133901351
B1329304518687N00553531EA0134101353
B1329314518685N00553536EA0134301355
B1329324518681N00553539EA0134501357
B1329334518678N00553541EA0134701359
B1329344518673N00553542EA0134501357
B1329354518669N00553544EA0134401356
B1329364518665N00553546EA0134301355
B1329374518660N00553547EA0134201354
B1329384518656N00553549EA0134001352
B1329394518652N00553551EA0133901351
B1329404518648N00553552EA0133701349
B1329414518643N00553554EA0133601348
B1329424518639N00553556EA0133501347
B1329434518635N00553558EA0133401346
B1329444518631N00553560EA0133201344
B1329454518626N00553562EA0133101343
B1329464518622N00553565EA0133001342
B1329474518618N00553567EA0132901341
B1329484518614N00553569EA0132801340
B1329494518610N00553572EA0132701339
B1329504518606N00553575EA0132601338
B1329514518602N00553577EA0132501337
B1329524518598N00553580EA0132401336
B1329534518594N00553582EA0132301335
B1329544518590N00553585EA0132201334
B1329554518586N00553587EA0132001332
B1329564518582N00553590EA0131901331
B1329574518577N00553592EA0131801330
B1329584518573N00553594EA0131701329
B1329594518569N00553597EA0131501327
B1330004518565N00553599EA0131401326
B1330014518561N00553601EA0131201324
B1330024518557N00553604EA0131001322
B1330034518552N00553605EA0130901321
B1330044518548N00553607EA0130801320
B1330054518544N00553609EA0130701319
B1330064518540N00553610EA0130601318
B1330074518535N00553612EA0130501317
B1330084518531N00553613EA0130301315
B1330094518527N00553614EA0130101313
B1330104518522N00553616EA0130001312
B1330114518518N00553618EA0129901311
B1330124518514N00553619EA0129701309
B1330134518509N00553621EA0129601308
B1330144518505N00553623EA0129501307
B1330154518501N00553625EA0129301305
B1330164518497N00553627EA0129201304
B1330174518492N00553629EA0129101303
B1330184518488N00553631EA0129001302
B1330194518484N00553632EA0128901301
B1330204518480N00553634EA0128801300
B1330214518475N00553636EA0128701299
B1330224518471N00553638EA0128601298
B1330234518467N00553640EA0128401296
B1330244518463N00553642EA0128401296
B1330254518458N00553643EA0128301295
B1330264518454N00553644EA0128301295
B1330274518450N00553646EA0128201294
B1330284518446N00553648EA0128101293
B1330294518441N00553650EA0128001292
B1330304518437N00553652EA0127801290
B1330314518433N00553653EA0127701289
B1330324518428N00553655EA0127501287
B1330334518424N00553656EA0127401286
B1330344518420N00553658EA0127301285
B1330354518415N00553659EA0127201284
B1330364518411N00553660EA0127101283
B1330374518407N00553662EA0127001282
B1330384518402N00553663EA0126901281
B1330394518398N00553664EA0126701279
B1330404518394N00553666EA0126601278
B1330414518389N00553667EA0126601278
B1330424518385N00553668EA0126501277
B1330434518380N00553669EA0126501277
B1330444518376N00553670EA0126301275
B1330454518372N00553671EA0126201274
B1330464518367N00553672EA0126001272
B1330474518363N00553673EA0125801270
B1330484518358N00553674EA0125801270
B1330494518354N00553675EA0125701269
B1330504518350N00553676EA0125601268
B1330514518345N00553678EA0125601268
B1330524518341N00553679EA0125501267
B1330534518337N00553680EA0125401266
B1330544518332N00553682EA0125301265
B1330554518328N00553683EA0125301265
B1330564518324N00553685EA0125201264
B1330574518319N00553686EA0125001262
B1330584518315N00553688EA0124801260
B1330594518311N00553689EA0124701259
B1331004518306N00553690EA0124701259
B1331014518302N00553692EA0124501257
B1331024518298N00553693EA0124401256
B1331034518293N00553694EA0124301255
B1331044518289N00553696EA0124201254
B1331054518284N00553697EA0124001252
B1331064518281N00553696EA0124201254
B1331074518277N00553693EA0124501257
B1331084518274N00553688EA0124701259
B1331094518272N00553682EA0125001262
B1331104518272N00553674EA0125301265
B1331114518273N00553667EA0125601268
B1331124518275N00553660EA0125801270
B1331134518279N00553654EA0126001272
B1331144518283N00553649EA0126201274
B1331154518289N00553646EA0126401276
B1331164518295N00553645EA0126901281
B1331174518300N00553646EA0127101283
B1331184518305N00553649EA0127401286
B1331194518309N00553654EA0127701289
B1331204518312N00553660EA0128001292
B1331214518314N00553666EA0128401296
B1331224518314N00553672EA0128601298
B1331234518312N00553678EA0128801300
B1331244518310N00553683EA0129101303
B1331254518307N00553685EA0129301305
B1331264518303N00553686EA0129601308
B1331274518299N00553685EA0129701309
B1331284518295N00553682EA0130101313
B1331294518292N00553677EA0130101313
B1331304518291N00553670EA0130501317
B1331314518290N00553663EA0130801320
B1331324518291N00553656EA0131201324
B1331334518294N00553649EA0131501327
B1331344518297N00553643EA0131801330
B1331354518302N00553638EA0132101333
B1331364518308N00553635EA0132401336
B1331374518313N00553635EA0132701339
B1331384518319N00553636EA0132901341
B1331394518324N00553639EA0133101343
B1331404518328N00553644EA0133301345
B1331414518331N00553649EA0133601348
B1331424518332N00553656EA0133801350
B1331434518332N00553662EA0134101353
B1331444518331N00553668EA0134301355
B1331454518328N00553672EA0134601358
B1331464518325N00553675EA0134801360
B1331474518321N00553675EA0135001362
B1331484518317N00553674EA0135301365
B1331494518313N00553671EA0135601368
B1331504518311N00553666EA0135801370
B1331514518309N00553659EA0136001372
B1331524518309N00553652EA0136201374
B1331534518310N00553645EA0136501377
B1331544518312N00553638EA0136901381
B1331554518316N00553632EA0137101383
B1331564518321N00553627EA0137401386
B1331574518326N00553624EA0137701389
B1331584518332N00553624EA0137901391
B1331594518338N00553625EA0138301395
B1332004518343N00553628EA0138601398
B1332014518346N00553633EA0138801400
B1332024518349N00553639EA0139001402
B1332034518351N00553645EA0139301405
B1332044518350N00553652EA0139501407
B1332054518349N00553657EA0139801410
B1332064518346N00553661EA0140101413
B1332074518343N00553664EA0140401416
B1332084518339N00553665EA0140601418
B1332094518335N00553663EA0140901421
B1332104518332N00553660EA0141101423
B1332114518329N00553655EA0141401426
B1332124518327N00553648EA0141701429
B1332134518327N00553641EA0141801430
B1332144518328N00553634EA0142101433
B1332154518331N00553627EA0142301435
B1332164518335N00553621EA0142601438
B1332174518340N00553616EA0143001442
B1332184518345N00553614EA0143301445
B1332194518351N00553613EA0143601448
B1332204518356N00553615EA0143901451
B1332214518361N00553618EA0144201454
B1332224518365N00553623EA0144601458
B1332234518368N00553629EA0144801460
B1332244518369N00553635EA0145001462
B1332254518369N00553641EA0145301465
B1332264518367N00553647EA0145701469
B1332274518365N00553651EA0145901471
B1332284518361N00553653EA0146201474
B1332294518357N00553654EA0146601478
B1332304518353N00553652EA0146801480
B1332314518350N00553649EA0147101483
B1332324518347N00553644EA0147401486
B1332334518346N00553637EA0147601488
B1332344518345N00553630EA0147801490
B1332354518347N00553622EA0148101493
B1332364518349N00553615EA0148401496
B1332374518353N00553610EA0148601498
B1332384518358N00553605EA0149001502
B1332394518364N00553603EA0149301505
B1332404518369N00553602EA0149601508
B1332414518375N00553604EA0149901511
B1332424518380N00553607EA0150201514
B1332434518384N00553612EA0150501517
B1332444518386N00553618EA0150701519
B1332454518387N00553625EA0151101523
B1332464518387N00553631EA0151401526
B1332474518386N00553636EA0151701529
B1332484518383N00553640EA0151901531
B1332494518379N00553643EA0152201534
B1332504518375N00553643EA0152401536
B1332514518371N00553641EA0152801540
B1332524518368N00553638EA0153001542
B1332534518365N00553632EA0153201544
B1332544518364N00553626EA0153501547
B1332554518364N00553619EA0153801550
B1332564518365N00553611EA0154001552
B1332574518368N00553604EA0154301555
B1332584518372N00553599EA0154601558
B1332594518377N00553594EA0154801560
B1333004518382N00553592EA0155101563
B1333014518388N00553592EA0155501567
B1333024518394N00553593EA0155801570
B1333034518398N00553597EA0156101573
B1333044518402N00553602EA0156301575
B1333054518405N00553608EA0156701579
B1333064518406N00553614EA0157001582
B1333074518405N00553620EA0157301585
B1333084518404N00553626EA0157601588
B1333094518401N00553630EA0157901591
B1333104518397N00553632EA0158101593
B1333114518393N00553632EA0158301595
B1333124518390N00553630EA0158601598
B1333134518386N00553627EA0159001602
B1333144518384N00553621EA0159301605
B1333154518382N00553615EA0159701609
B1333164518382N00553607EA0159801610
B1333174518384N00553600EA0160101613
B1333184518387N00553593EA0160401616
B1333194518391N00553588EA0160701619
B1333204518396N00553583EA0161001622
B1333214518401N00553581EA0161201624
B1333224518407N00553581EA0161501627
B1333234518412N00553583EA0161901631
B1333244518417N00553586EA0162101633
B1333254518421N00553591EA0162401636
B1333264518423N00553597EA0162801640
B1333274518424N00553604EA0163101643
B1333284518424N00553610EA0163301645
B1333294518422N00553615EA0163701649
B1333304518419N00553619EA0163901651
B1333314518416N00553621EA0164201654
B1333324518412N00553621EA0164401656
B1333334518408N00553620EA0164601658
B1333344518404N00553616EA0164901661
B1333354518402N00553610EA0165101663
B1333364518401N00553604EA0165401666
B1333374518401N00553596EA0165601668
B1333384518402N00553589EA0165901671
B1333394518405N00553582EA0166101673
B1333404518409N00553577EA0166401676
B1333414518414N00553572EA0166601678
B1333424518420N00553570EA0166801680
B1333434518426N00553570EA0167001682
B1333444518431N00553572EA0167301685
B1333454518436N00553576EA0167601688
B1333464518439N00553581EA0168001692
B1333474518442N00553587EA0168201694
B1333484518443N00553593EA0168501697
B1333494518442N00553600EA0168801700
B1333504518440N00553605EA0169001702
B1333514518437N00553609EA0169301705
B1333524518434N00553611EA0169601708
B1333534518430N00553611EA0169901711
B1333544518426N00553609EA0170201714
B1333554518423N00553605EA0170401716
B1333564518420N00553599EA0170801720
B1333574518419N00553592EA0171101723
B1333584518418N00553585EA0171001722
B1333594518416N00553578EA0170901721
B1334004518415N00553570EA0170801720
B1334014518414N00553563EA0170701719
B1334024518412N00553555EA0170601718
B1334034518411N00553548EA0170501717
B1334044518410N00553540EA0170401716
B1334054518408N00553532EA0170301715
B1334064518407N00553525EA0170201714
B1334074518406N00553517EA0170101713
B1334084518405N00553509EA0170001712
B1334094518405N00553502EA0169901711
B1334104518403N00553494EA0169801710
B1334114518402N00553486EA0169701709
B1334124518401N00553479EA0169601708
B1334134518400N00553471EA0169501707
B1334144518399N00553463EA0169301705
B1334154518398N00553456EA0169201704
B1334164518396N00553448EA0169101703
B1334174518395N00553441EA0168901701
B1334184518394N00553433EA0168801700
B1334194518393N00553426EA0168701699
B1334204518391N00553418EA0168501697
B1334214518390N00553410EA0168401696
B1334224518389N00553403EA0168301695
B1334234518388N00553395EA0168201694
B1334244518387N00553388EA0168101693
B1334254518385N00553380EA0168001692
B1334264518384N00553373EA0167901691
B1334274518383N00553365EA0167801690
B1334284518381N00553358EA0167601688
B1334294518379N00553351EA0167501687
B1334304518378N00553343EA0167401686
B1334314518376N00553336EA0167301685
B1334324518375N00553329EA0167201684
B1334334518373N00553321EA0167001682
B1334344518371N00553314EA0166901681
B1334354518370N00553307EA0166801680
B1334364518368N00553299EA0166701679
B1334374518367N00553292EA0166601678
B1334384518365N00553284EA0166401676
B1334394518364N00553277EA0166301675
B1334404518362N00553270EA0166201674
B1334414518361N00553262EA0166101673
B1334424518359N00553255EA0166001672
B1334434518357N00553248EA0165901671
B1334444518355N00553241EA0165801670
B1334454518353N00553234EA0165701669
B1334464518351N00553227EA0165601668
B1334474518350N00553220EA0165501667
B1334484518348N00553212EA0165301665
B1334494518347N00553205EA0165201664
B1334504518345N00553197EA0165201664
B1334514518344N00553190EA0165101663
B1334524518343N00553182EA0165001662
B1334534518342N00553175EA0164901661
B1334544518340N00553167EA0164801660
B1334554518339N00553160EA0164801660
B1334564518338N00553152EA0164601658
B1334574518337N00553144EA0164501657
B1334584518336N00553137EA0164401656
B1334594518334N00553129EA0164201654
B1335004518333N00553122EA0164101653
B1335014518332N00553114EA0164001652
B1335024518331N00553106EA0163901651
B1335034518330N00553098EA0163801650
B1335044518330N00553091EA0163701649
B1335054518329N00553083EA0163601648
B1335064518328N00553075EA0163401646
B1335074518327N00553067EA0163301645
B1335084518326N00553060EA0163201644
B1335094518326N00553052EA0163101643
B1335104518325N00553044EA0162901641
B1335114518324N00553036EA0162801640
B1335124518323N00553028EA0162701639
B1335134518323N00553020EA0162601638
B1335144518322N00553013EA0162501637
B1335154518321N00553005EA0162401636
B1335164518320N00552997EA0162301635
B1335174518319N00552989EA0162201634
B1335184518318N00552982EA0162101633
B1335194518317N00552974EA0161901631
B1335204518316N00552966EA0161801630
B1335214518315N00552958EA0161601628
B1335224518314N00552951EA0161501627
B1335234518314N00552943EA0161301625
B1335244518313N00552935EA0161201624
B1335254518312N00552928EA0161201624
B1335264518311N00552920EA0161101623
B1335274518310N00552912EA0161101623
B1335284518309N00552904EA0161001622
B1335294518308N00552896EA0160801620
B1335304518307N00552889EA0160701619
B1335314518307N00552881EA0160601618
B1335324518306N00552873EA0160501617
B1335334518306N00552865EA0160301615
B1335344518305N00552857EA0160201614
B1335354518305N00552849EA0160101613
B1335364518304N00552841EA0159901611
B1335374518304N00552833EA0159901611
B1335384518303N00552825EA0159701609
B1335394518303N00552817EA0159701609
B1335404518302N00552809EA0159501607
B1335414518302N00552802EA0159301605
B1335424518302N00552794EA0159301605
B1335434518301N00552786EA0159201604
B1335444518301N00552778EA0159101603
B1335454518301N00552770EA0158901601
B1335464518300N00552762EA0158901601
B1335474518300N00552754EA0158801600
B1335484518300N00552746EA0158601598
B1335494518300N00552738EA0158501597
B1335504518299N00552730EA0158401596
B1335514518299N00552722EA0158201594
B1335524518299N00552714EA0158201594
B1335534518299N00552706EA0158001592
B1335544518298N00552698EA0157901591
B1335554518298N00552690EA0157801590
B1335564518298N00552682EA0157701589
B1335574518297N00552674EA0157701589
B1335584518297N00552666EA0157501587
B1335594518296N00552658EA0157401586
B1336004518296N00552650EA0157301585
B1336014518295N00552642EA0157201584
B1336024518295N00552634EA0157101583
B1336034518294N00552626EA0157001582
B1336044518294N00552618EA0156901581
B1336054518293N00552610EA0156801580
B1336064518292N00552603EA0156701579
B1336074518291N00552595EA0156601578
B1336084518290N00552587EA0156401576
B1336094518289N00552580EA0156301575
B1336104518288N00552572EA0156201574
B1336114518287N00552564EA0156101573
B1336124518286N00552556EA0156001572
B1336134518285N00552549EA0155801570
B1336144518284N00552541EA0155701569
B1336154518283N00552533EA0155501567
B1336164518282N00552526EA0155501567
B1336174518281N00552518EA0155401566
B1336184518281N00552510EA0155401566
B1336194518280N00552502EA0155201564
B1336204518279N00552495EA0155101563
B1336214518278N00552487EA0154901561
B1336224518277N00552479EA0154801560
B1336234518276N00552471EA0154701559
B1336244518275N00552463EA0154601558
B1336254518275N00552456EA0154401556
B1336264518274N00552448EA0154301555
B1336274518273N00552440EA0154201554
B1336284518271N00552433EA0154101553
B1336294518270N00552425EA0154001552
B1336304518269N00552417EA0153901551
B1336314518268N00552410EA0153701549
B1336324518268N00552403EA0153801550
B1336334518270N00552395EA0154101553
B1336344518273N00552389EA0154201554
B1336354518278N00552383EA0154301555
B1336364518283N00552380EA0154501557
B1336374518288N00552378EA0154601558
B1336384518294N00552378EA0154901561
B1336394518299N00552381EA0155001562
B1336404518304N00552385EA0155101563
B1336414518307N00552390EA0155301565
B1336424518309N00552396EA0155401566
B1336434518310N00552403EA0155601568
B1336444518309N00552409EA0155801570
B1336454518307N00552414EA0155801570
B1336464518304N00552417EA0156101573
B1336474518300N00552419EA0156101573
B1336484518296N00552418EA0156401576
B1336494518293N00552416EA0156501577
B1336504518289N00552412EA0156701579
B1336514518287N00552406EA0156901581
B1336524518286N00552399EA0157101583
B1336534518287N00552391EA0157201584
B1336544518289N00552384EA0157401586
B1336554518292N00552378EA0157601588
B1336564518296N00552372EA0157901591
B1336574518301N00552369EA0157901591
B1336584518307N00552367EA0158201594
B1336594518313N00552368EA0158301595
B1337004518318N00552370EA0158401596
B1337014518323N00552374EA0158601598
B1337024518326N00552380EA0158801600
B1337034518328N00552386EA0159001602
B1337044518328N00552392EA0159201604
B1337054518327N00552398EA0159401606
B1337064518325N00552403EA0159701609
B1337074518322N00552406EA0159801610
B1337084518318N00552408EA0160001612
B1337094518314N00552407EA0160301615
B1337104518311N00552405EA0160501617
B1337114518308N00552400EA0160601618
B1337124518305N00552395EA0160701619
B1337134518305N00552388EA0160901621
B1337144518305N00552380EA0161201624
B1337154518307N00552373EA0161401626
B1337164518310N00552367EA0161601628
B1337174518315N00552361EA0161801630
B1337184518320N00552358EA0162001632
B1337194518326N00552356EA0162301635
B1337204518332N00552357EA0162601638
B1337214518337N00552360EA0162701639
B1337224518341N00552364EA0162801640
B1337234518344N00552369EA0163001642
B1337244518346N00552376EA0163101643
B1337254518347N00552382EA0163201644
B1337264518346N00552388EA0163301645
B1337274518344N00552393EA0163401646
B1337284518340N00552396EA0163601648
B1337294518337N00552397EA0163701649
B1337304518333N00552397EA0164001652
B1337314518329N00552394EA0164201654
B1337324518326N00552389EA0164401656
B1337334518324N00552383EA0164701659
B1337344518323N00552376EA0165001662
B1337354518324N00552369EA0165001662
B1337364518326N00552362EA0165101663
B1337374518329N00552355EA0165301665
B1337384518334N00552350EA0165501667
B1337394518339N00552347EA0165801670
B1337404518345N00552346EA0166001672
B1337414518350N00552346EA0166201674
B1337424518355N00552349EA0166401676
B1337434518360N00552353EA0166501677
B1337444518363N00552359EA0166701679
B1337454518365N00552365EA0166801680
B1337464518365N00552372EA0167001682
B1337474518364N00552377EA0167101683
B1337484518362N00552382EA0167401686
B1337494518359N00552385EA0167701689
B1337504518355N00552387EA0167901691
B1337514518351N00552386EA0168001692
B1337524518347N00552383EA0168201694
B1337534518344N00552378EA0168501697
B1337544518342N00552372EA0168801700
B1337554518341N00552365EA0168901701
B1337564518342N00552358EA0169201704
B1337574518344N00552351EA0169401706
B1337584518348N00552344EA0169401706
B1337594518352N00552339EA0169501707
B1338004518358N00552336EA0169701709
B1338014518363N00552335EA0169901711
B1338024518369N00552336EA0170101713
B1338034518374N00552339EA0170201714
B1338044518378N00552343EA0170401716
B1338054518381N00552349EA0170601718
B1338064518383N00552355EA0170801720
B1338074518383N00552361EA0170901721
B1338084518382N00552367EA0171201724
B1338094518380N00552372EA0171401726
B1338104518377N00552375EA0171701729
B1338114518373N00552376EA0171801730
B1338124518369N00552375EA0172001732
B1338134518365N00552372EA0172201734
B1338144518362N00552367EA0172401736
B1338154518360N00552361EA0172501737
B1338164518360N00552354EA0172701739
B1338174518361N00552347EA0173001742
B1338184518363N00552340EA0173301745
B1338194518366N00552333EA0173501747
B1338204518371N00552328EA0173501747
B1338214518376N00552325EA0173701749
B1338224518382N00552324EA0173901751
B1338234518388N00552325EA0174101753
B1338244518393N00552328EA0174401756
B1338254518397N00552332EA0174601758
B1338264518400N00552338EA0174801760
B1338274518402N00552344EA0175101763
B1338284518402N00552351EA0175301765
B1338294518401N00552356EA0175601768
B1338304518398N00552361EA0175601768
B1338314518395N00552364EA0175801770
B1338324518391N00552365EA0175901771
B1338334518387N00552364EA0176101773
B1338344518384N00552361EA0176301775
B1338354518381N00552356EA0176401776
B1338364518379N00552350EA0176801780
B1338374518378N00552343EA0177101783
B1338384518379N00552336EA0177301785
B1338394518381N00552328EA0177501787
B1338404518385N00552322EA0177601788
B1338414518390N00552317EA0177901791
B1338424518395N00552314EA0178101793
B1338434518401N00552313EA0178301795
B1338444518406N00552314EA0178501797
B1338454518411N00552317EA0178701799
B1338464518416N00552322EA0178901801
B1338474518419N00552328EA0179101803
B1338484518420N00552334EA0179201804
B1338494518420N00552340EA0179501807
B1338504518419N00552346EA0179701809
B1338514518416N00552351EA0180001812
B1338524518413N00552353EA0180101813
B1338534518409N00552354EA0180301815
B1338544518405N00552353EA0180601818
B1338554518402N00552350EA0180801820
B1338564518399N00552345EA0181101823
B1338574518397N00552339EA0181201824
B1338584518397N00552332EA0181501827
B1338594518398N00552324EA0181801830
B1339004518400N00552317EA0181901831
B1339014518404N00552311EA0182101833
B1339024518408N00552307EA0182301835
B1339034518414N00552304EA0182501837
B1339044518419N00552303EA0182601838
B1339054518425N00552304EA0182901841
B1339064518430N00552307EA0183101843
B1339074518434N00552312EA0183301845
B1339084518437N00552317EA0183401846
B1339094518439N00552324EA0183701849
B1339104518439N00552330EA0183901851
B1339114518437N00552336EA0184101853
B1339124518435N00552340EA0184101853
B1339134518431N00552343EA0184401856
B1339144518427N00552344EA0184601858
B1339154518424N00552342EA0184801860
B1339164518420N00552339EA0185001862
B1339174518417N00552334EA0185201864
B1339184518415N00552328EA0185401866
B1339194518415N00552321EA0185601868
B1339204518416N00552313EA0185901871
B1339214518418N00552306EA0186101873
B1339224518422N00552300EA0186301875
B1339234518427N00552296EA0186501877
B1339244518432N00552293EA0186601878
B1339254518438N00552292EA0186901881
B1339264518444N00552293EA0187101883
B1339274518449N00552296EA0187301885
B1339284518453N00552301EA0187501887
B1339294518456N00552307EA0187701889
B1339304518457N00552313EA0187901891
B1339314518457N00552320EA0188101893
B1339324518456N00552325EA0188401896
B1339334518453N00552329EA0188601898
B1339344518450N00552332EA0188801900
B1339354518446N00552333EA0189001902
B1339364518442N00552332EA0189201904
B1339374518438N00552328EA0189401906
B1339384518435N00552323EA0189601908
B1339394518434N00552317EA0189801910
B1339404518433N00552310EA0190101913
B1339414518434N00552302EA0190401916
B1339424518437N00552295EA0190601918
B1339434518441N00552289EA0190701919
B1339444518446N00552285EA0190901921
B1339454518451N00552282EA0191201924
B1339464518457N00552281EA0191601928
B1339474518462N00552283EA0191801930
B1339484518467N00552286EA0192001932
B1339494518471N00552291EA0192201934
B1339504518474N00552297EA0192401936
B1339514518475N00552303EA0192501937
B1339524518475N00552309EA0192701939
B1339534518475N00552316EA0192601938
B1339544518475N00552323EA0192601938
B1339554518475N00552330EA0192501937
B1339564518475N00552337EA0192401936
B1339574518475N00552344EA0192301935
B1339584518475N00552351EA0192201934
B1339594518474N00552358EA0192101933
B1340004518474N00552365EA0192001932
B1340014518475N00552372EA0191901931
B1340024518475N00552379EA0191701929
B1340034518475N00552387EA0191601928
B1340044518475N00552394EA0191501927
B1340054518475N00552401EA0191301925
B1340064518475N00552408EA0191201924
B1340074518475N00552415EA0191101923
B1340084518476N00552422EA0191001922
B1340094518476N00552429EA0190801920
B1340104518476N00552436EA0190701919
B1340114518476N00552443EA0190601918
B1340124518476N00552450EA0190501917
B1340134518477N00552457EA0190401916
B1340144518477N00552464EA0190301915
B1340154518478N00552472EA0190201914
B1340164518478N00552479EA0190101913
B1340174518479N00552486EA0189901911
B1340184518479N00552493EA0189801910
B1340194518480N00552500EA0189601908
B1340204518480N00552507EA0189501907
B1340214518481N00552514EA0189401906
B1340224518482N00552522EA0189401906
B1340234518482N00552529EA0189301905
B1340244518482N00552536EA0189101903
B1340254518483N00552543EA0189001902
B1340264518483N00552550EA0188901901
B1340274518483N00552557EA0188801900
B1340284518484N00552564EA0188701899
B1340294518484N00552571EA0188601898
B1340304518484N00552578EA0188501897
B1340314518484N00552586EA0188401896
B1340324518484N00552593EA0188301895
B1340334518484N00552600EA0188201894
B1340344518484N00552607EA0188101893
B1340354518484N00552614EA0187901891
B1340364518484N00552621EA0187901891
B1340374518485N00552628EA0187701889
B1340384518485N00552635EA0187601888
B1340394518486N00552642EA0187501887
B1340404518486N00552649EA0187301885
B1340414518486N00552656EA0187201884
B1340424518487N00552664EA0187101883
B1340434518487N00552671EA0186901881
B1340444518487N00552678EA0186901881
B1340454518488N00552685EA0186801880
B1340464518488N00552692EA0186801880
B1340474518488N00552699EA0186701879
B1340484518488N00552706EA0186601878
B1340494518488N00552713EA0186401876
B1340504518487N00552720EA0186301875
B1340514518487N00552727EA0186201874
B1340524518487N00552734EA0186001872
B1340534518487N00552741EA0186001872
B1340544518487N00552748EA0185901871
B1340554518487N00552755EA0185701869
B1340564518487N00552762EA0185601868
B1340574518487N00552769EA0185501867
B1340584518487N00552776EA0185401866
B1340594518488N00552783EA0185301865
B1341004518488N00552791EA0185201864
B1341014518489N00552798EA0185201864
B1341024518489N00552805EA0185001862
B1341034518489N00552812EA0185001862
B1341044518490N00552819EA0184901861
B1341054518490N00552826EA0184801860
B1341064518491N00552833EA0184701859
B1341074518491N00552840EA0184601858
B1341084518492N00552848EA0184501857
B1341094518492N00552855EA0184401856
B1341104518492N00552862EA0184301855
B1341114518493N00552869EA0184201854
B1341124518493N00552876EA0184001852
B1341134518493N00552883EA0184001852
B1341144518492N00552890EA0183901851
B1341154518492N00552897EA0183801850
B1341164518492N00552904EA0183701849
B1341174518492N00552911EA0183501847
B1341184518491N00552918EA0183401846
B1341194518491N00552925EA0183301845
B1341204518490N00552932EA0183101843
B1341214518490N00552938EA0183001842
B1341224518489N00552945EA0182801840
B1341234518489N00552952EA0182701839
B1341244518488N00552959EA0182601838
B1341254518488N00552966EA0182501837
B1341264518488N00552973EA0182401836
B1341274518487N00552980EA0182301835
B1341284518486N00552986EA0182401836
B1341294518483N00552990EA0182501837
B1341304518480N00552992EA0182701839
B1341314518476N00552993EA0182801840
B1341324518472N00552991EA0182901841
B1341334518468N00552988EA0183101843
B1341344518466N00552983EA0183201844
B1341354518464N00552976EA0183401846
B1341364518464N00552969EA0183501847
B1341374518465N00552962EA0183701849
B1341384518468N00552955EA0184001852
B1341394518472N00552949EA0184201854
B1341404518477N00552944EA0184401856
B1341414518482N00552942EA0184501857
B1341424518488N00552941EA0184801860
B1341434518493N00552943EA0185001862
B1341444518498N00552946EA0185201864
B1341454518502N00552951EA0185401866
B1341464518505N00552957EA0185401866
B1341474518506N00552964EA0185701869
B1341484518506N00552970EA0185901871
B1341494518504N00552975EA0186101873
B1341504518502N00552979EA0186301875
B1341514518498N00552982EA0186401876
B1341524518494N00552982EA0186601878
B1341534518490N00552981EA0186801880
B1341544518487N00552977EA0186801880
B1341554518484N00552972EA0186901881
B1341564518483N00552965EA0187101883
B1341574518482N00552958EA0187101883
B1341584518484N00552951EA0187301885
B1341594518486N00552944EA0187501887
B1342004518490N00552938EA0187601888
B1342014518495N00552933EA0187801890
B1342024518501N00552931EA0187901891
B1342034518507N00552931EA0188001892
B1342044518512N00552932EA0188201894
B1342054518517N00552936EA0188501897
B1342064518521N00552941EA0188601898
B1342074518523N00552947EA0188901901
B1342084518524N00552953EA0189101903
B1342094518524N00552959EA0189401906
B1342104518522N00552965EA0189501907
B1342114518520N00552969EA0189701909
B1342124518516N00552971EA0189901911
B1342134518512N00552971EA0190001912
B1342144518508N00552970EA0190301915
B1342154518505N00552966EA0190401916
B1342164518502N00552961EA0190601918
B1342174518501N00552954EA0190701919
B1342184518501N00552947EA0190901921
B1342194518502N00552939EA0191101923
B1342204518505N00552933EA0191301925
B1342214518509N00552927EA0191401926
B1342224518514N00552923EA0191601928
B1342234518520N00552920EA0191701929
B1342244518525N00552920EA0191801930
B1342254518531N00552922EA0191901931
B1342264518536N00552925EA0192001932
B1342274518539N00552930EA0192201934
B1342284518542N00552936EA0192401936
B1342294518543N00552943EA0192601938
B1342304518542N00552949EA0192801940
B1342314518541N00552954EA0192901941
B1342324518538N00552958EA0193101943
B1342334518534N00552960EA0193101943
B1342344518530N00552961EA0193301945
B1342354518527N00552959EA0193601948
B1342364518523N00552955EA0193901951
B1342374518521N00552950EA0194101953
B1342384518519N00552943EA0194301955
B1342394518519N00552936EA0194501957
B1342404518521N00552928EA0194601958
B1342414518524N00552921EA0194901961
B1342424518528N00552916EA0195001962
B1342434518533N00552912EA0195101963
B1342444518538N00552909EA0195301965
B1342454518544N00552909EA0195601968
B1342464518550N00552911EA0195801970
B1342474518554N00552915EA0196001972
B1342484518558N00552920EA0196101973
B1342494518560N00552926EA0196301975
B1342504518561N00552932EA0196401976
B1342514518561N00552938EA0196601978
B1342524518559N00552944EA0196801980
B1342534518556N00552948EA0197001982
B1342544518553N00552950EA0197201984
B1342554518549N00552950EA0197401986
B1342564518545N00552948EA0197701989
B1342574518541N00552944EA0197901991
B1342584518539N00552938EA0198001992
B1342594518538N00552932EA0198301995
B1343004518538N00552924EA0198401996
B1343014518539N00552917EA0198501997
B1343024518542N00552910EA0198701999
B1343034518546N00552905EA0198902001
B1343044518551N00552901EA0199102003
B1343054518557N00552899EA0199402006
B1343064518563N00552899EA0199502007
B1343074518568N00552901EA0199702009
B1343084518573N00552904EA0200002012
B1343094518576N00552910EA0200202014
B1343104518579N00552916EA0200402016
B1343114518580N00552922EA0200602018
B1343124518579N00552928EA0200702019
B1343134518577N00552933EA0200902021
B1343144518574N00552937EA0201102023
B1343154518571N00552939EA0201202024
B1343164518567N00552939EA0201502027
B1343174518563N00552937EA0201702029
B1343184518560N00552933EA0201902031
B1343194518557N00552927EA0202102033
B1343204518556N00552921EA0202302035
B1343214518556N00552913EA0202402036
B1343224518558N00552906EA0202502037
B1343234518561N00552899EA0202702039
B1343244518565N00552894EA0202902041
B1343254518570N00552890EA0203102043
B1343264518576N00552888EA0203202044
B1343274518581N00552888EA0203402046
B1343284518587N00552890EA0203502047
B1343294518591N00552894EA0203702049
B1343304518595N00552899EA0203902051
B1343314518597N00552905EA0204102053
B1343324518598N00552912EA0204302055
B1343334518597N00552918EA0204402056
B1343344518596N00552923EA0204602058
B1343354518593N00552926EA0204802060
B1343364518589N00552928EA0205102063
B1343374518585N00552928EA0205202064
B1343384518581N00552926EA0205402066
B1343394518578N00552922EA0205602068
B1343404518575N00552916EA0205802070
B1343414518574N00552909EA0206002072
B1343424518575N00552902EA0206302075
B1343434518576N00552895EA0206502077
B1343444518579N00552888EA0206602078
B1343454518584N00552883EA0206802080
B1343464518589N00552879EA0206902081
B1343474518595N00552877EA0207002082
B1343484518600N00552877EA0207302085
B1343494518606N00552879EA0207502087
B1343504518610N00552883EA0207602088
B1343514518614N00552889EA0207702089
B1343524518616N00552895EA0207902091
B1343534518616N00552901EA0208002092
B1343544518616N00552907EA0208002092
B1343554518614N00552912EA0208202094
B1343564518611N00552916EA0208302095
B1343574518607N00552918EA0208602098
B1343584518603N00552917EA0208802100
B1343594518599N00552915EA0209002102
B1344004518596N00552911EA0209302105
B1344014518594N00552905EA0209402106
B1344024518593N00552898EA0209602108
B1344034518593N00552891EA0209802110
B1344044518595N00552884EA0210002112
B1344054518598N00552877EA0210202114
B1344064518602N00552872EA0210402116
B1344074518608N00552868EA0210702119
B1344084518613N00552866EA0210902121
B1344094518619N00552867EA0210902121
B1344104518624N00552869EA0211002122
B1344114518629N00552873EA0211202124
B1344124518632N00552878EA0211402126
B1344134518634N00552884EA0211502127
B1344144518635N00552891EA0211702129
B1344154518634N00552897EA0212002132
B1344164518632N00552902EA0212202134
B1344174518629N00552905EA0212302135
B1344184518625N00552907EA0212502137
B1344194518621N00552907EA0212802140
B1344204518617N00552904EA0213002142
B1344214518614N00552900EA0213102143
B1344224518612N00552894EA0213302145
B1344234518611N00552887EA0213602148
B1344244518612N00552880EA0213802150
B1344254518613N00552873EA0214202154
B1344264518617N00552866EA0214402156
B1344274518621N00552861EA0214602158
B1344284518626N00552857EA0214702159
B1344294518632N00552855EA0214902161
B1344304518638N00552856EA0214902161
B1344314518643N00552858EA0215002162
B1344324518647N00552862EA0215302165
B1344334518651N00552868EA0215602168
B1344344518653N00552874EA0215802170
B1344354518653N00552880EA0216002172
B1344364518652N00552886EA0216202174
B1344374518650N00552891EA0216402176
B1344384518647N00552895EA0216502177
B1344394518643N00552896EA0216602178
B1344404518639N00552896EA0216802180
B1344414518636N00552893EA0216902181
B1344424518633N00552889EA0217002182
B1344434518630N00552883EA0217202184
B1344444518629N00552876EA0217302185
B1344454518630N00552869EA0217502187
B1344464518632N00552861EA0217702189
B1344474518635N00552855EA0218002192
B1344484518640N00552850EA0218302195
B1344494518645N00552846EA0218502197
B1344504518651N00552845EA0218702199
B1344514518656N00552845EA0219102203
B1344524518662N00552848EA0219202204
B1344534518666N00552852EA0219302205
B1344544518669N00552857EA0219602208
B1344554518671N00552864EA0219802210
B1344564518672N00552870EA0219902211
B1344574518671N00552876EA0220202214
B1344584518669N00552881EA0220302215
B1344594518665N00552884EA0220402216
B1345004518662N00552886EA0220602218
B1345014518658N00552885EA0220802220
B1345024518654N00552882EA0220902221
B1345034518651N00552878EA0221002222
B1345044518649N00552872EA0221102223
B1345054518648N00552865EA0221302225
B1345064518648N00552857EA0221502227
B1345074518651N00552850EA0221602228
B1345084518654N00552844EA0221802230
B1345094518658N00552839EA0221802230
B1345104518664N00552835EA0222102233
B1345114518669N00552834EA0222202234
B1345124518675N00552835EA0222302235
B1345134518680N00552837EA0222502237
B1345144518685N00552841EA0222602238
B1345154518688N00552847EA0222902241
B1345164518690N00552853EA0223002242
B1345174518690N00552860EA0223202244
B1345184518689N00552865EA0223402246
B1345194518687N00552870EA0223602248
B1345204518684N00552873EA0223702249
B1345214518680N00552875EA0223902251
B1345224518676N00552874EA0224002252
B1345234518672N00552871EA0224202254
B1345244518669N00552867EA0224302255
B1345254518667N00552861EA0224402256
B1345264518666N00552854EA0224502257
B1345274518667N00552846EA0224702259
B1345284518669N00552839EA0224802260
B1345294518672N00552833EA0225102263
B1345304518677N00552828EA0225202264
B1345314518682N00552824EA0225402266
B1345324518688N00552823EA0225602268
B1345334518694N00552824EA0225802270
B1345344518699N00552827EA0225902271
B1345354518703N00552831EA0226102273
B1345364518706N00552837EA0226402276
B1345374518708N00552843EA0226602278
B1345384518708N00552849EA0226702279
B1345394518707N00552855EA0227002282
B1345404518705N00552860EA0227002282
B1345414518702N00552863EA0227102283
B1345424518698N00552864EA0227402286
B1345434518694N00552863EA0227702289
B1345444518690N00552860EA0227802290
B1345454518687N00552856EA0228202294
B1345464518685N00552850EA0228402296
B1345474518685N00552843EA0228502297
B1345484518685N00552835EA0228702299
B1345494518688N00552828EA0228802300
B1345504518691N00552822EA0229002302
B1345514518696N00552817EA0229302305
B1345524518701N00552811EA0229202304
B1345534518706N00552806EA0229102303
B1345544518711N00552800EA0228902301
B1345554518716N00552795EA0228802300
B1345564518721N00552790EA0228702299
B1345574518726N00552784EA0228602298
B1345584518731N00552778EA0228502297
B1345594518735N00552773EA0228302295
B1346004518740N00552767EA0228302295
B1346014518745N00552761EA0228202294
B1346024518750N00552756EA0228102293
B1346034518755N00552751EA0228002292
B1346044518760N00552745EA0227902291
B1346054518766N00552740EA0227802290
B1346064518771N00552735EA0227702289
B1346074518776N00552730EA0227502287
B1346084518781N00552725EA0227402286
B1346094518786N00552720EA0227302285
B1346104518792N00552715EA0227102283
B1346114518797N00552710EA0227002282
B1346124518802N00552705EA0226802280
B1346134518807N00552700EA0226702279
B1346144518812N00552694EA0226602278
B1346154518817N00552689EA0226502277
B1346164518822N00552683EA0226402276
B1346174518827N00552678EA0226302275
B1346184518832N00552672EA0226202274
B1346194518837N00552666EA0226102273
B1346204518842N00552661EA0226002272
B1346214518847N00552656EA0225802270
B1346224518852N00552650EA0225602268
B1346234518857N00552644EA0225602268
B1346244518862N00552639EA0225502267
B1346254518867N00552633EA0225402266
B1346264518872N00552628EA0225302265
B1346274518877N00552622EA0225202264
B1346284518882N00552617EA0225202264
B1346294518887N00552612EA0225002262
B1346304518892N00552607EA0225002262
B1346314518897N00552602EA0224902261
B1346324518903N00552597EA0224802260
B1346334518908N00552592EA0224702259
B1346344518913N00552587EA0224702259
B1346354518919N00552582EA0224602258
B1346364518924N00552577EA0224402256
B1346374518929N00552573EA0224302255
B1346384518934N00552568EA0224202254
B1346394518940N00552563EA0224102253
B1346404518945N00552558EA0223902251
B1346414518950N00552553EA0223802250
B1346424518956N00552548EA0223702249
B1346434518961N00552543EA0223602248
B1346444518966N00552538EA0223502247
B1346454518971N00552533EA0223402246
B1346464518976N00552527EA0223402246
B1346474518981N00552522EA0223302245
B1346484518987N00552517EA0223202244
B1346494518992N00552512EA0223102243
B1346504518997N00552506EA0222902241
B1346514519002N00552501EA0222802240
B1346524519007N00552495EA0222702239
B1346534519012N00552490EA0222602238
B1346544519017N00552484EA0222502237
B1346554519022N00552479EA0222402236
B1346564519027N00552473EA0222302235
B1346574519032N00552468EA0222202234
B1346584519037N00552463EA0222202234
B1346594519042N00552458EA0222002232
B1347004519047N00552453EA0221902231
B1347014519052N00552447EA0221902231
B1347024519057N00552442EA0221802230
B1347034519063N00552437EA0221602228
B1347044519068N00552432EA0221502227
B1347054519073N00552428EA0221402226
B1347064519079N00552423EA0221302225
B1347074519084N00552418EA0221102223
B1347084519089N00552413EA0221002222
B1347094519095N00552408EA0220902221
B1347104519100N00552404EA0220802220
B1347114519106N00552399EA0220702219
B1347124519111N00552395EA0220602218
B1347134519117N00552390EA0220502217
B1347144519122N00552386EA0220402216
B1347154519128N00552382EA0220302215
B1347164519133N00552377EA0220202214
B1347174519139N00552373EA0220102213
B1347184519145N00552369EA0220102213
B1347194519150N00552365EA0219902211
B1347204519156N00552360EA0219802210
B1347214519161N00552356EA0219802210
B1347224519167N00552352EA0219602208
B1347234519172N00552348EA0219502207
B1347244519178N00552343EA0219402206
B1347254519183N00552338EA0219202204
B1347264519189N00552334EA0219102203
B1347274519194N00552329EA0219002202
B1347284519199N00552324EA0218902201
B1347294519205N00552319EA0218802200
B1347304519210N00552314EA0218802200
B1347314519215N00552309EA0218702199
B1347324519220N00552303EA0218602198
B1347334519225N00552298EA0218402196
B1347344519230N00552293EA0218302195
B1347354519236N00552288EA0218202194
B1347364519241N00552283EA0218002192
B1347374519246N00552279EA0217902191
B1347384519252N00552274EA0217802190
B1347394519257N00552270EA0217602188
B1347404519263N00552265EA0217502187
B1347414519268N00552261EA0217402186
B1347424519274N00552256EA0217302185
B1347434519279N00552252EA0217202184
B1347444519285N00552247EA0217002182
B1347454519290N00552242EA0216902181
B1347464519295N00552237EA0216802180
B1347474519300N00552232EA0216702179
B1347484519306N00552227EA0216702179
B1347494519311N00552222EA0216602178
B1347504519316N00552216EA0216402176
B1347514519321N00552211EA0216302175
B1347524519326N00552206EA0216102173
B1347534519331N00552201EA0216002172
B1347544519337N00552196EA0216002172
B1347554519342N00552191EA0215902171
B1347564519347N00552186EA0215802170
B1347574519352N00552181EA0215702169
B1347584519358N00552176EA0215702169
B1347594519363N00552171EA0215602168
B1348004519368N00552166EA0215502167
B1348014519374N00552162EA0215502167
B1348024519379N00552157EA0215402166
B1348034519384N00552152EA0215302165
B1348044519390N00552147EA0215102163
B1348054519395N00552143EA0215002162
B1348064519401N00552139EA0214902161
B1348074519406N00552134EA0214802160
B1348084519412N00552130EA0214702159
B1348094519417N00552125EA0214602158
B1348104519423N00552121EA0214502157
B1348114519428N00552116EA0214402156
B1348124519434N00552112EA0214302155
B1348134519439N00552107EA0214202154
B1348144519445N00552103EA0214102153
B1348154519450N00552099EA0214002152
B1348164519456N00552094EA0213802150
B1348174519461N00552089EA0213802150
B1348184519467N00552085EA0213602148
B1348194519472N00552080EA0213502147
B1348204519477N00552075EA0213402146
B1348214519483N00552070EA0213202144
B1348224519488N00552066EA0213202144
B1348234519493N00552061EA0213102143
B1348244519499N00552056EA0212902141
B1348254519504N00552052EA0212802140
B1348264519510N00552047EA0212702139
B1348274519515N00552043EA0212602138
B1348284519521N00552038EA0212402136
B1348294519526N00552034EA0212302135
B1348304519532N00552030EA0212202134
B1348314519537N00552025EA0212102133
B1348324519543N00552021EA0211902131
B1348334519549N00552017EA0211802130
B1348344519554N00552013EA0211702129
B1348354519560N00552008EA0211602128
B1348364519565N00552004EA0211402126
B1348374519571N00552000EA0211302125
B1348384519576N00551995EA0211202124
B1348394519582N00551991EA0211002122
B1348404519588N00551987EA0211002122
B1348414519593N00551983EA0210902121
B1348424519599N00551978EA0210802120
B1348434519604N00551974EA0210702119
B1348444519610N00551969EA0210702119
B1348454519615N00551965EA0210502117
B1348464519621N00551961EA0210402116
B1348474519626N00551956EA0210302115
B1348484519632N00551952EA0210202114
B1348494519637N00551947EA0210102113
B1348504519643N00551943EA0210002112
B1348514519648N00551938EA0209902111
B1348524519653N00551933EA0209702109
B1348534519659N00551928EA0209702109
B1348544519664N00551924EA0209602108
B1348554519670N00551919EA0209502107
B1348564519675N00551915EA0209402106
B1348574519681N00551910EA0209402106
B1348584519686N00551906EA0209302105
B1348594519692N00551902EA0209202104
B1349004519697N00551898EA0209102103
B1349014519703N00551893EA0209002102
B1349024519708N00551889EA0209002102
B1349034519714N00551884EA0208802100
B1349044519720N00551880EA0208702099
B1349054519725N00551876EA0208602098
B1349064519731N00551872EA0208502097
B1349074519736N00551867EA0208502097
B1349084519742N00551863EA0208402096
B1349094519747N00551858EA0208302095
B1349104519753N00551854EA0208202094
B1349114519758N00551849EA0208002092
B1349124519764N00551845EA0207902091
B1349134519769N00551841EA0207702089
B1349144519775N00551836EA0207602088
B1349154519781N00551832EA0207602088
B1349164519786N00551828EA0207502087
B1349174519792N00551824EA0207402086
B1349184519797N00551820EA0207202084
B1349194519803N00551818EA0207402086
B1349204519809N00551818EA0207702089
B1349214519814N00551820EA0208002092
B1349224519819N00551824EA0208402096
B1349234519822N00551829EA0208702099
B1349244519824N00551836EA0209102103
B1349254519825N00551842EA0209302105
B1349264519824N00551848EA0209602108
B1349274519822N00551853EA0209802110
B1349284519819N00551857EA0210102113
B1349294519816N00551858EA0210402116
B1349304519812N00551858EA0210702119
B1349314519808N00551856EA0210902121
B1349324519805N00551852EA0211102123
B1349334519802N00551846EA0211402126
B1349344519801N00551839EA0211602128
B1349354519802N00551832EA0211902131
B1349364519803N00551825EA0212102133
B1349374519807N00551818EA0212402136
B1349384519811N00551813EA0212602138
B1349394519816N00551809EA0212902141
B1349404519822N00551807EA0213202144
B1349414519827N00551807EA0213402146
B1349424519833N00551810EA0213702149
B1349434519837N00551814EA0214002152
B1349444519841N00551819EA0214002152
B1349454519843N00551825EA0214402156
B1349464519844N00551832EA0214502157
B1349474519843N00551838EA0214902161
B1349484519841N00551843EA0215102163
B1349494519838N00551846EA0215302165
B1349504519834N00551848EA0215502167
B1349514519830N00551847EA0215802170
B1349524519826N00551845EA0216102173
B1349534519823N00551841EA0216402176
B1349544519821N00551835EA0216702179
B1349554519820N00551828EA0217002182
B1349564519820N00551821EA0217302185
B1349574519822N00551813EA0217602188
B1349584519825N00551807EA0217902191
B1349594519830N00551802EA0218202194
B1350004519835N00551798EA0218302195
B1350014519840N00551796EA0218502197
B1350024519846N00551797EA0218802200
B1350034519851N00551799EA0219102203
B1350044519856N00551803EA0219402206
B1350054519859N00551809EA0219502207
B1350064519861N00551815EA0219802210
B1350074519862N00551821EA0220102213
B1350084519861N00551827EA0220402216
B1350094519859N00551832EA0220602218
B1350104519856N00551835EA0220802220
B1350114519852N00551837EA0221102223
B1350124519848N00551837EA0221302225
B1350134519844N00551834EA0221602228
B1350144519841N00551830EA0221902231
B1350154519839N00551824EA0222102233
B1350164519838N00551817EA0222302235
B1350174519839N00551810EA0222502237
B1350184519841N00551802EA0222702239
B1350194519844N00551796EA0223002242
B1350204519848N00551791EA0223302245
B1350214519854N00551787EA0223602248
B1350224519859N00551786EA0223902251
B1350234519865N00551786EA0224202254
B1350244519870N00551789EA0224402256
B1350254519875N00551793EA0224702259
B1350264519878N00551798EA0224902261
B1350274519880N00551804EA0225202264
B1350284519880N00551811EA0225402266
B1350294519879N00551817EA0225702269
B1350304519877N00551822EA0226102273
B1350314519874N00551825EA0226402276
B1350324519870N00551826EA0226802280
B1350334519866N00551826EA0227102283
B1350344519863N00551823EA0227202284
B1350354519859N00551819EA0227502287
B1350364519857N00551813EA0227602288
B1350374519857N00551806EA0227802290
B1350384519857N00551798EA0228202294
B1350394519859N00551791EA0228402296
B1350404519862N00551785EA0228702299
B1350414519867N00551780EA0228902301
B1350424519872N00551776EA0229202304
B1350434519878N00551775EA0229502307
B1350444519884N00551775EA0229702309
B1350454519889N00551778EA0230102313
B1350464519893N00551782EA0230402316
B1350474519896N00551788EA0230702319
B1350484519898N00551794EA0231002322
B1350494519899N00551800EA0231402326
B1350504519898N00551806EA0231702329
B1350514519895N00551811EA0231902331
B1350524519892N00551814EA0232102333
B1350534519888N00551816EA0232302335
B1350544519885N00551815EA0232502337
B1350554519881N00551812EA0232602338
B1350564519878N00551808EA0232902341
B1350574519876N00551802EA0233102343
B1350584519875N00551795EA0233402346
B1350594519876N00551787EA0233702349
B1351004519878N00551780EA0233902351
B1351014519881N00551774EA0234102353
B1351024519886N00551769EA0234302355
B1351034519891N00551765EA0234602358
B1351044519897N00551764EA0234802360
B1351054519902N00551765EA0235102363
B1351064519907N00551767EA0235302365
B1351074519912N00551772EA0235702369
B1351084519915N00551777EA0236002372
B1351094519917N00551784EA0236202374
B1351104519917N00551790EA0236502377
B1351114519916N00551796EA0236902381
B1351124519914N00551800EA0237202384
B1351134519910N00551804EA0237502387
B1351144519907N00551805EA0237802390
B1351154519903N00551804EA0238102393
B1351164519899N00551801EA0238302395
B1351174519896N00551797EA0238502397
B1351184519894N00551791EA0238802400
B1351194519893N00551784EA0239102403
B1351204519894N00551776EA0239302405
B1351214519896N00551769EA0239502407
B1351224519900N00551763EA0239802410
B1351234519904N00551758EA0240002412
B1351244519910N00551754EA0240102413
B1351254519915N00551753EA0240402416
B1351264519921N00551754EA0240702419
B1351274519926N00551757EA0240902421
B1351284519930N00551761EA0241202424
B1351294519933N00551767EA0241502427
B1351304519935N00551773EA0241702429
B1351314519935N00551780EA0242002432
B1351324519934N00551785EA0242302435
B1351334519932N00551790EA0242602438
B1351344519929N00551793EA0242802440
B1351354519925N00551794EA0243002442
B1351364519921N00551793EA0243302445
B1351374519917N00551790EA0243502447
B1351384519914N00551786EA0243702449
B1351394519912N00551779EA0244002452
B1351404519912N00551772EA0244202454
B1351414519913N00551765EA0244502457
B1351424519915N00551758EA0244802460
B1351434519918N00551752EA0244902461
B1351444519923N00551747EA0245202464
B1351454519928N00551744EA0245402466
B1351464519934N00551743EA0245702469
B1351474519940N00551743EA0246002472
B1351484519945N00551746EA0246302475
B1351494519949N00551751EA0246602478
B1351504519952N00551757EA0246802480
B1351514519954N00551763EA0247002482
B1351524519954N00551769EA0247302485
B1351534519953N00551775EA0247702489
B1351544519950N00551779EA0248102493
B1351554519947N00551782EA0248402496
B1351564519943N00551783EA0248602498
B1351574519939N00551782EA0248902501
B1351584519935N00551779EA0249102503
B1351594519932N00551775EA0249402506
B1352004519931N00551768EA0249702509
B1352014519930N00551761EA0249902511
B1352024519931N00551754EA0250102513
B1352034519933N00551747EA0250502517
B1352044519937N00551741EA0250802520
B1352054519942N00551736EA0251002522
B1352064519947N00551733EA0251202524
B1352074519953N00551732EA0251402526
B1352084519958N00551733EA0251602528
B1352094519963N00551736EA0251902531
B1352104519968N00551740EA0252102533
B1352114519970N00551746EA0252502537
B1352124519972N00551752EA0252802540
B1352134519972N00551759EA0253102543
B1352144519971N00551764EA0253402546
B1352154519968N00551769EA0253802550
B1352164519966N00551774EA0253702549
B1352174519963N00551779EA0253702549
B1352184519960N00551784EA0253502547
B1352194519957N00551789EA0253402546
B1352204519954N00551794EA0253202544
B1352214519951N00551799EA0253102543
B1352224519949N00551804EA0253002542
B1352234519946N00551809EA0252902541
B1352244519943N00551815EA0252902541
B1352254519941N00551820EA0252802540
B1352264519939N00551826EA0252602538
B1352274519936N00551832EA0252502537
B1352284519934N00551837EA0252402536
B1352294519932N00551843EA0252302535
B1352304519929N00551849EA0252102533
B1352314519927N00551854EA0251902531
B1352324519925N00551860EA0251802530
B1352334519923N00551866EA0251702529
B1352344519921N00551872EA0251702529
B1352354519919N00551878EA0251602528
B1352364519917N00551884EA0251502527
B1352374519915N00551890EA0251302525
B1352384519913N00551896EA0251302525
B1352394519911N00551902EA0251202524
B1352404519909N00551908EA0251202524
B1352414519907N00551914EA0251102523
B1352424519905N00551920EA0251002522
B1352434519903N00551926EA0250902521
B1352444519901N00551932EA0250802520
B1352454519899N00551937EA0250702519
B1352464519896N00551943EA0250602518
B1352474519894N00551949EA0250502517
B1352484519892N00551955EA0250402516
B1352494519890N00551961EA0250302515
B1352504519888N00551967EA0250202514
B1352514519886N00551973EA0250102513
B1352524519884N00551979EA0250002512
B1352534519882N00551984EA0249802510
B1352544519879N00551990EA0249702509
B1352554519877N00551995EA0249602508
B1352564519874N00552001EA0249502507
B1352574519872N00552006EA0249502507
B1352584519869N00552012EA0249302505
B1352594519867N00552018EA0249202504
B1353004519865N00552024EA0249102503
B1353014519863N00552029EA0248902501
B1353024519861N00552035EA0248902501
B1353034519859N00552041EA0248802500
B1353044519856N00552047EA0248702499
B1353054519854N00552052EA0248602498
B1353064519852N00552058EA0248502497
B1353074519850N00552064EA0248502497
B1353084519847N00552070EA0248302495
B1353094519845N00552076EA0248202494
B1353104519843N00552081EA0248102493
B1353114519841N00552087EA0248002492
B1353124519839N00552093EA0247902491
B1353134519836N00552098EA0247802490
B1353144519834N00552104EA0247602488
B1353154519831N00552109EA0247502487
B1353164519829N00552115EA0247402486
B1353174519827N00552121EA0247302485
B1353184519824N00552126EA0247302485
B1353194519822N00552132EA0247202484
B1353204519820N00552138EA0247002482
B1353214519817N00552143EA0247002482
B1353224519815N00552149EA0246902481
B1353234519813N00552155EA0246802480
B1353244519810N00552160EA0246702479
B1353254519808N00552166EA0246602478
B1353264519806N00552171EA0246502477
B1353274519803N00552177EA0246402476
B1353284519801N00552183EA0246302475
B1353294519799N00552188EA0246202474
B1353304519796N00552194EA0246202474
B1353314519794N00552199EA0246002472
B1353324519791N00552205EA0246002472
B1353334519789N00552211EA0245802470
B1353344519787N00552216EA0245702469
B1353354519785N00552222EA0245702469
B1353364519782N00552228EA0245602468
B1353374519780N00552234EA0245502467
B1353384519778N00552240EA0245402466
B1353394519776N00552245EA0245302465
B1353404519774N00552251EA0245202464
B1353414519772N00552257EA0245102463
B1353424519770N00552263EA0245002462
B1353434519768N00552269EA0244902461
B1353444519766N00552276EA0244902461
B1353454519765N00552282EA0244802460
B1353464519763N00552288EA0244702459
B1353474519761N00552294EA0244602458
B1353484519760N00552301EA0244502457
B1353494519758N00552307EA0244402456
B1353504519757N00552313EA0244302455
B1353514519755N00552320EA0244202454
B1353524519753N00552326EA0244002452
B1353534519752N00552332EA0243902451
B1353544519750N00552338EA0243802450
B1353554519749N00552345EA0243702449
B1353564519747N00552351EA0243702449
B1353574519746N00552358EA0243602448
B1353584519744N00552364EA0243502447
B1353594519743N00552370EA0243402446
B1354004519741N00552377EA0243302445
B1354014519740N00552383EA0243102443
B1354024519739N00552390EA0243002442
B1354034519737N00552396EA0242902441
B1354044519736N00552402EA0242802440
B1354054519734N00552409EA0242702439
B1354064519733N00552415EA0242702439
B1354074519732N00552422EA0242502437
B1354084519729N00552426EA0242702439
B1354094519726N00552429EA0242902441
B1354104519722N00552431EA0243002442
B1354114519718N00552430EA0243102443
B1354124519715N00552427EA0243302445
B1354134519712N00552422EA0243502447
B1354144519710N00552416EA0243702449
B1354154519709N00552409EA0243802450
B1354164519710N00552401EA0244002452
B1354174519712N00552394EA0244102453
B1354184519716N00552388EA0244302455
B1354194519721N00552383EA0244502457
B1354204519726N00552380EA0244702459
B1354214519732N00552379EA0244902461
B1354224519737N00552380EA0245102463
B1354234519742N00552383EA0245302465
B1354244519747N00552387EA0245402466
B1354254519750N00552393EA0245602468
B1354264519751N00552399EA0245702469
B1354274519751N00552406EA0245802470
B1354284519750N00552411EA0245902471
B1354294519748N00552416EA0246002472
B1354304519744N00552419EA0246202474
B1354314519740N00552420EA0246402476
B1354324519736N00552419EA0246602478
B1354334519733N00552416EA0246702479
B1354344519730N00552411EA0246902481
B1354354519728N00552405EA0247102483
B1354364519728N00552397EA0247202484
B1354374519729N00552390EA0247302485
B1354384519731N00552383EA0247502487
B1354394519735N00552377EA0247802490
B1354404519739N00552372EA0247902491
B1354414519745N00552369EA0248102493
B1354424519750N00552368EA0248302495
B1354434519756N00552369EA0248402496
B1354444519761N00552372EA0248602498
B1354454519765N00552377EA0248802500
B1354464519768N00552383EA0249102503
B1354474519770N00552389EA0249302505
B1354484519770N00552395EA0249502507
B1354494519768N00552401EA0249702509
B1354504519766N00552405EA0249902511
B1354514519762N00552408EA0250002512
B1354524519759N00552409EA0250202514
B1354534519755N00552408EA0250402516
B1354544519751N00552405EA0250602518
B1354554519748N00552400EA0250602518
B1354564519746N00552393EA0250802520
B1354574519746N00552386EA0250902521
B1354584519747N00552379EA0251102523
B1354594519749N00552372EA0251402526
B1355004519753N00552366EA0251702529
B1355014519758N00552361EA0251802530
B1355024519763N00552358EA0252002532
B1355034519769N00552357EA0252202534
B1355044519775N00552359EA0252502537
B1355054519780N00552362EA0252502537
B1355064519784N00552366EA0252602538
B1355074519787N00552372EA0252702539
B1355084519788N00552379EA0252902541
B1355094519788N00552385EA0253002542
B1355104519787N00552390EA0253302545
B1355114519784N00552395EA0253202544
B1355124519781N00552398EA0253402546
B1355134519777N00552398EA0253702549
B1355144519773N00552397EA0253902551
B1355154519769N00552394EA0254102553
B1355164519766N00552389EA0254202554
B1355174519765N00552382EA0254402556
B1355184519764N00552375EA0254602558
B1355194519766N00552368EA0254902561
B1355204519768N00552361EA0254802560
B1355214519772N00552355EA0255102563
B1355224519777N00552350EA0255202564
B1355234519782N00552347EA0255402566
B1355244519788N00552347EA0255602568
B1355254519793N00552348EA0255802570
B1355264519798N00552351EA0256002572
B1355274519802N00552356EA0256202574
B1355284519805N00552362EA0256402576
B1355294519806N00552368EA0256502577
B1355304519806N00552374EA0256702579
B1355314519805N00552380EA0256702579
B1355324519802N00552384EA0256902581
B1355334519799N00552387EA0257102583
B1355344519795N00552388EA0257302585
B1355354519791N00552386EA0257302585
B1355364519787N00552383EA0257602588
B1355374519785N00552378EA0257802590
B1355384519783N00552371EA0258002592
B1355394519783N00552364EA0258302595
B1355404519784N00552357EA0258502597
B1355414519787N00552350EA0258702599
B1355424519790N00552344EA0258902601
B1355434519795N00552339EA0259002602
B1355444519801N00552337EA0259202604
B1355454519807N00552336EA0259402606
B1355464519812N00552337EA0259502607
B1355474519817N00552341EA0259602608
B1355484519821N00552346EA0259802610
B1355494519824N00552351EA0260002612
B1355504519825N00552358EA0260202614
B1355514519825N00552364EA0260402616
B1355524519823N00552370EA0260602618
B1355534519821N00552374EA0260802620
B1355544519817N00552376EA0260902621
B1355554519813N00552377EA0261102623
B1355564519809N00552375EA0261302625
B1355574519806N00552372EA0261502627
B1355584519803N00552367EA0261602628
B1355594519801N00552360EA0261802630
B1356004519801N00552353EA0262002632
B1356014519803N00552345EA0262202634
B1356024519805N00552339EA0262302635
B1356034519809N00552333EA0262502637
B1356044519814N00552328EA0262702639
B1356054519819N00552326EA0262902641
B1356064519825N00552325EA0263002642
B1356074519831N00552327EA0263202644
B1356084519836N00552330EA0263302645
B1356094519839N00552335EA0263602648
B1356104519842N00552341EA0263902651
B1356114519843N00552347EA0264002652
B1356124519843N00552354EA0264202654
B1356134519841N00552359EA0264402656
B1356144519839N00552363EA0264502657
B1356154519835N00552366EA0264702659
B1356164519831N00552366EA0264902661
B1356174519827N00552364EA0265002662
B1356184519824N00552361EA0265202664
B1356194519821N00552355EA0265402666
B1356204519820N00552349EA0265602668
B1356214519820N00552342EA0265802670
B1356224519821N00552334EA0266002672
B1356234519824N00552327EA0266202674
B1356244519828N00552322EA0266302675
B1356254519833N00552317EA0266502677
B1356264519838N00552315EA0266802680
B1356274519844N00552315EA0266902681
B1356284519849N00552316EA0267102683
B1356294519854N00552320EA0267202684
B1356304519858N00552325EA0267502687
B1356314519861N00552331EA0267602688
B1356324519862N00552337EA0267702689
B1356334519861N00552343EA0267802690
B1356344519860N00552349EA0267902691
B1356354519857N00552353EA0268102693
B1356364519853N00552355EA0268402696
B1356374519849N00552355EA0268502697
B1356384519846N00552353EA0268702699
B1356394519842N00552350EA0268802700
B1356404519838N00552346EA0268702699
B1356414519834N00552342EA0268602698
B1356424519830N00552338EA0268502697
B1356434519826N00552334EA0268402696
B1356444519822N00552330EA0268302695
B1356454519819N00552326EA0268202694
B1356464519815N00552322EA0268102693
B1356474519811N00552318EA0268002692
B1356484519807N00552315EA0267802690
B1356494519802N00552311EA0267702689
B1356504519798N00552308EA0267702689
B1356514519794N00552304EA0267602688
B1356524519790N00552300EA0267502687
B1356534519786N00552297EA0267402686
B1356544519782N00552293EA0267302685
B1356554519778N00552289EA0267202684
B1356564519774N00552286EA0267102683
B1356574519770N00552282EA0267002682
B1356584519766N00552278EA0266902681
B1356594519762N00552275EA0266802680
B1357004519758N00552271EA0266702679
B1357014519754N00552267EA0266502677
B1357024519750N00552264EA0266402676
B1357034519746N00552260EA0266202674
B1357044519742N00552256EA0266202674
B1357054519738N00552253EA0266102673
B1357064519734N00552249EA0266002672
B1357074519730N00552245EA0265902671
B1357084519726N00552242EA0265802670
B1357094519722N00552238EA0265602668
B1357104519718N00552234EA0265602668
B1357114519714N00552231EA0265402666
B1357124519710N00552227EA0265302665
B1357134519706N00552223EA0265302665
B1357144519702N00552219EA0265202664
B1357154519698N00552215EA0265102663
B1357164519694N00552211EA0264902661
B1357174519690N00552207EA0264902661
B1357184519686N00552203EA0264802660
B1357194519682N00552200EA0264702659
B1357204519678N00552196EA0264602658
B1357214519674N00552192EA0264402656
B1357224519670N00552188EA0264202654
B1357234519666N00552184EA0264102653
B1357244519662N00552181EA0264002652
B1357254519658N00552177EA0264002652
B1357264519654N00552173EA0263902651
B1357274519650N00552169EA0263702649
B1357284519646N00552165EA0263602648
B1357294519642N00552161EA0263502647
B1357304519638N00552157EA0263402646
B1357314519634N00552154EA0263302645
B1357324519630N00552151EA0263202644
B1357334519626N00552148EA0263202644
B1357344519622N00552144EA0263102643
B1357354519617N00552142EA0262902641
B1357364519613N00552139EA0262802640
B1357374519609N00552136EA0262702639
B1357384519605N00552133EA0262602638
B1357394519600N00552129EA0262502637
B1357404519596N00552126EA0262302635
B1357414519592N00552123EA0262102633
B1357424519588N00552120EA0262002632
B1357434519584N00552117EA0261902631
B1357444519580N00552114EA0261802630
B1357454519575N00552111EA0261702629
B1357464519571N00552108EA0261502627
B1357474519567N00552104EA0261402626
B1357484519563N00552102EA0261302625
B1357494519558N00552099EA0261202624
B1357504519554N00552097EA0261102623
B1357514519550N00552095EA0260902621
B1357524519545N00552092EA0260802620
B1357534519541N00552090EA0260602618
B1357544519537N00552087EA0260502617
B1357554519532N00552085EA0260402616
B1357564519528N00552082EA0260302615
B1357574519524N00552080EA0260202614
B1357584519519N00552078EA0260102613
B1357594519515N00552076EA0259902611
B1358004519510N00552074EA0259802610
B1358014519506N00552072EA0259602608
B1358024519502N00552070EA0259502607
B1358034519497N00552068EA0259402606
B1358044519493N00552066EA0259302605
B1358054519488N00552065EA0259202604
B1358064519484N00552063EA0259102603
B1358074519479N00552061EA0258902601
B1358084519475N00552059EA0258802600
B1358094519471N00552057EA0258702599
B1358104519466N00552055EA0258602598
B1358114519462N00552053EA0258502597
B1358124519457N00552051EA0258402596
B1358134519453N00552049EA0258302595
B1358144519449N00552046EA0258102593
B1358154519444N00552044EA0258002592
B1358164519440N00552042EA0257802590
B1358174519435N00552040EA0257802590
B1358184519431N00552037EA0257702589
B1358194519427N00552035EA0257602588
B1358204519422N00552033EA0257602588
B1358214519418N00552030EA0257502587
B1358224519414N00552028EA0257502587
B1358234519409N00552026EA0257402586
B1358244519405N00552023EA0257302585
B1358254519401N00552021EA0257102583
B1358264519396N00552019EA0257002582
B1358274519392N00552017EA0256902581
B1358284519387N00552015EA0256902581
B1358294519383N00552013EA0256702579
B1358304519379N00552011EA0256602578
B1358314519374N00552009EA0256502577
B1358324519370N00552006EA0256402576
B1358334519366N00552004EA0256302575
B1358344519361N00552001EA0256202574
B1358354519357N00551999EA0256002572
B1358364519352N00551997EA0255902571
B1358374519348N00551994EA0255802570
B1358384519344N00551992EA0255702569
B1358394519340N00551989EA0255502567
B1358404519335N00551986EA0255502567
B1358414519331N00551984EA0255302565
B1358424519327N00551981EA0255202564
B1358434519322N00551979EA0255102563
B1358444519318N00551977EA0254902561
B1358454519314N00551974EA0254802560
B1358464519309N00551972EA0254702559
B1358474519305N00551969EA0254502557
B1358484519301N00551966EA0254402556
B1358494519296N00551963EA0254302555
B1358504519292N00551961EA0254202554
B1358514519288N00551958EA0254102553
B1358524519283N00551956EA0254002552
B1358534519279N00551953EA0253902551
B1358544519275N00551951EA0253802550
B1358554519270N00551948EA0253702549
B1358564519266N00551946EA0253602548
B1358574519262N00551944EA0253602548
B1358584519257N00551941EA0253502547
B1358594519253N00551939EA0253302545
B1359004519249N00551936EA0253202544
B1359014519244N00551934EA0253102543
B1359024519240N00551931EA0253002542
B1359034519236N00551929EA0252902541
B1359044519231N00551926EA0252802540
B1359054519227N00551924EA0252802540
B1359064519223N00551921EA0252602538
B1359074519219N00551918EA0252602538
B1359084519214N00551916EA0252502537
B1359094519210N00551914EA0252402536
B1359104519205N00551911EA0252302535
B1359114519201N00551909EA0252202534
B1359124519197N00551906EA0252102533
B1359134519192N00551904EA0252002532
B1359144519188N00551902EA0251902531
B1359154519184N00551900EA0251802530
B1359164519179N00551897EA0251702529
B1359174519175N00551895EA0251602528
B1359184519171N00551893EA0251502527
B1359194519166N00551890EA0251302525
B1359204519162N00551888EA0251302525
B1359214519158N00551885EA0251202524
B1359224519153N00551883EA0251102523
B1359234519149N00551881EA0251002522
B1359244519145N00551878EA0250902521
B1359254519140N00551876EA0250702519
B1359264519136N00551874EA0250602518
B1359274519131N00551871EA0250502517
B1359284519127N00551869EA0250302515
B1359294519123N00551866EA0250202514
B1359304519118N00551864EA0250102513
B1359314519114N00551862EA0250002512
B1359324519110N00551860EA0249802510
B1359334519105N00551857EA0249702509
B1359344519101N00551855EA0249702509
B1359354519097N00551853EA0249502507
B1359364519092N00551850EA0249402506
B1359374519088N00551848EA0249302505
B1359384519084N00551846EA0249202504
B1359394519079N00551843EA0249102503
B1359404519075N00551841EA0248902501
B1359414519071N00551838EA0248802500
B1359424519066N00551835EA0248702499
B1359434519062N00551833EA0248602498
B1359444519058N00551830EA0248502497
B1359454519053N00551827EA0248402496
B1359464519049N00551825EA0248202494
B1359474519045N00551822EA0248002492
B1359484519040N00551820EA0247902491
B1359494519036N00551817EA0247902491
B1359504519032N00551814EA0247702489
B1359514519028N00551812EA0247702489
B1359524519023N00551809EA0247602488
B1359534519019N00551806EA0247502487
B1359544519015N00551804EA0247402486
B1359554519010N00551801EA0247302485
B1359564519006N00551798EA0247102483
B1359574519002N00551795EA0247002482
B1359584518998N00551793EA0246802480
B1359594518993N00551790EA0246702479
B1400004518989N00551787EA0246702479
B1400014518985N00551784EA0246602478
B1400024518980N00551782EA0246502477
B1400034518976N00551779EA0246402476
B1400044518975N00551786EA0246302475
B1400054518973N00551792EA0246202474
B1400064518971N00551798EA0246102473
B1400074518970N00551804EA0245902471
B1400084518968N00551811EA0245902471
B1400094518967N00551817EA0245702469
B1400104518965N00551823EA0245602468
B1400114518963N00551830EA0245502467
B1400124518962N00551836EA0245502467
B1400134518960N00551842EA0245302465
B1400144518959N00551849EA0245102463
B1400154518957N00551855EA0245002462
B1400164518955N00551861EA0244902461
B1400174518954N00551867EA0244802460
B1400184518952N00551874EA0244702459
B1400194518950N00551880EA0244602458
B1400204518949N00551886EA0244402456
B1400214518947N00551893EA0244302455
B1400224518946N00551899EA0244302455
B1400234518944N00551905EA0244202454
B1400244518942N00551911EA0244102453
B1400254518941N00551918EA0244002452
B1400264518939N00551924EA0243902451
B1400274518938N00551930EA0243702449
B1400284518936N00551936EA0243602448
B1400294518934N00551943EA0243502447
B1400304518933N00551949EA0243402446
B1400314518931N00551955EA0243302445
B1400324518929N00551962EA0243102443
B1400334518928N00551968EA0243002442
B1400344518926N00551974EA0242902441
B1400354518924N00551980EA0242802440
B1400364518923N00551987EA0242702439
B1400374518921N00551993EA0242602438
B1400384518920N00551999EA0242502437
B1400394518918N00552005EA0242302435
B1400404518916N00552012EA0242202434
B1400414518915N00552018EA0242002432
B1400424518913N00552024EA0241902431
B1400434518911N00552030EA0241702429
B1400444518910N00552037EA0241502427
B1400454518908N00552043EA0241402426
B1400464518906N00552049EA0241302425
B1400474518905N00552055EA0241202424
B1400484518903N00552062EA0241002422
B1400494518901N00552068EA0240902421
B1400504518900N00552074EA0240902421
B1400514518898N00552080EA0240802420
B1400524518896N00552087EA0240602418
B1400534518895N00552093EA0240502417
B1400544518893N00552099EA0240402416
B1400554518891N00552105EA0240302415
B1400564518890N00552112EA0240102413
B1400574518888N00552118EA0240002412
B1400584518886N00552124EA0239902411
B1400594518885N00552130EA0239702409
B1401004518883N00552137EA0239702409
B1401014518881N00552143EA0239602408
B1401024518880N00552149EA0239502407
B1401034518878N00552155EA0239302405
B1401044518876N00552162EA0239102403
B1401054518875N00552168EA0239002402
B1401064518873N00552174EA0238902401
B1401074518871N00552180EA0238802400
B1401084518870N00552186EA0238702399
B1401094518868N00552193EA0238502397
B1401104518866N00552199EA0238302395
B1401114518865N00552205EA0238202394
B1401124518863N00552211EA0238102393
B1401134518861N00552218EA0238002392
B1401144518860N00552224EA0237902391
B1401154518858N00552230EA0237802390
B1401164518856N00552236EA0237702389
B1401174518854N00552242EA0237602388
B1401184518853N00552249EA0237402386
B1401194518851N00552255EA0237302385
B1401204518849N00552261EA0237202384
B1401214518848N00552267EA0237102383
B1401224518846N00552274EA0237002382
B1401234518844N00552280EA0236902381
B1401244518843N00552286EA0236802380
B1401254518841N00552292EA0236702379
B1401264518839N00552298EA0236502377
B1401274518837N00552305EA0236402376
B1401284518836N00552311EA0236302375
B1401294518834N00552317EA0236102373
B1401304518832N00552323EA0236002372
B1401314518831N00552329EA0235902371
B1401324518829N00552336EA0235802370
B1401334518827N00552342EA0235602368
B1401344518825N00552348EA0235502367
B1401354518824N00552354EA0235302365
B1401364518822N00552360EA0235302365
B1401374518820N00552367EA0235202364
B1401384518818N00552373EA0235102363
B1401394518817N00552379EA0234902361
B1401404518815N00552385EA0234802360
B1401414518813N00552391EA0234802360
B1401424518811N00552398EA0234602358
B1401434518810N00552404EA0234502357
B1401444518808N00552410EA0234402356
B1401454518806N00552416EA0234302355
B1401464518805N00552422EA0234202354
B1401474518803N00552428EA0234102353
B1401484518801N00552435EA0234002352
B1401494518799N00552441EA0233802350
B1401504518798N00552447EA0233702349
B1401514518796N00552453EA0233602348
B1401524518794N00552459EA0233502347
B1401534518792N00552466EA0233302345
B1401544518790N00552472EA0233202344
B1401554518789N00552478EA0233102343
B1401564518787N00552484EA0233002342
B1401574518785N00552490EA0232902341
B1401584518783N00552496EA0232802340
B1401594518782N00552503EA0232602338
B1402004518780N00552509EA0232602338
B1402014518778N00552515EA0232502337
B1402024518776N00552521EA0232402336
B1402034518775N00552527EA0232202334
B1402044518773N00552533EA0232102333
B1402054518771N00552539EA0232002332
B1402064518769N00552546EA0231802330
B1402074518767N00552552EA0231702329
B1402084518766N00552558EA0231702329
B1402094518764N00552564EA0231502327
B1402104518762N00552570EA0231402326
B1402114518760N00552576EA0231302325
B1402124518759N00552583EA0231302325
B1402134518757N00552589EA0231102323
B1402144518755N00552595EA0231002322
B1402154518753N00552601EA0230902321
B1402164518751N00552607EA0230802320
B1402174518750N00552613EA0230702319
B1402184518748N00552619EA0230502317
B1402194518746N00552625EA0230502317
B1402204518744N00552632EA0230402316
B1402214518742N00552638EA0230302315
B1402224518741N00552644EA0230102313
B1402234518739N00552650EA0230002312
B1402244518737N00552656EA0229902311
B1402254518735N00552662EA0229802310
B1402264518733N00552668EA0229702309
B1402274518731N00552675EA0229702309
B1402284518730N00552681EA0229602308
B1402294518728N00552687EA0229502307
B1402304518726N00552693EA0229402306
B1402314518724N00552699EA0229302305
B1402324518722N00552705EA0229202304
B1402334518721N00552711EA0229102303
B1402344518719N00552717EA0228902301
B1402354518717N00552723EA0228702299
B1402364518715N00552730EA0228602298
B1402374518713N00552736EA0228602298
B1402384518711N00552742EA0228502297
B1402394518710N00552748EA0228402296
B1402404518708N00552754EA0228302295
B1402414518706N00552760EA0228102293
B1402424518704N00552766EA0228002292
B1402434518702N00552772EA0227902291
B1402444518700N00552778EA0227702289
B1402454518698N00552784EA0227602288
B1402464518697N00552791EA0227602288
B1402474518695N00552797EA0227502287
B1402484518693N00552803EA0227302285
B1402494518691N00552809EA0227202284
B1402504518689N00552815EA0227102283
B1402514518687N00552821EA0227002282
B1402524518685N00552827EA0226902281
B1402534518684N00552833EA0226802280
B1402544518682N00552839EA0226702279
B1402554518680N00552845EA0226602278
B1402564518678N00552851EA0226502277
B1402574518676N00552858EA0226302275
B1402584518674N00552864EA0226202274
B1402594518672N00552870EA0226002272
B1403004518670N00552876EA0225902271
B1403014518669N00552882EA0225702269
B1403024518667N00552888EA0225702269
B1403034518665N00552894EA0225502267
B1403044518663N00552900EA0225402266
B1403054518661N00552906EA0225402266
B1403064518659N00552912EA0225302265
B1403074518657N00552918EA0225202264
B1403084518655N00552924EA0225102263
B1403094518653N00552930EA0225002262
B1403104518652N00552936EA0224802260
B1403114518650N00552942EA0224702259
B1403124518648N00552948EA0224602258
B1403134518646N00552955EA0224502257
B1403144518644N00552961EA0224402256
B1403154518642N00552967EA0224302255
B1403164518640N00552973EA0224102253
B1403174518638N00552979EA0224002252
B1403184518636N00552985EA0223902251
B1403194518634N00552991EA0223802250
B1403204518632N00552997EA0223602248
B1403214518631N00553003EA0223402246
B1403224518629N00553009EA0223302245
B1403234518627N00553015EA0223102243
B1403244518625N00553021EA0223002242
B1403254518623N00553027EA0222802240
B1403264518621N00553033EA0222702239
B1403274518619N00553039EA0222602238
B1403284518617N00553045EA0222502237
B1403294518615N00553051EA0222402236
B1403304518613N00553057EA0222302235
B1403314518611N00553063EA0222202234
B1403324518609N00553069EA0222102233
B1403334518607N00553075EA0221902231
B1403344518605N00553081EA0221902231
B1403354518603N00553087EA0221802230
B1403364518601N00553093EA0221602228
B1403374518600N00553099EA0221502227
B1403384518598N00553105EA0221402226
B1403394518596N00553111EA0221302225
B1403404518594N00553117EA0221202224
B1403414518592N00553123EA0221102223
B1403424518590N00553129EA0221002222
B1403434518588N00553135EA0220802220
B1403444518586N00553141EA0220702219
B1403454518584N00553147EA0220502217
B1403464518582N00553153EA0220402216
B1403474518580N00553159EA0220302215
B1403484518578N00553165EA0220202214
B1403494518576N00553171EA0220102213
B1403504518574N00553177EA0219902211
B1403514518572N00553183EA0219802210
B1403524518570N00553189EA0219702209
B1403534518568N00553195EA0219602208
B1403544518566N00553201EA0219502207
B1403554518564N00553207EA0219402206
B1403564518562N00553213EA0219302205
B1403574518560N00553219EA0219302205
B1403584518558N00553225EA0219202204
B1403594518556N00553231EA0219102203
B1404004518554N00553237EA0219002202
B1404014518552N00553243EA0218902201
B1404024518550N00553249EA0218602198
B1404034518548N00553255EA0218602198
B1404044518546N00553261EA0218402196
B1404054518544N00553267EA0218302195
B1404064518542N00553272EA0218202194
B1404074518540N00553278EA0218002192
B1404084518538N00553284EA0217802190
B1404094518536N00553290EA0217702189
B1404104518534N00553296EA0217702189
B1404114518532N00553302EA0217602188
B1404124518530N00553308EA0217402186
B1404134518528N00553314EA0217302185
B1404144518526N00553320EA0217102183
B1404154518523N00553326EA0217002182
B1404164518521N00553332EA0216902181
B1404174518519N00553338EA0216802180
B1404184518517N00553344EA0216702179
B1404194518515N00553350EA0216502177
B1404204518513N00553355EA0216502177
B1404214518511N00553361EA0216302175
B1404224518509N00553367EA0216202174
B1404234518507N00553373EA0216102173
B1404244518505N00553379EA0216002172
B1404254518503N00553385EA0215902171
B1404264518501N00553391EA0215802170
B1404274518499N00553397EA0215702169
B1404284518497N00553403EA0215502167
B1404294518495N00553409EA0215302165
B1404304518493N00553414EA0215202164
B1404314518490N00553420EA0215102163
B1404324518488N00553426EA0214902161
B1404334518486N00553432EA0214802160
B1404344518484N00553438EA0214702159
B1404354518482N00553444EA0214502157
B1404364518480N00553450EA0214402156
B1404374518478N00553456EA0214202154
B1404384518476N00553462EA0214102153
B1404394518474N00553467EA0214002152
B1404404518472N00553473EA0213802150
B1404414518469N00553479EA0213702149
B1404424518467N00553485EA0213602148
B1404434518465N00553491EA0213502147
B1404444518463N00553497EA0213302145
B1404454518461N00553503EA0213302145
B1404464518459N00553508EA0213202144
B1404474518457N00553514EA0213002142
B1404484518455N00553520EA0212902141
B1404494518452N00553526EA0212802140
B1404504518450N00553532EA0212602138
B1404514518448N00553538EA0212502137
B1404524518446N00553543EA0212402136
B1404534518444N00553549EA0212202134
B1404544518442N00553555EA0212102133
B1404554518440N00553561EA0212002132
B1404564518437N00553567EA0211802130
B1404574518435N00553573EA0211702129
B1404584518433N00553578EA0211602128
B1404594518431N00553584EA0211502127
B1405004518429N00553590EA0211302125
B1405014518427N00553596EA0211302125
B1405024518424N00553602EA0211102123
B1405034518422N00553607EA0211102123
B1405044518420N00553613EA0210902121
B1405054518418N00553619EA0210802120
B1405064518416N00553625EA0210702119
B1405074518413N00553631EA0210602118
B1405084518411N00553636EA0210402116
B1405094518409N00553642EA0210302115
B1405104518407N00553648EA0210202114
B1405114518405N00553654EA0210002112
B1405124518403N00553659EA0209902111
B1405134518400N00553665EA0209702109
B1405144518398N00553671EA0209602108
B1405154518396N00553677EA0209402106
B1405164518394N00553683EA0209202104
B1405174518391N00553688EA0209102103
B1405184518389N00553694EA0209002102
B1405194518387N00553700EA0208802100
B1405204518385N00553706EA0208702099
B1405214518383N00553711EA0208602098
B1405224518380N00553717EA0208502097
B1405234518378N00553723EA0208302095
B1405244518376N00553729EA0208102093
B1405254518374N00553734EA0208002092
B1405264518371N00553740EA0207902091
B1405274518369N00553746EA0207702089
B1405284518367N00553751EA0207602088
B1405294518365N00553757EA0207502087
B1405304518362N00553763EA0207302085
B1405314518360N00553769EA0207302085
B1405324518358N00553774EA0207102083
B1405334518355N00553780EA0206902081
B1405344518353N00553786EA0206802080
B1405354518351N00553791EA0206602078
B1405364518349N00553797EA0206502077
B1405374518346N00553803EA0206302075
B1405384518344N00553808EA0206202074
B1405394518342N00553814EA0206002072
B1405404518339N00553820EA0205802070
B1405414518337N00553825EA0205702069
B1405424518335N00553831EA0205602068
B1405434518333N00553837EA0205402066
B1405444518330N00553843EA0205302065
B1405454518328N00553848EA0205202064
B1405464518326N00553854EA0205102063
B1405474518323N00553859EA0204902061
B1405484518321N00553865EA0204802060
B1405494518319N00553871EA0204702059
B1405504518316N00553876EA0204602058
B1405514518314N00553882EA0204502057
B1405524518312N00553888EA0204302055
B1405534518309N00553893EA0204202054
B1405544518307N00553899EA0204202054
B1405554518305N00553905EA0204002052
B1405564518302N00553910EA0204002052
B1405574518300N00553916EA0203802050
B1405584518297N00553921EA0203702049
B1405594518295N00553927EA0203502047
B1406004518293N00553933EA0203402046
B1406014518290N00553938EA0203302045
B1406024518288N00553944EA0203202044
B1406034518286N00553949EA0203102043
B1406044518283N00553955EA0202902041
B1406054518281N00553960EA0202802040
B1406064518278N00553966EA0202602038
B1406074518276N00553972EA0202502037
B1406084518274N00553977EA0202402036
B1406094518271N00553983EA0202202034
B1406104518269N00553988EA0202102033
B1406114518266N00553994EA0202002032
B1406124518264N00553999EA0201902031
B1406134518261N00554005EA0201802030
B1406144518259N00554010EA0201702029
B1406154518257N00554016EA0201502027
B1406164518254N00554022EA0201502027
B1406174518252N00554027EA0201402026
B1406184518249N00554033EA0201302025
B1406194518247N00554038EA0201202024
B1406204518244N00554044EA0201102023
B1406214518242N00554049EA0201002022
B1406224518239N00554055EA0200902021
B1406234518237N00554060EA0200702019
B1406244518234N00554065EA0200602018
B1406254518232N00554071EA0200402016
B1406264518229N00554076EA0200302015
B1406274518227N00554082EA0200202014
B1406284518224N00554087EA0200102013
B1406294518222N00554093EA0200002012
B1406304518219N00554098EA0199902011
B1406314518217N00554104EA0199702009
B1406324518214N00554109EA0199502007
B1406334518212N00554115EA0199402006
B1406344518209N00554120EA0199402006
B1406354518207N00554125EA0199202004
B1406364518204N00554131EA0199102003
B1406374518202N00554136EA0199002002
B1406384518199N00554142EA0198802000
B1406394518197N00554147EA0198701999
B1406404518194N00554152EA0198601998
B1406414518191N00554158EA0198501997
B1406424518189N00554163EA0198401996
B1406434518186N00554168EA0198201994
B1406444518184N00554174EA0198101993
B1406454518181N00554179EA0198001992
B1406464518179N00554185EA0197901991
B1406474518176N00554190EA0197701989
B1406484518173N00554195EA0197601988
B1406494518171N00554200EA0197401986
B1406504518168N00554206EA0197301985
B1406514518165N00554211EA0197201984
B1406524518163N00554216EA0197101983
B1406534518160N00554222EA0196901981
B1406544518157N00554227EA0196701979
B1406554518155N00554232EA0196601978
B1406564518152N00554237EA0196501977
B1406574518149N00554243EA0196401976
B1406584518147N00554248EA0196201974
B1406594518144N00554253EA0196201974
B1407004518141N00554258EA0196101973
B1407014518139N00554264EA0195901971
B1407024518136N00554269EA0195801970
B1407034518133N00554274EA0195701969
B1407044518131N00554279EA0195601968
B1407054518128N00554284EA0195501967
B1407064518125N00554290EA0195401966
B1407074518122N00554295EA0195301965
B1407084518120N00554300EA0195101963
B1407094518117N00554305EA0195001962
B1407104518114N00554310EA0194801960
B1407114518111N00554315EA0194701959
B1407124518108N00554320EA0194501957
B1407134518106N00554325EA0194401956
B1407144518103N00554331EA0194301955
B1407154518100N00554336EA0194101953
B1407164518097N00554341EA0194101953
B1407174518094N00554346EA0193901951
B1407184518092N00554351EA0193801950
B1407194518089N00554356EA0193701949
B1407204518086N00554361EA0193601948
B1407214518083N00554366EA0193501947
B1407224518080N00554371EA0193401946
B1407234518077N00554376EA0193201944
B1407244518074N00554381EA0193201944
B1407254518071N00554386EA0193001942
B1407264518068N00554390EA0192901941
B1407274518065N00554395EA0192801940
B1407284518063N00554400EA0192601938
B1407294518060N00554405EA0192401936
B1407304518057N00554410EA0192401936
B1407314518054N00554415EA0192301935
B1407324518051N00554419EA0192201934
B1407334518048N00554424EA0192101933
B1407344518044N00554429EA0192001932
B1407354518041N00554434EA0191901931
B1407364518038N00554438EA0191801930
B1407374518035N00554443EA0191601928
B1407384518032N00554448EA0191601928
B1407394518029N00554452EA0191501927
B1407404518026N00554457EA0191401926
B1407414518023N00554461EA0191201924
B1407424518019N00554466EA0191101923
B1407434518017N00554468EA0190801920
B1407444518013N00554470EA0190601918
B1407454518010N00554470EA0190401916
B1407464518007N00554469EA0190101913
B1407474518003N00554467EA0189801910
B1407484518000N00554463EA0189601908
B1407494517998N00554459EA0189301905
B1407504517996N00554454EA0189201904
B1407514517995N00554448EA0188901901
B1407524517995N00554441EA0188601898
B1407534517995N00554448EA0188601898
B1407544517994N00554454EA0188201894
B1407554517993N00554458EA0188001892
B1407564517991N00554462EA0187701889
B1407574517988N00554465EA0187501887
B1407584517985N00554467EA0187201884
B1407594517982N00554468EA0187001882
B1408004517978N00554468EA0186601878
B1408014517975N00554466EA0186301875
B1408024517972N00554463EA0186101873
B1408034517969N00554460EA0185801870
B1408044517967N00554455EA0185601868
B1408054517965N00554449EA0185301865
B1408064517969N00554455EA0185201864
B1408074517971N00554461EA0184801860
B1408084517973N00554466EA0184701859
B1408094517973N00554472EA0184401856
B1408104517973N00554477EA0184101853
B1408114517972N00554482EA0183901851
B1408124517970N00554486EA0183601848
B1408134517968N00554490EA0183301845
B1408144517965N00554492EA0183101843
B1408154517962N00554494EA0182901841
B1408164517958N00554494EA0182701839
B1408174517955N00554493EA0182401836
B1408184517951N00554490EA0182101833
B1408194517949N00554487EA0181901831
B1408204517946N00554482EA0181701829
B1408214517952N00554485EA0181601828
B1408224517957N00554487EA0181301825
B1408234517961N00554491EA0181001822
B1408244517964N00554495EA0180801820
B1408254517967N00554500EA0180501817
B1408264517969N00554506EA0180301815
B1408274517970N00554511EA0180001812
B1408284517970N00554517EA0179701809
B1408294517969N00554522EA0179401806
B1408304517967N00554527EA0179201804
B1408314517965N00554531EA0178801800
B1408324517963N00554534EA0178601798
B1408334517960N00554535EA0178401796
B1408344517956N00554536EA0178101793
B1408354517953N00554536EA0177801790
B1408364517949N00554534EA0177501787
B1408374517955N00554530EA0177401786
B1408384517960N00554527EA0177201784
B1408394517965N00554526EA0176901781
B1408404517970N00554526EA0176601778
B1408414517975N00554528EA0176401776
B1408424517980N00554530EA0176201774
B1408434517984N00554534EA0175901771
B1408444517988N00554538EA0175601768
B1408454517991N00554543EA0175301765
B1408464517993N00554548EA0175101763
B1408474517994N00554554EA0174801760
B1408484517994N00554559EA0174601758
B1408494517993N00554565EA0174401756
B1408504517992N00554569EA0174101753
B1408514517993N00554561EA0174101753
B1408524517994N00554555EA0173901751
B1408534517996N00554548EA0173601748
B1408544517999N00554542EA0173401746
B1408554518003N00554537EA0173001742
B1408564518007N00554533EA0172801740
B1408574518012N00554530EA0172601738
B1408584518017N00554528EA0172301735
B1408594518022N00554527EA0172001732
B1409004518027N00554527EA0171801730
B1409014518032N00554529EA0171401726
B1409024518028N00554525EA0171301725
B1409034518025N00554521EA0171001722
B1409044518023N00554517EA0170701719
B1409054518021N00554511EA0170601718
B1409064518021N00554505EA0170301715
B1409074518021N00554498EA0170101713
B1409084518022N00554492EA0169801710
B1409094518023N00554485EA0169501707
B1409104518026N00554479EA0169301705
B1409114518029N00554474EA0169001702
B1409124518025N00554477EA0168901701
B1409134518022N00554478EA0168701699
B1409144518019N00554478EA0168401696
B1409154518015N00554476EA0168101693
B1409164518012N00554474EA0167901691
B1409174518009N00554470EA0167601688
B1409184518007N00554466EA0167301685
B1409194518005N00554460EA0167101683
B1409204518004N00554454EA0166801680
B1409214518004N00554448EA0166601678
B1409224518005N00554441EA0166301675
B1409234518004N00554448EA0166201674
B1409244518002N00554453EA0165901671
B1409254518000N00554457EA0165701669
B1409264517997N00554460EA0165501667
B1409274517994N00554462EA0165301665
B1409284517991N00554462EA0165001662
B1409294517988N00554462EA0164701659
B1409304517984N00554460EA0164501657
B1409314517981N00554457EA0164201654
B1409324517978N00554453EA0163901651
B1409334517976N00554449EA0163701649
B1409344517975N00554443EA0163401646
B1409354517977N00554450EA0163301645
B1409364517979N00554455EA0163101643
B1409374517979N00554461EA0162901641
B1409384517979N00554466EA0162701639
B1409394517977N00554471EA0162501637
B1409404517975N00554475EA0162201634
B1409414517973N00554479EA0162001632
B1409424517970N00554481EA0161801630
B1409434517967N00554482EA0161601628
B1409444517963N00554482EA0161401626
B1409454517960N00554481EA0161101623
B1409464517957N00554478EA0160801620
B1409474517954N00554475EA0160601618
B1409484517952N00554470EA0160301615
B1409494517957N00554474EA0160101613
B1409504517961N00554477EA0159801610
B1409514517964N00554482EA0159601608
B1409524517967N00554487EA0159201604
B1409534517968N00554493EA0159001602
B1409544517969N00554498EA0158701599
B1409554517969N00554504EA0158501597
B1409564517968N00554509EA0158301595
B1409574517967N00554513EA0158001592
B1409584517964N00554517EA0157801590
B1409594517962N00554520EA0157601588
B1410004517959N00554522EA0157401586
B1410014517955N00554522EA0157101583
B1410024517952N00554521EA0156801580
B1410034517948N00554519EA0156501577
B1410044517945N00554516EA0156301575
B1410054517952N00554514EA0156201574
B1410064517957N00554514EA0155901571
B1410074517962N00554514EA0155701569
B1410084517967N00554516EA0155401566
B1410094517971N00554519EA0155101563
B1410104517975N00554523EA0154801560
B1410114517978N00554528EA0154501557
B1410124517981N00554533EA0154201554
B1410134517982N00554538EA0154001552
B1410144517983N00554544EA0153801550
B1410154517983N00554550EA0153601548
B1410164517982N00554555EA0153401546
B1410174517980N00554559EA0153201544
B1410184517978N00554563EA0153001542
B1410194517975N00554565EA0152701539
B1410204517978N00554557EA0152601538
B1410214517980N00554551EA0152401536
B1410224517984N00554546EA0152101533
B1410234517988N00554542EA0151901531
B1410244517993N00554539EA0151701529
B1410254517998N00554536EA0151401526
B1410264518003N00554535EA0151101523
B1410274518008N00554536EA0150901521
B1410284518013N00554537EA0150601518
B1410294518018N00554539EA0150401516
B1410304518022N00554543EA0150101513
B1410314518019N00554538EA0150001512
B1410324518017N00554532EA0149701509
B1410334518016N00554527EA0149501507
B1410344518015N00554520EA0149201504
B1410354518016N00554514EA0149001502
B1410364518017N00554507EA0148801500
B1410374518019N00554501EA0148501497
B1410384518022N00554495EA0148301495
B1410394518026N00554490EA0148101493
B1410404518030N00554485EA0147801490
B1410414518026N00554487EA0147701489
B1410424518023N00554487EA0147401486
B1410434518019N00554486EA0147101483
B1410444518016N00554484EA0146901481
B1410454518013N00554480EA0146701479
B1410464518011N00554476EA0146401476
B1410474518009N00554471EA0146101473
B1410484518008N00554465EA0145801470
B1410494518007N00554458EA0145601468
B1410504518008N00554452EA0145301465
B1410514518009N00554445EA0145001462
B1410524518008N00554451EA0144901461
B1410534518006N00554455EA0144601458
B1410544518004N00554459EA0144501457
B1410554518001N00554461EA0144301455
B1410564517997N00554463EA0144101453
B1410574517994N00554463EA0143801450
B1410584517991N00554461EA0143601448
B1410594517987N00554459EA0143301445
B1411004517984N00554456EA0143101443
B1411014517982N00554451EA0142801440
B1411024517980N00554446EA0142601438
B1411034517979N00554440EA0142401436
B1411044517981N00554447EA0142301435
B1411054517982N00554452EA0142101433
B1411064517982N00554458EA0141901431
B1411074517981N00554463EA0141601428
B1411084517980N00554468EA0141401426
B1411094517977N00554471EA0141101423
B1411104517975N00554474EA0140801420
B1411114517971N00554476EA0140501417
B1411124517968N00554476EA0140201414
B1411134517965N00554475EA0139901411
B1411144517961N00554474EA0139701409
B1411154517958N00554470EA0139501407
B1411164517956N00554466EA0139201404
B1411174517954N00554461EA0139001402
B1411184517959N00554466EA0138801400
B1411194517962N00554470EA0138601398
B1411204517965N00554475EA0138401396
B1411214517967N00554481EA0138101393
B1411224517968N00554486EA0137801390
B1411234517968N00554492EA0137501387
B1411244517968N00554497EA0137301385
B1411254517966N00554502EA0137101383
B1411264517964N00554506EA0136901381
B1411274517961N00554509EA0136601378
B1411284517958N00554511EA0136301375
B1411294517955N00554512EA0136101373
B1411304517952N00554511EA0135801370
B1411314517948N00554510EA0135601368
B1411324517945N00554507EA0135401366
B1411334517942N00554503EA0135101363
B1411344517949N00554503EA0134901361
B1411354517954N00554503EA0134701359
B1411364517959N00554505EA0134401356
B1411374517963N00554508EA0134101353
B1411384517967N00554512EA0133901351
B1411394517970N00554517EA0133701349
B1411404517972N00554522EA0133401346
B1411414517974N00554528EA0133101343
B1411424517975N00554533EA0132901341
B1411434517974N00554539EA0132601338
B1411444517973N00554544EA0132401336
B1411454517972N00554548EA0132101333
B1411464517969N00554552EA0131901331
B1411474517966N00554554EA0131601328
B1411484517963N00554556EA0131301325
B1411494517967N00554549EA0131101323
B1411504517971N00554544EA0130901321
B1411514517976N00554540EA0130701319
B1411524517981N00554538EA0130401316
B1411534517986N00554536EA0130101313
B1411544517991N00554536EA0129901311
B1411554517996N00554536EA0129701309
B1411564518001N00554538EA0129401306
B1411574518005N00554542EA0129201304
B1411584518009N00554546EA0128901301
B1411594518012N00554550EA0128601298
B1412004518014N00554556EA0128401296
B1412014518012N00554549EA0128201294
B1412024518011N00554543EA0127901291
B1412034518011N00554536EA0127701289
B1412044518012N00554530EA0127401286
B1412054518013N00554523EA0127101283
B1412064518016N00554517EA0126901281
B1412074518019N00554511EA0126501277
B1412084518023N00554506EA0126301275
B1412094518027N00554502EA0126001272
B1412104518032N00554499EA0125701269
B1412114518028N00554499EA0125701269
B1412124518024N00554498EA0125501267
B1412134518021N00554496EA0125201264
B1412144518018N00554492EA0124901261
B1412154518016N00554487EA0124601258
B1412164518014N00554482EA0124301255
B1412174518013N00554476EA0124101253
B1412184518013N00554470EA0123801250
B1412194518014N00554463EA0123601248
B1412204518015N00554456EA0123201244
B1412214518013N00554462EA0123101243
B1412224518010N00554465EA0122801240
B1412234518007N00554467EA0122501237
B1412244518004N00554469EA0122301235
B1412254518001N00554469EA0122001232
B1412264517997N00554468EA0121801230
B1412274517994N00554465EA0121501227
B1412284517991N00554462EA0121201224
B1412294517989N00554457EA0121001222
B1412304517987N00554452EA0120701219
B1412314517986N00554446EA0120501217
B1412324517986N00554439EA0120201214
B1412334517987N00554446EA0120001212
B1412344517987N00554452EA0119801210
B1412354517987N00554457EA0119501207
B1412364517985N00554462EA0119201204
B1412374517983N00554466EA0119001202
B1412384517980N00554469EA0118801200
B1412394517977N00554471EA0118501197
B1412404517974N00554472EA0118201194
B1412414517971N00554471EA0118001192
B1412424517967N00554470EA0117801190
B1412434517964N00554467EA0117601188
B1412444517961N00554463EA0117301185
B1412454517959N00554458EA0117101183
B1412464517964N00554463EA0116901181
B1412474517967N00554468EA0116601178
B1412484517969N00554473EA0116401176
B1412494517970N00554479EA0116001172
B1412504517971N00554485EA0115801170
B1412514517971N00554490EA0115501167
B1412524517970N00554495EA0115201164
B1412534517968N00554499EA0115001162
B1412544517965N00554503EA0114701159
B1412554517963N00554505EA0114501157
B1412564517959N00554506EA0114301155
B1412574517956N00554506EA0114001152
B1412584517952N00554505EA0113701149
B1412594517949N00554503EA0113401146
B1413004517946N00554500EA0113201144
B1413014517944N00554495EA0112901141
B1413024517950N00554496EA0112701139
B1413034517955N00554497EA0112501137
B1413044517960N00554500EA0112201134
B1413054517964N00554503EA0112001132
B1413064517967N00554508EA0111701129
B1413074517970N00554513EA0111501127
B1413084517972N00554518EA0111301125
B1413094517973N00554524EA0111101123
B1413104517973N00554530EA0110901121
B1413114517972N00554535EA0110701119
B1413124517971N00554539EA0110301115
B1413134517969N00554543EA0110101113
B1413144517966N00554546EA0109801110
B1413154517963N00554548EA0109501107
B1413164517959N00554549EA0109201104
B1413174517956N00554548EA0109001102
B1413184517961N00554542EA0108801100
B1413194517965N00554539EA0108601098
B1413204517970N00554536EA0108201094
B1413214517975N00554534EA0108001092
B1413224517980N00554534EA0107701089
B1413234517986N00554535EA0107501087
B1413244517990N00554537EA0107201084
B1413254517995N00554540EA0107001082
B1413264517998N00554544EA0106701079
B1413274518002N00554549EA0106501077
B1413284518004N00554554EA0106301075
B1413294518005N00554560EA0106001072
B1413304518006N00554565EA0105701069
B1413314518005N00554558EA0105701069
B1413324518005N00554551EA0105401066
B1413334518006N00554544EA0105201064
B1413344518007N00554538EA0104901061
B1413354518010N00554532EA0104601058
B1413364518013N00554526EA0104301055
B1413374518017N00554521EA0104001052
B1413384518022N00554518EA0103801050
B1413394518027N00554515EA0103601048
B1413404518032N00554513EA0103301045
B1413414518027N00554512EA0103201044
B1413424518024N00554509EA0102901041
B1413434518021N00554505EA0102601038
B1413444518019N00554501EA0102501037
B1413454518018N00554495EA0102201034
B1413464518017N00554489EA0101901031
B1413474518017N00554483EA0101601028
B1413484518017N00554476EA0101301025
B1413494518019N00554469EA0101001022
B1413504518021N00554463EA0100701019
B1413514518018N00554468EA0100601018
B1413524518015N00554470EA0100301015
B1413534518012N00554471EA0100001012
B1413544518009N00554472EA0099701009
B1413554518005N00554471EA0099501007
B1413564518002N00554468EA0099201004
B1413574517999N00554465EA0099001002
B1413584517997N00554460EA0098801000
B1413594517995N00554455EA0098600998
B1414004517994N00554449EA0098400996
B1414014517993N00554443EA0098100993
B1414024517994N00554450EA0098000992
B1414034517993N00554455EA0097800990
B1414044517992N00554460EA0097500987
B1414054517990N00554464EA0097300985
B1414064517987N00554467EA0097000982
B1414074517984N00554469EA0096700979
B1414084517981N00554470EA0096600978
B1414094517978N00554470EA0096400976
B1414104517974N00554469EA0096200974
B1414114517971N00554466EA0095900971
B1414124517968N00554462EA0095700969
B1414134517966N00554458EA0095500967
B1414144517964N00554452EA0095200964
B1414154517968N00554458EA0095100963
B1414164517971N00554463EA0095000962
B1414174517972N00554469EA0094700959
B1414184517973N00554474EA0094400956
B1414194517973N00554480EA0094100953
B1414204517972N00554485EA0093800950
B1414214517970N00554489EA0093600948
B1414224517968N00554493EA0093400946
B1414234517965N00554496EA0093200944
B1414244517962N00554497EA0093000942
B1414254517959N00554497EA0092700939
B1414264517955N00554497EA0092500937
B1414274517952N00554495EA0092200934
B1414284517949N00554491EA0091900931
B1414294517946N00554487EA0091800930
B1414304517952N00554489EA0091600928
B1414314517957N00554491EA0091400926
B1414324517961N00554494EA0091100923
B1414334517965N00554499EA0090800920
B1414344517968N00554503EA0090500917
B1414354517970N00554509EA0090200914
B1414364517971N00554514EA0090000912
B1414374517972N00554520EA0089800910
B1414384517971N00554525EA0089500907
B1414394517970N00554530EA0089200904
B1414404517968N00554534EA0088900901
B1414414517966N00554538EA0088600898
B1414424517963N00554540EA0088400896
B1414434517959N00554541EA0088100893
B1414444517956N00554541EA0087800890
B1414454517953N00554539EA0087600888
B1414464517958N00554534EA0087400886
B1414474517963N00554531EA0087100883
B1414484517968N00554530EA0086900881
B1414494517973N00554529EA0086700879
B1414504517978N00554530EA0086500877
B1414514517983N00554532EA0086200874
B1414524517987N00554534EA0085900871
B1414534517991N00554538EA0085700869
B1414544517995N00554543EA0085400866
B1414554517997N00554548EA0085100863
B1414564517999N00554554EA0084800860
B1414574518000N00554559EA0084500857
B1414584518000N00554565EA0084200854
B1414594517999N00554557EA0084100853
B1415004518000N00554550EA0083900851
B1415014518001N00554543EA0083700849
B1415024518003N00554537EA0083400846
B1415034518006N00554531EA0083100843
B1415044518010N00554526EA0082900841
B1415054518015N00554522EA0082600838
B1415064518019N00554519EA0082300835
B1415074518024N00554517EA0082100833
B1415084518030N00554516EA0081800830
B1415094518035N00554517EA0081600828
B1415104518030N00554515EA0081500827
B1415114518027N00554512EA0081200824
B1415124518025N00554508EA0081000822
B1415134518022N00554503EA0080800820
B1415144518021N00554498EA0080600818
B1415154518020N00554491EA0080400816
B1415164518020N00554485EA0080100813
B1415174518021N00554478EA0079900811
B1415184518023N00554472EA0079700809
B1415194518026N00554466EA0079400806
B1415204518022N00554470EA0079300805
B1415214518019N00554472EA0079100803
B1415224518016N00554472EA0078800800
B1415234518012N00554472EA0078600798
B1415244518009N00554470EA0078400796
B1415254518006N00554468EA0078100793
B1415264518003N00554464EA0077900791
B1415274518001N00554459EA0077600788
B1415284517999N00554453EA0077400786
B1415294517999N00554447EA0077100783
B1415304517999N00554441EA0076900781
B1415314517998N00554448EA0076700779
B1415324517997N00554453EA0076500777
B1415334517996N00554457EA0076200774
B1415344517993N00554461EA0076000772
B1415354517991N00554463EA0075700769
B1415364517987N00554465EA0075400766
B1415374517984N00554465EA0075100763
B1415384517981N00554464EA0074900761
B1415394517977N00554462EA0074600758
B1415404517974N00554459EA0074300755
B1415414517972N00554454EA0074000752
B1415424517970N00554449EA0073800750
B1415434517969N00554443EA0073500747
B1415444517972N00554450EA0073400746
B1415454517974N00554455EA0073200744
B1415464517975N00554461EA0072900741
B1415474517975N00554466EA0072700739
B1415484517974N00554472EA0072400736
B1415494517973N00554476EA0072100733
B1415504517970N00554480EA0071800730
B1415514517968N00554483EA0071600728
B1415524517965N00554485EA0071400726
B1415534517961N00554486EA0071100723
B1415544517958N00554485EA0070900721
B1415554517955N00554483EA0070600718
B1415564517951N00554480EA0070400716
B1415574517949N00554476EA0070100713
B1415584517954N00554479EA0070000712
B1415594517959N00554483EA0069700709
B1416004517962N00554487EA0069500707
B1416014517965N00554492EA0069200704
B1416024517968N00554497EA0069100703
B1416034517969N00554502EA0068800700
B1416044517969N00554508EA0068600698
B1416054517969N00554513EA0068300695
B1416064517968N00554518EA0068100693
B1416074517966N00554522EA0067800690
B1416084517964N00554526EA0067600688
B1416094517961N00554528EA0067300685
B1416104517957N00554529EA0067100683
B1416114517954N00554529EA0066800680
B1416124517951N00554528EA0066600678
B1416134517947N00554526EA0066400676
B1416144517953N00554523EA0066300675
B1416154517958N00554521EA0066000672
B1416164517964N00554521EA0065700669
B1416174517969N00554522EA0065500667
B1416184517974N00554524EA0065200664
B1416194517978N00554527EA0064900661
B1416204517982N00554531EA0064700659
B1416214517985N00554536EA0064400656
B1416224517987N00554541EA0064200654
B1416234517988N00554547EA0064000652
B1416244517989N00554552EA0063600648
B1416254517989N00554558EA0063400646
B1416264517988N00554563EA0063200644
B1416274517986N00554567EA0062900641
B1416284517987N00554559EA0062700639
B1416294517989N00554552EA0062500637
B1416304517992N00554546EA0062300635
B1416314517995N00554541EA0062000632
B1416324517999N00554536EA0061800630
B1416334518004N00554533EA0061500627
B1416344518009N00554530EA0061200624
B1416354518014N00554529EA0060900621
B1416364518019N00554529EA0060600618
B1416374518024N00554530EA0060300615
B1416384518029N00554532EA0060100613
B1416394518025N00554529EA0060000612
B1416404518022N00554524EA0059800610
B1416414518020N00554519EA0059500607
B1416424518019N00554513EA0059300605
B1416434518019N00554507EA0059000602
B1416444518019N00554500EA0058800600
B1416454518020N00554494EA0058600598
B1416464518022N00554487EA0058300595
B1416474518025N00554481EA0058000592
B1416484518029N00554476EA0057700589
B1416494518025N00554479EA0057600588
B1416504518022N00554480EA0057300585
B1416514518018N00554480EA0057100583
B1416524518015N00554478EA0057000582
B1416534518012N00554476EA0056700579
B1416544518009N00554472EA0056500577
B1416554518007N00554467EA0056300575
B1416564518005N00554462EA0056100573
B1416574518004N00554456EA0055800570
B1416584518004N00554449EA0055500567
B1416594518005N00554442EA0055300565
B1417004518004N00554449EA0055100563
B1417014518002N00554454EA0054900561
B1417024518000N00554458EA0054700559
B1417034517998N00554460EA0054500557
B1417044517994N00554462EA0054200554
B1417054517991N00554463EA0053900551
B1417064517988N00554463EA0053600548
B1417074517984N00554461EA0053300545
B1417084517981N00554458EA0053100543
B1417094517979N00554454EA0052900541
B1417104517976N00554449EA0052600538
B1417114517975N00554443EA0052400536
B1417124517977N00554450EA0052300535
B1417134517979N00554456EA0052000532
B1417144517979N00554461EA0051700529
B1417154517979N00554467EA0051500527
B1417164517978N00554472EA0051200524
B1417174517976N00554476EA0051000522
B1417184517973N00554479EA0050700519
B1417194517970N00554481EA0050400516
B1417204517967N00554482EA0050100513
B1417214517963N00554482EA0049800510
B1417224517960N00554481EA0049600508
B1417234517957N00554478EA0049300505
B1417244517954N00554475EA0049100503
B1417254517952N00554470EA0048800500
B1417264517957N00554474EA0048700499
B1417274517961N00554478EA0048500497
B1417284517964N00554482EA0048200494
B1417294517967N00554487EA0048000492
B1417304517969N00554493EA0047700489
B1417314517969N00554499EA0047400486
B1417324517969N00554504EA0047200484
B1417334517968N00554509EA0046900481
B1417344517967N00554514EA0046600478
B1417354517965N00554517EA0046400476
B1417364517962N00554520EA0046100473
B1417374517959N00554522EA0045800470
B1417384517955N00554522EA0045500467
B1417394517952N00554522EA0045400466
B1417404517949N00554520EA0045000462
B1417414517946N00554516EA0044700459
B1417424517952N00554514EA0044600458
B1417434517957N00554514EA0044300455
B1417444517962N00554515EA0044000452
B1417454517967N00554516EA0043700449
B1417464517971N00554519EA0043400446
B1417474517975N00554523EA0043000442
B1417484517978N00554528EA0042800440
B1417494517981N00554533EA0042500437
B1417504517983N00554539EA0042300435
B1417514517983N00554544EA0042000432
B1417524517983N00554550EA0041800430
B1417534517982N00554555EA0041600428
B1417544517981N00554559EA0041300425
B1417554517978N00554563EA0041000422
B1417564517976N00554565EA0040700419
B1417574517978N00554558EA0040600418
B1417584517981N00554552EA0040300415
B1417594517984N00554546EA0040100413
B1418004517989N00554542EA0039900411
B1418014517993N00554539EA0039600408
B1418024517998N00554536EA0039400406
B1418034518003N00554535EA0039100403
B1418044518009N00554535EA0038900401
B1418054518014N00554537EA0038700399
B1418064518018N00554539EA0038400396
B1418074518022N00554543EA0038100393
B1418084518019N00554537EA0038000392
B1418094518017N00554532EA0037700389
B1418104518016N00554526EA0037400386
B1418114518016N00554520EA0037100383
B1418124518016N00554513EA0036900381
B1418134518017N00554507EA0036700379
B1418144518019N00554500EA0036400376
B1418154518022N00554494EA0036100373
B1418164518026N00554489EA0035900371
B1418174518030N00554485EA0035700369
B1418184518026N00554487EA0035500367
B1418194518023N00554487EA0035300365
B1418204518019N00554486EA0035100363
B1418214518016N00554483EA0034800360
B1418224518013N00554480EA0034600358
B1418234518011N00554476EA0034400356
B1418244518009N00554470EA0034200354
B1418254518008N00554464EA0034000352
B1418264518007N00554458EA0033700349
B1418274518008N00554451EA0033500347
B1418284518009N00554445EA0033200344
B1418294518008N00554451EA0033100343
B1418304518006N00554455EA0032900341
B1418314518003N00554459EA0032500337
B1418324518001N00554461EA0032300335
B1418334517997N00554463EA0032100333
B1418344517994N00554463EA0031900331
B1418354517990N00554461EA0031700329
B1418364517987N00554459EA0031500327
B1418374517984N00554456EA0031300325
B1418384517982N00554451EA0031100323
B1418394517980N00554446EA0030800320
B1418404517979N00554440EA0030500317
B1418414517981N00554447EA0030400316
B1418424517982N00554453EA0030200314
B1418434517982N00554458EA0030000312
B1418444517981N00554463EA0029700309
B1418454517979N00554468EA0029500307
B1418464517977N00554471EA0029200304
B1418474517974N00554474EA0029000302
B1418484517971N00554476EA0028800300
B1418494517968N00554476EA0028500297
B1418504517965N00554476EA0028200294
B1418514517961N00554474EA0028000292
B1418524517958N00554471EA0027700289
B1418534517956N00554467EA0027500287
B1418544517954N00554461EA0027400286
B1418554517958N00554466EA0027300285
B1418564517962N00554470EA0027100283
B1418574517965N00554475EA0026800280
B1418584517967N00554481EA0026600278
B1418594517968N00554486EA0026400276
B1419004517968N00554492EA0026100273
B1419014517968N00554497EA0025900271
B1419024517966N00554502EA0025600268
B1419034517964N00554506EA0025300265
B1419044517962N00554509EA0025100263
B1419054517959N00554511EA0024800260
B1419064517955N00554512EA0024600258
B1419074517952N00554512EA0024400256
B1419084517948N00554510EA0024100253
B1419094517945N00554507EA0023800250
B1419104517942N00554503EA0023500247
B1419114517942N00554503EA0023300245
B1419124517942N00554503EA0023300245
B1419134517942N00554503EA0023200244
B1419144517942N00554503EA0023300245
B1419154517942N00554503EA0023300245
B1419164517942N00554503EA0023300245
B1419174517942N00554503EA0023300245
B1419184517942N00554503EA0023200244
B1419194517942N00554503EA0023300245
B1419204517942N00554503EA0023300245
B1419214517942N00554503EA0023300245
B1419224517942N00554503EA0023300245
B1419234517942N00554503EA0023200244
B1419244517942N00554503EA0023300245
B1419254517942N00554503EA0023300245
B1419264517942N00554503EA0023300245
B1419274517942N00554503EA0023300245
B1419284517942N00554503EA0023300245
B1419294517942N00554503EA0023300245
B1419304517942N00554503EA0023300245
